{
	"__comment": "Designed by Aaon0939 with Cubik Studio - https://cubik.studio",
	"textures": {
		"particle": "block/stone_slab_top",
		"texture": "block/chiseled_stone_bricks"
	},
	"elements": [ 	 
		{
			"__comment": "Box2",
			"from": [ 1, -1, 1 ],
			"to": [ 6, 10, 6 ],
			"faces": {
				"down": { "uv": [ 1, 10, 6, 15 ], "texture": "#particle" },
				"up": { "uv": [ 1, 1, 6, 6 ], "texture": "#particle" },
				"north": { "uv": [ 10, 6, 15, 16 ], "texture": "#particle" },
				"south": { "uv": [ 1, 6, 6, 16 ], "texture": "#particle" },
				"west": { "uv": [ 1, 6, 6, 16 ], "texture": "#particle" },
				"east": { "uv": [ 10, 6, 15, 16 ], "texture": "#particle" }
			}
		},
		{
			"__comment": "Box2",
			"from": [ 1, -1, 10 ],
			"to": [ 6, 10, 15 ],
			"faces": {
				"down": { "uv": [ 1, 10, 6, 15 ], "texture": "#particle" },
				"up": { "uv": [ 1, 1, 6, 6 ], "texture": "#particle" },
				"north": { "uv": [ 10, 5, 15, 16 ], "texture": "#particle" },
				"south": { "uv": [ 1, 5, 6, 16 ], "texture": "#particle" },
				"west": { "uv": [ 1, 5, 6, 16 ], "texture": "#particle" },
				"east": { "uv": [ 10, 5, 15, 16 ], "texture": "#particle" }
			}
		},
		{
			"__comment": "Box2",
			"from": [ 10, -1, 1 ],
			"to": [ 15, 10, 6 ],
			"faces": {
				"down": { "uv": [ 1, 10, 6, 15 ], "texture": "#particle" },
				"up": { "uv": [ 1, 1, 6, 6 ], "texture": "#particle" },
				"north": { "uv": [ 10, 5, 15, 16 ], "texture": "#particle" },
				"south": { "uv": [ 1, 5, 6, 16 ], "texture": "#particle" },
				"west": { "uv": [ 1, 5, 6, 16 ], "texture": "#particle" },
				"east": { "uv": [ 10, 5, 15, 16 ], "texture": "#particle" }
			}
		},
		{
			"__comment": "Box2",
			"from": [ 10, -1, 10 ],
			"to": [ 15, 10, 15 ],
			"faces": {
				"down": { "uv": [ 7, 0, 8, 15 ], "texture": "#particle" },
				"up": { "uv": [ 7, 0, 8, 15 ], "texture": "#particle" },
				"north": { "uv": [ 7, 0, 8, 15 ], "texture": "#particle" },
				"south": { "uv": [ 7, 0, 8, 15 ], "texture": "#particle" },
				"west": { "uv": [ 7, 0, 8, 15 ], "texture": "#particle" },
				"east": { "uv": [ 7, 0, 8, 15 ], "texture": "#particle" }
			}
		},
		{
			"__comment": "Box2",
			"from": [ 11, 10, 2 ],
			"to": [ 14, 21, 5 ],
			"faces": {
				"down": { "uv": [ 7, 0, 8, 15 ], "texture": "#particle" },
				"up": { "uv": [ 7, 0, 8, 15 ], "texture": "#particle" },
				"north": { "uv": [ 7, 0, 8, 15 ], "texture": "#particle" },
				"south": { "uv": [ 7, 0, 8, 15 ], "texture": "#particle" },
				"west": { "uv": [ 7, 0, 8, 15 ], "texture": "#particle" },
				"east": { "uv": [ 7, 0, 8, 15 ], "texture": "#particle" }
			}
		},
		{
			"__comment": "Box2",
			"from": [ 2, 10, 2 ],
			"to": [ 5, 21, 5 ],
			"faces": {
				"down": { "uv": [ 7, 0, 8, 15 ], "texture": "#particle" },
				"up": { "uv": [ 7, 0, 8, 15 ], "texture": "#particle" },
				"north": { "uv": [ 7, 0, 8, 15 ], "texture": "#particle" },
				"south": { "uv": [ 7, 0, 8, 15 ], "texture": "#particle" },
				"west": { "uv": [ 7, 0, 8, 15 ], "texture": "#particle" },
				"east": { "uv": [ 10, 5, 15, 16 ], "texture": "#particle" }
			}
		},
		{
			"__comment": "Box2",
			"from": [ 2, 10, 11 ],
			"to": [ 5, 21, 14 ],
			"faces": {
				"down": { "uv": [ 7, 0, 8, 15 ], "texture": "#particle" },
				"up": { "uv": [ 7, 0, 8, 15 ], "texture": "#particle" },
				"north": { "uv": [ 7, 0, 8, 15 ], "texture": "#particle" },
				"south": { "uv": [ 7, 0, 8, 15 ], "texture": "#particle" },
				"west": { "uv": [ 7, 0, 8, 15 ], "texture": "#particle" },
				"east": { "uv": [ 7, 0, 8, 15 ], "texture": "#particle" }
			}
		},
		{
			"__comment": "Box2",
			"from": [ 11, 10, 11 ],
			"to": [ 14, 21, 14 ],
			"faces": {
				"down": { "uv": [ 7, 0, 8, 15 ], "texture": "#particle" },
				"up": { "uv": [ 7, 0, 8, 15 ], "texture": "#particle" },
				"north": { "uv": [ 7, 0, 8, 15 ], "texture": "#particle" },
				"south": { "uv": [ 7, 0, 8, 15 ], "texture": "#particle" },
				"west": { "uv": [ 7, 0, 8, 15 ], "texture": "#particle" },
				"east": { "uv": [ 7, 0, 8, 15 ], "texture": "#particle" }
			}
		},
		{
			"__comment": "Box2",
			"from": [ 3, 21, 3 ],
			"to": [ 4, 32, 4 ],
			"faces": {
				"down": { "uv": [ 7, 0, 8, 15 ], "texture": "#particle" },
				"up": { "uv": [ 7, 0, 8, 15 ], "texture": "#particle" },
				"north": { "uv": [ 7, 0, 8, 15 ], "texture": "#particle" },
				"south": { "uv": [ 7, 0, 8, 15 ], "texture": "#particle" },
				"west": { "uv": [ 7, 0, 8, 15 ], "texture": "#particle" },
				"east": { "uv": [ 7, 0, 8, 15 ], "texture": "#particle" }
			}
		},
		{
			"__comment": "Box2",
			"from": [ 12, 21, 12 ],
			"to": [ 13, 32, 13 ],
			"faces": {
				"down": { "uv": [ 0, 0, 1, 16 ], "texture": "#particle" },
				"up": { "uv": [ 0, 0, 1, 16 ], "texture": "#particle" },
				"north": { "uv": [ 0, 0, 1, 16 ], "texture": "#particle" },
				"south": { "uv": [ 0, 0, 1, 16 ], "texture": "#particle" },
				"west": { "uv": [ 0, 0, 1, 16 ], "texture": "#particle" },
				"east": { "uv": [ 0, 0, 1, 16 ], "texture": "#particle" }
			}
		},
		{
			"__comment": "Box2",
			"from": [ 12, 21, 3 ],
			"to": [ 13, 32, 4 ],
			"faces": {
				"down": { "uv": [ 0, 0, 1, 16 ], "texture": "#particle" },
				"up": { "uv": [ 0, 0, 1, 16 ], "texture": "#particle" },
				"north": { "uv": [ 0, 0, 1, 16 ], "texture": "#particle" },
				"south": { "uv": [ 0, 0, 1, 16 ], "texture": "#particle" },
				"west": { "uv": [ 0, 0, 1, 16 ], "texture": "#particle" },
				"east": { "uv": [ 0, 0, 1, 16 ], "texture": "#particle" }
			}
		},
		{
			"__comment": "Box2",
			"from": [ 3, 21, 12 ],
			"to": [ 4, 32, 13 ],
			"faces": {
				"down": { "uv": [ 1, 10, 6, 15 ], "texture": "#particle" },
				"up": { "uv": [ 1, 1, 6, 6 ], "texture": "#particle" },
				"north": { "uv": [ 10, 5, 15, 16 ], "texture": "#particle" },
				"south": { "uv": [ 1, 5, 6, 16 ], "texture": "#particle" },
				"west": { "uv": [ 1, 5, 6, 16 ], "texture": "#particle" },
				"east": { "uv": [ 10, 5, 15, 16 ], "texture": "#particle" }
			}
		}
	],
	"display": {
		"head": {
			"translation":  [ 0, -54, 0 ],
			"scale":  [ 1.6, 1.6, 1.6 ]
		}
	}
}