{
"__comment": "Designed by S9855027 with BDcraft Cubik PRO 0.96 Beta - http://bdcraft.net",
"textures": {
    "particle": "mobs/Coelacanth/Coelacanth",
    "texture": "mobs/Coelacanth/Coelacanth",
    "Coelacanth04": "mobs/Coelacanth/Coelacanth04",
    "Coelacanth05": "mobs/Coelacanth/Coelacanth05",
    "Coelacanth06": "mobs/Coelacanth/Coelacanth06",
    "Coelacanth07": "mobs/Coelacanth/Coelacanth07"
},
"elements": [ 
{
    "from": [ -7.875, 5.5625, 6.875 ],
    "to": [ -5.875, 7.5625, 11.375 ],
    "rotation": { "origin": [ -7.875, 7.5625, 6.875 ], "axis": "z", "angle": 45 },
    "faces": {
        "down":  { "uv": [ 16, 5, 16, 4 ], "texture": "#texture" },
        "up":    { "uv": [ 0, 4, 0, 5 ], "texture": "#texture" },
        "north": { "uv": [ 16, 0, 16, 1 ], "texture": "#texture" },
        "south": { "uv": [ 0, 0, 0, 1 ], "texture": "#texture" },
        "west":  { "uv": [ 4, 0, 5, 1 ], "texture": "#texture" },
        "east":  { "uv": [ 11, 0, 12, 1 ], "texture": "#texture" }
    }
},
{
    "from": [ -7.9375, 3.875, 6.875 ],
    "to": [ -5.9375, 5.875, 11.375 ],
    "rotation": { "origin": [ -7.9375, 5.875, 6.875 ], "axis": "z", "angle": 45 },
    "faces": {
        "down":  { "uv": [ 16, 5, 16, 4 ], "texture": "#texture" },
        "up":    { "uv": [ 0, 4, 0, 5 ], "texture": "#texture" },
        "north": { "uv": [ 16, 0, 16, 1 ], "texture": "#texture" },
        "south": { "uv": [ 0, 0, 0, 1 ], "texture": "#texture" },
        "west":  { "uv": [ 4, 0, 5, 1 ], "texture": "#texture" },
        "east":  { "uv": [ 11, 0, 12, 1 ], "texture": "#texture" }
    }
},
{
    "from": [ -6.5, 4.5, 6.875 ],
    "to": [ -4.5, 9, 11.375 ],
    "faces": {
        "down":  { "uv": [ 16, 8.5, 16, 4 ], "texture": "#texture" },
        "up":    { "uv": [ 0, 4, 0, 8.5 ], "texture": "#texture" },
        "north": { "uv": [ 16, 3, 16, 7.5 ], "texture": "#texture" },
        "south": { "uv": [ 0, 3, 0, 7.5 ], "texture": "#texture" },
        "west":  { "uv": [ 4, 3, 8.5, 7.5 ], "texture": "#texture" },
        "east":  { "uv": [ 7.5, 3, 12, 7.5 ], "texture": "#texture" }
    }
},
{
    "from": [ -4.65, 3.755, 6.75 ],
    "to": [ -2.15, 9.76, 11.5 ],
    "faces": {
        "down":  { "uv": [ 16, 8.625, 16, 3.875 ], "texture": "#texture" },
        "up":    { "uv": [ 0, 3.875, 0, 8.625 ], "texture": "#texture" },
        "north": { "uv": [ 16, 2.2400000095367432, 16, 8.244999885559082 ], "texture": "#texture" },
        "south": { "uv": [ 0, 2.2400000095367432, 0, 8.244999885559082 ], "texture": "#texture" },
        "west":  { "uv": [ 3.875, 2.2400000095367432, 8.625, 8.244999885559082 ], "texture": "#texture" },
        "east":  { "uv": [ 7.375, 2.2400000095367432, 12.125, 8.244999885559082 ], "texture": "#texture" }
    }
},
{
    "from": [ -5.9375, 4.375, 6.875 ],
    "to": [ -3.9375, 5.875, 11.375 ],
    "rotation": { "origin": [ -5.9375, 5.875, 6.875 ], "axis": "z", "angle": -22.5 },
    "faces": {
        "down":  { "uv": [ 16, 5, 16, 4 ], "texture": "#texture" },
        "up":    { "uv": [ 0, 4, 0, 5 ], "texture": "#texture" },
        "north": { "uv": [ 16, 0, 16, 2 ], "texture": "#texture" },
        "south": { "uv": [ 0, 0, 0, 2 ], "texture": "#texture" },
        "west":  { "uv": [ 4, 0, 5, 2 ], "texture": "#texture" },
        "east":  { "uv": [ 11, 0, 12, 2 ], "texture": "#texture" }
    }
},
{
    "from": [ -6.5, 7.5, 6.875 ],
    "to": [ -4.5, 9, 11.375 ],
    "rotation": { "origin": [ -6.5, 9, 6.875 ], "axis": "z", "angle": 22.5 },
    "faces": {
        "down":  { "uv": [ 16, 5, 16, 4 ], "texture": "#texture" },
        "up":    { "uv": [ 0, 4, 0, 5 ], "texture": "#texture" },
        "north": { "uv": [ 16, 0, 16, 2 ], "texture": "#texture" },
        "south": { "uv": [ 0, 0, 0, 2 ], "texture": "#texture" },
        "west":  { "uv": [ 4, 0, 5, 2 ], "texture": "#texture" },
        "east":  { "uv": [ 11, 0, 12, 2 ], "texture": "#texture" }
    }
},
{
    "from": [ -2.5, 3, 6.625 ],
    "to": [ 0.5, 10, 11.625 ],
    "faces": {
        "down":  { "uv": [ 16, 8.75, 14.5, 3.75 ], "texture": "#texture" },
        "up":    { "uv": [ 0, 3.75, 1.5, 8.75 ], "texture": "#texture" },
        "north": { "uv": [ 14.5, 2, 16, 9 ], "texture": "#texture" },
        "south": { "uv": [ 0, 2, 1.5, 9 ], "texture": "#texture" },
        "west":  { "uv": [ 3.75, 2, 8.75, 9 ], "texture": "#texture" },
        "east":  { "uv": [ 7.25, 2, 12.25, 9 ], "texture": "#texture" }
    }
},
{
    "from": [ -4, 3.6875, 6.875 ],
    "to": [ -2, 4.6875, 11.375 ],
    "rotation": { "origin": [ -4, 4.6875, 6.875 ], "axis": "z", "angle": -22.5 },
    "faces": {
        "down":  { "uv": [ 16, 5, 14.5, 4 ], "texture": "#texture" },
        "up":    { "uv": [ 0, 4, 1.5, 5 ], "texture": "#texture" },
        "north": { "uv": [ 14.5, 9, 16, 10 ], "texture": "#texture" },
        "south": { "uv": [ 0, 9, 1.5, 10 ], "texture": "#texture" },
        "west":  { "uv": [ 4, 9, 5, 10 ], "texture": "#texture" },
        "east":  { "uv": [ 11, 9, 12, 10 ], "texture": "#texture" }
    }
},
{
    "from": [ 0.5, 2.25, 6.375 ],
    "to": [ 3.5, 10.25, 11.875 ],
    "faces": {
        "down":  { "uv": [ 14.5, 9, 11.5, 3.5 ], "texture": "#texture" },
        "up":    { "uv": [ 1.5, 3.5, 4.5, 9 ], "texture": "#texture" },
        "north": { "uv": [ 11.5, 1.75, 14.5, 9.75 ], "texture": "#texture" },
        "south": { "uv": [ 1.5, 1.75, 4.5, 9.75 ], "texture": "#texture" },
        "west":  { "uv": [ 3.5, 1.75, 9, 9.75 ], "texture": "#texture" },
        "east":  { "uv": [ 7, 1.75, 12.5, 9.75 ], "texture": "#texture" }
    }
},
{
    "from": [ 6, 2.5, 6.375 ],
    "to": [ 7.5, 10.5, 11.875 ],
    "faces": {
        "down":  { "uv": [ 9, 9, 7.5, 3.5 ], "texture": "#texture" },
        "up":    { "uv": [ 7, 3.5, 8.5, 9 ], "texture": "#texture" },
        "north": { "uv": [ 7.5, 1.5, 9, 9.5 ], "texture": "#texture" },
        "south": { "uv": [ 7, 1.5, 8.5, 9.5 ], "texture": "#texture" },
        "west":  { "uv": [ 3.5, 1.5, 9, 9.5 ], "texture": "#texture" },
        "east":  { "uv": [ 7, 1.5, 12.5, 9.5 ], "texture": "#texture" }
    }
},
{
    "from": [ 7.5, 3.25, 6.625 ],
    "to": [ 9, 10.75, 11.625 ],
    "faces": {
        "down":  { "uv": [ 7.5, 8.75, 6, 3.75 ], "texture": "#texture" },
        "up":    { "uv": [ 8.5, 3.75, 10, 8.75 ], "texture": "#texture" },
        "north": { "uv": [ 6, 1.25, 7.5, 8.75 ], "texture": "#texture" },
        "south": { "uv": [ 8.5, 1.25, 10, 8.75 ], "texture": "#texture" },
        "west":  { "uv": [ 3.75, 1.25, 8.75, 8.75 ], "texture": "#texture" },
        "east":  { "uv": [ 7.25, 1.25, 12.25, 8.75 ], "texture": "#texture" }
    }
},
{
    "from": [ 9, 4, 6.875 ],
    "to": [ 10.5, 10, 11.375 ],
    "faces": {
        "down":  { "uv": [ 6, 8.5, 4.5, 4 ], "texture": "#texture" },
        "up":    { "uv": [ 10, 4, 11.5, 8.5 ], "texture": "#texture" },
        "north": { "uv": [ 4.5, 2, 6, 8 ], "texture": "#texture" },
        "south": { "uv": [ 10, 2, 11.5, 8 ], "texture": "#texture" },
        "west":  { "uv": [ 4, 2, 8.5, 8 ], "texture": "#texture" },
        "east":  { "uv": [ 7.5, 2, 12, 8 ], "texture": "#texture" }
    }
},
{
    "from": [ 10.5, 4.25, 7 ],
    "to": [ 11.5, 10.25, 11.25 ],
    "faces": {
        "down":  { "uv": [ 4.5, 8.375, 3.5, 4.125 ], "texture": "#texture" },
        "up":    { "uv": [ 11.5, 4.125, 12.5, 8.375 ], "texture": "#texture" },
        "north": { "uv": [ 3.5, 1.75, 4.5, 7.75 ], "texture": "#texture" },
        "south": { "uv": [ 11.5, 1.75, 12.5, 7.75 ], "texture": "#texture" },
        "west":  { "uv": [ 4.125, 1.75, 8.375, 7.75 ], "texture": "#texture" },
        "east":  { "uv": [ 7.625, 1.75, 11.875, 7.75 ], "texture": "#texture" }
    }
},
{
    "from": [ 11.5, 4.75, 7.125 ],
    "to": [ 12.5, 10.25, 11.125 ],
    "faces": {
        "down":  { "uv": [ 3.5, 8.25, 2.5, 4.25 ], "texture": "#texture" },
        "up":    { "uv": [ 12.5, 4.25, 13.5, 8.25 ], "texture": "#texture" },
        "north": { "uv": [ 2.5, 1.75, 3.5, 7.25 ], "texture": "#texture" },
        "south": { "uv": [ 12.5, 1.75, 13.5, 7.25 ], "texture": "#texture" },
        "west":  { "uv": [ 4.25, 1.75, 8.25, 7.25 ], "texture": "#texture" },
        "east":  { "uv": [ 7.75, 1.75, 11.75, 7.25 ], "texture": "#texture" }
    }
},
{
    "from": [ 12.5, 5, 7.25 ],
    "to": [ 14.5, 10.5, 11 ],
    "faces": {
        "down":  { "uv": [ 2.5, 8.125, 0.5, 4.375 ], "texture": "#texture" },
        "up":    { "uv": [ 13.5, 4.375, 15.5, 8.125 ], "texture": "#texture" },
        "north": { "uv": [ 0.5, 1.5, 2.5, 7 ], "texture": "#texture" },
        "south": { "uv": [ 13.5, 1.5, 15.5, 7 ], "texture": "#texture" },
        "west":  { "uv": [ 4.375, 1.5, 8.125, 7 ], "texture": "#texture" },
        "east":  { "uv": [ 7.875, 1.5, 11.625, 7 ], "texture": "#texture" }
    }
},
{
    "from": [ 14.5, 5, 7.625 ],
    "to": [ 16.5, 6, 10.625 ],
    "rotation": { "origin": [ 14.5, 6, 7.625 ], "axis": "z", "angle": -22.5 },
    "faces": {
        "down":  { "uv": [ 0, 5, 0, 4 ], "texture": "#texture" },
        "up":    { "uv": [ 16, 4, 16, 5 ], "texture": "#texture" },
        "north": { "uv": [ 0, 0, 0, 0.5 ], "texture": "#texture" },
        "south": { "uv": [ 16, 0, 16, 0.5 ], "texture": "#texture" },
        "west":  { "uv": [ 4, 0, 5, 0.5 ], "texture": "#texture" },
        "east":  { "uv": [ 11, 0, 12, 0.5 ], "texture": "#texture" }
    }
},
{
    "from": [ 14, 9.5, 7.625 ],
    "to": [ 16, 10.5, 10.625 ],
    "rotation": { "origin": [ 14, 10.5, 7.625 ], "axis": "z", "angle": 22.5 },
    "faces": {
        "down":  { "uv": [ 0, 5, 0, 4 ], "texture": "#texture" },
        "up":    { "uv": [ 16, 4, 16, 5 ], "texture": "#texture" },
        "north": { "uv": [ 0, 0, 0, 0.5 ], "texture": "#texture" },
        "south": { "uv": [ 16, 0, 16, 0.5 ], "texture": "#texture" },
        "west":  { "uv": [ 4, 0, 5, 0.5 ], "texture": "#texture" },
        "east":  { "uv": [ 11, 0, 12, 0.5 ], "texture": "#texture" }
    }
},
{
    "from": [ 15.5, 4.25, 7.75 ],
    "to": [ 17, 11.25, 10.5 ],
    "faces": {
        "down":  { "uv": [ 0, 7.5, 0, 4.75 ], "texture": "#texture" },
        "up":    { "uv": [ 16, 4.75, 16, 7.5 ], "texture": "#texture" },
        "north": { "uv": [ 0, 0.75, 0, 7.75 ], "texture": "#texture" },
        "south": { "uv": [ 16, 0.75, 16, 7.75 ], "texture": "#texture" },
        "west":  { "uv": [ 4.75, 0.75, 7.5, 7.75 ], "texture": "#texture" },
        "east":  { "uv": [ 8.5, 0.75, 11.25, 7.75 ], "texture": "#texture" }
    }
},
{
    "from": [ 14.5, 5.5, 7.625 ],
    "to": [ 15.5, 10, 10.625 ],
    "faces": {
        "down":  { "uv": [ 0.5, 7.75, 0, 4.75 ], "texture": "#texture" },
        "up":    { "uv": [ 15.5, 4.75, 16, 7.75 ], "texture": "#texture" },
        "north": { "uv": [ 0, 2, 0.5, 6.5 ], "texture": "#texture" },
        "south": { "uv": [ 15.5, 2, 16, 6.5 ], "texture": "#texture" },
        "west":  { "uv": [ 4.75, 2, 7.75, 6.5 ], "texture": "#texture" },
        "east":  { "uv": [ 8.25, 2, 11.25, 6.5 ], "texture": "#texture" }
    }
},
{
    "from": [ 17, 4.5, 7.875 ],
    "to": [ 18.25, 11, 10.375 ],
    "faces": {
        "down":  { "uv": [ 0, 7.25, 0, 4.75 ], "texture": "#texture" },
        "up":    { "uv": [ 16, 4.75, 16, 7.25 ], "texture": "#texture" },
        "north": { "uv": [ 0, 1, 0, 7.5 ], "texture": "#texture" },
        "south": { "uv": [ 16, 1, 16, 7.5 ], "texture": "#texture" },
        "west":  { "uv": [ 4.75, 1, 7.25, 7.5 ], "texture": "#texture" },
        "east":  { "uv": [ 8.75, 1, 11.25, 7.5 ], "texture": "#texture" }
    }
},
{
    "from": [ 18.25, 5, 8 ],
    "to": [ 19.25, 10.5, 10 ],
    "faces": {
        "down":  { "uv": [ 0, 6.75, 0, 4.75 ], "texture": "#texture" },
        "up":    { "uv": [ 16, 4.75, 16, 6.75 ], "texture": "#texture" },
        "north": { "uv": [ 0, 1.5, 0, 7 ], "texture": "#texture" },
        "south": { "uv": [ 16, 1.5, 16, 7 ], "texture": "#texture" },
        "west":  { "uv": [ 4.75, 1.5, 6.75, 7 ], "texture": "#texture" },
        "east":  { "uv": [ 9.25, 1.5, 11.25, 7 ], "texture": "#texture" }
    }
},
{
    "from": [ 19.25, 5.5, 8.25 ],
    "to": [ 20, 10, 9.75 ],
    "faces": {
        "down":  { "uv": [ 0, 6.25, 0, 4.75 ], "texture": "#texture" },
        "up":    { "uv": [ 16, 4.75, 16, 6.25 ], "texture": "#texture" },
        "north": { "uv": [ 0, 2, 0, 6.5 ], "texture": "#texture" },
        "south": { "uv": [ 16, 2, 16, 6.5 ], "texture": "#texture" },
        "west":  { "uv": [ 4.75, 2, 6.25, 6.5 ], "texture": "#texture" },
        "east":  { "uv": [ 9.75, 2, 11.25, 6.5 ], "texture": "#texture" }
    }
},
{
    "from": [ 20, 6, 8.5 ],
    "to": [ 20.5, 9.5, 9.5 ],
    "faces": {
        "down":  { "uv": [ 0, 5.75, 0, 4.75 ], "texture": "#texture" },
        "up":    { "uv": [ 16, 4.75, 16, 5.75 ], "texture": "#texture" },
        "north": { "uv": [ 0, 2.5, 0, 6 ], "texture": "#texture" },
        "south": { "uv": [ 16, 2.5, 16, 6 ], "texture": "#texture" },
        "west":  { "uv": [ 4.75, 2.5, 5.75, 6 ], "texture": "#texture" },
        "east":  { "uv": [ 10.25, 2.5, 11.25, 6 ], "texture": "#texture" }
    }
},
{
    "from": [ 20.5, 6.75, 8.625 ],
    "to": [ 21, 8.75, 9.375 ],
    "faces": {
        "down":  { "uv": [ 0, 5.5, 0, 4.75 ], "texture": "#texture" },
        "up":    { "uv": [ 16, 4.75, 16, 5.5 ], "texture": "#texture" },
        "north": { "uv": [ 0, 3.25, 0, 5.25 ], "texture": "#texture" },
        "south": { "uv": [ 16, 3.25, 16, 5.25 ], "texture": "#texture" },
        "west":  { "uv": [ 4.75, 3.25, 5.5, 5.25 ], "texture": "#texture" },
        "east":  { "uv": [ 10.5, 3.25, 11.25, 5.25 ], "texture": "#texture" }
    }
},
{
    "from": [ 20.5, 7.5, 8.5 ],
    "to": [ 21, 8, 9.5 ],
    "faces": {
        "down":  { "uv": [ 0, 5.25, 0, 4.75 ], "texture": "#texture" },
        "up":    { "uv": [ 16, 4.75, 16, 5.25 ], "texture": "#texture" },
        "north": { "uv": [ 0, 4, 0, 4.5 ], "texture": "#texture" },
        "south": { "uv": [ 16, 4, 16, 4.5 ], "texture": "#texture" },
        "west":  { "uv": [ 4.75, 4, 5.25, 4.5 ], "texture": "#texture" },
        "east":  { "uv": [ 10.75, 4, 11.25, 4.5 ], "texture": "#texture" }
    }
},
{
    "from": [ 3.5, 2.25, 5.875 ],
    "to": [ 6, 10.25, 12.375 ],
    "faces": {
        "down":  { "uv": [ 11.5, 9.5, 9, 3 ], "texture": "#texture" },
        "up":    { "uv": [ 4.5, 3, 7, 9.5 ], "texture": "#texture" },
        "north": { "uv": [ 9, 1.75, 11.5, 9.75 ], "texture": "#texture" },
        "south": { "uv": [ 4.5, 1.75, 7, 9.75 ], "texture": "#texture" },
        "west":  { "uv": [ 3, 1.75, 9.5, 9.75 ], "texture": "#texture" },
        "east":  { "uv": [ 6.5, 1.75, 13, 9.75 ], "texture": "#texture" }
    }
},
{
    "from": [ 14.5, 7.125, 7.325 ],
    "to": [ 15.5, 8.375, 10.825 ],
    "faces": {
        "down":  { "uv": [ 0.5, 7.825, 0, 4.325 ], "texture": "#texture" },
        "up":    { "uv": [ 15.5, 4.3249998092651367, 16, 7.8249998092651367 ], "texture": "#texture" },
        "north": { "uv": [ 0, 3.625, 0.5, 4.875 ], "texture": "#texture" },
        "south": { "uv": [ 15.5, 3.625, 16, 4.875 ], "texture": "#texture" },
        "west":  { "uv": [ 4.3249998092651367, 3.625, 7.8249998092651367, 4.875 ], "texture": "#texture" },
        "east":  { "uv": [ 8.1750001907348633, 3.625, 11.675000190734863, 4.875 ], "texture": "#texture" }
    }
},
{
    "from": [ 15.5, 7.25, 7.45 ],
    "to": [ 17, 8.25, 10.7 ],
    "faces": {
        "down":  { "uv": [ 0, 7.7, 0, 4.45 ], "texture": "#texture" },
        "up":    { "uv": [ 16, 4.4499998092651367, 16, 7.6999998092651367 ], "texture": "#texture" },
        "north": { "uv": [ 0, 3.75, 0, 4.75 ], "texture": "#texture" },
        "south": { "uv": [ 16, 3.75, 16, 4.75 ], "texture": "#texture" },
        "west":  { "uv": [ 4.4499998092651367, 3.75, 7.6999998092651367, 4.75 ], "texture": "#texture" },
        "east":  { "uv": [ 8.3000001907348633, 3.75, 11.550000190734863, 4.75 ], "texture": "#texture" }
    }
},
{
    "from": [ 17, 7.375, 7.575 ],
    "to": [ 18.25, 8.125, 10.575 ],
    "faces": {
        "down":  { "uv": [ 0, 7.575, 0, 4.575 ], "texture": "#texture" },
        "up":    { "uv": [ 16, 4.5749998092651367, 16, 7.5749998092651367 ], "texture": "#texture" },
        "north": { "uv": [ 0, 3.875, 0, 4.625 ], "texture": "#texture" },
        "south": { "uv": [ 16, 3.875, 16, 4.625 ], "texture": "#texture" },
        "west":  { "uv": [ 4.5749998092651367, 3.875, 7.5749998092651367, 4.625 ], "texture": "#texture" },
        "east":  { "uv": [ 8.4250001907348633, 3.875, 11.425000190734863, 4.625 ], "texture": "#texture" }
    }
},
{
    "from": [ 18.25, 7.375, 7.825 ],
    "to": [ 19.375, 8.125, 10.325 ],
    "faces": {
        "down":  { "uv": [ 0, 7.325, 0, 4.825 ], "texture": "#texture" },
        "up":    { "uv": [ 16, 4.8249998092651367, 16, 7.3249998092651367 ], "texture": "#texture" },
        "north": { "uv": [ 0, 3.875, 0, 4.625 ], "texture": "#texture" },
        "south": { "uv": [ 16, 3.875, 16, 4.625 ], "texture": "#texture" },
        "west":  { "uv": [ 4.8249998092651367, 3.875, 7.3249998092651367, 4.625 ], "texture": "#texture" },
        "east":  { "uv": [ 8.6750001907348633, 3.875, 11.175000190734863, 4.625 ], "texture": "#texture" }
    }
},
{
    "from": [ 19.375, 7.5, 8.075 ],
    "to": [ 20.125, 8, 10.075 ],
    "faces": {
        "down":  { "uv": [ 0, 7.075, 0, 5.075 ], "texture": "#texture" },
        "up":    { "uv": [ 16, 5.0749998092651367, 16, 7.0749998092651367 ], "texture": "#texture" },
        "north": { "uv": [ 0, 4, 0, 4.5 ], "texture": "#texture" },
        "south": { "uv": [ 16, 4, 16, 4.5 ], "texture": "#texture" },
        "west":  { "uv": [ 5.0749998092651367, 4, 7.0749998092651367, 4.5 ], "texture": "#texture" },
        "east":  { "uv": [ 8.9250001907348633, 4, 10.925000190734863, 4.5 ], "texture": "#texture" }
    }
},
{
    "from": [ 20.125, 7.5, 8.325 ],
    "to": [ 20.625, 8, 9.825 ],
    "faces": {
        "down":  { "uv": [ 0, 6.825, 0, 5.325 ], "texture": "#texture" },
        "up":    { "uv": [ 16, 5.3249998092651367, 16, 6.8249998092651367 ], "texture": "#texture" },
        "north": { "uv": [ 0, 4, 0, 4.5 ], "texture": "#texture" },
        "south": { "uv": [ 16, 4, 16, 4.5 ], "texture": "#texture" },
        "west":  { "uv": [ 5.3249998092651367, 4, 6.8249998092651367, 4.5 ], "texture": "#texture" },
        "east":  { "uv": [ 9.1750001907348633, 4, 10.675000190734863, 4.5 ], "texture": "#texture" }
    }
},
{
    "from": [ 21, 7.25, 8.5 ],
    "to": [ 21.5, 8.25, 9.5 ],
    "faces": {
        "down":  { "uv": [ 0, 6.5, 0, 5.5 ], "texture": "#texture" },
        "up":    { "uv": [ 16, 5.5, 16, 6.5 ], "texture": "#texture" },
        "north": { "uv": [ 0, 3.75, 0, 4.75 ], "texture": "#texture" },
        "south": { "uv": [ 16, 3.75, 16, 4.75 ], "texture": "#texture" },
        "west":  { "uv": [ 5.5, 3.75, 6.5, 4.75 ], "texture": "#texture" },
        "east":  { "uv": [ 9.5, 3.75, 10.5, 4.75 ], "texture": "#texture" }
    }
},
{
    "from": [ 21.5, 7, 8.5 ],
    "to": [ 22, 8.5, 9.5 ],
    "faces": {
        "down":  { "uv": [ 0, 6.5, 0, 5.5 ], "texture": "#texture" },
        "up":    { "uv": [ 16, 5.5, 16, 6.5 ], "texture": "#texture" },
        "north": { "uv": [ 0, 3.5, 0, 5 ], "texture": "#texture" },
        "south": { "uv": [ 16, 3.5, 16, 5 ], "texture": "#texture" },
        "west":  { "uv": [ 5.5, 3.5, 6.5, 5 ], "texture": "#texture" },
        "east":  { "uv": [ 9.5, 3.5, 10.5, 5 ], "texture": "#texture" }
    }
},
{
    "from": [ 22, 6.75, 8.25 ],
    "to": [ 22.5, 8.75, 9.75 ],
    "faces": {
        "down":  { "uv": [ 0, 6.75, 0, 5.25 ], "texture": "#texture" },
        "up":    { "uv": [ 16, 5.25, 16, 6.75 ], "texture": "#texture" },
        "north": { "uv": [ 0, 3.25, 0, 5.25 ], "texture": "#texture" },
        "south": { "uv": [ 16, 3.25, 16, 5.25 ], "texture": "#texture" },
        "west":  { "uv": [ 5.25, 3.25, 6.75, 5.25 ], "texture": "#texture" },
        "east":  { "uv": [ 9.25, 3.25, 10.75, 5.25 ], "texture": "#texture" }
    }
},
{
    "from": [ 22.5, 7, 8.5 ],
    "to": [ 23, 8.5, 9.5 ],
    "faces": {
        "down":  { "uv": [ 0, 6.5, 0, 5.5 ], "texture": "#texture" },
        "up":    { "uv": [ 16, 5.5, 16, 6.5 ], "texture": "#texture" },
        "north": { "uv": [ 0, 3.5, 0, 5 ], "texture": "#texture" },
        "south": { "uv": [ 16, 3.5, 16, 5 ], "texture": "#texture" },
        "west":  { "uv": [ 5.5, 3.5, 6.5, 5 ], "texture": "#texture" },
        "east":  { "uv": [ 9.5, 3.5, 10.5, 5 ], "texture": "#texture" }
    }
},
{
    "from": [ 23, 7.25, 8.5 ],
    "to": [ 23.5, 8.25, 9.5 ],
    "faces": {
        "down":  { "uv": [ 0, 6.5, 0, 5.5 ], "texture": "#texture" },
        "up":    { "uv": [ 16, 5.5, 16, 6.5 ], "texture": "#texture" },
        "north": { "uv": [ 0, 3.75, 0, 4.75 ], "texture": "#texture" },
        "south": { "uv": [ 16, 3.75, 16, 4.75 ], "texture": "#texture" },
        "west":  { "uv": [ 5.5, 3.75, 6.5, 4.75 ], "texture": "#texture" },
        "east":  { "uv": [ 9.5, 3.75, 10.5, 4.75 ], "texture": "#texture" }
    }
},
{
    "from": [ 14, 3, 9 ],
    "to": [ 23.5, 12.5, 9.0625 ],
    "faces": {
        "north": { "uv": [ 14, 0, 1.5, 16 ], "texture": "#Coelacanth06" },
        "south": { "uv": [ 1.5, 0, 14, 16 ], "texture": "#Coelacanth06" }
    }
},
{
    "from": [ 9.70287, 9.5, 8 ],
    "to": [ 11.2029, 11.5, 10 ],
    "rotation": { "origin": [ 9.70287, 11.5, 8 ], "axis": "z", "angle": -22.5 },
    "faces": {
        "down":  { "uv": [ 13.5, 5.5, 12, 4 ], "texture": "#texture" },
        "up":    { "uv": [ 2.5, 4, 4, 5.5 ], "texture": "#texture" },
        "north": { "uv": [ 12, 0, 13.5, 0 ], "texture": "#texture" },
        "south": { "uv": [ 2.5, 0, 4, 0 ], "texture": "#texture" },
        "west":  { "uv": [ 4, 0, 5.5, 0 ], "texture": "#texture" },
        "east":  { "uv": [ 10.5, 0, 12, 0 ], "texture": "#texture" }
    }
},
{
    "from": [ 10, 11, 8.5 ],
    "to": [ 11, 12, 9.5 ],
    "rotation": { "origin": [ 10, 12, 8.5 ], "axis": "z", "angle": -22.5 },
    "faces": {
        "down":  { "uv": [ 5, 6.5, 4.5, 5.5 ], "texture": "#texture" },
        "up":    { "uv": [ 11, 5.5, 11.5, 6.5 ], "texture": "#texture" },
        "north": { "uv": [ 4.5, 0, 5, 0 ], "texture": "#texture" },
        "south": { "uv": [ 11, 0, 11.5, 0 ], "texture": "#texture" },
        "west":  { "uv": [ 5.5, 0, 6.5, 0 ], "texture": "#texture" },
        "east":  { "uv": [ 9.5, 0, 10.5, 0 ], "texture": "#texture" }
    }
},
{
    "from": [ 9, 10, 9 ],
    "to": [ 12.5, 15, 9.0625 ],
    "faces": {
        "north": { "uv": [ 13.5, 0.5, 2, 15.5 ], "texture": "#Coelacanth05" },
        "south": { "uv": [ 2, 0.5, 13.5, 15.5 ], "texture": "#Coelacanth05" }
    }
},
{
    "from": [ 9.5, 2.5, 8 ],
    "to": [ 11, 4.5, 10 ],
    "rotation": { "origin": [ 9.5, 4.5, 8 ], "axis": "z", "angle": 22.5 },
    "faces": {
        "down":  { "uv": [ 13.5, 5.5, 12, 4 ], "texture": "#texture" },
        "up":    { "uv": [ 2.5, 4, 4, 5.5 ], "texture": "#texture" },
        "north": { "uv": [ 12, 0, 13.5, 0 ], "texture": "#texture" },
        "south": { "uv": [ 2.5, 0, 4, 0 ], "texture": "#texture" },
        "west":  { "uv": [ 4, 0, 5.5, 0 ], "texture": "#texture" },
        "east":  { "uv": [ 10.5, 0, 12, 0 ], "texture": "#texture" }
    }
},
{
    "from": [ 10.5, 2, 8.5 ],
    "to": [ 11.5, 3, 9.5 ],
    "rotation": { "origin": [ 10.5, 3, 8.5 ], "axis": "z", "angle": 22.5 },
    "faces": {
        "down":  { "uv": [ 5, 6.5, 4.5, 5.5 ], "texture": "#texture" },
        "up":    { "uv": [ 11, 5.5, 11.5, 6.5 ], "texture": "#texture" },
        "north": { "uv": [ 4.5, 0, 5, 0 ], "texture": "#texture" },
        "south": { "uv": [ 11, 0, 11.5, 0 ], "texture": "#texture" },
        "west":  { "uv": [ 5.5, 0, 6.5, 0 ], "texture": "#texture" },
        "east":  { "uv": [ 9.5, 0, 10.5, 0 ], "texture": "#texture" }
    }
},
{
    "from": [ 9.5, -0.5, 9 ],
    "to": [ 13, 4.5, 9.0625 ],
    "faces": {
        "north": { "uv": [ 2, 0.5, 13.5, 15.5 ], "rotation": 180, "texture": "#Coelacanth05" },
        "south": { "uv": [ 13.5, 0.5, 2, 15.5 ], "rotation": 180, "texture": "#Coelacanth05" }
    }
},
{
    "from": [ -6, 7.5, 6.625 ],
    "to": [ -5, 8.5, 11.625 ],
    "faces": {
        "down":  { "uv": [ 13.5, 0.5, 15.5, 2.5 ], "texture": "#Coelacanth04" },
        "up":    { "uv": [ 13.5, 0.5, 15.5, 2.5 ], "texture": "#Coelacanth04" },
        "north": { "uv": [ 13.5, 0.5, 15.5, 2.5 ], "texture": "#Coelacanth04" },
        "south": { "uv": [ 13.5, 0.5, 15.5, 2.5 ], "texture": "#Coelacanth04" },
        "west":  { "uv": [ 13.5, 0.5, 15.5, 2.5 ], "texture": "#Coelacanth04" },
        "east":  { "uv": [ 13.5, 0.5, 15.5, 2.5 ], "texture": "#Coelacanth04" }
    }
},
{
    "from": [ 2, 9, 8 ],
    "to": [ 5, 12, 10 ],
    "rotation": { "origin": [ 2, 12, 8 ], "axis": "z", "angle": -45 },
    "faces": {
        "down":  { "uv": [ 16, 5, 16, 4 ], "texture": "#texture" },
        "up":    { "uv": [ 0, 4, 0, 5 ], "texture": "#texture" },
        "north": { "uv": [ 16, 0, 16, 0 ], "texture": "#texture" },
        "south": { "uv": [ 0, 0, 0, 0 ], "texture": "#texture" },
        "west":  { "uv": [ 4, 0, 5, 0 ], "texture": "#texture" },
        "east":  { "uv": [ 11, 0, 12, 0 ], "texture": "#texture" }
    }
},
{
    "from": [ -0.5, 8.5, 9 ],
    "to": [ 5, 15.5, 9.0625 ],
    "faces": {
        "north": { "uv": [ 8, 0.5, 0.5, 10.5 ], "texture": "#Coelacanth04" },
        "south": { "uv": [ 0.5, 0.5, 8, 10.5 ], "texture": "#Coelacanth04" }
    }
},
{
    "from": [ -2, 3, 11.5 ],
    "to": [ -0.5, 4.5, 13 ],
    "rotation": { "origin": [ -2, 4.5, 11.5 ], "axis": "x", "angle": 22.5 },
    "faces": {
        "down":  { "uv": [ 16, 10, 15.5, 8.5 ], "texture": "#texture" },
        "up":    { "uv": [ 0, 8.5, 0.5, 10 ], "texture": "#texture" },
        "north": { "uv": [ 15.5, 7.5, 16, 9 ], "texture": "#texture" },
        "south": { "uv": [ 0, 7.5, 0.5, 9 ], "texture": "#texture" },
        "west":  { "uv": [ 8.5, 7.5, 10, 9 ], "texture": "#texture" },
        "east":  { "uv": [ 6, 7.5, 7.5, 9 ], "texture": "#texture" }
    }
},
{
    "from": [ -2.5, 3.6875, 12 ],
    "to": [ 0, 3.75, 16 ],
    "rotation": { "origin": [ -2.5, 3.75, 12 ], "axis": "x", "angle": 22.5 },
    "faces": {
        "down":  { "uv": [ 4, 1, 11.5, 15.5 ], "rotation": 180, "texture": "#Coelacanth07" },
        "up":    { "uv": [ 11.5, 1, 4, 15.5 ], "texture": "#Coelacanth07" }
    }
},
{
    "from": [ -2, 2.5, 5.25 ],
    "to": [ -0.5, 4, 6.75 ],
    "rotation": { "origin": [ -2, 4, 5.25 ], "axis": "x", "angle": -22.5 },
    "faces": {
        "down":  { "uv": [ 16, 3.75, 15.5, 2.25 ], "texture": "#texture" },
        "up":    { "uv": [ 0, 2.25, 0.5, 3.75 ], "texture": "#texture" },
        "north": { "uv": [ 15.5, 7.5, 16, 9 ], "texture": "#texture" },
        "south": { "uv": [ 0, 7.5, 0.5, 9 ], "texture": "#texture" },
        "west":  { "uv": [ 2.25, 7.5, 3.75, 9 ], "texture": "#texture" },
        "east":  { "uv": [ 12.25, 7.5, 13.75, 9 ], "texture": "#texture" }
    }
},
{
    "from": [ -2.5, 2.1875, 2.25 ],
    "to": [ 0, 2.25, 6.25 ],
    "rotation": { "origin": [ -2.5, 2.25, 2.25 ], "axis": "x", "angle": -22.5 },
    "faces": {
        "down":  { "uv": [ 11.5, 1, 4, 15.5 ], "texture": "#Coelacanth07" },
        "up":    { "uv": [ 4, 1, 11.5, 15.5 ], "rotation": 180, "texture": "#Coelacanth07" }
    }
},
{
    "from": [ 5, 2, 11.5 ],
    "to": [ 6.5, 3.5, 13 ],
    "rotation": { "origin": [ 5, 3.5, 11.5 ], "axis": "x", "angle": 22.5 },
    "faces": {
        "down":  { "uv": [ 10, 10, 8.5, 8.5 ], "texture": "#texture" },
        "up":    { "uv": [ 6, 8.5, 7.5, 10 ], "texture": "#texture" },
        "north": { "uv": [ 8.5, 8.5, 10, 10 ], "texture": "#texture" },
        "south": { "uv": [ 6, 8.5, 7.5, 10 ], "texture": "#texture" },
        "west":  { "uv": [ 8.5, 8.5, 10, 10 ], "texture": "#texture" },
        "east":  { "uv": [ 6, 8.5, 7.5, 10 ], "texture": "#texture" }
    }
},
{
    "from": [ 4.5, 2.6875, 12 ],
    "to": [ 7, 2.75, 16 ],
    "rotation": { "origin": [ 4.5, 2.75, 12 ], "axis": "x", "angle": 22.5 },
    "faces": {
        "down":  { "uv": [ 4, 1, 11.5, 15.5 ], "rotation": 180, "texture": "#Coelacanth07" },
        "up":    { "uv": [ 11.5, 1, 4, 15.5 ], "texture": "#Coelacanth07" }
    }
},
{
    "from": [ 5, 1.5, 5.25 ],
    "to": [ 6.5, 3, 6.75 ],
    "rotation": { "origin": [ 5, 3, 5.25 ], "axis": "x", "angle": -22.5 },
    "faces": {
        "down":  { "uv": [ 10, 3.75, 8.5, 2.25 ], "texture": "#texture" },
        "up":    { "uv": [ 6, 2.25, 7.5, 3.75 ], "texture": "#texture" },
        "north": { "uv": [ 8.5, 8.5, 10, 10 ], "texture": "#texture" },
        "south": { "uv": [ 6, 8.5, 7.5, 10 ], "texture": "#texture" },
        "west":  { "uv": [ 2.25, 8.5, 3.75, 10 ], "texture": "#texture" },
        "east":  { "uv": [ 12.25, 8.5, 13.75, 10 ], "texture": "#texture" }
    }
},
{
    "from": [ 4.5, 1.1875, 2.25 ],
    "to": [ 7, 1.25, 6.25 ],
    "rotation": { "origin": [ 4.5, 1.25, 2.25 ], "axis": "x", "angle": -22.5 },
    "faces": {
        "down":  { "uv": [ 11.5, 1, 4, 15.5 ], "texture": "#Coelacanth07" },
        "up":    { "uv": [ 4, 1, 11.5, 15.5 ], "rotation": 180, "texture": "#Coelacanth07" }
    }
}
]
}