{
	"__comment": "Designed by Zeibo with Cubik Studio - https://cubik.studio",
	"textures": {
		"particle": "blocks/e_particle",
		"texture": "mobs/devil piranha/devil piranha03"
	},
	"elements": [ 	 
		{
			"__comment": "Box1",
			"from": [ 3, 3.125, 3 ],
			"to": [ 13, 13.125, 13 ],
			"faces": {
				"down": { "uv": [ 8, 0, 14, 6 ], "texture": "#texture" },
				"up": { "uv": [ 8, 0, 14, 6 ], "texture": "#texture" },
				"north": { "uv": [ 8, 0, 14, 6 ], "texture": "#texture" },
				"south": { "uv": [ 8, 0, 14, 6 ], "texture": "#texture" },
				"west": { "uv": [ 8, 0, 14, 6 ], "texture": "#texture" },
				"east": { "uv": [ 8, 0, 14, 6 ], "texture": "#texture" }
			}
		},
		{
			"__comment": "Box1",
			"from": [ 4, 2.25, 2.125 ],
			"to": [ 12, 13.75, 13.625 ],
			"faces": {
				"down": { "uv": [ 8, 0, 14, 6 ], "texture": "#texture" },
				"up": { "uv": [ 8, 0, 14, 6 ], "texture": "#texture" },
				"north": { "uv": [ 8, 0, 14, 6 ], "texture": "#texture" },
				"south": { "uv": [ 8, 0, 14, 6 ], "texture": "#texture" },
				"west": { "uv": [ 8, 0, 14, 6 ], "texture": "#texture" },
				"east": { "uv": [ 8, 0, 14, 6 ], "texture": "#texture" }
			}
		},
		{
			"__comment": "Box1",
			"from": [ 2.25, 4.125, 3.375 ],
			"to": [ 13.75, 12.125, 12.375 ],
			"faces": {
				"down": { "uv": [ 8, 0, 14, 6 ], "texture": "#texture" },
				"up": { "uv": [ 8, 0, 14, 6 ], "texture": "#texture" },
				"north": { "uv": [ 8, 0, 14, 6 ], "texture": "#texture" },
				"south": { "uv": [ 8, 0, 14, 6 ], "texture": "#texture" },
				"west": { "uv": [ 8, 0, 14, 6 ], "texture": "#texture" },
				"east": { "uv": [ 8, 0, 14, 6 ], "texture": "#texture" }
			}
		}
	],
	"display": {
		"thirdperson_righthand": {
			"rotation":  [ 75, 45, 0 ],
			"translation":  [ 0, 1.1086, 0 ],
			"scale":  [ 0.5, 0.5, 0.5 ]
		},
		"thirdperson_lefthand": {
			"rotation":  [ 75, 45, 0 ],
			"translation":  [ 0, 1.1086, 0 ],
			"scale":  [ 0.5, 0.5, 0.5 ]
		},
		"firstperson_righthand": {
			"scale":  [ 0.5, 0.5, 0.5 ]
		},
		"firstperson_lefthand": {
			"scale":  [ 0.5, 0.5, 0.5 ]
		},
		"gui": {
			"rotation":  [ 30, 155, 0 ],
			"scale":  [ 0.8, 0.8, 0.8 ]
		},
		"head": {
			"rotation":  [ -25, -56, -23 ],
			"translation":  [ 0, -34, 0 ],
			"scale":  [ 2, 2, 2 ]
		},
		"ground": {
			"rotation":  [ 50, -41, 0 ],
			"translation":  [ 0, 10.434, 0 ]
		}
	}
}