{
"__comment": "Designed by S9855027 with BDcraft Cubik PRO 0.96 Beta - http://bdcraft.net",
"textures": {
    "particle": "mobs/Fish",
    "texture": "mobs/Fish",
    "Fish02": "mobs/Fish02",
    "Fish03": "mobs/Fish03"
},
"elements": [ 
{
    "from": [ -4, 7, 7.25 ],
    "to": [ -2, 10, 9.75 ],
    "faces": {
        "down":  { "uv": [ 5, 16, 0, 11.5 ], "texture": "#texture" },
        "up":    { "uv": [ 0, 11.5, 5, 16 ], "texture": "#texture" },
        "north": { "uv": [ 0, 11.5, 5, 16 ], "texture": "#texture" },
        "south": { "uv": [ 0, 11.5, 5, 16 ], "texture": "#texture" },
        "west":  { "uv": [ 0, 11.5, 5, 16 ], "texture": "#texture" },
        "east":  { "uv": [ 0, 11.5, 5, 16 ], "texture": "#texture" }
    }
},
{
    "from": [ -2.5, 6.5, 7.5 ],
    "to": [ -0.5, 8.5, 9.5 ],
    "rotation": { "origin": [ -2.5, 8.5, 7.5 ], "axis": "z", "angle": -45 },
    "faces": {
        "down":  { "uv": [ 5, 16, 0, 11.5 ], "texture": "#texture" },
        "up":    { "uv": [ 0, 11.5, 5, 16 ], "texture": "#texture" },
        "north": { "uv": [ 5, 10, 10.5, 16 ], "texture": "#texture" },
        "south": { "uv": [ 5, 10, 10.5, 16 ], "texture": "#texture" },
        "west":  { "uv": [ 5, 10, 10.5, 16 ], "texture": "#texture" },
        "east":  { "uv": [ 5, 10, 10.5, 16 ], "texture": "#texture" }
    }
},
{
    "from": [ -4, 8, 7.5 ],
    "to": [ -2, 10, 9.5 ],
    "rotation": { "origin": [ -4, 10, 7.5 ], "axis": "z", "angle": 45 },
    "faces": {
        "down":  { "uv": [ 0, 11.5, 5, 16 ], "texture": "#texture" },
        "up":    { "uv": [ 0, 11.5, 5, 16 ], "texture": "#texture" },
        "north": { "uv": [ 5, 10, 10.5, 16 ], "texture": "#texture" },
        "south": { "uv": [ 5, 10, 10.5, 16 ], "texture": "#texture" },
        "west":  { "uv": [ 5, 10, 10.5, 16 ], "texture": "#texture" },
        "east":  { "uv": [ 5, 10, 10.5, 16 ], "texture": "#texture" }
    }
},
{
    "from": [ -2.5, 5.5, 7.25 ],
    "to": [ 0.5, 11.5, 9.75 ],
    "faces": {
        "down":  { "uv": [ 5, 11.5, 0, 16 ], "texture": "#texture" },
        "up":    { "uv": [ 0, 11.5, 5, 16 ], "texture": "#texture" },
        "north": { "uv": [ 0, 11.5, 5, 16 ], "texture": "#texture" },
        "south": { "uv": [ 0, 11.5, 5, 16 ], "texture": "#texture" },
        "west":  { "uv": [ 0, 11.5, 5, 16 ], "texture": "#texture" },
        "east":  { "uv": [ 0, 11.5, 5, 16 ], "texture": "#texture" }
    }
},
{
    "from": [ 0.5, 5, 6.5 ],
    "to": [ 11, 12, 10.5 ],
    "faces": {
        "down":  { "uv": [ 16, 10, 0, 4.5 ], "texture": "#texture" },
        "up":    { "uv": [ 0, 0, 16, 4 ], "texture": "#texture" },
        "north": { "uv": [ 0, 0, 16, 5 ], "texture": "#texture" },
        "south": { "uv": [ 0, 0, 16, 4.5 ], "texture": "#texture" },
        "west":  { "uv": [ 0, 0, 16, 4.5 ], "texture": "#texture" },
        "east":  { "uv": [ 0, 0, 16, 4.5 ], "texture": "#texture" }
    }
},
{
    "__comment": "01",
    "from": [ 11, 6, 7.4 ],
    "to": [ 13.5, 11, 10.4 ],
    "faces": {
        "down":  { "uv": [ 5, 10.4, 2.5, 7.4 ], "texture": "#texture" },
        "up":    { "uv": [ 11, 7.4, 13.5, 10.4 ], "texture": "#texture" },
        "north": { "uv": [ 2.5, 5, 5, 10 ], "texture": "#texture" },
        "south": { "uv": [ 11, 5, 13.5, 10 ], "texture": "#texture" },
        "west":  { "uv": [ 7.4, 5, 10.4, 10 ], "texture": "#texture" },
        "east":  { "uv": [ 5.6, 5, 8.6, 10 ], "texture": "#texture" }
    }
},
{
    "__comment": "02",
    "from": [ 13.5, 7, 7.5 ],
    "to": [ 16, 10, 9.5 ],
    "faces": {
        "down":  { "uv": [ 2.5, 9.5, 0, 7.5 ], "texture": "#texture" },
        "up":    { "uv": [ 13.5, 7.5, 16, 9.5 ], "texture": "#texture" },
        "north": { "uv": [ 0, 6, 2.5, 9 ], "texture": "#texture" },
        "south": { "uv": [ 13.5, 6, 16, 9 ], "texture": "#texture" },
        "west":  { "uv": [ 7.5, 6, 9.5, 9 ], "texture": "#texture" },
        "east":  { "uv": [ 6.5, 6, 8.5, 9 ], "texture": "#texture" }
    }
},
{
    "from": [ 2, 3, 8.5 ],
    "to": [ 5.5, 6, 8.5625 ],
    "faces": {
        "north": { "uv": [ 9, 6.5, 0, 12 ], "texture": "#Fish02" },
        "south": { "uv": [ 0, 6, 9, 12 ], "texture": "#Fish02" }
    }
},
{
    "from": [ 7.5, 2.5, 8.5 ],
    "to": [ 11.5, 6.5, 8.5625 ],
    "faces": {
        "north": { "uv": [ 9, 5, 0, 12 ], "texture": "#Fish02" },
        "south": { "uv": [ 0, 5.5, 9, 12 ], "texture": "#Fish02" }
    }
},
{
    "from": [ 3, 11, 8.5 ],
    "to": [ 8, 15.5, 8.5625 ],
    "faces": {
        "north": { "uv": [ 16, 10, 5, 16 ], "texture": "#Fish03" },
        "south": { "uv": [ 4.5, 10, 16, 16 ], "texture": "#Fish03" }
    }
},
{
    "from": [ -2.5, 8.5, 7 ],
    "to": [ -1, 9.5, 10 ],
    "faces": {
        "down":  { "uv": [ 2, 11.5, 0, 11 ], "texture": "#texture" },
        "up":    { "uv": [ 0, 10, 2, 10.5 ], "texture": "#texture" },
        "north": { "uv": [ 0, 10, 2, 11.5 ], "texture": "#texture" },
        "south": { "uv": [ 2, 10, 0, 11.5 ], "texture": "#texture" },
        "west":  { "uv": [ 1.5, 10, 2, 11.5 ], "texture": "#texture" },
        "east":  { "uv": [ 0, 10, 0.5, 11.5 ], "texture": "#texture" }
    }
},
{
    "__comment": "03",
    "from": [ 15.5, 3, 8.5 ],
    "to": [ 21, 14, 8.5625 ],
    "faces": {
        "north": { "uv": [ 9.5, 0, 0, 12 ], "texture": "#Fish02" },
        "south": { "uv": [ 0, 0, 9, 12 ], "texture": "#Fish02" }
    }
},
{
    "from": [ 1, 5.5, 6.5 ],
    "to": [ 4, 8.5, 6.5625 ],
    "rotation": { "origin": [ 1, 5.5, 6.5 ], "axis": "y", "angle": 22.5 },
    "faces": {
        "north": { "uv": [ 14, 9, 5, 16 ], "rotation": 270, "texture": "#Fish03" },
        "south": { "uv": [ 5, 10, 14, 16 ], "rotation": 90, "texture": "#Fish03" }
    }
},
{
    "from": [ 1, 5.5, 10.5 ],
    "to": [ 4, 8.5, 10.5625 ],
    "rotation": { "origin": [ 1, 5.5, 10.5 ], "axis": "y", "angle": -22.5 },
    "faces": {
        "north": { "uv": [ 14, 9, 5, 16 ], "rotation": 270, "texture": "#Fish03" },
        "south": { "uv": [ 5, 10, 14, 16 ], "rotation": 90, "texture": "#Fish03" }
    }
}
],
"display": {
    "thirdperson_righthand": {
        "rotation": [ 66, -91, 40 ],
        "translation": [ -6.05, -24, 7.56 ],
        "scale": [ 0.5, 0.5, 0.5 ]
    },
    "thirdperson_lefthand": {
        "rotation": [ 66, 91, -40 ],
        "translation": [ -7.37, -24, 9.07 ],
        "scale": [ 0.5, 0.5, 0.5 ]
    }
}
}