{
"__comment": "Designed by S9855027 with BDcraft Cubik PRO 0.96 Beta - http://bdcraft.net",
"elements": [ 
{
    "from": [ -3.41, 9.5875, 4 ],
    "to": [ -1.41, 11.5875, 5 ],
    "rotation": { "origin": [ -3.41, 11.5875, 4 ], "axis": "z", "angle": 45 },
    "faces": {
        "down":  { "uv": [ 16, 5, 16, 4 ], "texture": "#texture" },
        "up":    { "uv": [ 0, 4, 0, 5 ], "texture": "#texture" },
        "north": { "uv": [ 16, 0, 16, 1 ], "texture": "#texture" },
        "south": { "uv": [ 0, 0, 0, 1 ], "texture": "#texture" },
        "west":  { "uv": [ 4, 0, 5, 1 ], "texture": "#texture" },
        "east":  { "uv": [ 11, 0, 12, 1 ], "texture": "#texture" }
    }
},
{
    "from": [ -3.5, 8, 4 ],
    "to": [ -1.5, 10, 5 ],
    "rotation": { "origin": [ -3.5, 10, 4 ], "axis": "z", "angle": 45 },
    "faces": {
        "down":  { "uv": [ 16, 5, 16, 4 ], "texture": "#texture" },
        "up":    { "uv": [ 0, 4, 0, 5 ], "texture": "#texture" },
        "north": { "uv": [ 16, 0, 16, 1 ], "texture": "#texture" },
        "south": { "uv": [ 0, 0, 0, 1 ], "texture": "#texture" },
        "west":  { "uv": [ 4, 0, 5, 1 ], "texture": "#texture" },
        "east":  { "uv": [ 11, 0, 12, 1 ], "texture": "#texture" }
    }
},
{
    "from": [ -2, 8.5, 4 ],
    "to": [ 0, 13, 5 ],
    "faces": {
        "down":  { "uv": [ 16, 5, 16, 4 ], "texture": "#texture" },
        "up":    { "uv": [ 0, 4, 0, 5 ], "texture": "#texture" },
        "north": { "uv": [ 16, 3, 16, 7.5 ], "texture": "#texture" },
        "south": { "uv": [ 0, 3, 0, 7.5 ], "texture": "#texture" },
        "west":  { "uv": [ 4, 3, 5, 7.5 ], "texture": "#texture" },
        "east":  { "uv": [ 11, 3, 12, 7.5 ], "texture": "#texture" }
    }
},
{
    "from": [ -0.15, 7.705, 4 ],
    "to": [ 2.35, 13.76, 5 ],
    "faces": {
        "down":  { "uv": [ 16, 5, 13.65, 4 ], "texture": "#texture" },
        "up":    { "uv": [ 0, 4, 2.35, 5 ], "texture": "#texture" },
        "north": { "uv": [ 13.65, 2.24, 16, 8.295 ], "texture": "#texture" },
        "south": { "uv": [ 0, 2.24, 2.35, 8.295 ], "texture": "#texture" },
        "west":  { "uv": [ 4, 2.24, 5, 8.295 ], "texture": "#texture" },
        "east":  { "uv": [ 11, 2.24, 12, 8.295 ], "texture": "#texture" }
    }
},
{
    "from": [ -1.45, 8.395, 4 ],
    "to": [ 0.55, 9.895, 5 ],
    "rotation": { "origin": [ -1.45, 9.895, 4 ], "axis": "z", "angle": -22.5 },
    "faces": {
        "down":  { "uv": [ 16, 5, 16, 4 ], "texture": "#texture" },
        "up":    { "uv": [ 0, 4, 0, 5 ], "texture": "#texture" },
        "north": { "uv": [ 16, 0, 16, 2 ], "texture": "#texture" },
        "south": { "uv": [ 0, 0, 0, 2 ], "texture": "#texture" },
        "west":  { "uv": [ 4, 0, 5, 2 ], "texture": "#texture" },
        "east":  { "uv": [ 11, 0, 12, 2 ], "texture": "#texture" }
    }
},
{
    "from": [ -2, 11.5, 4 ],
    "to": [ 0, 13, 5 ],
    "rotation": { "origin": [ -2, 13, 4 ], "axis": "z", "angle": 22.5 },
    "faces": {
        "down":  { "uv": [ 16, 5, 16, 4 ], "texture": "#texture" },
        "up":    { "uv": [ 0, 4, 0, 5 ], "texture": "#texture" },
        "north": { "uv": [ 16, 0, 16, 2 ], "texture": "#texture" },
        "south": { "uv": [ 0, 0, 0, 2 ], "texture": "#texture" },
        "west":  { "uv": [ 4, 0, 5, 2 ], "texture": "#texture" },
        "east":  { "uv": [ 11, 0, 12, 2 ], "texture": "#texture" }
    }
}
]
}