{
"__comment": "Designed by S9855027 with BDcraft Cubik PRO 0.96 Beta - http://bdcraft.net",
"textures": {
    "particle": "mobs/Paracanthurus/Paracanthurus01",
    "Paracanthurus03": "mobs/Paracanthurus/Paracanthurus03",
    "texture": "mobs/Paracanthurus/Paracanthurus01",
    "Paracanthurus02": "mobs/Paracanthurus/Paracanthurus02",
    "Paracanthurus05": "mobs/Paracanthurus/Paracanthurus05",
    "Paracanthurus04": "mobs/Paracanthurus/Paracanthurus04"
},
"elements": [ 
{
    "from": [ -4.5, 3, 7.125 ],
    "to": [ 2.5, 8.5, 8.925 ],
    "rotation": { "origin": [ -4.5, 8.5, 7.125 ], "axis": "z", "angle": 45 },
    "faces": {
        "down":  { "uv": [ 3.5, 0.5, 0.5, 0 ], "texture": "#Paracanthurus03" },
        "up":    { "uv": [ 0, 0, 4, 1 ], "texture": "#Paracanthurus03" },
        "north": { "uv": [ 0, 0, 3.5, 1.5 ], "texture": "#Paracanthurus03" },
        "south": { "uv": [ 0, 0, 4, 1.5 ], "texture": "#Paracanthurus03" },
        "west":  { "uv": [ 0, 0, 6, 1.5 ], "rotation": 270, "texture": "#Paracanthurus03" },
        "east":  { "uv": [ 0, 0, 3, 1 ], "texture": "#Paracanthurus03" }
    }
},
{
    "from": [ 0.5, 3.5, 7 ],
    "to": [ 11.5, 13.5, 9 ],
    "faces": {
        "down":  { "uv": [ 0, 14.5, 16, 16 ], "texture": "#texture" },
        "up":    { "uv": [ 0, 0, 16, 1.5 ], "texture": "#Paracanthurus03" },
        "north": { "uv": [ 16, 0, 0, 16 ], "texture": "#texture" },
        "south": { "uv": [ 0, 0, 16, 16 ], "texture": "#texture" },
        "west":  { "uv": [ 0, 0, 1.5, 16 ], "texture": "#texture" },
        "east":  { "uv": [ 14.5, 0, 16, 16 ], "texture": "#texture" }
    }
},
{
    "from": [ 0.5, 4.25, 7.125 ],
    "to": [ 2.5, 6.25, 9.025 ],
    "rotation": { "origin": [ 0.5, 6.25, 7.125 ], "axis": "z", "angle": -45 },
    "faces": {
        "down":  { "uv": [ 0, 0.5, 0.5, 0 ], "texture": "#Paracanthurus03" },
        "up":    { "uv": [ 0, 0, 0.5, 0.5 ], "texture": "#Paracanthurus03" },
        "north": { "uv": [ 0, 0, 0.5, 0.5 ], "texture": "#Paracanthurus03" },
        "south": { "uv": [ 0.5, 0, 0, 0.5 ], "texture": "#Paracanthurus03" },
        "west":  { "uv": [ 0, 0, 0.5, 0.5 ], "texture": "#Paracanthurus03" },
        "east":  { "uv": [ 0.5, 0, 0, 0.5 ], "texture": "#Paracanthurus03" }
    }
},
{
    "from": [ 1.5, 13, 8 ],
    "to": [ 13, 15, 8.0625 ],
    "faces": {
        "north": { "uv": [ 16, 3, 0, 5.5 ], "texture": "#Paracanthurus03" },
        "south": { "uv": [ 0, 3, 16, 5.5 ], "texture": "#Paracanthurus03" }
    }
},
{
    "from": [ 3.5, 2, 8 ],
    "to": [ 13, 4.5, 8.0625 ],
    "faces": {
        "north": { "uv": [ 14, 6, 1, 9.5 ], "texture": "#Paracanthurus03" },
        "south": { "uv": [ 1, 6, 14, 9.5 ], "texture": "#Paracanthurus03" }
    }
},
{
    "from": [ 0, 10.35, 6.75 ],
    "to": [ 1, 11.35, 9.25 ],
    "faces": {
        "down":  { "uv": [ 1, 2.5, 0, 1.5 ], "texture": "#Paracanthurus03" },
        "up":    { "uv": [ 0, 1.5, 1, 2.5 ], "texture": "#Paracanthurus03" },
        "north": { "uv": [ 0, 1.5, 1, 2.5 ], "texture": "#Paracanthurus03" },
        "south": { "uv": [ 0, 1.5, 1, 2.5 ], "texture": "#Paracanthurus03" },
        "west":  { "uv": [ 0, 1.5, 1, 2.5 ], "texture": "#Paracanthurus03" },
        "east":  { "uv": [ 0, 1.5, 1, 2.5 ], "texture": "#Paracanthurus03" }
    }
},
{
    "from": [ 0.5, 2, 8 ],
    "to": [ 6, 3.5, 8.0625 ],
    "faces": {
        "north": { "uv": [ 7.5, 10.5, 0.5, 14 ], "texture": "#Paracanthurus03" },
        "south": { "uv": [ 0.5, 10.5, 7.5, 14 ], "texture": "#Paracanthurus03" }
    }
},
{
    "from": [ -4, 7.5, 7.1875 ],
    "to": [ -2.5, 8.5, 8.8875 ],
    "rotation": { "origin": [ -4, 8.5, 7.1875 ], "axis": "z", "angle": -22.5 },
    "faces": {
        "down":  { "uv": [ 3, 0.5, 3.5, 0 ], "texture": "#Paracanthurus03" },
        "up":    { "uv": [ 4.5, 0, 5, 0.5 ], "texture": "#Paracanthurus03" },
        "north": { "uv": [ 4.5, 0, 5, 1 ], "texture": "#Paracanthurus03" },
        "south": { "uv": [ 5.5, 0, 5, 1 ], "texture": "#Paracanthurus03" },
        "west":  { "uv": [ 5.5, 0, 6, 1 ], "texture": "#Paracanthurus03" },
        "east":  { "uv": [ 4.5, 0, 4, 1 ], "texture": "#Paracanthurus03" }
    }
},
{
    "__comment": "Chi02",
    "from": [ 2, 7, 6.875 ],
    "to": [ 7.5, 12, 6.9375 ],
    "rotation": { "origin": [ 2, 7, 6.875 ], "axis": "y", "angle": 22.5 },
    "faces": {
        "north": { "uv": [ 14, 0, 8.5, 6.5 ], "texture": "#Paracanthurus04" },
        "south": { "uv": [ 8.5, 0, 14, 6.5 ], "texture": "#Paracanthurus04" }
    }
},
{
    "__comment": "Chi02",
    "from": [ 2, 7, 9 ],
    "to": [ 7.5, 12, 9.0625 ],
    "rotation": { "origin": [ 2, 7, 9 ], "axis": "y", "angle": -22.5 },
    "faces": {
        "north": { "uv": [ 14, 0, 8.5, 6.5 ], "texture": "#Paracanthurus04" },
        "south": { "uv": [ 8.5, 0, 14, 6.5 ], "texture": "#Paracanthurus04" }
    }
},
{
    "__comment": "T1",
    "from": [ 10.5, 4, 7.125 ],
    "to": [ 13, 13, 8.925 ],
    "faces": {
        "down":  { "uv": [ 0, 14.5, 16, 16 ], "texture": "#Paracanthurus02" },
        "up":    { "uv": [ 0, 0, 16, 2 ], "texture": "#Paracanthurus02" },
        "north": { "uv": [ 4, 0, 0, 16 ], "texture": "#Paracanthurus02" },
        "south": { "uv": [ 0, 0, 4, 16 ], "texture": "#Paracanthurus02" },
        "west":  { "uv": [ 0, 0, 11, 16 ], "texture": "#Paracanthurus02" },
        "east":  { "uv": [ 0, 0, 10, 16 ], "texture": "#Paracanthurus02" }
    }
},
{
    "__comment": "T2",
    "from": [ 12, 5, 7.2 ],
    "to": [ 14.5, 12, 8.8 ],
    "faces": {
        "down":  { "uv": [ 0, 14.5, 16, 16 ], "texture": "#Paracanthurus02" },
        "up":    { "uv": [ 0, 0, 16, 2 ], "texture": "#Paracanthurus02" },
        "north": { "uv": [ 12, 0, 6, 16 ], "texture": "#Paracanthurus02" },
        "south": { "uv": [ 6, 0, 12, 16 ], "texture": "#Paracanthurus02" },
        "west":  { "uv": [ 0, 0, 16, 16 ], "texture": "#Paracanthurus02" },
        "east":  { "uv": [ 0, 0, 16, 16 ], "texture": "#Paracanthurus02" }
    }
},
{
    "__comment": "T3",
    "from": [ 14, 7, 7.3125 ],
    "to": [ 16, 11, 8.7125 ],
    "faces": {
        "down":  { "uv": [ 0, 14.5, 16, 16 ], "texture": "#Paracanthurus02" },
        "up":    { "uv": [ 0, 0, 16, 2 ], "texture": "#Paracanthurus02" },
        "north": { "uv": [ 16, 0, 12.5, 13.5 ], "texture": "#Paracanthurus02" },
        "south": { "uv": [ 12.5, 0, 16, 13.5 ], "texture": "#Paracanthurus02" },
        "west":  { "uv": [ 0, 0, 16, 16 ], "texture": "#Paracanthurus02" },
        "east":  { "uv": [ 14.5, 1, 16, 12.5 ], "texture": "#Paracanthurus02" }
    }
},
{
    "__comment": "T4",
    "from": [ 13, 4.5, 8 ],
    "to": [ 21, 13.5, 8.0625 ],
    "faces": {
        "north": { "uv": [ 12, 0, 0, 16 ], "texture": "#Paracanthurus05" },
        "south": { "uv": [ 0, 0, 12, 16 ], "texture": "#Paracanthurus05" }
    }
}
],
"display": {
    "thirdperson_righthand": {
        "rotation": [ 0, 0, 0 ],
        "translation": [ 0, 0, 0 ],
        "scale": [ 0.3575, 0.3575, 0.2475 ]
    },
    "thirdperson_lefthand": {
        "rotation": [ 0, 0, 0 ],
        "translation": [ 0, 0, 0 ],
        "scale": [ 0.3575, 0.3575, 0.2475 ]
    },
    "ground": {
        "rotation": [ 50, 0, 0 ],
        "translation": [ 0, 0, 0 ],
        "scale": [ 0.3575, 0.3575, 0.2475 ]
    },
    "fixed": {
        "rotation": [ 0, 180, 0 ],
        "translation": [ 0, 0, -1.5 ],
        "scale": [ 0.65, 0.65, 0.45 ]
    },
    "firstperson_righthand": {
        "rotation": [ 0, -51, 4 ],
        "translation": [ 1.12, 3.2, 1.12 ],
        "scale": [ 0.3575, 0.3575, 0.2475 ]
    },
    "firstperson_lefthand": {
        "rotation": [ 0, 119, 0 ],
        "translation": [ 1.12, 3.2, 1.12 ],
        "scale": [ 0.3575, 0.3575, 0.2475 ]
    },
    "gui": {
        "rotation": [ 30, 40, 0 ],
        "translation": [ 0, 0, 0 ],
        "scale": [ 0.65, 0.65, 0.45 ]
    }
}
}