{
"__comment": "Designed by S9855027 with BDcraft Cubik PRO 0.96 Beta - http://bdcraft.net",
"textures": {
    "particle": "mobs/Devil Piranha/Devil Piranha01",
    "texture": "mobs/Devil Piranha/Devil Piranha01",
    "Devil Piranha02": "mobs/Devil Piranha/Devil Piranha02",
    "Devil Piranha03": "mobs/Devil Piranha/Devil Piranha03"
},
"elements": [ 
{
    "from": [ -5.01256, 7, 4.9375 ],
    "to": [ 1.98744, 13.5, 10.9375 ],
    "rotation": { "origin": [ -5.01256, 13.5, 4.9375 ], "axis": "z", "angle": -22.5 },
    "faces": {
        "down":  { "uv": [ 16, 5, 12.5, 4 ], "texture": "#texture" },
        "up":    { "uv": [ 0, 4, 3.5, 5 ], "texture": "#texture" },
        "north": { "uv": [ 12.5, 3, 16, 6 ], "texture": "#texture" },
        "south": { "uv": [ 0, 3, 3.5, 6 ], "texture": "#texture" },
        "west":  { "uv": [ 4, 3, 5, 6 ], "texture": "#texture" },
        "east":  { "uv": [ 11, 3, 12, 6 ], "texture": "#texture" }
    }
},
{
    "from": [ -8.5, 2.5, 4.6875 ],
    "to": [ -0.5, 6.5, 11.1875 ],
    "faces": {
        "down":  { "uv": [ 16, 5, 13, 4 ], "texture": "#texture" },
        "up":    { "uv": [ 0, 4, 3, 5 ], "texture": "#texture" },
        "north": { "uv": [ 13, 6.5, 16, 9.5 ], "texture": "#texture" },
        "south": { "uv": [ 0, 6.5, 3, 9.5 ], "texture": "#texture" },
        "west":  { "uv": [ 4, 6.5, 5, 9.5 ], "texture": "#texture" },
        "east":  { "uv": [ 11, 6.5, 12, 9.5 ], "texture": "#texture" }
    }
},
{
    "from": [ -2.5, 3.5, 5.25 ],
    "to": [ 1.5, 11.5, 10.75 ],
    "faces": {
        "down":  { "uv": [ 16, 5, 16, 4 ], "texture": "#texture" },
        "up":    { "uv": [ 0, 4, 0, 5 ], "texture": "#texture" },
        "north": { "uv": [ 16, 0, 16, 1 ], "texture": "#texture" },
        "south": { "uv": [ 0, 0, 0, 1 ], "texture": "#texture" },
        "west":  { "uv": [ 4, 0, 5, 1 ], "texture": "#texture" },
        "east":  { "uv": [ 11, 0, 12, 1 ], "texture": "#texture" }
    }
},
{
    "from": [ 1.5, 2.5, 4.5 ],
    "to": [ 9.5, 12, 11.5 ],
    "faces": {
        "down":  { "uv": [ 0, 0, 16, 16 ], "texture": "#texture" },
        "up":    { "uv": [ 0, 0, 16, 16 ], "texture": "#texture" },
        "north": { "uv": [ 0, 0, 16, 16 ], "texture": "#texture" },
        "south": { "uv": [ 0, 0, 16, 16 ], "texture": "#texture" },
        "west":  { "uv": [ 0, 0, 16, 16 ], "texture": "#texture" },
        "east":  { "uv": [ 0, 0, 16, 16 ], "texture": "#texture" }
    }
},
{
    "from": [ 13, 5.5, 6.25 ],
    "to": [ 17, 9.5, 9.75 ],
    "faces": {
        "down":  { "uv": [ 0, 0, 16, 16 ], "texture": "#Devil Piranha02" },
        "up":    { "uv": [ 0, 0, 16, 16 ], "texture": "#Devil Piranha02" },
        "north": { "uv": [ 10, 0, 16, 13 ], "texture": "#Devil Piranha02" },
        "south": { "uv": [ 10, 0, 16, 13 ], "texture": "#Devil Piranha02" },
        "west":  { "uv": [ 0, 0, 16, 16 ], "texture": "#Devil Piranha02" },
        "east":  { "uv": [ 0, 0, 15.5, 16 ], "texture": "#Devil Piranha02" }
    }
},
{
    "from": [ 9.5, 3.5, 4.75 ],
    "to": [ 12, 11.5, 11.25 ],
    "faces": {
        "down":  { "uv": [ 0, 0, 16, 16 ], "texture": "#Devil Piranha02" },
        "up":    { "uv": [ 0, 0, 16, 16 ], "texture": "#Devil Piranha02" },
        "north": { "uv": [ 0, 0, 5, 15 ], "texture": "#Devil Piranha02" },
        "south": { "uv": [ 0, 0, 5, 15 ], "texture": "#Devil Piranha02" },
        "west":  { "uv": [ 0, 0, 16, 16 ], "texture": "#Devil Piranha02" },
        "east":  { "uv": [ 0, 0, 16, 16 ], "texture": "#Devil Piranha02" }
    }
},
{
    "from": [ 12, 4.5, 5.25 ],
    "to": [ 14.5, 10.5, 10.75 ],
    "faces": {
        "down":  { "uv": [ 0, 0, 16, 16 ], "texture": "#Devil Piranha02" },
        "up":    { "uv": [ 0, 0, 16, 16 ], "texture": "#Devil Piranha02" },
        "north": { "uv": [ 5, 0.5, 10, 14 ], "texture": "#Devil Piranha02" },
        "south": { "uv": [ 5, 0.5, 10, 14 ], "texture": "#Devil Piranha02" },
        "west":  { "uv": [ 0, 0, 16, 16 ], "texture": "#Devil Piranha02" },
        "east":  { "uv": [ 0, 0, 16, 16 ], "texture": "#Devil Piranha02" }
    }
},
{
    "from": [ 16, 2, 8 ],
    "to": [ 25, 13, 8.0625 ],
    "faces": {
        "north": { "uv": [ 0, 3, 0, 14 ], "texture": "#texture" },
        "south": { "uv": [ 16, 3, 16, 14 ], "texture": "#texture" }
    }
},
{
    "from": [ 0.5, 10.5, 8 ],
    "to": [ 11.5, 16, 8.0625 ],
    "faces": {
        "north": { "uv": [ 4.5, 0, 15.5, 5.5 ], "texture": "#Devil Piranha03" },
        "south": { "uv": [ 0.5, 0, 11.5, 5.5 ], "texture": "#Devil Piranha03" }
    }
},
{
    "from": [ 5.5, 0, 8 ],
    "to": [ 13, 5, 8.0625 ],
    "faces": {
        "north": { "uv": [ 3, 11, 10.5, 16 ], "texture": "#texture" },
        "south": { "uv": [ 5.5, 11, 13, 16 ], "texture": "#texture" }
    }
},
{
    "from": [ 1, 0.5, 8 ],
    "to": [ 4, 4, 8.0625 ],
    "faces": {
        "north": { "uv": [ 12, 12, 15, 15.5 ], "texture": "#texture" },
        "south": { "uv": [ 1, 12, 4, 15.5 ], "texture": "#texture" }
    }
},
{
    "from": [ -5, 9.5, 4.5 ],
    "to": [ -3.5, 11, 11.5 ],
    "faces": {
        "down":  { "uv": [ 16, 11.5, 16, 4.5 ], "texture": "#texture" },
        "up":    { "uv": [ 0, 4.5, 0, 11.5 ], "texture": "#texture" },
        "north": { "uv": [ 16, 5, 16, 6.5 ], "texture": "#texture" },
        "south": { "uv": [ 0, 5, 0, 6.5 ], "texture": "#texture" },
        "west":  { "uv": [ 4.5, 5, 11.5, 6.5 ], "texture": "#texture" },
        "east":  { "uv": [ 4.5, 5, 11.5, 6.5 ], "texture": "#texture" }
    }
},
{
    "from": [ 2, 4, 11.4375 ],
    "to": [ 7.5, 8, 11.5 ],
    "faces": {
        "north": { "uv": [ 8.5, 8, 14, 12 ], "texture": "#texture" },
        "south": { "uv": [ 2, 8, 7.5, 12 ], "texture": "#texture" }
    }
}
]
}