{
"__comment": "Designed by S9855027 with BDcraft Cubik PRO 0.96 Beta - http://bdcraft.net",
"textures": {
    "particle": "mobs/Puffer01",
    "texture": "mobs/Puffer01",
    "Puffer02": "mobs/Puffer02",
    "Puffer03": "mobs/Puffer03",
    "Puffer04": "mobs/Puffer04"
},
"elements": [ 
{
    "from": [ -0.5, 6.5, 6 ],
    "to": [ 3, 10.5, 10 ],
    "faces": {
        "down":  { "uv": [ 0, 0, 16, 16 ], "texture": "#Puffer02" },
        "up":    { "uv": [ 0, 0, 16, 16 ], "texture": "#Puffer03" },
        "north": { "uv": [ 1.5, 0, 14, 16 ], "texture": "#texture" },
        "south": { "uv": [ 1.5, 0, 14, 16 ], "texture": "#texture" },
        "west":  { "uv": [ 2.5, 0, 13.5, 16 ], "texture": "#texture" },
        "east":  { "uv": [ 2.5, 0, 13.5, 16 ], "texture": "#texture" }
    }
},
{
    "from": [ 3, 6, 5.5 ],
    "to": [ 11, 11, 10.5 ],
    "faces": {
        "down":  { "uv": [ 0, 0, 16, 16 ], "texture": "#Puffer02" },
        "up":    { "uv": [ 0, 0, 16, 16 ], "texture": "#Puffer03" },
        "north": { "uv": [ 0, 0, 16, 16 ], "texture": "#texture" },
        "south": { "uv": [ 0, 0, 16, 16 ], "texture": "#texture" },
        "west":  { "uv": [ 0, 0, 16, 16 ], "texture": "#texture" },
        "east":  { "uv": [ 0, 0, 16, 16 ], "texture": "#texture" }
    }
},
{
    "from": [ 9, 7.75, 7.25 ],
    "to": [ 12, 9.25, 8.75 ],
    "faces": {
        "down":  { "uv": [ 0, 0, 16, 16 ], "texture": "#Puffer02" },
        "up":    { "uv": [ 1.5, 2.5, 13, 13.5 ], "texture": "#Puffer03" },
        "north": { "uv": [ 2, 0, 10.5, 12.5 ], "texture": "#texture" },
        "south": { "uv": [ 2, 0, 10.5, 12.5 ], "texture": "#texture" },
        "west":  { "uv": [ 11.5, 0, 16, 13.5 ], "texture": "#texture" },
        "east":  { "uv": [ 5.5, 0, 16, 13.5 ], "texture": "#texture" }
    }
},
{
    "from": [ 13.5, 5, 7 ],
    "to": [ 17.5, 12.5, 7.0625 ],
    "rotation": { "origin": [ 13.5, 5, 7 ], "axis": "y", "angle": 45 },
    "faces": {
        "north": { "uv": [ 8.5, 7.5, 1.5, 16 ], "texture": "#Puffer04" },
        "south": { "uv": [ 1.5, 7, 8.5, 16 ], "texture": "#Puffer04" }
    }
},
{
    "from": [ 11, 6, 8 ],
    "to": [ 12.5, 7.5, 8.0625 ],
    "rotation": { "origin": [ 11, 6, 8 ], "axis": "y", "angle": 22.5 },
    "faces": {
        "north": { "uv": [ 10, 4, 7.5, 6.5 ], "texture": "#Puffer04" },
        "south": { "uv": [ 7.5, 4, 10, 6.5 ], "texture": "#Puffer04" }
    }
},
{
    "from": [ 11, 9.5, 8 ],
    "to": [ 13.5, 10.5, 8.0625 ],
    "rotation": { "origin": [ 11, 9.5, 8 ], "axis": "y", "angle": 22.5 },
    "faces": {
        "north": { "uv": [ 14.5, 0, 7.5, 3 ], "texture": "#Puffer04" },
        "south": { "uv": [ 7.5, 0, 14.5, 3 ], "texture": "#Puffer04" }
    }
},
{
    "from": [ 4, 5.5, 5.5 ],
    "to": [ 6.5, 8.5, 5.5625 ],
    "rotation": { "origin": [ 4, 5.5, 5.5 ], "axis": "y", "angle": 22.5 },
    "faces": {
        "north": { "uv": [ 0, 0, 4, 6 ], "texture": "#Puffer04" },
        "south": { "uv": [ 4, 0, 0, 6 ], "texture": "#Puffer04" }
    }
},
{
    "from": [ 4, 5.5, 10.5 ],
    "to": [ 6.5, 8.5, 10.5625 ],
    "rotation": { "origin": [ 4, 5.5, 10.5 ], "axis": "y", "angle": -22.5 },
    "faces": {
        "north": { "uv": [ 4, 0, 0, 6 ], "texture": "#Puffer04" },
        "south": { "uv": [ 0, 0, 4, 6 ], "texture": "#Puffer04" }
    }
},
{
    "from": [ -1, 6.5, 6.5 ],
    "to": [ 0, 7.5, 9.5 ],
    "rotation": { "origin": [ -1, 7.5, 6.5 ], "axis": "z", "angle": 45 },
    "faces": {
        "down":  { "uv": [ 5, 12.5, 10.5, 16 ], "texture": "#texture" },
        "up":    { "uv": [ 4.5, 12, 10, 16 ], "texture": "#texture" },
        "north": { "uv": [ 4.5, 13, 11.5, 16 ], "texture": "#texture" },
        "south": { "uv": [ 4, 12.5, 13, 16 ], "texture": "#texture" },
        "west":  { "uv": [ 4, 12.5, 12, 16 ], "texture": "#texture" },
        "east":  { "uv": [ 4.5, 12, 10.5, 16 ], "texture": "#texture" }
    }
},
{
    "from": [ 0, 9.25, 5.5 ],
    "to": [ 1.5, 10.75, 6.5 ],
    "faces": {
        "down":  { "uv": [ 13, 13, 12, 12 ], "texture": "#Puffer04" },
        "up":    { "uv": [ 12, 12, 13, 13 ], "texture": "#Puffer04" },
        "north": { "uv": [ 12, 12, 14.5, 16 ], "texture": "#Puffer04" },
        "south": { "uv": [ 13.5, 12, 16, 16 ], "texture": "#Puffer04" },
        "west":  { "uv": [ 14.5, 12, 16, 16 ], "texture": "#Puffer04" },
        "east":  { "uv": [ 15, 12, 16, 13 ], "texture": "#Puffer04" }
    }
},
{
    "from": [ 0, 9.25, 9.5 ],
    "to": [ 1.5, 10.75, 10.5 ],
    "faces": {
        "down":  { "uv": [ 13, 13, 12, 12 ], "texture": "#Puffer04" },
        "up":    { "uv": [ 12, 12, 13, 13 ], "texture": "#Puffer04" },
        "north": { "uv": [ 12, 12, 14.5, 16 ], "texture": "#Puffer04" },
        "south": { "uv": [ 13.5, 12, 16, 16 ], "texture": "#Puffer04" },
        "west":  { "uv": [ 12, 12, 13.5, 16 ], "texture": "#Puffer04" },
        "east":  { "uv": [ 15, 12, 16, 13 ], "texture": "#Puffer04" }
    }
},
{
    "from": [ 11, 7.5, 7 ],
    "to": [ 14, 9.5, 9 ],
    "rotation": { "origin": [ 11, 7.5, 7 ], "axis": "y", "angle": 22.5 },
    "faces": {
        "down":  { "uv": [ 0, 0, 16, 16 ], "texture": "#Puffer02" },
        "up":    { "uv": [ 1.5, 2.5, 13, 13.5 ], "texture": "#Puffer03" },
        "north": { "uv": [ 0, 0, 8.5, 12.5 ], "texture": "#texture" },
        "south": { "uv": [ 0, 0, 8.5, 12.5 ], "texture": "#texture" },
        "west":  { "uv": [ 11.5, 0, 16, 13.5 ], "texture": "#texture" },
        "east":  { "uv": [ 5.5, 0, 16, 13.5 ], "texture": "#texture" }
    }
}
],
"display": {
    "thirdperson_righthand": {
        "rotation": [ 68, -91, 40 ],
        "translation": [ -6.05, -20, 0],
        "scale": [ 1, 1, 1]
    },
    "thirdperson_lefthand": {
        "rotation": [ 68, 91, -40 ],
        "translation": [ -6.05, -24, -4 ],
        "scale": [ 1, 1, 1 ]
    }
}
}