{
"__comment": "Designed by S9855027 with BDcraft Cubik PRO 0.96 Beta - http://bdcraft.net",
"textures": {
    "texture": "mobs/salmon_head",
    "body01": "mobs/salmon_body01",
    "body03": "mobs/salmon_body03",
    "body02": "mobs/salmon_body02",
    "body04": "mobs/salmon_body04",
    "body05": "mobs/salmon_body05"
},
"elements": [ 
{
    "from": [ -15, 8, 6.25 ],
    "to": [ -14.5, 9.5, 9.25 ],
    "faces": {
        "down":  { "uv": [ 4, 8.5, 4.5, 9 ], "texture": "#texture" },
        "up":    { "uv": [ 4, 7.5, 4.5, 8 ], "texture": "#texture" },
        "north": { "uv": [ 4.5, 7.5, 4, 9 ], "texture": "#texture" },
        "south": { "uv": [ 4, 7.5, 4.5, 9 ], "texture": "#texture" },
        "west":  { "uv": [ 4.5, 8, 5.5, 9.5 ], "texture": "#texture" },
        "east":  { "uv": [ 4.5, 8, 5.5, 9.5 ], "texture": "#texture" }
    }
},
{
    "from": [ -14.5, 10.5, 6.25 ],
    "to": [ -7.5, 12.5, 9.25 ],
    "faces": {
        "down":  { "uv": [ 4.5, 4.5, 11.5, 5.5 ], "texture": "#texture" },
        "up":    { "uv": [ 4.5, 4.5, 11.5, 6 ], "texture": "#texture" },
        "north": { "uv": [ 11.5, 4.5, 4.5, 6.5 ], "texture": "#texture" },
        "south": { "uv": [ 4.5, 4.5, 11.5, 6.5 ], "texture": "#texture" },
        "west":  { "uv": [ 4.5, 4.5, 9, 5.5 ], "texture": "#texture" },
        "east":  { "uv": [ 12, 14.5, 14.5, 16 ], "texture": "#texture" }
    }
},
{
    "from": [ -8.5, 5, 6 ],
    "to": [ -7, 5.5, 9.5 ],
    "faces": {
        "down":  { "uv": [ 1, 5, 2, 4.5 ], "texture": "#body01" },
        "up":    { "uv": [ 1, 4.5, 2, 5 ], "texture": "#body01" },
        "north": { "uv": [ 1.5, 12, 0, 12.5 ], "texture": "#body01" },
        "south": { "uv": [ 0, 12, 1.5, 12.5 ], "texture": "#body01" },
        "west":  { "uv": [ 1, 4.5, 2, 5 ], "texture": "#body01" },
        "east":  { "uv": [ 1.5, 4.5, 1, 5 ], "texture": "#body01" }
    }
},
{
    "from": [ -16, 11, 6.25 ],
    "to": [ -14.5, 12, 9.25 ],
    "faces": {
        "down":  { "uv": [ 3, 5, 4.5, 6 ], "texture": "#texture" },
        "up":    { "uv": [ 3, 5, 4.5, 6 ], "texture": "#texture" },
        "north": { "uv": [ 3, 5, 4.5, 6 ], "texture": "#texture" },
        "south": { "uv": [ 3, 5, 4.5, 6 ], "texture": "#texture" },
        "west":  { "uv": [ 3, 5, 4.5, 6 ], "texture": "#texture" },
        "east":  { "uv": [ 3, 5, 4.5, 6 ], "texture": "#texture" }
    }
},
{
    "from": [ -14, 10, 6.25 ],
    "to": [ -7.5, 10.5, 9.25 ],
    "faces": {
        "down":  { "uv": [ 5, 5, 6.5, 6 ], "texture": "#texture" },
        "up":    { "uv": [ 4.5, 5.5, 6, 6.5 ], "texture": "#texture" },
        "north": { "uv": [ 11.5, 6.5, 5, 7 ], "texture": "#texture" },
        "south": { "uv": [ 5, 6.5, 11.5, 7 ], "texture": "#texture" },
        "west":  { "uv": [ 4.5, 5, 6, 6 ], "texture": "#texture" },
        "east":  { "uv": [ 4.5, 4.5, 6, 5.5 ], "texture": "#texture" }
    }
},
{
    "from": [ -13.5, 9.5, 6.25 ],
    "to": [ -7.5, 10, 9.25 ],
    "faces": {
        "down":  { "uv": [ 5, 5, 6.5, 6 ], "texture": "#texture" },
        "up":    { "uv": [ 4.5, 5.5, 6, 6.5 ], "texture": "#texture" },
        "north": { "uv": [ 11.5, 7, 5.5, 7.5 ], "texture": "#texture" },
        "south": { "uv": [ 5.5, 7, 11.5, 7.5 ], "texture": "#texture" },
        "west":  { "uv": [ 4.5, 5, 6, 6 ], "texture": "#texture" },
        "east":  { "uv": [ 4.5, 4.5, 6, 5.5 ], "texture": "#texture" }
    }
},
{
    "from": [ -13, 9, 6.25 ],
    "to": [ -7.5, 9.5, 9.25 ],
    "faces": {
        "down":  { "uv": [ 5, 5, 6.5, 6 ], "texture": "#texture" },
        "up":    { "uv": [ 4.5, 5.5, 6, 6.5 ], "texture": "#texture" },
        "north": { "uv": [ 11.5, 7.5, 6, 8 ], "texture": "#texture" },
        "south": { "uv": [ 6, 7.5, 11.5, 8 ], "texture": "#texture" },
        "west":  { "uv": [ 4.5, 5, 6, 6 ], "texture": "#texture" },
        "east":  { "uv": [ 4.5, 4.5, 6, 5.5 ], "texture": "#texture" }
    }
},
{
    "from": [ -12.5, 8.5, 6.25 ],
    "to": [ -7.5, 9, 9.25 ],
    "faces": {
        "down":  { "uv": [ 5, 5, 6.5, 6 ], "texture": "#texture" },
        "up":    { "uv": [ 4.5, 5.5, 6, 6.5 ], "texture": "#texture" },
        "north": { "uv": [ 11.5, 8, 6.5, 8.5 ], "texture": "#texture" },
        "south": { "uv": [ 6.5, 8, 11.5, 8.5 ], "texture": "#texture" },
        "west":  { "uv": [ 4.5, 5, 6, 6 ], "texture": "#texture" },
        "east":  { "uv": [ 4.5, 4.5, 6, 5.5 ], "texture": "#texture" }
    }
},
{
    "from": [ -10, 5.5, 6.25 ],
    "to": [ -7, 6, 9.25 ],
    "faces": {
        "down":  { "uv": [ 5.5, 9.5, 6.5, 10 ], "texture": "#texture" },
        "up":    { "uv": [ 4.5, 9, 5.5, 9.5 ], "texture": "#texture" },
        "north": { "uv": [ 12, 11, 9, 11.5 ], "texture": "#texture" },
        "south": { "uv": [ 9, 11, 12, 11.5 ], "texture": "#texture" },
        "west":  { "uv": [ 5.5, 9.5, 7, 10 ], "texture": "#texture" },
        "east":  { "uv": [ 10.5, 7.5, 13, 8.5 ], "texture": "#texture" }
    }
},
{
    "from": [ -14.5, 7.5, 6.25 ],
    "to": [ -13.5, 9, 9.25 ],
    "faces": {
        "down":  { "uv": [ 4.5, 9, 5.5, 9.5 ], "texture": "#texture" },
        "up":    { "uv": [ 4.5, 8, 5.5, 8.5 ], "texture": "#texture" },
        "north": { "uv": [ 5.5, 8, 4.5, 9.5 ], "texture": "#texture" },
        "south": { "uv": [ 4.5, 8, 5.5, 9.5 ], "texture": "#texture" },
        "west":  { "uv": [ 4.5, 8, 5.5, 9.5 ], "texture": "#texture" },
        "east":  { "uv": [ 4.5, 8, 5.5, 9.5 ], "texture": "#texture" }
    }
},
{
    "from": [ -16, 8.5, 6.25 ],
    "to": [ -15.5, 10, 9.25 ],
    "faces": {
        "down":  { "uv": [ 3.5, 8.5, 4, 9 ], "texture": "#texture" },
        "up":    { "uv": [ 3.5, 7, 4, 7.5 ], "texture": "#texture" },
        "north": { "uv": [ 3.5, 7, 3, 8.5 ], "texture": "#texture" },
        "south": { "uv": [ 3, 7, 3.5, 8.5 ], "texture": "#texture" },
        "west":  { "uv": [ 3, 7, 4, 8.5 ], "texture": "#texture" },
        "east":  { "uv": [ 3, 7, 4, 8.5 ], "texture": "#texture" }
    }
},
{
    "from": [ -15.5, 8, 6.25 ],
    "to": [ -15, 10, 9.25 ],
    "faces": {
        "down":  { "uv": [ 3.5, 8.5, 4, 9 ], "texture": "#texture" },
        "up":    { "uv": [ 3.5, 7, 4, 7.5 ], "texture": "#texture" },
        "north": { "uv": [ 4, 7, 3.5, 9 ], "texture": "#texture" },
        "south": { "uv": [ 3.5, 7, 4, 9 ], "texture": "#texture" },
        "west":  { "uv": [ 3, 7, 4, 8.5 ], "texture": "#texture" },
        "east":  { "uv": [ 3, 7, 4, 8.5 ], "texture": "#texture" }
    }
},
{
    "from": [ -13.5, 7, 6.25 ],
    "to": [ -7.5, 8.5, 9.25 ],
    "faces": {
        "down":  { "uv": [ 5.5, 8.5, 7, 9.5 ], "texture": "#texture" },
        "up":    { "uv": [ 5.5, 8.5, 7, 9.5 ], "texture": "#texture" },
        "north": { "uv": [ 11.5, 8.5, 5.5, 10 ], "texture": "#texture" },
        "south": { "uv": [ 5.5, 8.5, 11.5, 10 ], "texture": "#texture" },
        "west":  { "uv": [ 5.5, 8.5, 7, 9.5 ], "texture": "#texture" },
        "east":  { "uv": [ 5.5, 8.5, 7, 9.5 ], "texture": "#texture" }
    }
},
{
    "from": [ -12, 6.5, 6.25 ],
    "to": [ -6, 7, 9.25 ],
    "faces": {
        "down":  { "uv": [ 7, 10, 13, 10.5 ], "texture": "#texture" },
        "up":    { "uv": [ 7, 10, 13, 10.5 ], "texture": "#texture" },
        "north": { "uv": [ 13, 10, 7, 10.5 ], "texture": "#texture" },
        "south": { "uv": [ 7, 10, 13, 10.5 ], "texture": "#texture" },
        "west":  { "uv": [ 7, 10, 10.5, 10.5 ], "texture": "#texture" },
        "east":  { "uv": [ 7, 10, 13, 10.5 ], "texture": "#texture" }
    }
},
{
    "from": [ -11.5, 6, 6.25 ],
    "to": [ -7, 6.5, 9.25 ],
    "faces": {
        "down":  { "uv": [ 7, 10, 13, 10.5 ], "texture": "#texture" },
        "up":    { "uv": [ 7, 10, 13, 10.5 ], "texture": "#texture" },
        "north": { "uv": [ 12, 10.5, 7.5, 11 ], "texture": "#texture" },
        "south": { "uv": [ 7.5, 10.5, 12, 11 ], "texture": "#texture" },
        "west":  { "uv": [ 7, 10, 10.5, 10.5 ], "texture": "#texture" },
        "east":  { "uv": [ 7, 10, 13, 10.5 ], "texture": "#texture" }
    }
},
{
    "from": [ -6, 7.5, 6.25 ],
    "to": [ -5.5, 9.5, 9.25 ],
    "faces": {
        "down":  { "uv": [ 11.5, 6, 12.5, 7 ], "texture": "#texture" },
        "up":    { "uv": [ 11.5, 6, 12.5, 7 ], "texture": "#texture" },
        "north": { "uv": [ 13.5, 7.5, 13, 9.5 ], "texture": "#texture" },
        "south": { "uv": [ 13, 7.5, 13.5, 9.5 ], "texture": "#texture" },
        "west":  { "uv": [ 10.5, 6, 12.5, 6.5 ], "texture": "#texture" },
        "east":  { "uv": [ 10.5, 6, 12.5, 6.5 ], "texture": "#texture" }
    }
},
{
    "from": [ -7.5, 7, 6.25 ],
    "to": [ -6.5, 11, 9.25 ],
    "faces": {
        "down":  { "uv": [ 11.5, 6, 12.5, 7 ], "texture": "#texture" },
        "up":    { "uv": [ 11.5, 6, 12.5, 7 ], "texture": "#texture" },
        "north": { "uv": [ 12.5, 6, 11.5, 10 ], "texture": "#texture" },
        "south": { "uv": [ 11.5, 6, 12.5, 10 ], "texture": "#texture" },
        "west":  { "uv": [ 10.5, 6, 12.5, 6.5 ], "texture": "#texture" },
        "east":  { "uv": [ 10.5, 6, 12.5, 6.5 ], "texture": "#texture" }
    }
},
{
    "from": [ -6.5, 7, 6.25 ],
    "to": [ -6, 10.5, 9.25 ],
    "faces": {
        "down":  { "uv": [ 11.5, 6, 12.5, 7 ], "texture": "#texture" },
        "up":    { "uv": [ 11.5, 6, 12.5, 7 ], "texture": "#texture" },
        "north": { "uv": [ 13, 6.5, 12.5, 10 ], "texture": "#texture" },
        "south": { "uv": [ 12.5, 6.5, 13, 10 ], "texture": "#texture" },
        "west":  { "uv": [ 10.5, 6, 12.5, 6.5 ], "texture": "#texture" },
        "east":  { "uv": [ 10.5, 6, 12.5, 6.5 ], "texture": "#texture" }
    }
},
{
    "from": [ -8.5, 12.5, 6.25 ],
    "to": [ -7.5, 13, 9.25 ],
    "faces": {
        "down":  { "uv": [ 10.5, 4.5, 11.5, 4 ], "texture": "#texture" },
        "up":    { "uv": [ 10.5, 4, 11.5, 4.5 ], "texture": "#texture" },
        "north": { "uv": [ 10.5, 4, 11.5, 4.5 ], "texture": "#texture" },
        "south": { "uv": [ 10.5, 4.5, 11.5, 4 ], "texture": "#texture" },
        "west":  { "uv": [ 10.5, 4, 11, 4.5 ], "texture": "#texture" },
        "east":  { "uv": [ 11.5, 4, 11, 4.5 ], "texture": "#texture" }
    }
},
{
    "from": [ -6, 6.5, 6 ],
    "to": [ -5, 7.5, 9.5 ],
    "faces": {
        "down":  { "uv": [ 1, 5, 2, 4.5 ], "texture": "#body01" },
        "up":    { "uv": [ 1, 4.5, 2, 5 ], "texture": "#body01" },
        "north": { "uv": [ 3, 10, 2, 11 ], "texture": "#body01" },
        "south": { "uv": [ 2, 10, 3, 11 ], "texture": "#body01" },
        "west":  { "uv": [ 1, 4.5, 2, 5 ], "texture": "#body01" },
        "east":  { "uv": [ 1.5, 4.5, 1, 5 ], "texture": "#body01" }
    }
},
{
    "from": [ -5.5, 4.5, 5.875 ],
    "to": [ -3.5, 6.5, 9.875 ],
    "faces": {
        "down":  { "uv": [ 1, 5, 2, 4.5 ], "texture": "#body01" },
        "up":    { "uv": [ 1, 4.5, 2, 5 ], "texture": "#body01" },
        "north": { "uv": [ 5, 11, 3, 13 ], "texture": "#body01" },
        "south": { "uv": [ 3, 11, 5, 13 ], "texture": "#body01" },
        "west":  { "uv": [ 1, 4.5, 2, 5 ], "texture": "#body01" },
        "east":  { "uv": [ 1.5, 4.5, 1, 5 ], "texture": "#body01" }
    }
},
{
    "from": [ -7, 5, 6 ],
    "to": [ -5.5, 6.5, 9.5 ],
    "faces": {
        "down":  { "uv": [ 1, 5, 2, 4.5 ], "texture": "#body01" },
        "up":    { "uv": [ 1, 4.5, 2, 5 ], "texture": "#body01" },
        "north": { "uv": [ 3, 11, 1.5, 12.5 ], "texture": "#body01" },
        "south": { "uv": [ 1.5, 11, 3, 12.5 ], "texture": "#body01" },
        "west":  { "uv": [ 1, 4.5, 2, 5 ], "texture": "#body01" },
        "east":  { "uv": [ 1.5, 4.5, 1, 5 ], "texture": "#body01" }
    }
},
{
    "from": [ -6, 9.5, 6 ],
    "to": [ -5.5, 10.5, 9.5 ],
    "faces": {
        "down":  { "uv": [ 1, 5, 2, 4.5 ], "texture": "#body01" },
        "up":    { "uv": [ 1, 4.5, 2, 5 ], "texture": "#body01" },
        "north": { "uv": [ 3, 7, 2.5, 10 ], "texture": "#body01" },
        "south": { "uv": [ 2.5, 7, 3, 10 ], "texture": "#body01" },
        "west":  { "uv": [ 1, 4.5, 2, 5 ], "texture": "#body01" },
        "east":  { "uv": [ 1.5, 4.5, 1, 5 ], "texture": "#body01" }
    }
},
{
    "from": [ -5.5, 7.5, 6 ],
    "to": [ -5, 10, 9.5 ],
    "faces": {
        "down":  { "uv": [ 1, 5, 2, 4.5 ], "texture": "#body01" },
        "up":    { "uv": [ 1, 4.5, 2, 5 ], "texture": "#body01" },
        "north": { "uv": [ 3, 7, 2.5, 10 ], "texture": "#body01" },
        "south": { "uv": [ 2.5, 7, 3, 10 ], "texture": "#body01" },
        "west":  { "uv": [ 1, 4.5, 2, 5 ], "texture": "#body01" },
        "east":  { "uv": [ 1.5, 4.5, 1, 5 ], "texture": "#body01" }
    }
},
{
    "from": [ -6.5, 10.5, 6 ],
    "to": [ -5.5, 11, 9.5 ],
    "faces": {
        "down":  { "uv": [ 1, 5, 2, 4.5 ], "texture": "#body01" },
        "up":    { "uv": [ 1, 4.5, 2, 5 ], "texture": "#body01" },
        "north": { "uv": [ 2.5, 6.5, 2, 7 ], "texture": "#body01" },
        "south": { "uv": [ 2, 6.5, 2.5, 7 ], "texture": "#body01" },
        "west":  { "uv": [ 1, 4.5, 2, 5 ], "texture": "#body01" },
        "east":  { "uv": [ 1.5, 4.5, 1, 5 ], "texture": "#body01" }
    }
},
{
    "from": [ -7.5, 11, 6 ],
    "to": [ -6.5, 13, 9.5 ],
    "faces": {
        "down":  { "uv": [ 1, 5, 2, 4.5 ], "texture": "#body01" },
        "up":    { "uv": [ 1, 4.5, 2, 5 ], "texture": "#body01" },
        "north": { "uv": [ 2, 4.5, 1, 6.5 ], "texture": "#body01" },
        "south": { "uv": [ 1, 4.5, 2, 6.5 ], "texture": "#body01" },
        "west":  { "uv": [ 1, 4.5, 2, 5 ], "texture": "#body01" },
        "east":  { "uv": [ 1.5, 4.5, 1, 5 ], "texture": "#body01" }
    }
},
{
    "from": [ -6.5, 11, 5.875 ],
    "to": [ -5.5, 13.5, 9.875 ],
    "faces": {
        "down":  { "uv": [ 1, 5, 2, 4.5 ], "texture": "#body01" },
        "up":    { "uv": [ 1, 4.5, 2, 5 ], "texture": "#body01" },
        "north": { "uv": [ 3, 4, 2, 6.5 ], "texture": "#body01" },
        "south": { "uv": [ 2, 4, 3, 6.5 ], "texture": "#body01" },
        "west":  { "uv": [ 1, 4.5, 2, 5 ], "texture": "#body01" },
        "east":  { "uv": [ 1.5, 4.5, 1, 5 ], "texture": "#body01" }
    }
},
{
    "from": [ -5.5, 10, 5.875 ],
    "to": [ -4.5, 14, 9.875 ],
    "faces": {
        "down":  { "uv": [ 1, 5, 2, 4.5 ], "texture": "#body01" },
        "up":    { "uv": [ 1, 4.5, 2, 5 ], "texture": "#body01" },
        "north": { "uv": [ 4, 3.5, 3, 7.5 ], "texture": "#body01" },
        "south": { "uv": [ 3, 3.5, 4, 7.5 ], "texture": "#body01" },
        "west":  { "uv": [ 1, 4.5, 2, 5 ], "texture": "#body01" },
        "east":  { "uv": [ 1.5, 4.5, 1, 5 ], "texture": "#body01" }
    }
},
{
    "from": [ -4.5, 10, 5.875 ],
    "to": [ -3, 14.5, 9.875 ],
    "faces": {
        "down":  { "uv": [ 1, 5, 2, 4.5 ], "texture": "#body01" },
        "up":    { "uv": [ 1, 4.5, 2, 5 ], "texture": "#body01" },
        "north": { "uv": [ 5.5, 3, 4, 7.5 ], "texture": "#body01" },
        "south": { "uv": [ 4, 3, 5.5, 7.5 ], "texture": "#body01" },
        "west":  { "uv": [ 3, 3.5, 3.5, 8.5 ], "texture": "#body01" },
        "east":  { "uv": [ 3.5, 3.5, 3, 7.5 ], "texture": "#body01" }
    }
},
{
    "from": [ -3, 10, 5.875 ],
    "to": [ -1.5, 15, 9.875 ],
    "faces": {
        "down":  { "uv": [ 1, 5, 2, 4.5 ], "texture": "#body01" },
        "up":    { "uv": [ 1, 4.5, 2, 5 ], "texture": "#body01" },
        "north": { "uv": [ 7, 2.5, 5.5, 7.5 ], "texture": "#body01" },
        "south": { "uv": [ 5.5, 2.5, 7, 7.5 ], "texture": "#body01" },
        "west":  { "uv": [ 1, 4.5, 2, 5 ], "texture": "#body01" },
        "east":  { "uv": [ 1.5, 4.5, 1, 5 ], "texture": "#body01" }
    }
},
{
    "from": [ -5, 6.5, 5.875 ],
    "to": [ -1.5, 10, 9.875 ],
    "faces": {
        "down":  { "uv": [ 1, 5, 2, 4.5 ], "texture": "#body01" },
        "up":    { "uv": [ 1, 4.5, 2, 5 ], "texture": "#body01" },
        "north": { "uv": [ 7, 7.5, 3.5, 11 ], "texture": "#body01" },
        "south": { "uv": [ 3.5, 7.5, 7, 11 ], "texture": "#body01" },
        "west":  { "uv": [ 1, 4.5, 2, 5 ], "texture": "#body01" },
        "east":  { "uv": [ 1.5, 4.5, 1, 5 ], "texture": "#body01" }
    }
},
{
    "__comment": "01",
    "from": [ 15, 4.5, 5.125 ],
    "to": [ 16, 14, 9.125 ],
    "faces": {
        "down":  { "uv": [ 4, 2.5, 7, 13 ], "rotation": 270, "texture": "#body03" },
        "up":    { "uv": [ 4, 2.5, 7, 13 ], "rotation": 180, "texture": "#body03" },
        "north": { "uv": [ 9.5, 3.5, 8.5, 13 ], "texture": "#body03" },
        "south": { "uv": [ 8.5, 3.5, 9.5, 13 ], "texture": "#body03" },
        "west":  { "uv": [ 4, 2.5, 7, 13 ], "texture": "#body03" },
        "east":  { "uv": [ 4, 2.5, 7, 13 ], "texture": "#body03" }
    }
},
{
    "from": [ -3.5, 4, 5.875 ],
    "to": [ -1.5, 6.5, 9.875 ],
    "faces": {
        "down":  { "uv": [ 1, 5, 2, 4.5 ], "texture": "#body01" },
        "up":    { "uv": [ 1, 4.5, 2, 5 ], "texture": "#body01" },
        "north": { "uv": [ 7, 11, 5, 13.5 ], "texture": "#body01" },
        "south": { "uv": [ 5, 11, 7, 13.5 ], "texture": "#body01" },
        "west":  { "uv": [ 1, 4.5, 2, 5 ], "texture": "#body01" },
        "east":  { "uv": [ 1.5, 4.5, 1, 5 ], "texture": "#body01" }
    }
},
{
    "from": [ -1.5, 4, 5.375 ],
    "to": [ 9.5, 15.5, 10.375 ],
    "faces": {
        "down":  { "uv": [ 2.5, 2.5, 13.5, 14 ], "rotation": 270, "texture": "#body02" },
        "up":    { "uv": [ 2.5, 2.5, 13.5, 14 ], "rotation": 180, "texture": "#body02" },
        "north": { "uv": [ 13.5, 2.5, 2.5, 14 ], "texture": "#body02" },
        "south": { "uv": [ 2.5, 2.5, 13.5, 14 ], "texture": "#body02" },
        "west":  { "uv": [ 2.5, 2.5, 13.5, 14 ], "texture": "#body02" },
        "east":  { "uv": [ 2.5, 2.5, 13.5, 14 ], "texture": "#body02" }
    }
},
{
    "__comment": "01",
    "from": [ 9.5, 4.5, 5.125 ],
    "to": [ 12.5, 15, 9.125 ],
    "faces": {
        "down":  { "uv": [ 4, 2.5, 7, 13 ], "rotation": 270, "texture": "#body03" },
        "up":    { "uv": [ 4, 2.5, 7, 13 ], "rotation": 180, "texture": "#body03" },
        "north": { "uv": [ 7, 2.5, 4, 13 ], "texture": "#body03" },
        "south": { "uv": [ 4, 2.5, 7, 13 ], "texture": "#body03" },
        "west":  { "uv": [ 4, 2.5, 7, 13 ], "texture": "#body03" },
        "east":  { "uv": [ 4, 2.5, 7, 13 ], "texture": "#body03" }
    }
},
{
    "__comment": "01",
    "from": [ 14, 4.5, 5.125 ],
    "to": [ 15, 14, 9.125 ],
    "faces": {
        "down":  { "uv": [ 4, 2.5, 7, 13 ], "rotation": 270, "texture": "#body03" },
        "up":    { "uv": [ 4, 2.5, 7, 13 ], "rotation": 180, "texture": "#body03" },
        "north": { "uv": [ 9.5, 3.5, 8.5, 13 ], "texture": "#body03" },
        "south": { "uv": [ 8.5, 3.5, 9.5, 13 ], "texture": "#body03" },
        "west":  { "uv": [ 4, 2.5, 7, 13 ], "texture": "#body03" },
        "east":  { "uv": [ 4, 2.5, 7, 13 ], "texture": "#body03" }
    }
},
{
    "__comment": "02",
    "from": [ 16, 5, 5.875 ],
    "to": [ 17, 14, 8.875 ],
    "faces": {
        "down":  { "uv": [ 4, 2.5, 7, 13 ], "rotation": 270, "texture": "#body03" },
        "up":    { "uv": [ 4, 2.5, 7, 13 ], "rotation": 180, "texture": "#body03" },
        "north": { "uv": [ 10.5, 3.5, 9.5, 12.5 ], "texture": "#body03" },
        "south": { "uv": [ 9.5, 3.5, 10.5, 12.5 ], "texture": "#body03" },
        "west":  { "uv": [ 4, 2.5, 7, 13 ], "texture": "#body03" },
        "east":  { "uv": [ 4, 2.5, 7, 13 ], "texture": "#body03" }
    }
},
{
    "__comment": "01",
    "from": [ 12.5, 4.5, 5.125 ],
    "to": [ 14, 14.5, 9.125 ],
    "faces": {
        "down":  { "uv": [ 4, 2.5, 7, 13 ], "rotation": 270, "texture": "#body03" },
        "up":    { "uv": [ 4, 2.5, 7, 13 ], "rotation": 180, "texture": "#body03" },
        "north": { "uv": [ 8.5, 3, 7, 13 ], "texture": "#body03" },
        "south": { "uv": [ 7, 3, 8.5, 13 ], "texture": "#body03" },
        "west":  { "uv": [ 4, 2.5, 7, 13 ], "texture": "#body03" },
        "east":  { "uv": [ 4, 2.5, 7, 13 ], "texture": "#body03" }
    }
},
{
    "__comment": "02",
    "from": [ 19, 6, 5.9125 ],
    "to": [ 20, 13.5, 8.9125 ],
    "faces": {
        "down":  { "uv": [ 9.5, 4.5, 10.5, 12 ], "rotation": 270, "texture": "#body01" },
        "up":    { "uv": [ 9.5, 4.5, 10.5, 12 ], "rotation": 180, "texture": "#body01" },
        "north": { "uv": [ 10.5, 4.5, 9.5, 12 ], "texture": "#body01" },
        "south": { "uv": [ 9.5, 4.5, 10.5, 12 ], "texture": "#body01" },
        "west":  { "uv": [ 9.5, 4.5, 10.5, 12 ], "texture": "#body01" },
        "east":  { "uv": [ 9.5, 4.5, 10.5, 12 ], "texture": "#body01" }
    }
},
{
    "__comment": "02",
    "from": [ 17, 5.5, 5.875 ],
    "to": [ 19, 14, 8.875 ],
    "faces": {
        "down":  { "uv": [ 4, 2.5, 7, 13 ], "rotation": 270, "texture": "#body03" },
        "up":    { "uv": [ 4, 2.5, 7, 13 ], "rotation": 180, "texture": "#body03" },
        "north": { "uv": [ 12.5, 4, 10.5, 12.5 ], "texture": "#body03" },
        "south": { "uv": [ 10.5, 4, 12.5, 12.5 ], "texture": "#body03" },
        "west":  { "uv": [ 4, 2.5, 7, 13 ], "texture": "#body03" },
        "east":  { "uv": [ 4, 2.5, 7, 13 ], "texture": "#body03" }
    }
},
{
    "__comment": "03",
    "from": [ 20, 6, 6.625 ],
    "to": [ 21, 13, 8.625 ],
    "faces": {
        "down":  { "uv": [ 9.5, 4.5, 10.5, 12 ], "rotation": 270, "texture": "#body01" },
        "up":    { "uv": [ 9.5, 4.5, 10.5, 12 ], "rotation": 180, "texture": "#body01" },
        "north": { "uv": [ 11.5, 5, 10.5, 12 ], "texture": "#body01" },
        "south": { "uv": [ 10.5, 5, 11.5, 12 ], "texture": "#body01" },
        "west":  { "uv": [ 9.5, 4.5, 10.5, 12 ], "texture": "#body01" },
        "east":  { "uv": [ 9.5, 4.5, 10.5, 12 ], "texture": "#body01" }
    }
},
{
    "__comment": "03",
    "from": [ 21, 6.5, 6.625 ],
    "to": [ 22, 13, 8.625 ],
    "faces": {
        "down":  { "uv": [ 9.5, 4.5, 10.5, 12 ], "rotation": 270, "texture": "#body01" },
        "up":    { "uv": [ 9.5, 4.5, 10.5, 12 ], "rotation": 180, "texture": "#body01" },
        "north": { "uv": [ 12.5, 5, 11.5, 11.5 ], "texture": "#body01" },
        "south": { "uv": [ 11.5, 5, 12.5, 11.5 ], "texture": "#body01" },
        "west":  { "uv": [ 9.5, 4.5, 10.5, 12 ], "texture": "#body01" },
        "east":  { "uv": [ 9.5, 4.5, 10.5, 12 ], "texture": "#body01" }
    }
},
{
    "__comment": "03",
    "from": [ 22, 7, 6.625 ],
    "to": [ 22.5, 12.5, 8.625 ],
    "faces": {
        "down":  { "uv": [ 9.5, 4.5, 10.5, 12 ], "rotation": 270, "texture": "#body01" },
        "up":    { "uv": [ 9.5, 4.5, 10.5, 12 ], "rotation": 180, "texture": "#body01" },
        "north": { "uv": [ 13, 5.5, 12.5, 11 ], "texture": "#body01" },
        "south": { "uv": [ 12.5, 5.5, 13, 11 ], "texture": "#body01" },
        "west":  { "uv": [ 9.5, 4.5, 10.5, 12 ], "texture": "#body01" },
        "east":  { "uv": [ 9.5, 4.5, 10.5, 12 ], "texture": "#body01" }
    }
},
{
    "__comment": "04",
    "from": [ 22.5, 7.5, 7.375 ],
    "to": [ 23, 12.5, 8.375 ],
    "faces": {
        "down":  { "uv": [ 9.5, 4.5, 10.5, 12 ], "rotation": 270, "texture": "#body01" },
        "up":    { "uv": [ 9.5, 4.5, 10.5, 12 ], "rotation": 180, "texture": "#body01" },
        "north": { "uv": [ 13.5, 5.5, 13, 10.5 ], "texture": "#body01" },
        "south": { "uv": [ 13, 5.5, 13.5, 10.5 ], "texture": "#body01" },
        "west":  { "uv": [ 9.5, 4.5, 10.5, 12 ], "texture": "#body01" },
        "east":  { "uv": [ 9.5, 4.5, 10.5, 12 ], "texture": "#body01" }
    }
},
{
    "__comment": "04",
    "from": [ 23, 8, 7.375 ],
    "to": [ 24, 12.5, 8.375 ],
    "faces": {
        "down":  { "uv": [ 9.5, 4.5, 10.5, 12 ], "rotation": 270, "texture": "#body01" },
        "up":    { "uv": [ 9.5, 4.5, 10.5, 12 ], "rotation": 180, "texture": "#body01" },
        "north": { "uv": [ 14.5, 5.5, 13.5, 10 ], "texture": "#body01" },
        "south": { "uv": [ 13.5, 5.5, 14.5, 10 ], "texture": "#body01" },
        "west":  { "uv": [ 9.5, 4.5, 10.5, 12 ], "texture": "#body01" },
        "east":  { "uv": [ 9.5, 4.5, 10.5, 12 ], "texture": "#body01" }
    }
},
{
    "__comment": "04",
    "from": [ 24, 8.5, 7.375 ],
    "to": [ 24.5, 12, 8.375 ],
    "faces": {
        "down":  { "uv": [ 9.5, 4.5, 10.5, 12 ], "rotation": 270, "texture": "#body01" },
        "up":    { "uv": [ 9.5, 4.5, 10.5, 12 ], "rotation": 180, "texture": "#body01" },
        "north": { "uv": [ 15, 6, 14.5, 9.5 ], "texture": "#body01" },
        "south": { "uv": [ 14.5, 6, 15, 9.5 ], "texture": "#body01" },
        "west":  { "uv": [ 9.5, 4.5, 10.5, 12 ], "texture": "#body01" },
        "east":  { "uv": [ 9.5, 4.5, 10.5, 12 ], "texture": "#body01" }
    }
},
{
    "__comment": "04",
    "from": [ 24.5, 11.5, 7.375 ],
    "to": [ 25, 12, 8.375 ],
    "faces": {
        "down":  { "uv": [ 9.5, 4.5, 10.5, 12 ], "rotation": 270, "texture": "#body01" },
        "up":    { "uv": [ 9.5, 4.5, 10.5, 12 ], "rotation": 180, "texture": "#body01" },
        "north": { "uv": [ 15.5, 6, 15, 6.5 ], "texture": "#body01" },
        "south": { "uv": [ 15, 6, 15.5, 6.5 ], "texture": "#body01" },
        "west":  { "uv": [ 9.5, 4.5, 10.5, 12 ], "texture": "#body01" },
        "east":  { "uv": [ 9.5, 4.5, 10.5, 12 ], "texture": "#body01" }
    }
},
{
    "__comment": "04",
    "from": [ 24.5, 8.5, 7.375 ],
    "to": [ 25, 9, 8.375 ],
    "faces": {
        "down":  { "uv": [ 9.5, 4.5, 10.5, 12 ], "rotation": 270, "texture": "#body01" },
        "up":    { "uv": [ 9.5, 4.5, 10.5, 12 ], "rotation": 180, "texture": "#body01" },
        "north": { "uv": [ 15.5, 6, 15, 6.5 ], "texture": "#body01" },
        "south": { "uv": [ 15, 6, 15.5, 6.5 ], "texture": "#body01" },
        "west":  { "uv": [ 9.5, 4.5, 10.5, 12 ], "texture": "#body01" },
        "east":  { "uv": [ 9.5, 4.5, 10.5, 12 ], "texture": "#body01" }
    }
},
{
    "__comment": "04",
    "from": [ 24.5, 9, 7.625 ],
    "to": [ 25, 11.5, 8.125 ],
    "faces": {
        "down":  { "uv": [ 4.5, 6.5, 5.5, 10 ], "rotation": 270, "texture": "#body04" },
        "up":    { "uv": [ 4.5, 6.5, 5.5, 10 ], "rotation": 180, "texture": "#body04" },
        "north": { "uv": [ 4.5, 7, 4, 9.5 ], "texture": "#body04" },
        "south": { "uv": [ 4, 7, 4.5, 9.5 ], "texture": "#body04" },
        "west":  { "uv": [ 4.5, 6.5, 5.5, 10 ], "texture": "#body04" },
        "east":  { "uv": [ 4.5, 6.5, 5.5, 10 ], "texture": "#body04" }
    }
},
{
    "__comment": "05",
    "from": [ 25.5, 7.5, 7.875 ],
    "to": [ 26, 13, 8.375 ],
    "faces": {
        "down":  { "uv": [ 4.5, 6.5, 5.5, 10 ], "rotation": 270, "texture": "#body04" },
        "up":    { "uv": [ 4.5, 6.5, 5.5, 10 ], "rotation": 180, "texture": "#body04" },
        "north": { "uv": [ 5.5, 6.5, 5, 10.5 ], "texture": "#body04" },
        "south": { "uv": [ 5, 6.5, 5.5, 10.5 ], "texture": "#body04" },
        "west":  { "uv": [ 4.5, 6.5, 5.5, 10 ], "texture": "#body04" },
        "east":  { "uv": [ 4.5, 6.5, 5.5, 10 ], "texture": "#body04" }
    }
},
{
    "__comment": "05",
    "from": [ 25, 8, 7.875 ],
    "to": [ 25.5, 12.5, 8.375 ],
    "faces": {
        "down":  { "uv": [ 4.5, 6.5, 5.5, 10 ], "rotation": 270, "texture": "#body04" },
        "up":    { "uv": [ 4.5, 6.5, 5.5, 10 ], "rotation": 180, "texture": "#body04" },
        "north": { "uv": [ 5, 6.5, 4.5, 10 ], "texture": "#body04" },
        "south": { "uv": [ 4.5, 6.5, 5, 10 ], "texture": "#body04" },
        "west":  { "uv": [ 4.5, 6.5, 5.5, 10 ], "texture": "#body04" },
        "east":  { "uv": [ 4.5, 6.5, 5.5, 10 ], "texture": "#body04" }
    }
},
{
    "__comment": "05",
    "from": [ 26, 7, 7.875 ],
    "to": [ 26.5, 13.5, 8.375 ],
    "faces": {
        "down":  { "uv": [ 4.5, 6.5, 5.5, 10 ], "rotation": 270, "texture": "#body04" },
        "up":    { "uv": [ 4.5, 6.5, 5.5, 10 ], "rotation": 180, "texture": "#body04" },
        "north": { "uv": [ 6, 5.5, 5.5, 10.5 ], "texture": "#body04" },
        "south": { "uv": [ 5.5, 5.5, 6, 10.5 ], "texture": "#body04" },
        "west":  { "uv": [ 4.5, 6.5, 5.5, 10 ], "texture": "#body04" },
        "east":  { "uv": [ 4.5, 6.5, 5.5, 10 ], "texture": "#body04" }
    }
},
{
    "__comment": "05",
    "from": [ 26.5, 5.5, 7.875 ],
    "to": [ 27, 15, 8.375 ],
    "faces": {
        "down":  { "uv": [ 4.5, 6.5, 5.5, 10 ], "rotation": 270, "texture": "#body04" },
        "up":    { "uv": [ 4.5, 6.5, 5.5, 10 ], "rotation": 180, "texture": "#body04" },
        "north": { "uv": [ 8, 4.5, 7.5, 12 ], "texture": "#body04" },
        "south": { "uv": [ 7.5, 4.5, 8, 12 ], "texture": "#body04" },
        "west":  { "uv": [ 4.5, 6.5, 5.5, 10 ], "texture": "#body04" },
        "east":  { "uv": [ 4.5, 6.5, 5.5, 10 ], "texture": "#body04" }
    }
},
{
    "__comment": "05",
    "from": [ 26.4375, 2.5, 8 ],
    "to": [ 30.9375, 17.5, 8.0625 ],
    "faces": {
        "north": { "uv": [ 13.5, 1.5, 8.5, 14 ], "texture": "#body04" },
        "south": { "uv": [ 8.5, 1.5, 13.5, 14 ], "texture": "#body04" }
    }
},
{
    "from": [ -11.5, 10, 6 ],
    "to": [ -10.5, 11, 9.5 ],
    "faces": {
        "down":  { "uv": [ 7.5, 7, 8.5, 6 ], "texture": "#texture" },
        "up":    { "uv": [ 7.5, 6, 8.5, 7 ], "texture": "#texture" },
        "north": { "uv": [ 8.5, 6, 7.5, 7 ], "texture": "#texture" },
        "south": { "uv": [ 7.5, 6, 8.5, 7 ], "texture": "#texture" },
        "west":  { "uv": [ 7.5, 6, 8.5, 7 ], "texture": "#texture" },
        "east":  { "uv": [ 7.5, 6, 8.5, 7 ], "texture": "#texture" }
    }
},
{
    "from": [ 13, 2, 7.75 ],
    "to": [ 21, 9, 7.8125 ],
    "faces": {
        "north": { "uv": [ 16, 11, 9.5, 14 ], "texture": "#body05" },
        "south": { "uv": [ 9.5, 11, 16, 14 ], "texture": "#body05" }
    }
},
{
    "from": [ 3, 13, 7.75 ],
    "to": [ 10.5, 19, 7.8125 ],
    "faces": {
        "north": { "uv": [ 6.5, 0, 0, 3 ], "texture": "#body05" },
        "south": { "uv": [ 0, 0, 6.5, 3 ], "texture": "#body05" }
    }
},
{
    "from": [ 2.5, 0.5, 7.75 ],
    "to": [ 10, 6.5, 7.8125 ],
    "faces": {
        "north": { "uv": [ 7.5, 12, 1, 15 ], "texture": "#body05" },
        "south": { "uv": [ 1, 12, 7.5, 15 ], "texture": "#body05" }
    }
},
{
    "from": [ -3, 4, 6.75 ],
    "to": [ 4.5, 10, 6.8125 ],
    "rotation": { "origin": [ -3, 4, 6.75 ], "axis": "y", "angle": 22.5 },
    "faces": {
        "north": { "uv": [ 5.5, 7, 0, 11 ], "texture": "#body05" },
        "south": { "uv": [ 0, 7, 5.5, 11 ], "texture": "#body05" }
    }
},
{
    "from": [ -3, 4, 9.25 ],
    "to": [ 4.5, 10, 9.3125 ],
    "rotation": { "origin": [ -3, 4, 9.25 ], "axis": "y", "angle": -22.5 },
    "faces": {
        "north": { "uv": [ 5.5, 7, 0, 11 ], "texture": "#body05" },
        "south": { "uv": [ 0, 7, 5.5, 11 ], "texture": "#body05" }
    }
},
{
    "from": [ 12, 8, 7.9375 ],
    "to": [ 19.5, 14, 8 ],
    "rotation": { "origin": [ 12, 14, 7.9375 ], "axis": "z", "angle": 22.5 },
    "faces": {
        "north": { "uv": [ 3, 12, 7.5, 15 ], "texture": "#body05" },
        "south": { "uv": [ 7.5, 12, 3, 15 ], "texture": "#body05" }
    }
}
],
"display": {
    "thirdperson_righthand": {
        "rotation": [ -77, -90, -82 ],
        "translation": [ -6.43, -18.14, 14.17 ],
        "scale": [ 0.4675, 0.4675, 0.4675]
    },
    "thirdperson_lefthand": {
        "rotation": [ -77, 90, -82 ],
        "translation": [ -6.43, -18.14, 14.17 ],
        "scale": [ 0.4675, 0.4675, 0.4675]
    }
}
}