﻿{
    "variants": {
        "snowy=false": [
            { "model": "grass", "weight": 600 },
            { "model": "grass", "y": 90, "weight": 600 },
            { "model": "grass", "y": 180, "weight": 600 },
			{ "model": "grass", "y": 270, "weight": 600 },

            { "model": "grass/grass_2", "weight": 600 },
            { "model": "grass/grass_2", "y": 90, "weight": 600 },
            { "model": "grass/grass_2", "y": 180, "weight": 600 },
			{ "model": "grass/grass_2", "y": 270, "weight": 600 },

            { "model": "grass/grass_3", "weight": 600 },
            { "model": "grass/grass_3", "y": 90, "weight": 600 },
            { "model": "grass/grass_3", "y": 180, "weight": 600 },
			{ "model": "grass/grass_3", "y": 270, "weight": 600 },

            { "model": "grass/grass_4", "weight": 600 },
            { "model": "grass/grass_4", "y": 90, "weight": 600 },
            { "model": "grass/grass_4", "y": 180, "weight": 600 },
			{ "model": "grass/grass_4", "y": 270, "weight": 600 },

            { "model": "grass/grass_5", "weight": 600 },
            { "model": "grass/grass_5", "y": 90, "weight": 600 },
            { "model": "grass/grass_5", "y": 180, "weight": 600 },
			{ "model": "grass/grass_5", "y": 270, "weight": 600 },
			
			{ "model": "grass/grass_stone1", "weight": 6 },
            { "model": "grass/grass_stone1", "y": 90, "weight": 6 },
            { "model": "grass/grass_stone1", "y": 180, "weight": 6 },
			{ "model": "grass/grass_stone1", "y": 270, "weight": 6 },
			
			{ "model": "grass/grass_stone2", "weight": 6 },
            { "model": "grass/grass_stone2", "y": 90, "weight": 6 },
            { "model": "grass/grass_stone2", "y": 180, "weight": 6 },
			{ "model": "grass/grass_stone2", "y": 270, "weight": 6 },
			
			{ "model": "grass/grass_stone3", "weight": 6 },
            { "model": "grass/grass_stone3", "y": 90, "weight": 6 },
            { "model": "grass/grass_stone3", "y": 180, "weight": 6 },
			{ "model": "grass/grass_stone3", "y": 270, "weight": 6 },

			{ "model": "grass/grass_tree1", "weight": 6 },
            { "model": "grass/grass_tree1", "y": 90, "weight": 6 },
            { "model": "grass/grass_tree1", "y": 180, "weight": 6 },
			{ "model": "grass/grass_tree1", "y": 270, "weight": 6 },

			{ "model": "grass/grass_tree2", "weight": 6 },
            { "model": "grass/grass_tree2", "y": 90, "weight": 6 },
            { "model": "grass/grass_tree2", "y": 180, "weight": 6 },
			{ "model": "grass/grass_tree2", "y": 270, "weight": 6 }

        ],
        "snowy=true": [
            { "model": "grass_snowed", "weight": 600 },
            { "model": "grass_snowed", "y": 90, "weight": 600 },
            { "model": "grass_snowed", "y": 180, "weight": 600 },
			{ "model": "grass_snowed", "y": 270, "weight": 600 },
			
			{ "model": "grass_snowed_alt1", "weight": 600 },
            { "model": "grass_snowed_alt1", "y": 90, "weight": 600 },
            { "model": "grass_snowed_alt1", "y": 180, "weight": 600 },
			{ "model": "grass_snowed_alt1", "y": 270, "weight": 600 },
			
			{ "model": "grass_snowed_alt2", "weight": 600 },
            { "model": "grass_snowed_alt2", "y": 90, "weight": 600 },
            { "model": "grass_snowed_alt2", "y": 180, "weight": 600 },
			{ "model": "grass_snowed_alt2", "y": 270, "weight": 600 },
			
			{ "model": "grass_snowed_alt3", "weight": 600 },
            { "model": "grass_snowed_alt3", "y": 90, "weight": 600 },
            { "model": "grass_snowed_alt3", "y": 180, "weight": 600 },
			{ "model": "grass_snowed_alt3", "y": 270, "weight": 600 },
			
			{ "model": "grass_snowed_alt4", "weight": 600 },
            { "model": "grass_snowed_alt4", "y": 90, "weight": 600 },
            { "model": "grass_snowed_alt4", "y": 180, "weight": 600 },
			{ "model": "grass_snowed_alt4", "y": 270, "weight": 600 },
			
			{ "model": "grass_snowed_alt5", "weight": 600 },
            { "model": "grass_snowed_alt5", "y": 90, "weight": 600 },
            { "model": "grass_snowed_alt5", "y": 180, "weight": 600 },
			{ "model": "grass_snowed_alt5", "y": 270, "weight": 600 }
        ]
    }
}
