﻿{
"__comment":"Made by Know2Good, part of the 'Default 3D™' resource pack || Official download page: http://www.planetminecraft.com/texture_pack/default-3d-2985741/ || © Know2Good. All rights reserved. ",
    "variants": {
        "normal": [
        { "model": "oak_leaves", "weight": 55 },
        { "model": "oak_leaves/oak_leaves2", "weight": 4 },
        { "model": "oak_leaves/oak_leaves_a1", "weight": 4 },
        { "model": "oak_leaves/oak_leaves_a2", "weight": 4 },
        { "model": "oak_leaves/oak_leaves_a3", "weight": 4 },
        { "model": "oak_leaves/oak_leaves_a4", "weight": 4 },
        { "model": "oak_leaves/oak_leaves_a5", "weight": 4 },
        { "model": "oak_leaves/oak_leaves_a6", "weight": 4 }
		
        ]
    }
}
