{
"__comment": "Designed by S9855027 with BDcraft Cubik PRO 0.96 Beta - http://bdcraft.net",
"textures": {
    "particle": "MC/R_MC",
    "texture": "MC/R_MC"
},
"elements": [ 
{
    "from": [ -5, -4.7625, 6 ],
    "to": [ 21, -4.7, 32 ],
    "faces": {
        "down":  { "uv": [ 0, 0, 16, 16 ], "texture": "#texture" },
        "up":    { "uv": [ 0, 0, 16, 16 ], "texture": "#texture" }
    }
}
],
"display": {
    "thirdperson_righthand": {
        "rotation": [ 0, 0, 0 ],
        "translation": [ -6.88, 28, -30 ],
        "scale": [ 20, 20, 20 ]
    },
    "thirdperson_lefthand": {
        "rotation": [ 0, 0, 0 ],
        "translation": [ -6.88, 28, -30 ],
        "scale": [ 20, 20, 20 ]
    }
}
}