{
	"__comment": "Designed by Zeibo with Cubik Studio - https://cubik.studio",
	"textures": {
		"texture": "etarmors/devil",
		"texture1": "armor/archer/light_leather/light_leather_furry"
	},
	"elements": [ 	 
		{
			"__comment": "Box23",
			"from": [ 2.25, 7.125, 2.25 ],
			"to": [ 13.65, 18.525, 13.65 ],
			"faces": {
				"down": { "uv": [ 0, 0, 4, 4 ], "texture": "#texture1" },
				"up": { "uv": [ 4, 0, 8, 4 ], "texture": "#texture1" },
				"north": { "uv": [ 12, 4, 16, 8 ], "texture": "#texture1" },
				"south": { "uv": [ 4, 4, 8, 8 ], "texture": "#texture1" },
				"west": { "uv": [ 0, 4, 4, 8 ], "texture": "#texture1" },
				"east": { "uv": [ 8, 4, 12, 8 ], "texture": "#texture1" }
			}
		},
		{
			"__comment": "Box1",
			"from": [ 3.5, 14, 8.625 ],
			"to": [ 7, 17.5, 14.625 ],
			"rotation": { "origin": [ 3.5, 14, 8.625 ], "axis": "x", "angle": -22.5 },
			"faces": {
				"down": { "uv": [ 0, 2, 5.5, 11 ], "texture": "#texture" },
				"up": { "uv": [ 0, 2, 5.5, 11 ], "texture": "#texture" },
				"north": { "uv": [ 0, 2, 5.5, 11 ], "texture": "#texture" },
				"south": { "uv": [ 0, 0, 5.5, 1 ], "texture": "#texture" },
				"west": { "uv": [ 0, 2, 5.5, 11 ], "texture": "#texture", "rotation": 90 },
				"east": { "uv": [ 0, 2, 5.5, 11 ], "texture": "#texture", "rotation": 270 }
			}
		},
		{
			"__comment": "Box1",
			"from": [ 9, 14, 8.625 ],
			"to": [ 12.5, 17.5, 14.625 ],
			"rotation": { "origin": [ 9, 14, 8.625 ], "axis": "x", "angle": -22.5 },
			"faces": {
				"down": { "uv": [ 0, 2, 5.5, 11 ], "texture": "#texture" },
				"up": { "uv": [ 0, 11, 5.5, 16 ], "texture": "#texture" },
				"north": { "uv": [ 0, 11, 5.5, 16 ], "texture": "#texture" },
				"south": { "uv": [ 0, 0, 5.5, 1 ], "texture": "#texture" },
				"west": { "uv": [ 0, 0.5, 5, 9 ], "texture": "#texture", "rotation": 90 },
				"east": { "uv": [ 0, 0.5, 5.5, 7.5 ], "texture": "#texture", "rotation": 270 }
			}
		},
		{
			"__comment": "Box1",
			"from": [ 4, 15.75, 11 ],
			"to": [ 6.5, 18.25, 15.5 ],
			"rotation": { "origin": [ 4, 18.25, 15.5 ], "axis": "x", "angle": 45 },
			"faces": {
				"down": { "uv": [ 0, 0, 5.5, 1.5 ], "texture": "#texture" },
				"up": { "uv": [ 0, 0, 5.5, 1.5 ], "texture": "#texture" },
				"north": { "uv": [ 0, 0, 5.5, 1.5 ], "texture": "#texture" },
				"south": { "uv": [ 0, 0, 5.5, 1.5 ], "texture": "#texture" },
				"west": { "uv": [ 0, 0, 5.5, 1.5 ], "texture": "#texture" },
				"east": { "uv": [ 0, 0, 5.5, 1.5 ], "texture": "#texture" }
			}
		},
		{
			"__comment": "Box1",
			"from": [ 9.5, 19.75, 10.5 ],
			"to": [ 12, 22.25, 15 ],
			"rotation": { "origin": [ 9.5, 19.75, 10.5 ], "axis": "x", "angle": 45 },
			"faces": {
				"down": { "uv": [ 0, 0, 5.5, 1.5 ], "texture": "#texture" },
				"up": { "uv": [ 0, 0, 5.5, 1.5 ], "texture": "#texture" },
				"north": { "uv": [ 0, 0, 5.5, 1.5 ], "texture": "#texture" },
				"south": { "uv": [ 0, 0, 5.5, 1.5 ], "texture": "#texture" },
				"west": { "uv": [ 0, 0, 5.5, 1.5 ], "texture": "#texture" },
				"east": { "uv": [ 0, 0, 5.5, 1.5 ], "texture": "#texture" }
			}
		},
		{
			"__comment": "Box1",
			"from": [ 4.5, 19.0629, 8.076799 ],
			"to": [ 6, 20.5629, 13.0768 ],
			"rotation": { "origin": [ 4.5, 20.75, 12.625 ], "axis": "x", "angle": 22.5 },
			"faces": {
				"down": { "uv": [ 5.5, 1.5, 0, 0 ], "texture": "#texture" },
				"up": { "uv": [ 0, 0, 5.5, 1.5 ], "texture": "#texture" },
				"north": { "uv": [ 5.5, 1.5, 0, 0 ], "texture": "#texture" },
				"south": { "uv": [ 0, 0, 5.5, 1.5 ], "texture": "#texture" },
				"west": { "uv": [ 0, 0, 5.5, 1.5 ], "texture": "#texture", "rotation": 270 },
				"east": { "uv": [ 0, 0, 5.5, 1.5 ], "texture": "#texture", "rotation": 90 }
			}
		},
		{
			"__comment": "Box1",
			"from": [ 10, 19.0629, 7.9518 ],
			"to": [ 11.5, 20.5629, 12.9518 ],
			"rotation": { "origin": [ 10, 20.75, 12.5 ], "axis": "x", "angle": 22.5 },
			"faces": {
				"down": { "uv": [ 5.5, 1.5, 0, 0 ], "texture": "#texture" },
				"up": { "uv": [ 0, 0, 5.5, 1.5 ], "texture": "#texture" },
				"north": { "uv": [ 5.5, 1.5, 0, 0 ], "texture": "#texture" },
				"south": { "uv": [ 0, 0, 5.5, 1.5 ], "texture": "#texture" },
				"west": { "uv": [ 0, 0, 5.5, 1.5 ], "texture": "#texture", "rotation": 270 },
				"east": { "uv": [ 0, 0, 5.5, 1.5 ], "texture": "#texture", "rotation": 90 }
			}
		}
	],
	"display": {
		"thirdperson_righthand": {
			"rotation":  [ -35, 45, 0 ],
			"translation":  [ 0, -3.76, 0 ],
			"scale":  [ 0.4, 0.4, 0.4 ]
		},
		"firstperson_righthand": {
			"rotation":  [ -14, 180, 0 ],
			"translation":  [ 6.2608, -2.086, 0 ],
			"scale":  [ 0.7, 0.7, 0.7 ]
		},
		"firstperson_lefthand": {
			"rotation":  [ -14, 180, 0 ],
			"translation":  [ 6.2608, -2.086, 0 ],
			"scale":  [ 0.7, 0.7, 0.7 ]
		},
		"gui": {
			"translation":  [ 0, -6.26, 0 ]
		},
		"head": {
			"rotation":  [ 0, 180, 0 ],
			"translation":  [ 0, -6.261, 0 ],
			"scale":  [ 1.4, 1.4, 1.4 ]
		},
		"ground": {
			"translation":  [ 0, 11.13, 0 ]
		},
		"fixed": {
			"rotation":  [ 0, 180, 0 ],
			"translation":  [ 0, -8.347, -5.565 ],
			"scale":  [ 1.5, 1.5, 1.8 ]
		}
	}
}