{
	"__comment": "Designed by Zeibo with Cubik Studio - https://cubik.studio",
	"textures": {
		"texture": "etarmors/furry/furry_tail_m1",
		"texture2": "etarmors/furry/furry_tail_m2",
		"texture3": "etarmors/furry/furry_tail_m3",
		"texture4": "etarmors/furry/furry_tail_m4",
		"texture5": "etarmors/furry/furry_tail_m5",
		"texture6": "etarmors/furry/furry_tail_m6",
		"texture7": "etarmors/furry/furry_tail_m7",
		"texture8": "etarmors/furry/furry_tail_m8",
		"texture9": "etarmors/furry/furry_tail_m9",
		"texture10": "etarmors/furry/furry_tail_m10",
		"texture11": "etarmors/furry/furry_tail_m11",
		"texture12": "etarmors/furry/furry_tail_m12"

	},
	"elements": [ 	 
		{
			"__comment": "t1_m1",
			"from": [ 9, 11, 5 ],
			"to": [ 17, 15.5, 10 ],
			"rotation": { "origin": [ 9, 11, 5 ], "axis": "z", "angle": -22.5 },
			"faces": {
				"down": { "uv": [ 5, 5.5, 11, 11.5 ], "texture": "#texture" },
				"up": { "uv": [ 5, 4.5, 11, 10.5 ], "texture": "#texture" },
				"north": { "uv": [ 5, 3.125, 11, 9.125 ], "texture": "#texture" },
				"south": { "uv": [ 5, 3.125, 11, 9.125 ], "texture": "#texture" },
				"west": { "uv": [ 4.5, 3.125, 10.5, 9.125 ], "texture": "#texture" },
				"east": { "uv": [ 5.5, 3.125, 11.5, 9.125 ], "texture": "#texture" }
			}
		},
		{
			"__comment": "t2_m1",
			"from": [ 7, 10, 6 ],
			"to": [ 12.5, 15, 11.5 ],
			"faces": {
				"down": { "uv": [ 5, 5.5, 11, 11.5 ], "texture": "#texture" },
				"up": { "uv": [ 5, 4.5, 11, 10.5 ], "texture": "#texture" },
				"north": { "uv": [ 5, 3.125, 11, 9.125 ], "texture": "#texture" },
				"south": { "uv": [ 5, 3.125, 11, 9.125 ], "texture": "#texture" },
				"west": { "uv": [ 4.5, 3.125, 10.5, 9.125 ], "texture": "#texture" },
				"east": { "uv": [ 5.5, 3.125, 11.5, 9.125 ], "texture": "#texture" }
			}
		},
		{
			"__comment": "t3_m1",
			"from": [ 5.5, 7.5, 7 ],
			"to": [ 11, 13.5, 13 ],
			"rotation": { "origin": [ 5.5, 7.5, 7 ], "axis": "z", "angle": 22.5 },
			"faces": {
				"down": { "uv": [ 5, 5.5, 11, 11.5 ], "texture": "#texture" },
				"up": { "uv": [ 5, 4.5, 11, 10.5 ], "texture": "#texture" },
				"north": { "uv": [ 5, 3.125, 11, 9.125 ], "texture": "#texture" },
				"south": { "uv": [ 5, 3.125, 11, 9.125 ], "texture": "#texture" },
				"west": { "uv": [ 4.5, 3.125, 10.5, 9.125 ], "texture": "#texture" },
				"east": { "uv": [ 5.5, 3.125, 11.5, 9.125 ], "texture": "#texture" }
			}
		},
		{
			"__comment": "t4_m1",
			"from": [ 4, 3, 8 ],
			"to": [ 11.5, 11, 14.5 ],
			"rotation": { "origin": [ 4, 3, 8 ], "axis": "z", "angle": 45 },
			"faces": {
				"down": { "uv": [ 5, 5.5, 11, 11.5 ], "texture": "#texture" },
				"up": { "uv": [ 5, 4.5, 11, 10.5 ], "texture": "#texture" },
				"north": { "uv": [ 5, 3.125, 11, 9.125 ], "texture": "#texture" },
				"south": { "uv": [ 5, 3.125, 11, 9.125 ], "texture": "#texture" },
				"west": { "uv": [ 4.5, 3.125, 10.5, 9.125 ], "texture": "#texture" },
				"east": { "uv": [ 5.5, 3.125, 11.5, 9.125 ], "texture": "#texture" }
			}
		},
		{
			"__comment": "t5_m1",
			"from": [ 0.5, -3, 6.5 ],
			"to": [ 9.5, 7, 13.5 ],
			"rotation": { "origin": [ 0.5, -3, 6.5 ], "axis": "z", "angle": 45 },
			"faces": {
				"down": { "uv": [ 5, 5.5, 11, 11.5 ], "texture": "#texture" },
				"up": { "uv": [ 5, 4.5, 11, 10.5 ], "texture": "#texture" },
				"north": { "uv": [ 5, 3.125, 11, 9.125 ], "texture": "#texture" },
				"south": { "uv": [ 5, 3.125, 11, 9.125 ], "texture": "#texture" },
				"west": { "uv": [ 4.5, 3.125, 10.5, 9.125 ], "texture": "#texture" },
				"east": { "uv": [ 5.5, 3.125, 11.5, 9.125 ], "texture": "#texture" }
			}
		},
		{
			"__comment": "t6_m1",
			"from": [ -11.0431, -2.5033, 5.75 ],
			"to": [ -0.0430975, 4.4967, 11.75 ],
			"rotation": { "origin": [ -0.5, -3, 5.75 ], "axis": "z", "angle": -22.5 },
			"faces": {
				"down": { "uv": [ 4.5, 3.125, 10.5, 9.125 ], "texture": "#texture", "rotation": 270 },
				"up": { "uv": [ 11.5, 9.125, 5.5, 3.125 ], "texture": "#texture", "rotation": 90 },
				"north": { "uv": [ 11, 9.125, 5, 3.125 ], "texture": "#texture", "rotation": 270 },
				"south": { "uv": [ 11, 9.125, 5, 3.125 ], "texture": "#texture", "rotation": 90 },
				"west": { "uv": [ 5, 4.5, 11, 10.5 ], "texture": "#texture", "rotation": 270 },
				"east": { "uv": [ 11, 11.5, 5, 5.5 ], "texture": "#texture", "rotation": 90 }
			}
		},
		{
			"__comment": "t7_m1",
			"from": [ -8.6507, 1.2856, 5.5 ],
			"to": [ -5.1507, 9.2856, 9.5 ],
			"rotation": { "origin": [ -5.5, 8, 5.5 ], "axis": "z", "angle": -22.5 },
			"faces": {
				"down": { "uv": [ 11, 10.5, 5, 4.5 ], "texture": "#texture" },
				"up": { "uv": [ 11, 11.5, 5, 5.5 ], "texture": "#texture" },
				"north": { "uv": [ 11, 9.125, 5, 3.125 ], "texture": "#texture" },
				"south": { "uv": [ 11, 9.125, 5, 3.125 ], "texture": "#texture" },
				"west": { "uv": [ 11.5, 9.125, 5.5, 3.125 ], "texture": "#texture" },
				"east": { "uv": [ 10.5, 9.125, 4.5, 3.125 ], "texture": "#texture" }
			}
		},
		{
			"__comment": "t8_m1",
			"from": [ -6.9927, 7.997, 5.25 ],
			"to": [ -3.4927, 9.997, 7.75 ],
			"rotation": { "origin": [ -7, 8, 5.25 ], "axis": "z", "angle": 22.5 },
			"faces": {
				"down": { "uv": [ 5.5, 3.125, 11.5, 9.125 ], "texture": "#texture", "rotation": 90 },
				"up": { "uv": [ 10.5, 9.125, 4.5, 3.125 ], "texture": "#texture", "rotation": 270 },
				"north": { "uv": [ 11, 9.125, 5, 3.125 ], "texture": "#texture", "rotation": 90 },
				"south": { "uv": [ 11, 9.125, 5, 3.125 ], "texture": "#texture", "rotation": 270 },
				"west": { "uv": [ 11, 11.5, 5, 5.5 ], "texture": "#texture", "rotation": 270 },
				"east": { "uv": [ 5, 4.5, 11, 10.5 ], "texture": "#texture", "rotation": 90 }
			}
		},
		{
			"__comment": "t1_m1",
			"from": [ 9, 11, 8.75 ],
			"to": [ 17, 15.5, 13.75 ],
			"rotation": { "origin": [ 9, 11, 8.75 ], "axis": "z", "angle": -22.5 },
			"faces": {
				"down": { "uv": [ 5, 5.5, 11, 11.5 ], "texture": "#texture4" },
				"up": { "uv": [ 5, 4.5, 11, 10.5 ], "texture": "#texture4" },
				"north": { "uv": [ 5, 3.125, 11, 9.125 ], "texture": "#texture4" },
				"south": { "uv": [ 5, 3.125, 11, 9.125 ], "texture": "#texture4" },
				"west": { "uv": [ 4.5, 3.125, 10.5, 9.125 ], "texture": "#texture4" },
				"east": { "uv": [ 5.5, 3.125, 11.5, 9.125 ], "texture": "#texture4" }
			}
		},
		{
			"__comment": "t2_m1",
			"from": [ 7, 10, 7.25 ],
			"to": [ 12.5, 15, 12.75 ],
			"faces": {
				"down": { "uv": [ 5, 5.5, 11, 11.5 ], "texture": "#texture4" },
				"up": { "uv": [ 5, 4.5, 11, 10.5 ], "texture": "#texture4" },
				"north": { "uv": [ 5, 3.125, 11, 9.125 ], "texture": "#texture4" },
				"south": { "uv": [ 5, 3.125, 11, 9.125 ], "texture": "#texture4" },
				"west": { "uv": [ 4.5, 3.125, 10.5, 9.125 ], "texture": "#texture4" },
				"east": { "uv": [ 5.5, 3.125, 11.5, 9.125 ], "texture": "#texture4" }
			}
		},
		{
			"__comment": "t3_m1",
			"from": [ 5.5, 7.5, 5.75 ],
			"to": [ 11, 13.5, 11.75 ],
			"rotation": { "origin": [ 5.5, 7.5, 5.75 ], "axis": "z", "angle": 22.5 },
			"faces": {
				"down": { "uv": [ 5, 5.5, 11, 11.5 ], "texture": "#texture4" },
				"up": { "uv": [ 5, 4.5, 11, 10.5 ], "texture": "#texture4" },
				"north": { "uv": [ 5, 3.125, 11, 9.125 ], "texture": "#texture4" },
				"south": { "uv": [ 5, 3.125, 11, 9.125 ], "texture": "#texture4" },
				"west": { "uv": [ 4.5, 3.125, 10.5, 9.125 ], "texture": "#texture4" },
				"east": { "uv": [ 5.5, 3.125, 11.5, 9.125 ], "texture": "#texture4" }
			}
		},
		{
			"__comment": "t4_m1",
			"from": [ 4, 3, 4.25 ],
			"to": [ 11.5, 11, 10.75 ],
			"rotation": { "origin": [ 4, 3, 4.25 ], "axis": "z", "angle": 45 },
			"faces": {
				"down": { "uv": [ 5, 5.5, 11, 11.5 ], "texture": "#texture4" },
				"up": { "uv": [ 5, 4.5, 11, 10.5 ], "texture": "#texture4" },
				"north": { "uv": [ 5, 3.125, 11, 9.125 ], "texture": "#texture4" },
				"south": { "uv": [ 5, 3.125, 11, 9.125 ], "texture": "#texture4" },
				"west": { "uv": [ 4.5, 3.125, 10.5, 9.125 ], "texture": "#texture4" },
				"east": { "uv": [ 5.5, 3.125, 11.5, 9.125 ], "texture": "#texture4" }
			}
		},
		{
			"__comment": "t5_m1",
			"from": [ 0.5, -3, 2.75 ],
			"to": [ 9.5, 7, 9.75 ],
			"rotation": { "origin": [ 0.5, -3, 2.75 ], "axis": "z", "angle": 45 },
			"faces": {
				"down": { "uv": [ 5, 5.5, 11, 11.5 ], "texture": "#texture4" },
				"up": { "uv": [ 5, 4.5, 11, 10.5 ], "texture": "#texture4" },
				"north": { "uv": [ 5, 3.125, 11, 9.125 ], "texture": "#texture4" },
				"south": { "uv": [ 5, 3.125, 11, 9.125 ], "texture": "#texture4" },
				"west": { "uv": [ 4.5, 3.125, 10.5, 9.125 ], "texture": "#texture4" },
				"east": { "uv": [ 5.5, 3.125, 11.5, 9.125 ], "texture": "#texture4" }
			}
		},
		{
			"__comment": "t6_m1",
			"from": [ -11.0431, -2.5033, 2 ],
			"to": [ -0.0430975, 4.4967, 8 ],
			"rotation": { "origin": [ -0.5, -3, 2 ], "axis": "z", "angle": -22.5 },
			"faces": {
				"down": { "uv": [ 4.5, 3.125, 10.5, 9.125 ], "texture": "#texture4", "rotation": 270 },
				"up": { "uv": [ 11.5, 9.125, 5.5, 3.125 ], "texture": "#texture4", "rotation": 90 },
				"north": { "uv": [ 11, 9.125, 5, 3.125 ], "texture": "#texture4", "rotation": 270 },
				"south": { "uv": [ 11, 9.125, 5, 3.125 ], "texture": "#texture4", "rotation": 90 },
				"west": { "uv": [ 5, 4.5, 11, 10.5 ], "texture": "#texture4", "rotation": 270 },
				"east": { "uv": [ 11, 11.5, 5, 5.5 ], "texture": "#texture4", "rotation": 90 }
			}
		},
		{
			"__comment": "t7_m1",
			"from": [ -8.6507, 1.2856, 1.75 ],
			"to": [ -5.1507, 9.2856, 5.75 ],
			"rotation": { "origin": [ -5.5, 8, 1.75 ], "axis": "z", "angle": -22.5 },
			"faces": {
				"down": { "uv": [ 11, 10.5, 5, 4.5 ], "texture": "#texture4" },
				"up": { "uv": [ 11, 11.5, 5, 5.5 ], "texture": "#texture4" },
				"north": { "uv": [ 11, 9.125, 5, 3.125 ], "texture": "#texture4" },
				"south": { "uv": [ 11, 9.125, 5, 3.125 ], "texture": "#texture4" },
				"west": { "uv": [ 11.5, 9.125, 5.5, 3.125 ], "texture": "#texture4" },
				"east": { "uv": [ 10.5, 9.125, 4.5, 3.125 ], "texture": "#texture4" }
			}
		},
		{
			"__comment": "t8_m1",
			"from": [ -6.9927, 7.997, 4 ],
			"to": [ -3.4927, 9.997, 6.5 ],
			"rotation": { "origin": [ -7, 8, 4 ], "axis": "z", "angle": 22.5 },
			"faces": {
				"down": { "uv": [ 5.5, 3.125, 11.5, 9.125 ], "texture": "#texture4", "rotation": 90 },
				"up": { "uv": [ 10.5, 9.125, 4.5, 3.125 ], "texture": "#texture4", "rotation": 270 },
				"north": { "uv": [ 11, 9.125, 5, 3.125 ], "texture": "#texture4", "rotation": 90 },
				"south": { "uv": [ 11, 9.125, 5, 3.125 ], "texture": "#texture4", "rotation": 270 },
				"west": { "uv": [ 11, 11.5, 5, 5.5 ], "texture": "#texture4", "rotation": 270 },
				"east": { "uv": [ 5, 4.5, 11, 10.5 ], "texture": "#texture4", "rotation": 90 }
			}
		},
		{
			"__comment": "t1_m1",
			"from": [ 9, 11, 3.75 ],
			"to": [ 17, 15.5, 8.75 ],
			"rotation": { "origin": [ 9, 11, 3.75 ], "axis": "z", "angle": -22.5 },
			"faces": {
				"down": { "uv": [ 5, 5.5, 11, 11.5 ], "texture": "#texture12" },
				"up": { "uv": [ 5, 4.5, 11, 10.5 ], "texture": "#texture12" },
				"north": { "uv": [ 5, 3.125, 11, 9.125 ], "texture": "#texture12" },
				"south": { "uv": [ 5, 3.125, 11, 9.125 ], "texture": "#texture12" },
				"west": { "uv": [ 4.5, 3.125, 10.5, 9.125 ], "texture": "#texture12" },
				"east": { "uv": [ 5.5, 3.125, 11.5, 9.125 ], "texture": "#texture12" }
			}
		},
		{
			"__comment": "t2_m1",
			"from": [ 7, 10, 4.75 ],
			"to": [ 12.5, 15, 10.25 ],
			"faces": {
				"down": { "uv": [ 5, 5.5, 11, 11.5 ], "texture": "#texture12" },
				"up": { "uv": [ 5, 4.5, 11, 10.5 ], "texture": "#texture12" },
				"north": { "uv": [ 5, 3.125, 11, 9.125 ], "texture": "#texture12" },
				"south": { "uv": [ 5, 3.125, 11, 9.125 ], "texture": "#texture12" },
				"west": { "uv": [ 4.5, 3.125, 10.5, 9.125 ], "texture": "#texture12" },
				"east": { "uv": [ 5.5, 3.125, 11.5, 9.125 ], "texture": "#texture12" }
			}
		},
		{
			"__comment": "t3_m1",
			"from": [ 5.5, 7.5, 5.75 ],
			"to": [ 11, 13.5, 11.75 ],
			"rotation": { "origin": [ 5.5, 7.5, 5.75 ], "axis": "z", "angle": 22.5 },
			"faces": {
				"down": { "uv": [ 5, 5.5, 11, 11.5 ], "texture": "#texture12" },
				"up": { "uv": [ 5, 4.5, 11, 10.5 ], "texture": "#texture12" },
				"north": { "uv": [ 5, 3.125, 11, 9.125 ], "texture": "#texture12" },
				"south": { "uv": [ 5, 3.125, 11, 9.125 ], "texture": "#texture12" },
				"west": { "uv": [ 4.5, 3.125, 10.5, 9.125 ], "texture": "#texture12" },
				"east": { "uv": [ 5.5, 3.125, 11.5, 9.125 ], "texture": "#texture12" }
			}
		},
		{
			"__comment": "t4_m1",
			"from": [ 4, 3, 6.75 ],
			"to": [ 11.5, 11, 13.25 ],
			"rotation": { "origin": [ 4, 3, 6.75 ], "axis": "z", "angle": 45 },
			"faces": {
				"down": { "uv": [ 5, 5.5, 11, 11.5 ], "texture": "#texture12" },
				"up": { "uv": [ 5, 4.5, 11, 10.5 ], "texture": "#texture12" },
				"north": { "uv": [ 5, 3.125, 11, 9.125 ], "texture": "#texture12" },
				"south": { "uv": [ 5, 3.125, 11, 9.125 ], "texture": "#texture12" },
				"west": { "uv": [ 4.5, 3.125, 10.5, 9.125 ], "texture": "#texture12" },
				"east": { "uv": [ 5.5, 3.125, 11.5, 9.125 ], "texture": "#texture12" }
			}
		},
		{
			"__comment": "t5_m1",
			"from": [ 0.5, -3, 7.75 ],
			"to": [ 9.5, 7, 14.75 ],
			"rotation": { "origin": [ 0.5, -3, 7.75 ], "axis": "z", "angle": 45 },
			"faces": {
				"down": { "uv": [ 5, 5.5, 11, 11.5 ], "texture": "#texture12" },
				"up": { "uv": [ 5, 4.5, 11, 10.5 ], "texture": "#texture12" },
				"north": { "uv": [ 5, 3.125, 11, 9.125 ], "texture": "#texture12" },
				"south": { "uv": [ 5, 3.125, 11, 9.125 ], "texture": "#texture12" },
				"west": { "uv": [ 4.5, 3.125, 10.5, 9.125 ], "texture": "#texture12" },
				"east": { "uv": [ 5.5, 3.125, 11.5, 9.125 ], "texture": "#texture12" }
			}
		},
		{
			"__comment": "t6_m1",
			"from": [ -11.0431, -2.5033, 7 ],
			"to": [ -0.0430975, 4.4967, 13 ],
			"rotation": { "origin": [ -0.5, -3, 7 ], "axis": "z", "angle": -22.5 },
			"faces": {
				"down": { "uv": [ 4.5, 3.125, 10.5, 9.125 ], "texture": "#texture12", "rotation": 270 },
				"up": { "uv": [ 11.5, 9.125, 5.5, 3.125 ], "texture": "#texture12", "rotation": 90 },
				"north": { "uv": [ 11, 9.125, 5, 3.125 ], "texture": "#texture12", "rotation": 270 },
				"south": { "uv": [ 11, 9.125, 5, 3.125 ], "texture": "#texture12", "rotation": 90 },
				"west": { "uv": [ 5, 4.5, 11, 10.5 ], "texture": "#texture12", "rotation": 270 },
				"east": { "uv": [ 11, 11.5, 5, 5.5 ], "texture": "#texture12", "rotation": 90 }
			}
		},
		{
			"__comment": "t7_m1",
			"from": [ -8.6507, 1.2856, 6.75 ],
			"to": [ -5.1507, 9.2856, 10.75 ],
			"rotation": { "origin": [ -5.5, 8, 6.75 ], "axis": "z", "angle": -22.5 },
			"faces": {
				"down": { "uv": [ 11, 10.5, 5, 4.5 ], "texture": "#texture12" },
				"up": { "uv": [ 11, 11.5, 5, 5.5 ], "texture": "#texture12" },
				"north": { "uv": [ 11, 9.125, 5, 3.125 ], "texture": "#texture12" },
				"south": { "uv": [ 11, 9.125, 5, 3.125 ], "texture": "#texture12" },
				"west": { "uv": [ 11.5, 9.125, 5.5, 3.125 ], "texture": "#texture12" },
				"east": { "uv": [ 10.5, 9.125, 4.5, 3.125 ], "texture": "#texture12" }
			}
		},
		{
			"__comment": "t8_m1",
			"from": [ -6.9927, 7.997, 6.5 ],
			"to": [ -3.4927, 9.997, 9 ],
			"rotation": { "origin": [ -7, 8, 6.5 ], "axis": "z", "angle": 22.5 },
			"faces": {
				"down": { "uv": [ 5.5, 3.125, 11.5, 9.125 ], "texture": "#texture12", "rotation": 90 },
				"up": { "uv": [ 10.5, 9.125, 4.5, 3.125 ], "texture": "#texture12", "rotation": 270 },
				"north": { "uv": [ 11, 9.125, 5, 3.125 ], "texture": "#texture12", "rotation": 90 },
				"south": { "uv": [ 11, 9.125, 5, 3.125 ], "texture": "#texture12", "rotation": 270 },
				"west": { "uv": [ 11, 11.5, 5, 5.5 ], "texture": "#texture12", "rotation": 270 },
				"east": { "uv": [ 5, 4.5, 11, 10.5 ], "texture": "#texture12", "rotation": 90 }
			}
		},
		{
			"__comment": "t1_m1",
			"from": [ 9, 11, 6.25 ],
			"to": [ 17, 15.5, 11.25 ],
			"rotation": { "origin": [ 9, 11, 6.25 ], "axis": "z", "angle": -22.5 },
			"faces": {
				"down": { "uv": [ 5, 5.5, 11, 11.5 ], "texture": "#texture2" },
				"up": { "uv": [ 5, 4.5, 11, 10.5 ], "texture": "#texture2" },
				"north": { "uv": [ 5, 3.125, 11, 9.125 ], "texture": "#texture2" },
				"south": { "uv": [ 5, 3.125, 11, 9.125 ], "texture": "#texture2" },
				"west": { "uv": [ 4.5, 3.125, 10.5, 9.125 ], "texture": "#texture2" },
				"east": { "uv": [ 5.5, 3.125, 11.5, 9.125 ], "texture": "#texture2" }
			}
		},
		{
			"__comment": "t2_m1",
			"from": [ 7, 10, 7.25 ],
			"to": [ 12.5, 15, 12.75 ],
			"faces": {
				"down": { "uv": [ 5, 5.5, 11, 11.5 ], "texture": "#texture2" },
				"up": { "uv": [ 5, 4.5, 11, 10.5 ], "texture": "#texture2" },
				"north": { "uv": [ 5, 3.125, 11, 9.125 ], "texture": "#texture2" },
				"south": { "uv": [ 5, 3.125, 11, 9.125 ], "texture": "#texture2" },
				"west": { "uv": [ 4.5, 3.125, 10.5, 9.125 ], "texture": "#texture2" },
				"east": { "uv": [ 5.5, 3.125, 11.5, 9.125 ], "texture": "#texture2" }
			}
		},
		{
			"__comment": "t3_m1",
			"from": [ 5.5, 7.5, 8.25 ],
			"to": [ 11, 13.5, 14.25 ],
			"rotation": { "origin": [ 5.5, 7.5, 8.25 ], "axis": "z", "angle": 22.5 },
			"faces": {
				"down": { "uv": [ 5, 5.5, 11, 11.5 ], "texture": "#texture2" },
				"up": { "uv": [ 5, 4.5, 11, 10.5 ], "texture": "#texture2" },
				"north": { "uv": [ 5, 3.125, 11, 9.125 ], "texture": "#texture2" },
				"south": { "uv": [ 5, 3.125, 11, 9.125 ], "texture": "#texture2" },
				"west": { "uv": [ 4.5, 3.125, 10.5, 9.125 ], "texture": "#texture2" },
				"east": { "uv": [ 5.5, 3.125, 11.5, 9.125 ], "texture": "#texture2" }
			}
		},
		{
			"__comment": "t4_m1",
			"from": [ 4, 3, 6.75 ],
			"to": [ 11.5, 11, 13.25 ],
			"rotation": { "origin": [ 4, 3, 6.75 ], "axis": "z", "angle": 45 },
			"faces": {
				"down": { "uv": [ 5, 5.5, 11, 11.5 ], "texture": "#texture2" },
				"up": { "uv": [ 5, 4.5, 11, 10.5 ], "texture": "#texture2" },
				"north": { "uv": [ 5, 3.125, 11, 9.125 ], "texture": "#texture2" },
				"south": { "uv": [ 5, 3.125, 11, 9.125 ], "texture": "#texture2" },
				"west": { "uv": [ 4.5, 3.125, 10.5, 9.125 ], "texture": "#texture2" },
				"east": { "uv": [ 5.5, 3.125, 11.5, 9.125 ], "texture": "#texture2" }
			}
		},
		{
			"__comment": "t5_m1",
			"from": [ 0.5, -3, 5.25 ],
			"to": [ 9.5, 7, 12.25 ],
			"rotation": { "origin": [ 0.5, -3, 5.25 ], "axis": "z", "angle": 45 },
			"faces": {
				"down": { "uv": [ 5, 5.5, 11, 11.5 ], "texture": "#texture2" },
				"up": { "uv": [ 5, 4.5, 11, 10.5 ], "texture": "#texture2" },
				"north": { "uv": [ 5, 3.125, 11, 9.125 ], "texture": "#texture2" },
				"south": { "uv": [ 5, 3.125, 11, 9.125 ], "texture": "#texture2" },
				"west": { "uv": [ 4.5, 3.125, 10.5, 9.125 ], "texture": "#texture2" },
				"east": { "uv": [ 5.5, 3.125, 11.5, 9.125 ], "texture": "#texture2" }
			}
		},
		{
			"__comment": "t6_m1",
			"from": [ -11.0431, -2.5033, 4.5 ],
			"to": [ -0.0430975, 4.4967, 10.5 ],
			"rotation": { "origin": [ -0.5, -3, 4.5 ], "axis": "z", "angle": -22.5 },
			"faces": {
				"down": { "uv": [ 4.5, 3.125, 10.5, 9.125 ], "texture": "#texture2", "rotation": 270 },
				"up": { "uv": [ 11.5, 9.125, 5.5, 3.125 ], "texture": "#texture2", "rotation": 90 },
				"north": { "uv": [ 11, 9.125, 5, 3.125 ], "texture": "#texture2", "rotation": 270 },
				"south": { "uv": [ 11, 9.125, 5, 3.125 ], "texture": "#texture2", "rotation": 90 },
				"west": { "uv": [ 5, 4.5, 11, 10.5 ], "texture": "#texture2", "rotation": 270 },
				"east": { "uv": [ 11, 11.5, 5, 5.5 ], "texture": "#texture2", "rotation": 90 }
			}
		},
		{
			"__comment": "t7_m1",
			"from": [ -8.6507, 1.2856, 4.25 ],
			"to": [ -5.1507, 9.2856, 8.25 ],
			"rotation": { "origin": [ -5.5, 8, 4.25 ], "axis": "z", "angle": -22.5 },
			"faces": {
				"down": { "uv": [ 11, 10.5, 5, 4.5 ], "texture": "#texture2" },
				"up": { "uv": [ 11, 11.5, 5, 5.5 ], "texture": "#texture2" },
				"north": { "uv": [ 11, 9.125, 5, 3.125 ], "texture": "#texture2" },
				"south": { "uv": [ 11, 9.125, 5, 3.125 ], "texture": "#texture2" },
				"west": { "uv": [ 11.5, 9.125, 5.5, 3.125 ], "texture": "#texture2" },
				"east": { "uv": [ 10.5, 9.125, 4.5, 3.125 ], "texture": "#texture2" }
			}
		},
		{
			"__comment": "t8_m1",
			"from": [ -6.9927, 7.997, 4 ],
			"to": [ -3.4927, 9.997, 6.5 ],
			"rotation": { "origin": [ -7, 8, 4 ], "axis": "z", "angle": 22.5 },
			"faces": {
				"down": { "uv": [ 5.5, 3.125, 11.5, 9.125 ], "texture": "#texture2", "rotation": 90 },
				"up": { "uv": [ 10.5, 9.125, 4.5, 3.125 ], "texture": "#texture2", "rotation": 270 },
				"north": { "uv": [ 11, 9.125, 5, 3.125 ], "texture": "#texture2", "rotation": 90 },
				"south": { "uv": [ 11, 9.125, 5, 3.125 ], "texture": "#texture2", "rotation": 270 },
				"west": { "uv": [ 11, 11.5, 5, 5.5 ], "texture": "#texture2", "rotation": 270 },
				"east": { "uv": [ 5, 4.5, 11, 10.5 ], "texture": "#texture2", "rotation": 90 }
			}
		},
		{
			"__comment": "t1_m1",
			"from": [ 9, 11, 3.75 ],
			"to": [ 17, 15.5, 8.75 ],
			"rotation": { "origin": [ 9, 11, 3.75 ], "axis": "z", "angle": -22.5 },
			"faces": {
				"down": { "uv": [ 5, 5.5, 11, 11.5 ], "texture": "#texture8" },
				"up": { "uv": [ 5, 4.5, 11, 10.5 ], "texture": "#texture8" },
				"north": { "uv": [ 5, 3.125, 11, 9.125 ], "texture": "#texture8" },
				"south": { "uv": [ 5, 3.125, 11, 9.125 ], "texture": "#texture8" },
				"west": { "uv": [ 4.5, 3.125, 10.5, 9.125 ], "texture": "#texture8" },
				"east": { "uv": [ 5.5, 3.125, 11.5, 9.125 ], "texture": "#texture8" }
			}
		},
		{
			"__comment": "t2_m1",
			"from": [ 7, 10, 2.25 ],
			"to": [ 12.5, 15, 7.75 ],
			"faces": {
				"down": { "uv": [ 5, 5.5, 11, 11.5 ], "texture": "#texture8" },
				"up": { "uv": [ 5, 4.5, 11, 10.5 ], "texture": "#texture8" },
				"north": { "uv": [ 5, 3.125, 11, 9.125 ], "texture": "#texture8" },
				"south": { "uv": [ 5, 3.125, 11, 9.125 ], "texture": "#texture8" },
				"west": { "uv": [ 4.5, 3.125, 10.5, 9.125 ], "texture": "#texture8" },
				"east": { "uv": [ 5.5, 3.125, 11.5, 9.125 ], "texture": "#texture8" }
			}
		},
		{
			"__comment": "t3_m1",
			"from": [ 5.5, 7.5, 0.75 ],
			"to": [ 11, 13.5, 6.75 ],
			"rotation": { "origin": [ 5.5, 7.5, 0.75 ], "axis": "z", "angle": 22.5 },
			"faces": {
				"down": { "uv": [ 5, 5.5, 11, 11.5 ], "texture": "#texture8" },
				"up": { "uv": [ 5, 4.5, 11, 10.5 ], "texture": "#texture8" },
				"north": { "uv": [ 5, 3.125, 11, 9.125 ], "texture": "#texture8" },
				"south": { "uv": [ 5, 3.125, 11, 9.125 ], "texture": "#texture8" },
				"west": { "uv": [ 4.5, 3.125, 10.5, 9.125 ], "texture": "#texture8" },
				"east": { "uv": [ 5.5, 3.125, 11.5, 9.125 ], "texture": "#texture8" }
			}
		},
		{
			"__comment": "t4_m1",
			"from": [ 4, 3, 1.75 ],
			"to": [ 11.5, 11, 8.25 ],
			"rotation": { "origin": [ 4, 3, 1.75 ], "axis": "z", "angle": 45 },
			"faces": {
				"down": { "uv": [ 5, 5.5, 11, 11.5 ], "texture": "#texture8" },
				"up": { "uv": [ 5, 4.5, 11, 10.5 ], "texture": "#texture8" },
				"north": { "uv": [ 5, 3.125, 11, 9.125 ], "texture": "#texture8" },
				"south": { "uv": [ 5, 3.125, 11, 9.125 ], "texture": "#texture8" },
				"west": { "uv": [ 4.5, 3.125, 10.5, 9.125 ], "texture": "#texture8" },
				"east": { "uv": [ 5.5, 3.125, 11.5, 9.125 ], "texture": "#texture8" }
			}
		},
		{
			"__comment": "t5_m1",
			"from": [ 0.5, -3, 2.75 ],
			"to": [ 9.5, 7, 9.75 ],
			"rotation": { "origin": [ 0.5, -3, 2.75 ], "axis": "z", "angle": 45 },
			"faces": {
				"down": { "uv": [ 5, 5.5, 11, 11.5 ], "texture": "#texture8" },
				"up": { "uv": [ 5, 4.5, 11, 10.5 ], "texture": "#texture8" },
				"north": { "uv": [ 5, 3.125, 11, 9.125 ], "texture": "#texture8" },
				"south": { "uv": [ 5, 3.125, 11, 9.125 ], "texture": "#texture8" },
				"west": { "uv": [ 4.5, 3.125, 10.5, 9.125 ], "texture": "#texture8" },
				"east": { "uv": [ 5.5, 3.125, 11.5, 9.125 ], "texture": "#texture8" }
			}
		},
		{
			"__comment": "t6_m1",
			"from": [ -11.0431, -2.5033, 4.5 ],
			"to": [ -0.0430975, 4.4967, 10.5 ],
			"rotation": { "origin": [ -0.5, -3, 4.5 ], "axis": "z", "angle": -22.5 },
			"faces": {
				"down": { "uv": [ 4.5, 3.125, 10.5, 9.125 ], "texture": "#texture8", "rotation": 270 },
				"up": { "uv": [ 11.5, 9.125, 5.5, 3.125 ], "texture": "#texture8", "rotation": 90 },
				"north": { "uv": [ 11, 9.125, 5, 3.125 ], "texture": "#texture8", "rotation": 270 },
				"south": { "uv": [ 11, 9.125, 5, 3.125 ], "texture": "#texture8", "rotation": 90 },
				"west": { "uv": [ 5, 4.5, 11, 10.5 ], "texture": "#texture8", "rotation": 270 },
				"east": { "uv": [ 11, 11.5, 5, 5.5 ], "texture": "#texture8", "rotation": 90 }
			}
		},
		{
			"__comment": "t7_m1",
			"from": [ -8.6507, 1.2856, 6.75 ],
			"to": [ -5.1507, 9.2856, 10.75 ],
			"rotation": { "origin": [ -5.5, 8, 6.75 ], "axis": "z", "angle": -22.5 },
			"faces": {
				"down": { "uv": [ 11, 10.5, 5, 4.5 ], "texture": "#texture8" },
				"up": { "uv": [ 11, 11.5, 5, 5.5 ], "texture": "#texture8" },
				"north": { "uv": [ 11, 9.125, 5, 3.125 ], "texture": "#texture8" },
				"south": { "uv": [ 11, 9.125, 5, 3.125 ], "texture": "#texture8" },
				"west": { "uv": [ 11.5, 9.125, 5.5, 3.125 ], "texture": "#texture8" },
				"east": { "uv": [ 10.5, 9.125, 4.5, 3.125 ], "texture": "#texture8" }
			}
		},
		{
			"__comment": "t8_m1",
			"from": [ -6.9927, 7.997, 9 ],
			"to": [ -3.4927, 9.997, 11.5 ],
			"rotation": { "origin": [ -7, 8, 9 ], "axis": "z", "angle": 22.5 },
			"faces": {
				"down": { "uv": [ 5.5, 3.125, 11.5, 9.125 ], "texture": "#texture8", "rotation": 90 },
				"up": { "uv": [ 10.5, 9.125, 4.5, 3.125 ], "texture": "#texture8", "rotation": 270 },
				"north": { "uv": [ 11, 9.125, 5, 3.125 ], "texture": "#texture8", "rotation": 90 },
				"south": { "uv": [ 11, 9.125, 5, 3.125 ], "texture": "#texture8", "rotation": 270 },
				"west": { "uv": [ 11, 11.5, 5, 5.5 ], "texture": "#texture8", "rotation": 270 },
				"east": { "uv": [ 5, 4.5, 11, 10.5 ], "texture": "#texture8", "rotation": 90 }
			}
		},
		{
			"__comment": "t1_m1",
			"from": [ 9, 11, 6.25 ],
			"to": [ 17, 15.5, 11.25 ],
			"rotation": { "origin": [ 9, 11, 6.25 ], "axis": "z", "angle": -22.5 },
			"faces": {
				"down": { "uv": [ 5, 5.5, 11, 11.5 ], "texture": "#texture6" },
				"up": { "uv": [ 5, 4.5, 11, 10.5 ], "texture": "#texture6" },
				"north": { "uv": [ 5, 3.125, 11, 9.125 ], "texture": "#texture6" },
				"south": { "uv": [ 5, 3.125, 11, 9.125 ], "texture": "#texture6" },
				"west": { "uv": [ 4.5, 3.125, 10.5, 9.125 ], "texture": "#texture6" },
				"east": { "uv": [ 5.5, 3.125, 11.5, 9.125 ], "texture": "#texture6" }
			}
		},
		{
			"__comment": "t2_m1",
			"from": [ 7, 10, 4.75 ],
			"to": [ 12.5, 15, 10.25 ],
			"faces": {
				"down": { "uv": [ 5, 5.5, 11, 11.5 ], "texture": "#texture6" },
				"up": { "uv": [ 5, 4.5, 11, 10.5 ], "texture": "#texture6" },
				"north": { "uv": [ 5, 3.125, 11, 9.125 ], "texture": "#texture6" },
				"south": { "uv": [ 5, 3.125, 11, 9.125 ], "texture": "#texture6" },
				"west": { "uv": [ 4.5, 3.125, 10.5, 9.125 ], "texture": "#texture6" },
				"east": { "uv": [ 5.5, 3.125, 11.5, 9.125 ], "texture": "#texture6" }
			}
		},
		{
			"__comment": "t3_m1",
			"from": [ 5.5, 7.5, 3.25 ],
			"to": [ 11, 13.5, 9.25 ],
			"rotation": { "origin": [ 5.5, 7.5, 3.25 ], "axis": "z", "angle": 22.5 },
			"faces": {
				"down": { "uv": [ 5, 5.5, 11, 11.5 ], "texture": "#texture6" },
				"up": { "uv": [ 5, 4.5, 11, 10.5 ], "texture": "#texture6" },
				"north": { "uv": [ 5, 3.125, 11, 9.125 ], "texture": "#texture6" },
				"south": { "uv": [ 5, 3.125, 11, 9.125 ], "texture": "#texture6" },
				"west": { "uv": [ 4.5, 3.125, 10.5, 9.125 ], "texture": "#texture6" },
				"east": { "uv": [ 5.5, 3.125, 11.5, 9.125 ], "texture": "#texture6" }
			}
		},
		{
			"__comment": "t4_m1",
			"from": [ 4, 3, 1.75 ],
			"to": [ 11.5, 11, 8.25 ],
			"rotation": { "origin": [ 4, 3, 1.75 ], "axis": "z", "angle": 45 },
			"faces": {
				"down": { "uv": [ 5, 5.5, 11, 11.5 ], "texture": "#texture6" },
				"up": { "uv": [ 5, 4.5, 11, 10.5 ], "texture": "#texture6" },
				"north": { "uv": [ 5, 3.125, 11, 9.125 ], "texture": "#texture6" },
				"south": { "uv": [ 5, 3.125, 11, 9.125 ], "texture": "#texture6" },
				"west": { "uv": [ 4.5, 3.125, 10.5, 9.125 ], "texture": "#texture6" },
				"east": { "uv": [ 5.5, 3.125, 11.5, 9.125 ], "texture": "#texture6" }
			}
		},
		{
			"__comment": "t5_m1",
			"from": [ 0.5, -3, 0.25 ],
			"to": [ 9.5, 7, 7.25 ],
			"rotation": { "origin": [ 0.5, -3, 0.25 ], "axis": "z", "angle": 45 },
			"faces": {
				"down": { "uv": [ 5, 5.5, 11, 11.5 ], "texture": "#texture6" },
				"up": { "uv": [ 5, 4.5, 11, 10.5 ], "texture": "#texture6" },
				"north": { "uv": [ 5, 3.125, 11, 9.125 ], "texture": "#texture6" },
				"south": { "uv": [ 5, 3.125, 11, 9.125 ], "texture": "#texture6" },
				"west": { "uv": [ 4.5, 3.125, 10.5, 9.125 ], "texture": "#texture6" },
				"east": { "uv": [ 5.5, 3.125, 11.5, 9.125 ], "texture": "#texture6" }
			}
		},
		{
			"__comment": "t6_m1",
			"from": [ -11.0431, -2.5033, 2 ],
			"to": [ -0.0430975, 4.4967, 8 ],
			"rotation": { "origin": [ -0.5, -3, 2 ], "axis": "z", "angle": -22.5 },
			"faces": {
				"down": { "uv": [ 4.5, 3.125, 10.5, 9.125 ], "texture": "#texture6", "rotation": 270 },
				"up": { "uv": [ 11.5, 9.125, 5.5, 3.125 ], "texture": "#texture6", "rotation": 90 },
				"north": { "uv": [ 11, 9.125, 5, 3.125 ], "texture": "#texture6", "rotation": 270 },
				"south": { "uv": [ 11, 9.125, 5, 3.125 ], "texture": "#texture6", "rotation": 90 },
				"west": { "uv": [ 5, 4.5, 11, 10.5 ], "texture": "#texture6", "rotation": 270 },
				"east": { "uv": [ 11, 11.5, 5, 5.5 ], "texture": "#texture6", "rotation": 90 }
			}
		},
		{
			"__comment": "t7_m1",
			"from": [ -8.6507, 1.2856, 4.25 ],
			"to": [ -5.1507, 9.2856, 8.25 ],
			"rotation": { "origin": [ -5.5, 8, 4.25 ], "axis": "z", "angle": -22.5 },
			"faces": {
				"down": { "uv": [ 11, 10.5, 5, 4.5 ], "texture": "#texture6" },
				"up": { "uv": [ 11, 11.5, 5, 5.5 ], "texture": "#texture6" },
				"north": { "uv": [ 11, 9.125, 5, 3.125 ], "texture": "#texture6" },
				"south": { "uv": [ 11, 9.125, 5, 3.125 ], "texture": "#texture6" },
				"west": { "uv": [ 11.5, 9.125, 5.5, 3.125 ], "texture": "#texture6" },
				"east": { "uv": [ 10.5, 9.125, 4.5, 3.125 ], "texture": "#texture6" }
			}
		},
		{
			"__comment": "t8_m1",
			"from": [ -6.9927, 7.997, 6.5 ],
			"to": [ -3.4927, 9.997, 9 ],
			"rotation": { "origin": [ -7, 8, 6.5 ], "axis": "z", "angle": 22.5 },
			"faces": {
				"down": { "uv": [ 5.5, 3.125, 11.5, 9.125 ], "texture": "#texture6", "rotation": 90 },
				"up": { "uv": [ 10.5, 9.125, 4.5, 3.125 ], "texture": "#texture6", "rotation": 270 },
				"north": { "uv": [ 11, 9.125, 5, 3.125 ], "texture": "#texture6", "rotation": 90 },
				"south": { "uv": [ 11, 9.125, 5, 3.125 ], "texture": "#texture6", "rotation": 270 },
				"west": { "uv": [ 11, 11.5, 5, 5.5 ], "texture": "#texture6", "rotation": 270 },
				"east": { "uv": [ 5, 4.5, 11, 10.5 ], "texture": "#texture6", "rotation": 90 }
			}
		},
		{
			"__comment": "t1_m1",
			"from": [ 9, 11, 1.25 ],
			"to": [ 17, 15.5, 6.25 ],
			"rotation": { "origin": [ 9, 11, 1.25 ], "axis": "z", "angle": -22.5 },
			"faces": {
				"down": { "uv": [ 5, 5.5, 11, 11.5 ], "texture": "#texture10" },
				"up": { "uv": [ 5, 4.5, 11, 10.5 ], "texture": "#texture10" },
				"north": { "uv": [ 5, 3.125, 11, 9.125 ], "texture": "#texture10" },
				"south": { "uv": [ 5, 3.125, 11, 9.125 ], "texture": "#texture10" },
				"west": { "uv": [ 4.5, 3.125, 10.5, 9.125 ], "texture": "#texture10" },
				"east": { "uv": [ 5.5, 3.125, 11.5, 9.125 ], "texture": "#texture10" }
			}
		},
		{
			"__comment": "t2_m1",
			"from": [ 7, 10, 2.25 ],
			"to": [ 12.5, 15, 7.75 ],
			"faces": {
				"down": { "uv": [ 5, 5.5, 11, 11.5 ], "texture": "#texture10" },
				"up": { "uv": [ 5, 4.5, 11, 10.5 ], "texture": "#texture10" },
				"north": { "uv": [ 5, 3.125, 11, 9.125 ], "texture": "#texture10" },
				"south": { "uv": [ 5, 3.125, 11, 9.125 ], "texture": "#texture10" },
				"west": { "uv": [ 4.5, 3.125, 10.5, 9.125 ], "texture": "#texture10" },
				"east": { "uv": [ 5.5, 3.125, 11.5, 9.125 ], "texture": "#texture10" }
			}
		},
		{
			"__comment": "t3_m1",
			"from": [ 5.5, 7.5, 3.25 ],
			"to": [ 11, 13.5, 9.25 ],
			"rotation": { "origin": [ 5.5, 7.5, 3.25 ], "axis": "z", "angle": 22.5 },
			"faces": {
				"down": { "uv": [ 5, 5.5, 11, 11.5 ], "texture": "#texture10" },
				"up": { "uv": [ 5, 4.5, 11, 10.5 ], "texture": "#texture10" },
				"north": { "uv": [ 5, 3.125, 11, 9.125 ], "texture": "#texture10" },
				"south": { "uv": [ 5, 3.125, 11, 9.125 ], "texture": "#texture10" },
				"west": { "uv": [ 4.5, 3.125, 10.5, 9.125 ], "texture": "#texture10" },
				"east": { "uv": [ 5.5, 3.125, 11.5, 9.125 ], "texture": "#texture10" }
			}
		},
		{
			"__comment": "t4_m1",
			"from": [ 4, 3, 4.25 ],
			"to": [ 11.5, 11, 10.75 ],
			"rotation": { "origin": [ 4, 3, 4.25 ], "axis": "z", "angle": 45 },
			"faces": {
				"down": { "uv": [ 5, 5.5, 11, 11.5 ], "texture": "#texture10" },
				"up": { "uv": [ 5, 4.5, 11, 10.5 ], "texture": "#texture10" },
				"north": { "uv": [ 5, 3.125, 11, 9.125 ], "texture": "#texture10" },
				"south": { "uv": [ 5, 3.125, 11, 9.125 ], "texture": "#texture10" },
				"west": { "uv": [ 4.5, 3.125, 10.5, 9.125 ], "texture": "#texture10" },
				"east": { "uv": [ 5.5, 3.125, 11.5, 9.125 ], "texture": "#texture10" }
			}
		},
		{
			"__comment": "t5_m1",
			"from": [ 0.5, -3, 5.25 ],
			"to": [ 9.5, 7, 12.25 ],
			"rotation": { "origin": [ 0.5, -3, 5.25 ], "axis": "z", "angle": 45 },
			"faces": {
				"down": { "uv": [ 5, 5.5, 11, 11.5 ], "texture": "#texture10" },
				"up": { "uv": [ 5, 4.5, 11, 10.5 ], "texture": "#texture10" },
				"north": { "uv": [ 5, 3.125, 11, 9.125 ], "texture": "#texture10" },
				"south": { "uv": [ 5, 3.125, 11, 9.125 ], "texture": "#texture10" },
				"west": { "uv": [ 4.5, 3.125, 10.5, 9.125 ], "texture": "#texture10" },
				"east": { "uv": [ 5.5, 3.125, 11.5, 9.125 ], "texture": "#texture10" }
			}
		},
		{
			"__comment": "t6_m1",
			"from": [ -11.0431, -2.5033, 7 ],
			"to": [ -0.0430975, 4.4967, 13 ],
			"rotation": { "origin": [ -0.5, -3, 7 ], "axis": "z", "angle": -22.5 },
			"faces": {
				"down": { "uv": [ 4.5, 3.125, 10.5, 9.125 ], "texture": "#texture10", "rotation": 270 },
				"up": { "uv": [ 11.5, 9.125, 5.5, 3.125 ], "texture": "#texture10", "rotation": 90 },
				"north": { "uv": [ 11, 9.125, 5, 3.125 ], "texture": "#texture10", "rotation": 270 },
				"south": { "uv": [ 11, 9.125, 5, 3.125 ], "texture": "#texture10", "rotation": 90 },
				"west": { "uv": [ 5, 4.5, 11, 10.5 ], "texture": "#texture10", "rotation": 270 },
				"east": { "uv": [ 11, 11.5, 5, 5.5 ], "texture": "#texture10", "rotation": 90 }
			}
		},
		{
			"__comment": "t7_m1",
			"from": [ -8.6507, 1.2856, 9.25 ],
			"to": [ -5.1507, 9.2856, 13.25 ],
			"rotation": { "origin": [ -5.5, 8, 9.25 ], "axis": "z", "angle": -22.5 },
			"faces": {
				"down": { "uv": [ 11, 10.5, 5, 4.5 ], "texture": "#texture10" },
				"up": { "uv": [ 11, 11.5, 5, 5.5 ], "texture": "#texture10" },
				"north": { "uv": [ 11, 9.125, 5, 3.125 ], "texture": "#texture10" },
				"south": { "uv": [ 11, 9.125, 5, 3.125 ], "texture": "#texture10" },
				"west": { "uv": [ 11.5, 9.125, 5.5, 3.125 ], "texture": "#texture10" },
				"east": { "uv": [ 10.5, 9.125, 4.5, 3.125 ], "texture": "#texture10" }
			}
		},
		{
			"__comment": "t8_m1",
			"from": [ -6.9927, 7.997, 9 ],
			"to": [ -3.4927, 9.997, 11.5 ],
			"rotation": { "origin": [ -7, 8, 9 ], "axis": "z", "angle": 22.5 },
			"faces": {
				"down": { "uv": [ 5.5, 3.125, 11.5, 9.125 ], "texture": "#texture10", "rotation": 90 },
				"up": { "uv": [ 10.5, 9.125, 4.5, 3.125 ], "texture": "#texture10", "rotation": 270 },
				"north": { "uv": [ 11, 9.125, 5, 3.125 ], "texture": "#texture10", "rotation": 90 },
				"south": { "uv": [ 11, 9.125, 5, 3.125 ], "texture": "#texture10", "rotation": 270 },
				"west": { "uv": [ 11, 11.5, 5, 5.5 ], "texture": "#texture10", "rotation": 270 },
				"east": { "uv": [ 5, 4.5, 11, 10.5 ], "texture": "#texture10", "rotation": 90 }
			}
		},
		{
			"__comment": "t1_m1",
			"from": [ 9, 11, 7.5 ],
			"to": [ 17, 15.5, 12.5 ],
			"rotation": { "origin": [ 9, 11, 7.5 ], "axis": "z", "angle": -22.5 },
			"faces": {
				"down": { "uv": [ 5, 5.5, 11, 11.5 ], "texture": "#texture3" },
				"up": { "uv": [ 5, 4.5, 11, 10.5 ], "texture": "#texture3" },
				"north": { "uv": [ 5, 3.125, 11, 9.125 ], "texture": "#texture3" },
				"south": { "uv": [ 5, 3.125, 11, 9.125 ], "texture": "#texture3" },
				"west": { "uv": [ 4.5, 3.125, 10.5, 9.125 ], "texture": "#texture3" },
				"east": { "uv": [ 5.5, 3.125, 11.5, 9.125 ], "texture": "#texture3" }
			}
		},
		{
			"__comment": "t2_m1",
			"from": [ 7, 10, 8.5 ],
			"to": [ 12.5, 15, 14 ],
			"faces": {
				"down": { "uv": [ 5, 5.5, 11, 11.5 ], "texture": "#texture3" },
				"up": { "uv": [ 5, 4.5, 11, 10.5 ], "texture": "#texture3" },
				"north": { "uv": [ 5, 3.125, 11, 9.125 ], "texture": "#texture3" },
				"south": { "uv": [ 5, 3.125, 11, 9.125 ], "texture": "#texture3" },
				"west": { "uv": [ 4.5, 3.125, 10.5, 9.125 ], "texture": "#texture3" },
				"east": { "uv": [ 5.5, 3.125, 11.5, 9.125 ], "texture": "#texture3" }
			}
		},
		{
			"__comment": "t3_m1",
			"from": [ 5.5, 7.5, 7 ],
			"to": [ 11, 13.5, 13 ],
			"rotation": { "origin": [ 5.5, 7.5, 7 ], "axis": "z", "angle": 22.5 },
			"faces": {
				"down": { "uv": [ 5, 5.5, 11, 11.5 ], "texture": "#texture3" },
				"up": { "uv": [ 5, 4.5, 11, 10.5 ], "texture": "#texture3" },
				"north": { "uv": [ 5, 3.125, 11, 9.125 ], "texture": "#texture3" },
				"south": { "uv": [ 5, 3.125, 11, 9.125 ], "texture": "#texture3" },
				"west": { "uv": [ 4.5, 3.125, 10.5, 9.125 ], "texture": "#texture3" },
				"east": { "uv": [ 5.5, 3.125, 11.5, 9.125 ], "texture": "#texture3" }
			}
		},
		{
			"__comment": "t4_m1",
			"from": [ 4, 3, 5.5 ],
			"to": [ 11.5, 11, 12 ],
			"rotation": { "origin": [ 4, 3, 5.5 ], "axis": "z", "angle": 45 },
			"faces": {
				"down": { "uv": [ 5, 5.5, 11, 11.5 ], "texture": "#texture3" },
				"up": { "uv": [ 5, 4.5, 11, 10.5 ], "texture": "#texture3" },
				"north": { "uv": [ 5, 3.125, 11, 9.125 ], "texture": "#texture3" },
				"south": { "uv": [ 5, 3.125, 11, 9.125 ], "texture": "#texture3" },
				"west": { "uv": [ 4.5, 3.125, 10.5, 9.125 ], "texture": "#texture3" },
				"east": { "uv": [ 5.5, 3.125, 11.5, 9.125 ], "texture": "#texture3" }
			}
		},
		{
			"__comment": "t5_m1",
			"from": [ 0.5, -3, 4 ],
			"to": [ 9.5, 7, 11 ],
			"rotation": { "origin": [ 0.5, -3, 4 ], "axis": "z", "angle": 45 },
			"faces": {
				"down": { "uv": [ 5, 5.5, 11, 11.5 ], "texture": "#texture3" },
				"up": { "uv": [ 5, 4.5, 11, 10.5 ], "texture": "#texture3" },
				"north": { "uv": [ 5, 3.125, 11, 9.125 ], "texture": "#texture3" },
				"south": { "uv": [ 5, 3.125, 11, 9.125 ], "texture": "#texture3" },
				"west": { "uv": [ 4.5, 3.125, 10.5, 9.125 ], "texture": "#texture3" },
				"east": { "uv": [ 5.5, 3.125, 11.5, 9.125 ], "texture": "#texture3" }
			}
		},
		{
			"__comment": "t6_m1",
			"from": [ -11.0431, -2.5033, 3.25 ],
			"to": [ -0.0430975, 4.4967, 9.25 ],
			"rotation": { "origin": [ -0.5, -3, 3.25 ], "axis": "z", "angle": -22.5 },
			"faces": {
				"down": { "uv": [ 4.5, 3.125, 10.5, 9.125 ], "texture": "#texture3", "rotation": 270 },
				"up": { "uv": [ 11.5, 9.125, 5.5, 3.125 ], "texture": "#texture3", "rotation": 90 },
				"north": { "uv": [ 11, 9.125, 5, 3.125 ], "texture": "#texture3", "rotation": 270 },
				"south": { "uv": [ 11, 9.125, 5, 3.125 ], "texture": "#texture3", "rotation": 90 },
				"west": { "uv": [ 5, 4.5, 11, 10.5 ], "texture": "#texture3", "rotation": 270 },
				"east": { "uv": [ 11, 11.5, 5, 5.5 ], "texture": "#texture3", "rotation": 90 }
			}
		},
		{
			"__comment": "t7_m1",
			"from": [ -8.6507, 1.2856, 3 ],
			"to": [ -5.1507, 9.2856, 7 ],
			"rotation": { "origin": [ -5.5, 8, 3 ], "axis": "z", "angle": -22.5 },
			"faces": {
				"down": { "uv": [ 11, 10.5, 5, 4.5 ], "texture": "#texture3" },
				"up": { "uv": [ 11, 11.5, 5, 5.5 ], "texture": "#texture3" },
				"north": { "uv": [ 11, 9.125, 5, 3.125 ], "texture": "#texture3" },
				"south": { "uv": [ 11, 9.125, 5, 3.125 ], "texture": "#texture3" },
				"west": { "uv": [ 11.5, 9.125, 5.5, 3.125 ], "texture": "#texture3" },
				"east": { "uv": [ 10.5, 9.125, 4.5, 3.125 ], "texture": "#texture3" }
			}
		},
		{
			"__comment": "t8_m1",
			"from": [ -6.9927, 7.997, 2.75 ],
			"to": [ -3.4927, 9.997, 5.25 ],
			"rotation": { "origin": [ -7, 8, 2.75 ], "axis": "z", "angle": 22.5 },
			"faces": {
				"down": { "uv": [ 5.5, 3.125, 11.5, 9.125 ], "texture": "#texture3", "rotation": 90 },
				"up": { "uv": [ 10.5, 9.125, 4.5, 3.125 ], "texture": "#texture3", "rotation": 270 },
				"north": { "uv": [ 11, 9.125, 5, 3.125 ], "texture": "#texture3", "rotation": 90 },
				"south": { "uv": [ 11, 9.125, 5, 3.125 ], "texture": "#texture3", "rotation": 270 },
				"west": { "uv": [ 11, 11.5, 5, 5.5 ], "texture": "#texture3", "rotation": 270 },
				"east": { "uv": [ 5, 4.5, 11, 10.5 ], "texture": "#texture3", "rotation": 90 }
			}
		},
		{
			"__comment": "t1_m1",
			"from": [ 9, 11, 2.5 ],
			"to": [ 17, 15.5, 7.5 ],
			"rotation": { "origin": [ 9, 11, 2.5 ], "axis": "z", "angle": -22.5 },
			"faces": {
				"down": { "uv": [ 5, 5.5, 11, 11.5 ], "texture": "#texture9" },
				"up": { "uv": [ 5, 4.5, 11, 10.5 ], "texture": "#texture9" },
				"north": { "uv": [ 5, 3.125, 11, 9.125 ], "texture": "#texture9" },
				"south": { "uv": [ 5, 3.125, 11, 9.125 ], "texture": "#texture9" },
				"west": { "uv": [ 4.5, 3.125, 10.5, 9.125 ], "texture": "#texture9" },
				"east": { "uv": [ 5.5, 3.125, 11.5, 9.125 ], "texture": "#texture9" }
			}
		},
		{
			"__comment": "t2_m1",
			"from": [ 7, 10, 1 ],
			"to": [ 12.5, 15, 6.5 ],
			"faces": {
				"down": { "uv": [ 5, 5.5, 11, 11.5 ], "texture": "#texture9" },
				"up": { "uv": [ 5, 4.5, 11, 10.5 ], "texture": "#texture9" },
				"north": { "uv": [ 5, 3.125, 11, 9.125 ], "texture": "#texture9" },
				"south": { "uv": [ 5, 3.125, 11, 9.125 ], "texture": "#texture9" },
				"west": { "uv": [ 4.5, 3.125, 10.5, 9.125 ], "texture": "#texture9" },
				"east": { "uv": [ 5.5, 3.125, 11.5, 9.125 ], "texture": "#texture9" }
			}
		},
		{
			"__comment": "t3_m1",
			"from": [ 5.5, 7.5, 2 ],
			"to": [ 11, 13.5, 8 ],
			"rotation": { "origin": [ 5.5, 7.5, 2 ], "axis": "z", "angle": 22.5 },
			"faces": {
				"down": { "uv": [ 5, 5.5, 11, 11.5 ], "texture": "#texture9" },
				"up": { "uv": [ 5, 4.5, 11, 10.5 ], "texture": "#texture9" },
				"north": { "uv": [ 5, 3.125, 11, 9.125 ], "texture": "#texture9" },
				"south": { "uv": [ 5, 3.125, 11, 9.125 ], "texture": "#texture9" },
				"west": { "uv": [ 4.5, 3.125, 10.5, 9.125 ], "texture": "#texture9" },
				"east": { "uv": [ 5.5, 3.125, 11.5, 9.125 ], "texture": "#texture9" }
			}
		},
		{
			"__comment": "t4_m1",
			"from": [ 4, 3, 3 ],
			"to": [ 11.5, 11, 9.5 ],
			"rotation": { "origin": [ 4, 3, 3 ], "axis": "z", "angle": 45 },
			"faces": {
				"down": { "uv": [ 5, 5.5, 11, 11.5 ], "texture": "#texture9" },
				"up": { "uv": [ 5, 4.5, 11, 10.5 ], "texture": "#texture9" },
				"north": { "uv": [ 5, 3.125, 11, 9.125 ], "texture": "#texture9" },
				"south": { "uv": [ 5, 3.125, 11, 9.125 ], "texture": "#texture9" },
				"west": { "uv": [ 4.5, 3.125, 10.5, 9.125 ], "texture": "#texture9" },
				"east": { "uv": [ 5.5, 3.125, 11.5, 9.125 ], "texture": "#texture9" }
			}
		},
		{
			"__comment": "t5_m1",
			"from": [ 0.5, -3, 4 ],
			"to": [ 9.5, 7, 11 ],
			"rotation": { "origin": [ 0.5, -3, 4 ], "axis": "z", "angle": 45 },
			"faces": {
				"down": { "uv": [ 5, 5.5, 11, 11.5 ], "texture": "#texture9" },
				"up": { "uv": [ 5, 4.5, 11, 10.5 ], "texture": "#texture9" },
				"north": { "uv": [ 5, 3.125, 11, 9.125 ], "texture": "#texture9" },
				"south": { "uv": [ 5, 3.125, 11, 9.125 ], "texture": "#texture9" },
				"west": { "uv": [ 4.5, 3.125, 10.5, 9.125 ], "texture": "#texture9" },
				"east": { "uv": [ 5.5, 3.125, 11.5, 9.125 ], "texture": "#texture9" }
			}
		},
		{
			"__comment": "t6_m1",
			"from": [ -11.0431, -2.5033, 5.75 ],
			"to": [ -0.0430975, 4.4967, 11.75 ],
			"rotation": { "origin": [ -0.5, -3, 5.75 ], "axis": "z", "angle": -22.5 },
			"faces": {
				"down": { "uv": [ 4.5, 3.125, 10.5, 9.125 ], "texture": "#texture9", "rotation": 270 },
				"up": { "uv": [ 11.5, 9.125, 5.5, 3.125 ], "texture": "#texture9", "rotation": 90 },
				"north": { "uv": [ 11, 9.125, 5, 3.125 ], "texture": "#texture9", "rotation": 270 },
				"south": { "uv": [ 11, 9.125, 5, 3.125 ], "texture": "#texture9", "rotation": 90 },
				"west": { "uv": [ 5, 4.5, 11, 10.5 ], "texture": "#texture9", "rotation": 270 },
				"east": { "uv": [ 11, 11.5, 5, 5.5 ], "texture": "#texture9", "rotation": 90 }
			}
		},
		{
			"__comment": "t7_m1",
			"from": [ -8.6507, 1.2856, 8 ],
			"to": [ -5.1507, 9.2856, 12 ],
			"rotation": { "origin": [ -5.5, 8, 8 ], "axis": "z", "angle": -22.5 },
			"faces": {
				"down": { "uv": [ 11, 10.5, 5, 4.5 ], "texture": "#texture9" },
				"up": { "uv": [ 11, 11.5, 5, 5.5 ], "texture": "#texture9" },
				"north": { "uv": [ 11, 9.125, 5, 3.125 ], "texture": "#texture9" },
				"south": { "uv": [ 11, 9.125, 5, 3.125 ], "texture": "#texture9" },
				"west": { "uv": [ 11.5, 9.125, 5.5, 3.125 ], "texture": "#texture9" },
				"east": { "uv": [ 10.5, 9.125, 4.5, 3.125 ], "texture": "#texture9" }
			}
		},
		{
			"__comment": "t8_m1",
			"from": [ -6.9927, 7.997, 10.25 ],
			"to": [ -3.4927, 9.997, 12.75 ],
			"rotation": { "origin": [ -7, 8, 10.25 ], "axis": "z", "angle": 22.5 },
			"faces": {
				"down": { "uv": [ 5.5, 3.125, 11.5, 9.125 ], "texture": "#texture9", "rotation": 90 },
				"up": { "uv": [ 10.5, 9.125, 4.5, 3.125 ], "texture": "#texture9", "rotation": 270 },
				"north": { "uv": [ 11, 9.125, 5, 3.125 ], "texture": "#texture9", "rotation": 90 },
				"south": { "uv": [ 11, 9.125, 5, 3.125 ], "texture": "#texture9", "rotation": 270 },
				"west": { "uv": [ 11, 11.5, 5, 5.5 ], "texture": "#texture9", "rotation": 270 },
				"east": { "uv": [ 5, 4.5, 11, 10.5 ], "texture": "#texture9", "rotation": 90 }
			}
		},
		{
			"__comment": "t1_m1",
			"from": [ 9, 11, 5 ],
			"to": [ 17, 15.5, 10 ],
			"rotation": { "origin": [ 9, 11, 5 ], "axis": "z", "angle": -22.5 },
			"faces": {
				"down": { "uv": [ 5, 5.5, 11, 11.5 ], "texture": "#texture7" },
				"up": { "uv": [ 5, 4.5, 11, 10.5 ], "texture": "#texture7" },
				"north": { "uv": [ 5, 3.125, 11, 9.125 ], "texture": "#texture7" },
				"south": { "uv": [ 5, 3.125, 11, 9.125 ], "texture": "#texture7" },
				"west": { "uv": [ 4.5, 3.125, 10.5, 9.125 ], "texture": "#texture7" },
				"east": { "uv": [ 5.5, 3.125, 11.5, 9.125 ], "texture": "#texture7" }
			}
		},
		{
			"__comment": "t2_m1",
			"from": [ 7, 10, 3.5 ],
			"to": [ 12.5, 15, 9 ],
			"faces": {
				"down": { "uv": [ 5, 5.5, 11, 11.5 ], "texture": "#texture7" },
				"up": { "uv": [ 5, 4.5, 11, 10.5 ], "texture": "#texture7" },
				"north": { "uv": [ 5, 3.125, 11, 9.125 ], "texture": "#texture7" },
				"south": { "uv": [ 5, 3.125, 11, 9.125 ], "texture": "#texture7" },
				"west": { "uv": [ 4.5, 3.125, 10.5, 9.125 ], "texture": "#texture7" },
				"east": { "uv": [ 5.5, 3.125, 11.5, 9.125 ], "texture": "#texture7" }
			}
		},
		{
			"__comment": "t3_m1",
			"from": [ 5.5, 7.5, 2 ],
			"to": [ 11, 13.5, 8 ],
			"rotation": { "origin": [ 5.5, 7.5, 2 ], "axis": "z", "angle": 22.5 },
			"faces": {
				"down": { "uv": [ 5, 5.5, 11, 11.5 ], "texture": "#texture7" },
				"up": { "uv": [ 5, 4.5, 11, 10.5 ], "texture": "#texture7" },
				"north": { "uv": [ 5, 3.125, 11, 9.125 ], "texture": "#texture7" },
				"south": { "uv": [ 5, 3.125, 11, 9.125 ], "texture": "#texture7" },
				"west": { "uv": [ 4.5, 3.125, 10.5, 9.125 ], "texture": "#texture7" },
				"east": { "uv": [ 5.5, 3.125, 11.5, 9.125 ], "texture": "#texture7" }
			}
		},
		{
			"__comment": "t4_m1",
			"from": [ 4, 3, 0.5 ],
			"to": [ 11.5, 11, 7 ],
			"rotation": { "origin": [ 4, 3, 0.5 ], "axis": "z", "angle": 45 },
			"faces": {
				"down": { "uv": [ 5, 5.5, 11, 11.5 ], "texture": "#texture7" },
				"up": { "uv": [ 5, 4.5, 11, 10.5 ], "texture": "#texture7" },
				"north": { "uv": [ 5, 3.125, 11, 9.125 ], "texture": "#texture7" },
				"south": { "uv": [ 5, 3.125, 11, 9.125 ], "texture": "#texture7" },
				"west": { "uv": [ 4.5, 3.125, 10.5, 9.125 ], "texture": "#texture7" },
				"east": { "uv": [ 5.5, 3.125, 11.5, 9.125 ], "texture": "#texture7" }
			}
		},
		{
			"__comment": "t5_m1",
			"from": [ 0.5, -3, 1.5 ],
			"to": [ 9.5, 7, 8.5 ],
			"rotation": { "origin": [ 0.5, -3, 1.5 ], "axis": "z", "angle": 45 },
			"faces": {
				"down": { "uv": [ 5, 5.5, 11, 11.5 ], "texture": "#texture7" },
				"up": { "uv": [ 5, 4.5, 11, 10.5 ], "texture": "#texture7" },
				"north": { "uv": [ 5, 3.125, 11, 9.125 ], "texture": "#texture7" },
				"south": { "uv": [ 5, 3.125, 11, 9.125 ], "texture": "#texture7" },
				"west": { "uv": [ 4.5, 3.125, 10.5, 9.125 ], "texture": "#texture7" },
				"east": { "uv": [ 5.5, 3.125, 11.5, 9.125 ], "texture": "#texture7" }
			}
		},
		{
			"__comment": "t6_m1",
			"from": [ -11.0431, -2.5033, 3.25 ],
			"to": [ -0.0430975, 4.4967, 9.25 ],
			"rotation": { "origin": [ -0.5, -3, 3.25 ], "axis": "z", "angle": -22.5 },
			"faces": {
				"down": { "uv": [ 4.5, 3.125, 10.5, 9.125 ], "texture": "#texture7", "rotation": 270 },
				"up": { "uv": [ 11.5, 9.125, 5.5, 3.125 ], "texture": "#texture7", "rotation": 90 },
				"north": { "uv": [ 11, 9.125, 5, 3.125 ], "texture": "#texture7", "rotation": 270 },
				"south": { "uv": [ 11, 9.125, 5, 3.125 ], "texture": "#texture7", "rotation": 90 },
				"west": { "uv": [ 5, 4.5, 11, 10.5 ], "texture": "#texture7", "rotation": 270 },
				"east": { "uv": [ 11, 11.5, 5, 5.5 ], "texture": "#texture7", "rotation": 90 }
			}
		},
		{
			"__comment": "t7_m1",
			"from": [ -8.6507, 1.2856, 5.5 ],
			"to": [ -5.1507, 9.2856, 9.5 ],
			"rotation": { "origin": [ -5.5, 8, 5.5 ], "axis": "z", "angle": -22.5 },
			"faces": {
				"down": { "uv": [ 11, 10.5, 5, 4.5 ], "texture": "#texture7" },
				"up": { "uv": [ 11, 11.5, 5, 5.5 ], "texture": "#texture7" },
				"north": { "uv": [ 11, 9.125, 5, 3.125 ], "texture": "#texture7" },
				"south": { "uv": [ 11, 9.125, 5, 3.125 ], "texture": "#texture7" },
				"west": { "uv": [ 11.5, 9.125, 5.5, 3.125 ], "texture": "#texture7" },
				"east": { "uv": [ 10.5, 9.125, 4.5, 3.125 ], "texture": "#texture7" }
			}
		},
		{
			"__comment": "t8_m1",
			"from": [ -6.9927, 7.997, 7.75 ],
			"to": [ -3.4927, 9.997, 10.25 ],
			"rotation": { "origin": [ -7, 8, 7.75 ], "axis": "z", "angle": 22.5 },
			"faces": {
				"down": { "uv": [ 5.5, 3.125, 11.5, 9.125 ], "texture": "#texture7", "rotation": 90 },
				"up": { "uv": [ 10.5, 9.125, 4.5, 3.125 ], "texture": "#texture7", "rotation": 270 },
				"north": { "uv": [ 11, 9.125, 5, 3.125 ], "texture": "#texture7", "rotation": 90 },
				"south": { "uv": [ 11, 9.125, 5, 3.125 ], "texture": "#texture7", "rotation": 270 },
				"west": { "uv": [ 11, 11.5, 5, 5.5 ], "texture": "#texture7", "rotation": 270 },
				"east": { "uv": [ 5, 4.5, 11, 10.5 ], "texture": "#texture7", "rotation": 90 }
			}
		},
		{
			"__comment": "t1_m1",
			"from": [ 9, 11, 2.5 ],
			"to": [ 17, 15.5, 7.5 ],
			"rotation": { "origin": [ 9, 11, 2.5 ], "axis": "z", "angle": -22.5 },
			"faces": {
				"down": { "uv": [ 5, 5.5, 11, 11.5 ], "texture": "#texture11" },
				"up": { "uv": [ 5, 4.5, 11, 10.5 ], "texture": "#texture11" },
				"north": { "uv": [ 5, 3.125, 11, 9.125 ], "texture": "#texture11" },
				"south": { "uv": [ 5, 3.125, 11, 9.125 ], "texture": "#texture11" },
				"west": { "uv": [ 4.5, 3.125, 10.5, 9.125 ], "texture": "#texture11" },
				"east": { "uv": [ 5.5, 3.125, 11.5, 9.125 ], "texture": "#texture11" }
			}
		},
		{
			"__comment": "t2_m1",
			"from": [ 7, 10, 3.5 ],
			"to": [ 12.5, 15, 9 ],
			"faces": {
				"down": { "uv": [ 5, 5.5, 11, 11.5 ], "texture": "#texture11" },
				"up": { "uv": [ 5, 4.5, 11, 10.5 ], "texture": "#texture11" },
				"north": { "uv": [ 5, 3.125, 11, 9.125 ], "texture": "#texture11" },
				"south": { "uv": [ 5, 3.125, 11, 9.125 ], "texture": "#texture11" },
				"west": { "uv": [ 4.5, 3.125, 10.5, 9.125 ], "texture": "#texture11" },
				"east": { "uv": [ 5.5, 3.125, 11.5, 9.125 ], "texture": "#texture11" }
			}
		},
		{
			"__comment": "t3_m1",
			"from": [ 5.5, 7.5, 4.5 ],
			"to": [ 11, 13.5, 10.5 ],
			"rotation": { "origin": [ 5.5, 7.5, 4.5 ], "axis": "z", "angle": 22.5 },
			"faces": {
				"down": { "uv": [ 5, 5.5, 11, 11.5 ], "texture": "#texture11" },
				"up": { "uv": [ 5, 4.5, 11, 10.5 ], "texture": "#texture11" },
				"north": { "uv": [ 5, 3.125, 11, 9.125 ], "texture": "#texture11" },
				"south": { "uv": [ 5, 3.125, 11, 9.125 ], "texture": "#texture11" },
				"west": { "uv": [ 4.5, 3.125, 10.5, 9.125 ], "texture": "#texture11" },
				"east": { "uv": [ 5.5, 3.125, 11.5, 9.125 ], "texture": "#texture11" }
			}
		},
		{
			"__comment": "t4_m1",
			"from": [ 4, 3, 5.5 ],
			"to": [ 11.5, 11, 12 ],
			"rotation": { "origin": [ 4, 3, 5.5 ], "axis": "z", "angle": 45 },
			"faces": {
				"down": { "uv": [ 5, 5.5, 11, 11.5 ], "texture": "#texture11" },
				"up": { "uv": [ 5, 4.5, 11, 10.5 ], "texture": "#texture11" },
				"north": { "uv": [ 5, 3.125, 11, 9.125 ], "texture": "#texture11" },
				"south": { "uv": [ 5, 3.125, 11, 9.125 ], "texture": "#texture11" },
				"west": { "uv": [ 4.5, 3.125, 10.5, 9.125 ], "texture": "#texture11" },
				"east": { "uv": [ 5.5, 3.125, 11.5, 9.125 ], "texture": "#texture11" }
			}
		},
		{
			"__comment": "t5_m1",
			"from": [ 0.5, -3, 6.5 ],
			"to": [ 9.5, 7, 13.5 ],
			"rotation": { "origin": [ 0.5, -3, 6.5 ], "axis": "z", "angle": 45 },
			"faces": {
				"down": { "uv": [ 5, 5.5, 11, 11.5 ], "texture": "#texture11" },
				"up": { "uv": [ 5, 4.5, 11, 10.5 ], "texture": "#texture11" },
				"north": { "uv": [ 5, 3.125, 11, 9.125 ], "texture": "#texture11" },
				"south": { "uv": [ 5, 3.125, 11, 9.125 ], "texture": "#texture11" },
				"west": { "uv": [ 4.5, 3.125, 10.5, 9.125 ], "texture": "#texture11" },
				"east": { "uv": [ 5.5, 3.125, 11.5, 9.125 ], "texture": "#texture11" }
			}
		},
		{
			"__comment": "t6_m1",
			"from": [ -11.0431, -2.5033, 8.25 ],
			"to": [ -0.0430975, 4.4967, 14.25 ],
			"rotation": { "origin": [ -0.5, -3, 8.25 ], "axis": "z", "angle": -22.5 },
			"faces": {
				"down": { "uv": [ 4.5, 3.125, 10.5, 9.125 ], "texture": "#texture11", "rotation": 270 },
				"up": { "uv": [ 11.5, 9.125, 5.5, 3.125 ], "texture": "#texture11", "rotation": 90 },
				"north": { "uv": [ 11, 9.125, 5, 3.125 ], "texture": "#texture11", "rotation": 270 },
				"south": { "uv": [ 11, 9.125, 5, 3.125 ], "texture": "#texture11", "rotation": 90 },
				"west": { "uv": [ 5, 4.5, 11, 10.5 ], "texture": "#texture11", "rotation": 270 },
				"east": { "uv": [ 11, 11.5, 5, 5.5 ], "texture": "#texture11", "rotation": 90 }
			}
		},
		{
			"__comment": "t7_m1",
			"from": [ -8.6507, 1.2856, 8 ],
			"to": [ -5.1507, 9.2856, 12 ],
			"rotation": { "origin": [ -5.5, 8, 8 ], "axis": "z", "angle": -22.5 },
			"faces": {
				"down": { "uv": [ 11, 10.5, 5, 4.5 ], "texture": "#texture11" },
				"up": { "uv": [ 11, 11.5, 5, 5.5 ], "texture": "#texture11" },
				"north": { "uv": [ 11, 9.125, 5, 3.125 ], "texture": "#texture11" },
				"south": { "uv": [ 11, 9.125, 5, 3.125 ], "texture": "#texture11" },
				"west": { "uv": [ 11.5, 9.125, 5.5, 3.125 ], "texture": "#texture11" },
				"east": { "uv": [ 10.5, 9.125, 4.5, 3.125 ], "texture": "#texture11" }
			}
		},
		{
			"__comment": "t8_m1",
			"from": [ -6.9927, 7.997, 7.75 ],
			"to": [ -3.4927, 9.997, 10.25 ],
			"rotation": { "origin": [ -7, 8, 7.75 ], "axis": "z", "angle": 22.5 },
			"faces": {
				"down": { "uv": [ 5.5, 3.125, 11.5, 9.125 ], "texture": "#texture11", "rotation": 90 },
				"up": { "uv": [ 10.5, 9.125, 4.5, 3.125 ], "texture": "#texture11", "rotation": 270 },
				"north": { "uv": [ 11, 9.125, 5, 3.125 ], "texture": "#texture11", "rotation": 90 },
				"south": { "uv": [ 11, 9.125, 5, 3.125 ], "texture": "#texture11", "rotation": 270 },
				"west": { "uv": [ 11, 11.5, 5, 5.5 ], "texture": "#texture11", "rotation": 270 },
				"east": { "uv": [ 5, 4.5, 11, 10.5 ], "texture": "#texture11", "rotation": 90 }
			}
		},
		{
			"__comment": "t1_m1",
			"from": [ 9, 11, 7.5 ],
			"to": [ 17, 15.5, 12.5 ],
			"rotation": { "origin": [ 9, 11, 7.5 ], "axis": "z", "angle": -22.5 },
			"faces": {
				"down": { "uv": [ 5, 5.5, 11, 11.5 ], "texture": "#texture5" },
				"up": { "uv": [ 5, 4.5, 11, 10.5 ], "texture": "#texture5" },
				"north": { "uv": [ 5, 3.125, 11, 9.125 ], "texture": "#texture5" },
				"south": { "uv": [ 5, 3.125, 11, 9.125 ], "texture": "#texture5" },
				"west": { "uv": [ 4.5, 3.125, 10.5, 9.125 ], "texture": "#texture5" },
				"east": { "uv": [ 5.5, 3.125, 11.5, 9.125 ], "texture": "#texture5" }
			}
		},
		{
			"__comment": "t2_m1",
			"from": [ 7, 10, 6 ],
			"to": [ 12.5, 15, 11.5 ],
			"faces": {
				"down": { "uv": [ 5, 5.5, 11, 11.5 ], "texture": "#texture5" },
				"up": { "uv": [ 5, 4.5, 11, 10.5 ], "texture": "#texture5" },
				"north": { "uv": [ 5, 3.125, 11, 9.125 ], "texture": "#texture5" },
				"south": { "uv": [ 5, 3.125, 11, 9.125 ], "texture": "#texture5" },
				"west": { "uv": [ 4.5, 3.125, 10.5, 9.125 ], "texture": "#texture5" },
				"east": { "uv": [ 5.5, 3.125, 11.5, 9.125 ], "texture": "#texture5" }
			}
		},
		{
			"__comment": "t3_m1",
			"from": [ 5.5, 7.5, 4.5 ],
			"to": [ 11, 13.5, 10.5 ],
			"rotation": { "origin": [ 5.5, 7.5, 4.5 ], "axis": "z", "angle": 22.5 },
			"faces": {
				"down": { "uv": [ 5, 5.5, 11, 11.5 ], "texture": "#texture5" },
				"up": { "uv": [ 5, 4.5, 11, 10.5 ], "texture": "#texture5" },
				"north": { "uv": [ 5, 3.125, 11, 9.125 ], "texture": "#texture5" },
				"south": { "uv": [ 5, 3.125, 11, 9.125 ], "texture": "#texture5" },
				"west": { "uv": [ 4.5, 3.125, 10.5, 9.125 ], "texture": "#texture5" },
				"east": { "uv": [ 5.5, 3.125, 11.5, 9.125 ], "texture": "#texture5" }
			}
		},
		{
			"__comment": "t4_m1",
			"from": [ 4, 3, 3 ],
			"to": [ 11.5, 11, 9.5 ],
			"rotation": { "origin": [ 4, 3, 3 ], "axis": "z", "angle": 45 },
			"faces": {
				"down": { "uv": [ 5, 5.5, 11, 11.5 ], "texture": "#texture5" },
				"up": { "uv": [ 5, 4.5, 11, 10.5 ], "texture": "#texture5" },
				"north": { "uv": [ 5, 3.125, 11, 9.125 ], "texture": "#texture5" },
				"south": { "uv": [ 5, 3.125, 11, 9.125 ], "texture": "#texture5" },
				"west": { "uv": [ 4.5, 3.125, 10.5, 9.125 ], "texture": "#texture5" },
				"east": { "uv": [ 5.5, 3.125, 11.5, 9.125 ], "texture": "#texture5" }
			}
		},
		{
			"__comment": "t5_m1",
			"from": [ 0.5, -3, 1.5 ],
			"to": [ 9.5, 7, 8.5 ],
			"rotation": { "origin": [ 0.5, -3, 1.5 ], "axis": "z", "angle": 45 },
			"faces": {
				"down": { "uv": [ 5, 5.5, 11, 11.5 ], "texture": "#texture5" },
				"up": { "uv": [ 5, 4.5, 11, 10.5 ], "texture": "#texture5" },
				"north": { "uv": [ 5, 3.125, 11, 9.125 ], "texture": "#texture5" },
				"south": { "uv": [ 5, 3.125, 11, 9.125 ], "texture": "#texture5" },
				"west": { "uv": [ 4.5, 3.125, 10.5, 9.125 ], "texture": "#texture5" },
				"east": { "uv": [ 5.5, 3.125, 11.5, 9.125 ], "texture": "#texture5" }
			}
		},
		{
			"__comment": "t6_m1",
			"from": [ -11.0431, -2.5033, 0.75 ],
			"to": [ -0.0430975, 4.4967, 6.75 ],
			"rotation": { "origin": [ -0.5, -3, 0.75 ], "axis": "z", "angle": -22.5 },
			"faces": {
				"down": { "uv": [ 4.5, 3.125, 10.5, 9.125 ], "texture": "#texture5", "rotation": 270 },
				"up": { "uv": [ 11.5, 9.125, 5.5, 3.125 ], "texture": "#texture5", "rotation": 90 },
				"north": { "uv": [ 11, 9.125, 5, 3.125 ], "texture": "#texture5", "rotation": 270 },
				"south": { "uv": [ 11, 9.125, 5, 3.125 ], "texture": "#texture5", "rotation": 90 },
				"west": { "uv": [ 5, 4.5, 11, 10.5 ], "texture": "#texture5", "rotation": 270 },
				"east": { "uv": [ 11, 11.5, 5, 5.5 ], "texture": "#texture5", "rotation": 90 }
			}
		},
		{
			"__comment": "t7_m1",
			"from": [ -8.6507, 1.2856, 3 ],
			"to": [ -5.1507, 9.2856, 7 ],
			"rotation": { "origin": [ -5.5, 8, 3 ], "axis": "z", "angle": -22.5 },
			"faces": {
				"down": { "uv": [ 11, 10.5, 5, 4.5 ], "texture": "#texture5" },
				"up": { "uv": [ 11, 11.5, 5, 5.5 ], "texture": "#texture5" },
				"north": { "uv": [ 11, 9.125, 5, 3.125 ], "texture": "#texture5" },
				"south": { "uv": [ 11, 9.125, 5, 3.125 ], "texture": "#texture5" },
				"west": { "uv": [ 11.5, 9.125, 5.5, 3.125 ], "texture": "#texture5" },
				"east": { "uv": [ 10.5, 9.125, 4.5, 3.125 ], "texture": "#texture5" }
			}
		},
		{
			"__comment": "t8_m1",
			"from": [ -6.9927, 7.997, 5.25 ],
			"to": [ -3.4927, 9.997, 7.75 ],
			"rotation": { "origin": [ -7, 8, 5.25 ], "axis": "z", "angle": 22.5 },
			"faces": {
				"down": { "uv": [ 5.5, 3.125, 11.5, 9.125 ], "texture": "#texture5", "rotation": 90 },
				"up": { "uv": [ 10.5, 9.125, 4.5, 3.125 ], "texture": "#texture5", "rotation": 270 },
				"north": { "uv": [ 11, 9.125, 5, 3.125 ], "texture": "#texture5", "rotation": 90 },
				"south": { "uv": [ 11, 9.125, 5, 3.125 ], "texture": "#texture5", "rotation": 270 },
				"west": { "uv": [ 11, 11.5, 5, 5.5 ], "texture": "#texture5", "rotation": 270 },
				"east": { "uv": [ 5, 4.5, 11, 10.5 ], "texture": "#texture5", "rotation": 90 }
			}
		}
	],
	"display": {
		"thirdperson_righthand": {
			"rotation":  [ 75, 45, 0 ],
			"translation":  [ 1.3913, 0.413, 0 ],
			"scale":  [ 0.375, 0.375, 0.375 ]
		},
		"thirdperson_lefthand": {
			"rotation":  [ 0, -90, -60 ],
			"translation":  [ -6.3, -11.67, 3 ],
			"scale":  [ 0.7, 0.7, 0.7 ]
		},
		"firstperson_righthand": {
			"rotation":  [ -70, 97, -53 ],
			"translation":  [ 4.8695, 0.6956, 0 ],
			"scale":  [ 0.5, 0.5, 0.5 ]
		},
		"firstperson_lefthand": {
			"scale":  [ 0.0001, 0.0001, 0.0001 ]
		},
		"gui": {
			"rotation":  [ 16, 13, 0 ],
			"translation":  [ 2.6043, 1.25, 2 ],
			"scale":  [ 0.7, 0.7, 0.7 ]
		},
		"head": {
			"scale":  [ 0.0001, 0.0001, 0.0001 ]
		},
		"ground": {
			"rotation":  [ -44, 0, -36 ],
			"translation":  [ 0, 2, 0 ],
			"scale":  [ 0.75, 0.75, 0.75 ]
		},
		"fixed": {
			"rotation":  [ 0, 180, 0 ],
			"translation":  [ -4.173, 2.0869, 0 ]
		}
	}
}