{
    "variants": {
        "power=0": [
		{ "model": "block/book3" },
		{ "model": "block/book3", "y": 90 },
		{ "model": "block/book3","y": 180  },
		{ "model": "block/book3", "y": 270  },
		{ "model": "block/book1" },
		{ "model": "block/book1", "y": 90 },
		{ "model": "block/book1","y": 180  },
		{ "model": "block/book1", "y": 270  },
		{ "model": "block/book2" },
		{ "model": "block/book2", "y": 90 },
		{ "model": "block/book2","y": 180  },
		{ "model": "block/book2", "y": 270  },
		{ "model": "block/book4" },
		{ "model": "block/book4", "y": 90 },
		{ "model": "block/book4","y": 180  },
		{ "model": "block/book4", "y": 270  },
		{ "model": "block/book5" },
		{ "model": "block/book5", "y": 90 },
		{ "model": "block/book5","y": 180  },
		{ "model": "block/book5", "y": 270  },
		{ "model": "block/book6" },
		{ "model": "block/book6", "y": 90 },
		{ "model": "block/book6","y": 180  },
		{ "model": "block/book6", "y": 270  }
		],
        "power=1": [
		{ "model": "block/book3" },
		{ "model": "block/book3", "y": 90 },
		{ "model": "block/book3","y": 180  },
		{ "model": "block/book3", "y": 270  },
		{ "model": "block/book1" },
		{ "model": "block/book1", "y": 90 },
		{ "model": "block/book1","y": 180  },
		{ "model": "block/book1", "y": 270  },
		{ "model": "block/book2" },
		{ "model": "block/book2", "y": 90 },
		{ "model": "block/book2","y": 180  },
		{ "model": "block/book2", "y": 270  },
		{ "model": "block/book4" },
		{ "model": "block/book4", "y": 90 },
		{ "model": "block/book4","y": 180  },
		{ "model": "block/book4", "y": 270  },
		{ "model": "block/book5" },
		{ "model": "block/book5", "y": 90 },
		{ "model": "block/book5","y": 180  },
		{ "model": "block/book5", "y": 270  },
		{ "model": "block/book6" },
		{ "model": "block/book6", "y": 90 },
		{ "model": "block/book6","y": 180  },
		{ "model": "block/book6", "y": 270  }
		],
        "power=2": [
		{ "model": "block/book3" },
		{ "model": "block/book3", "y": 90 },
		{ "model": "block/book3","y": 180  },
		{ "model": "block/book3", "y": 270  },
		{ "model": "block/book1" },
		{ "model": "block/book1", "y": 90 },
		{ "model": "block/book1","y": 180  },
		{ "model": "block/book1", "y": 270  },
		{ "model": "block/book2" },
		{ "model": "block/book2", "y": 90 },
		{ "model": "block/book2","y": 180  },
		{ "model": "block/book2", "y": 270  },
		{ "model": "block/book4" },
		{ "model": "block/book4", "y": 90 },
		{ "model": "block/book4","y": 180  },
		{ "model": "block/book4", "y": 270  },
		{ "model": "block/book5" },
		{ "model": "block/book5", "y": 90 },
		{ "model": "block/book5","y": 180  },
		{ "model": "block/book5", "y": 270  },
		{ "model": "block/book6" },
		{ "model": "block/book6", "y": 90 },
		{ "model": "block/book6","y": 180  },
		{ "model": "block/book6", "y": 270  }
		],
        "power=3": [
		{ "model": "block/book3" },
		{ "model": "block/book3", "y": 90 },
		{ "model": "block/book3","y": 180  },
		{ "model": "block/book3", "y": 270  },
		{ "model": "block/book1" },
		{ "model": "block/book1", "y": 90 },
		{ "model": "block/book1","y": 180  },
		{ "model": "block/book1", "y": 270  },
		{ "model": "block/book2" },
		{ "model": "block/book2", "y": 90 },
		{ "model": "block/book2","y": 180  },
		{ "model": "block/book2", "y": 270  },
		{ "model": "block/book4" },
		{ "model": "block/book4", "y": 90 },
		{ "model": "block/book4","y": 180  },
		{ "model": "block/book4", "y": 270  },
		{ "model": "block/book5" },
		{ "model": "block/book5", "y": 90 },
		{ "model": "block/book5","y": 180  },
		{ "model": "block/book5", "y": 270  },
		{ "model": "block/book6" },
		{ "model": "block/book6", "y": 90 },
		{ "model": "block/book6","y": 180  },
		{ "model": "block/book6", "y": 270  }
		],
        "power=4": [
		{ "model": "block/book3" },
		{ "model": "block/book3", "y": 90 },
		{ "model": "block/book3","y": 180  },
		{ "model": "block/book3", "y": 270  },
		{ "model": "block/book1" },
		{ "model": "block/book1", "y": 90 },
		{ "model": "block/book1","y": 180  },
		{ "model": "block/book1", "y": 270  },
		{ "model": "block/book2" },
		{ "model": "block/book2", "y": 90 },
		{ "model": "block/book2","y": 180  },
		{ "model": "block/book2", "y": 270  }
		],
        "power=5": [
		{ "model": "block/book3" },
		{ "model": "block/book3", "y": 90 },
		{ "model": "block/book3","y": 180  },
		{ "model": "block/book3", "y": 270  },
		{ "model": "block/book1" },
		{ "model": "block/book1", "y": 90 },
		{ "model": "block/book1","y": 180  },
		{ "model": "block/book1", "y": 270  },
		{ "model": "block/book2" },
		{ "model": "block/book2", "y": 90 },
		{ "model": "block/book2","y": 180  },
		{ "model": "block/book2", "y": 270  }
		],
        "power=6": [
		{ "model": "block/book3" },
		{ "model": "block/book3", "y": 90 },
		{ "model": "block/book3","y": 180  },
		{ "model": "block/book3", "y": 270  },
		{ "model": "block/book1" },
		{ "model": "block/book1", "y": 90 },
		{ "model": "block/book1","y": 180  },
		{ "model": "block/book1", "y": 270  },
		{ "model": "block/book2" },
		{ "model": "block/book2", "y": 90 },
		{ "model": "block/book2","y": 180  },
		{ "model": "block/book2", "y": 270  }
		],
        "power=7": [
		{ "model": "block/book3" },
		{ "model": "block/book3", "y": 90 },
		{ "model": "block/book3","y": 180  },
		{ "model": "block/book3", "y": 270  },
		{ "model": "block/book1" },
		{ "model": "block/book1", "y": 90 },
		{ "model": "block/book1","y": 180  },
		{ "model": "block/book1", "y": 270  },
		{ "model": "block/book2" },
		{ "model": "block/book2", "y": 90 },
		{ "model": "block/book2","y": 180  },
		{ "model": "block/book2", "y": 270  }
		],
        "power=8": [
		{ "model": "block/book3" },
		{ "model": "block/book3", "y": 90 },
		{ "model": "block/book3","y": 180  },
		{ "model": "block/book3", "y": 270  },
		{ "model": "block/book1" },
		{ "model": "block/book1", "y": 90 },
		{ "model": "block/book1","y": 180  },
		{ "model": "block/book1", "y": 270  },
		{ "model": "block/book2" },
		{ "model": "block/book2", "y": 90 },
		{ "model": "block/book2","y": 180  },
		{ "model": "block/book2", "y": 270  }
		],
        "power=9": [
		{ "model": "block/book3" },
		{ "model": "block/book3", "y": 90 },
		{ "model": "block/book3","y": 180  },
		{ "model": "block/book3", "y": 270  },
		{ "model": "block/book1" },
		{ "model": "block/book1", "y": 90 },
		{ "model": "block/book1","y": 180  },
		{ "model": "block/book1", "y": 270  },
		{ "model": "block/book2" },
		{ "model": "block/book2", "y": 90 },
		{ "model": "block/book2","y": 180  },
		{ "model": "block/book2", "y": 270  }
		],
        "power=10": [
		{ "model": "block/book3" },
		{ "model": "block/book3", "y": 90 },
		{ "model": "block/book3","y": 180  },
		{ "model": "block/book3", "y": 270  },
		{ "model": "block/book1" },
		{ "model": "block/book1", "y": 90 },
		{ "model": "block/book1","y": 180  },
		{ "model": "block/book1", "y": 270  },
		{ "model": "block/book2" },
		{ "model": "block/book2", "y": 90 },
		{ "model": "block/book2","y": 180  },
		{ "model": "block/book2", "y": 270  }
		],
        "power=11": [
		{ "model": "block/book3" },
		{ "model": "block/book3", "y": 90 },
		{ "model": "block/book3","y": 180  },
		{ "model": "block/book3", "y": 270  },
		{ "model": "block/book1" },
		{ "model": "block/book1", "y": 90 },
		{ "model": "block/book1","y": 180  },
		{ "model": "block/book1", "y": 270  },
		{ "model": "block/book2" },
		{ "model": "block/book2", "y": 90 },
		{ "model": "block/book2","y": 180  },
		{ "model": "block/book2", "y": 270  }
		],
        "power=12": [
		{ "model": "block/book3" },
		{ "model": "block/book3", "y": 90 },
		{ "model": "block/book3","y": 180  },
		{ "model": "block/book3", "y": 270  },
		{ "model": "block/book1" },
		{ "model": "block/book1", "y": 90 },
		{ "model": "block/book1","y": 180  },
		{ "model": "block/book1", "y": 270  },
		{ "model": "block/book2" },
		{ "model": "block/book2", "y": 90 },
		{ "model": "block/book2","y": 180  },
		{ "model": "block/book2", "y": 270  },
		{ "model": "block/book4" },
		{ "model": "block/book4", "y": 90 },
		{ "model": "block/book4","y": 180  },
		{ "model": "block/book4", "y": 270  },
		{ "model": "block/book5" },
		{ "model": "block/book5", "y": 90 },
		{ "model": "block/book5","y": 180  },
		{ "model": "block/book5", "y": 270  },
		{ "model": "block/book6" },
		{ "model": "block/book6", "y": 90 },
		{ "model": "block/book6","y": 180  },
		{ "model": "block/book6", "y": 270  }
		],
        "power=13": [
		{ "model": "block/book3" },
		{ "model": "block/book3", "y": 90 },
		{ "model": "block/book3","y": 180  },
		{ "model": "block/book3", "y": 270  },
		{ "model": "block/book1" },
		{ "model": "block/book1", "y": 90 },
		{ "model": "block/book1","y": 180  },
		{ "model": "block/book1", "y": 270  },
		{ "model": "block/book2" },
		{ "model": "block/book2", "y": 90 },
		{ "model": "block/book2","y": 180  },
		{ "model": "block/book2", "y": 270  },
		{ "model": "block/book4" },
		{ "model": "block/book4", "y": 90 },
		{ "model": "block/book4","y": 180  },
		{ "model": "block/book4", "y": 270  },
		{ "model": "block/book5" },
		{ "model": "block/book5", "y": 90 },
		{ "model": "block/book5","y": 180  },
		{ "model": "block/book5", "y": 270  },
		{ "model": "block/book6" },
		{ "model": "block/book6", "y": 90 },
		{ "model": "block/book6","y": 180  },
		{ "model": "block/book6", "y": 270  }
		],
        "power=14": [
		{ "model": "block/book3" },
		{ "model": "block/book3", "y": 90 },
		{ "model": "block/book3","y": 180  },
		{ "model": "block/book3", "y": 270  },
		{ "model": "block/book1" },
		{ "model": "block/book1", "y": 90 },
		{ "model": "block/book1","y": 180  },
		{ "model": "block/book1", "y": 270  },
		{ "model": "block/book2" },
		{ "model": "block/book2", "y": 90 },
		{ "model": "block/book2","y": 180  },
		{ "model": "block/book2", "y": 270  },
		{ "model": "block/book4" },
		{ "model": "block/book4", "y": 90 },
		{ "model": "block/book4","y": 180  },
		{ "model": "block/book4", "y": 270  },
		{ "model": "block/book5" },
		{ "model": "block/book5", "y": 90 },
		{ "model": "block/book5","y": 180  },
		{ "model": "block/book5", "y": 270  },
		{ "model": "block/book6" },
		{ "model": "block/book6", "y": 90 },
		{ "model": "block/book6","y": 180  },
		{ "model": "block/book6", "y": 270  }
		],
        "power=15": [
		{ "model": "block/book3" },
		{ "model": "block/book3", "y": 90 },
		{ "model": "block/book3","y": 180  },
		{ "model": "block/book3", "y": 270  },
		{ "model": "block/book1" },
		{ "model": "block/book1", "y": 90 },
		{ "model": "block/book1","y": 180  },
		{ "model": "block/book1", "y": 270  },
		{ "model": "block/book2" },
		{ "model": "block/book2", "y": 90 },
		{ "model": "block/book2","y": 180  },
		{ "model": "block/book2", "y": 270  },
		{ "model": "block/book4" },
		{ "model": "block/book4", "y": 90 },
		{ "model": "block/book4","y": 180  },
		{ "model": "block/book4", "y": 270  },
		{ "model": "block/book5" },
		{ "model": "block/book5", "y": 90 },
		{ "model": "block/book5","y": 180  },
		{ "model": "block/book5", "y": 270  },
		{ "model": "block/book6" },
		{ "model": "block/book6", "y": 90 },
		{ "model": "block/book6","y": 180  },
		{ "model": "block/book6", "y": 270  }
		]
    }
}
