{
	"__comment": "Designed by Zeibo with Cubik Studio - https://cubik.studio",
	"textures": {
		"texture": "etarmors/dragon_horn"
	},
	"elements": [ 	 
		{
			"__comment": "Box2",
			"from": [ 0.75, 12.75, 5 ],
			"to": [ 5.25, 16.25, 9.5 ],
			"rotation": { "origin": [ 0.75, 12.75, 5 ], "axis": "x", "angle": 22.5 },
			"faces": {
				"down": { "uv": [ 0, 7, 3.5, 11 ], "texture": "#texture" },
				"up": { "uv": [ 0, 5, 3.5, 9 ], "texture": "#texture" },
				"north": { "uv": [ 12.5, 0, 16, 3.5 ], "texture": "#texture" },
				"south": { "uv": [ 0, 0, 3.5, 3.5 ], "texture": "#texture" },
				"west": { "uv": [ 5, 0, 9, 3.5 ], "texture": "#texture" },
				"east": { "uv": [ 7, 0, 11, 3.5 ], "texture": "#texture" }
			}
		},
		{
			"__comment": "Box2",
			"from": [ 10.75, 12.75, 5.125 ],
			"to": [ 15.25, 16.25, 9.625 ],
			"rotation": { "origin": [ 10.75, 12.75, 5.125 ], "axis": "x", "angle": 22.5 },
			"faces": {
				"down": { "uv": [ 0, 7, 3.5, 11 ], "texture": "#texture" },
				"up": { "uv": [ 0, 5, 3.5, 9 ], "texture": "#texture" },
				"north": { "uv": [ 12.5, 0, 16, 3.5 ], "texture": "#texture" },
				"south": { "uv": [ 0, 0, 3.5, 3.5 ], "texture": "#texture" },
				"west": { "uv": [ 5, 0, 9, 3.5 ], "texture": "#texture" },
				"east": { "uv": [ 7, 0, 11, 3.5 ], "texture": "#texture" }
			}
		},
		{
			"__comment": "Box2",
			"from": [ 1.25, 19, -0.375 ],
			"to": [ 4.75, 22, 9.625 ],
			"rotation": { "origin": [ 1.25, 19, -0.375 ], "axis": "x", "angle": 45 },
			"faces": {
				"down": { "uv": [ 0, 7, 3.5, 11 ], "texture": "#texture" },
				"up": { "uv": [ 0, 5, 3.5, 9 ], "texture": "#texture" },
				"north": { "uv": [ 12.5, 0, 16, 3.5 ], "texture": "#texture" },
				"south": { "uv": [ 0, 0, 3.5, 3.5 ], "texture": "#texture" },
				"west": { "uv": [ 5, 0, 9, 3.5 ], "texture": "#texture" },
				"east": { "uv": [ 7, 0, 11, 3.5 ], "texture": "#texture" }
			}
		},
		{
			"__comment": "Box2",
			"from": [ 11.25, 18.875, -0.375 ],
			"to": [ 14.75, 21.875, 9.625 ],
			"rotation": { "origin": [ 11.25, 18.875, -0.375 ], "axis": "x", "angle": 45 },
			"faces": {
				"down": { "uv": [ 0, 7, 3.5, 11 ], "texture": "#texture" },
				"up": { "uv": [ 0, 5, 3.5, 9 ], "texture": "#texture" },
				"north": { "uv": [ 12.5, 0, 16, 3.5 ], "texture": "#texture" },
				"south": { "uv": [ 0, 0, 3.5, 3.5 ], "texture": "#texture" },
				"west": { "uv": [ 5, 0, 9, 3.5 ], "texture": "#texture" },
				"east": { "uv": [ 7, 0, 11, 3.5 ], "texture": "#texture" }
			}
		},
		{
			"__comment": "Box2",
			"from": [ 1.625, 22, -7.375 ],
			"to": [ 4.125, 24, 2.125 ],
			"rotation": { "origin": [ 1.625, 22, -7.375 ], "axis": "x", "angle": 22.5 },
			"faces": {
				"down": { "uv": [ 0, 7, 3.5, 11 ], "texture": "#texture" },
				"up": { "uv": [ 0, 5, 3.5, 9 ], "texture": "#texture" },
				"north": { "uv": [ 12.5, 0, 16, 3.5 ], "texture": "#texture" },
				"south": { "uv": [ 0, 0, 3.5, 3.5 ], "texture": "#texture" },
				"west": { "uv": [ 5, 0, 9, 3.5 ], "texture": "#texture" },
				"east": { "uv": [ 7, 0, 11, 3.5 ], "texture": "#texture" }
			}
		},
		{
			"__comment": "Box2",
			"from": [ 11.75, 22, -7.375 ],
			"to": [ 14.25, 24, 2.125 ],
			"rotation": { "origin": [ 11.75, 22, -7.375 ], "axis": "x", "angle": 22.5 },
			"faces": {
				"down": { "uv": [ 0, 7, 3.5, 11 ], "texture": "#texture" },
				"up": { "uv": [ 0, 5, 3.5, 9 ], "texture": "#texture" },
				"north": { "uv": [ 12.5, 0, 16, 3.5 ], "texture": "#texture" },
				"south": { "uv": [ 0, 0, 3.5, 3.5 ], "texture": "#texture" },
				"west": { "uv": [ 5, 0, 9, 3.5 ], "texture": "#texture" },
				"east": { "uv": [ 7, 0, 11, 3.5 ], "texture": "#texture" }
			}
		},
		{
			"__comment": "Box2",
			"from": [ 5, 16.5, 2.125 ],
			"to": [ 6.5, 18, 11.625 ],
			"rotation": { "origin": [ 5, 16.5, 2.125 ], "axis": "x", "angle": 22.5 },
			"faces": {
				"down": { "uv": [ 0, 7, 3.5, 11 ], "texture": "#texture" },
				"up": { "uv": [ 0, 5, 3.5, 9 ], "texture": "#texture" },
				"north": { "uv": [ 12.5, 0, 16, 3.5 ], "texture": "#texture" },
				"south": { "uv": [ 0, 0, 3.5, 3.5 ], "texture": "#texture" },
				"west": { "uv": [ 5, 0, 9, 3.5 ], "texture": "#texture" },
				"east": { "uv": [ 7, 0, 11, 3.5 ], "texture": "#texture" }
			}
		},
		{
			"__comment": "Box2",
			"from": [ 9.375, 16.5, 2.125 ],
			"to": [ 10.875, 18, 11.625 ],
			"rotation": { "origin": [ 9.375, 16.5, 2.125 ], "axis": "x", "angle": 22.5 },
			"faces": {
				"down": { "uv": [ 0, 7, 3.5, 11 ], "texture": "#texture" },
				"up": { "uv": [ 0, 5, 3.5, 9 ], "texture": "#texture" },
				"north": { "uv": [ 12.5, 0, 16, 3.5 ], "texture": "#texture" },
				"south": { "uv": [ 0, 0, 3.5, 3.5 ], "texture": "#texture" },
				"west": { "uv": [ 5, 0, 9, 3.5 ], "texture": "#texture" },
				"east": { "uv": [ 7, 0, 11, 3.5 ], "texture": "#texture" }
			}
		},
		{
			"__comment": "Box2",
			"from": [ -0.125, 9, 6 ],
			"to": [ 1.375, 10.5, 8.5 ],
			"rotation": { "origin": [ -0.125, 9, 6 ], "axis": "x", "angle": -22.5 },
			"faces": {
				"down": { "uv": [ 0, 7, 3.5, 11 ], "texture": "#texture" },
				"up": { "uv": [ 0, 5, 3.5, 9 ], "texture": "#texture" },
				"north": { "uv": [ 12.5, 0, 16, 3.5 ], "texture": "#texture" },
				"south": { "uv": [ 0, 0, 3.5, 3.5 ], "texture": "#texture" },
				"west": { "uv": [ 5, 0, 9, 3.5 ], "texture": "#texture" },
				"east": { "uv": [ 7, 0, 11, 3.5 ], "texture": "#texture" }
			}
		},
		{
			"__comment": "Box2",
			"from": [ 0.375, 11, 7.125 ],
			"to": [ 2.375, 13.5, 9.625 ],
			"rotation": { "origin": [ 0.375, 11, 7.125 ], "axis": "x", "angle": 45 },
			"faces": {
				"down": { "uv": [ 0, 7, 3.5, 11 ], "texture": "#texture" },
				"up": { "uv": [ 0, 5, 3.5, 9 ], "texture": "#texture" },
				"north": { "uv": [ 12.5, 0, 16, 3.5 ], "texture": "#texture" },
				"south": { "uv": [ 0, 0, 3.5, 3.5 ], "texture": "#texture" },
				"west": { "uv": [ 5, 0, 9, 3.5 ], "texture": "#texture" },
				"east": { "uv": [ 7, 0, 11, 3.5 ], "texture": "#texture" }
			}
		},
		{
			"__comment": "Box2",
			"from": [ 13.5, 10.875, 7.125 ],
			"to": [ 15.5, 13.375, 9.625 ],
			"rotation": { "origin": [ 13.5, 10.875, 7.125 ], "axis": "x", "angle": 45 },
			"faces": {
				"down": { "uv": [ 0, 7, 3.5, 11 ], "texture": "#texture" },
				"up": { "uv": [ 0, 5, 3.5, 9 ], "texture": "#texture" },
				"north": { "uv": [ 12.5, 0, 16, 3.5 ], "texture": "#texture" },
				"south": { "uv": [ 0, 0, 3.5, 3.5 ], "texture": "#texture" },
				"west": { "uv": [ 5, 0, 9, 3.5 ], "texture": "#texture" },
				"east": { "uv": [ 7, 0, 11, 3.5 ], "texture": "#texture" }
			}
		},
		{
			"__comment": "Box2",
			"from": [ 14.375, 9.125, 6 ],
			"to": [ 15.875, 10.625, 8.5 ],
			"rotation": { "origin": [ 14.375, 9.125, 6 ], "axis": "x", "angle": -22.5 },
			"faces": {
				"down": { "uv": [ 0, 7, 3.5, 11 ], "texture": "#texture" },
				"up": { "uv": [ 0, 5, 3.5, 9 ], "texture": "#texture" },
				"north": { "uv": [ 12.5, 0, 16, 3.5 ], "texture": "#texture" },
				"south": { "uv": [ 0, 0, 3.5, 3.5 ], "texture": "#texture" },
				"west": { "uv": [ 5, 0, 9, 3.5 ], "texture": "#texture" },
				"east": { "uv": [ 7, 0, 11, 3.5 ], "texture": "#texture" }
			}
		},
		{
			"__comment": "Box2",
			"from": [ -0.375, 8.875, 2.5 ],
			"to": [ 0.625, 10.375, 6 ],
			"faces": {
				"down": { "uv": [ 0, 7, 3.5, 11 ], "texture": "#texture" },
				"up": { "uv": [ 0, 5, 3.5, 9 ], "texture": "#texture" },
				"north": { "uv": [ 12.5, 0, 16, 3.5 ], "texture": "#texture" },
				"south": { "uv": [ 0, 0, 3.5, 3.5 ], "texture": "#texture" },
				"west": { "uv": [ 5, 0, 9, 3.5 ], "texture": "#texture" },
				"east": { "uv": [ 7, 0, 11, 3.5 ], "texture": "#texture" }
			}
		},
		{
			"__comment": "Box2",
			"from": [ 15.125, 8.875, 2.5 ],
			"to": [ 16.125, 10.375, 6 ],
			"faces": {
				"down": { "uv": [ 0, 7, 3.5, 11 ], "texture": "#texture" },
				"up": { "uv": [ 0, 5, 3.5, 9 ], "texture": "#texture" },
				"north": { "uv": [ 12.5, 0, 16, 3.5 ], "texture": "#texture" },
				"south": { "uv": [ 0, 0, 3.5, 3.5 ], "texture": "#texture" },
				"west": { "uv": [ 5, 0, 9, 3.5 ], "texture": "#texture" },
				"east": { "uv": [ 7, 0, 11, 3.5 ], "texture": "#texture" }
			}
		},
		{
			"__comment": "Box2",
			"from": [ 12.5, 19.625, -6.875 ],
			"to": [ 13.5, 20.625, 0.125 ],
			"faces": {
				"down": { "uv": [ 0, 7, 3.5, 11 ], "texture": "#texture" },
				"up": { "uv": [ 0, 5, 3.5, 9 ], "texture": "#texture" },
				"north": { "uv": [ 12.5, 0, 16, 3.5 ], "texture": "#texture" },
				"south": { "uv": [ 0, 0, 3.5, 3.5 ], "texture": "#texture" },
				"west": { "uv": [ 5, 0, 9, 3.5 ], "texture": "#texture" },
				"east": { "uv": [ 7, 0, 11, 3.5 ], "texture": "#texture" }
			}
		},
		{
			"__comment": "Box2",
			"from": [ 2.5, 20.125, -8.5 ],
			"to": [ 4, 21.125, -2.5 ],
			"rotation": { "origin": [ 2.5, 20.125, -8.5 ], "axis": "z", "angle": 45 },
			"faces": {
				"down": { "uv": [ 0, 7, 3.5, 11 ], "texture": "#texture" },
				"up": { "uv": [ 0, 5, 3.5, 9 ], "texture": "#texture" },
				"north": { "uv": [ 12.5, 0, 16, 3.5 ], "texture": "#texture" },
				"south": { "uv": [ 0, 0, 3.5, 3.5 ], "texture": "#texture" },
				"west": { "uv": [ 5, 0, 9, 3.5 ], "texture": "#texture" },
				"east": { "uv": [ 7, 0, 11, 3.5 ], "texture": "#texture" }
			}
		}
	],
	"display": {
		"thirdperson_righthand": {
			"rotation":  [ 0, -33, 0 ],
			"translation":  [ 0.6959, -2.782, 1.3913 ],
			"scale":  [ 0.5, 0.5, 0.5 ]
		},
		"thirdperson_lefthand": {
			"rotation":  [ 0, -33, 0 ],
			"translation":  [ 0.6959, -2.782, 1.3913 ],
			"scale":  [ 0.5, 0.5, 0.5 ]
		},
		"firstperson_righthand": {
			"rotation":  [ 16, 19, 0 ],
			"translation":  [ 3.4782, -2.086, 0 ],
			"scale":  [ 0.5, 0.5, 0.5 ]
		},
		"firstperson_lefthand": {
			"rotation":  [ 16, 19, 0 ],
			"translation":  [ 3.4782, -2.086, 0 ],
			"scale":  [ 0.5, 0.5, 0.5 ]
		},
		"gui": {
			"rotation":  [ 0, -19, 0 ],
			"translation":  [ -0.695, -6.259, 10 ],
			"scale":  [ 0.85, 0.85, 0.85 ]
		},
		"head": {
			"rotation":  [ 8, 180, 0 ],
			"translation":  [ 0, 0.6956, -1.391 ]
		},
		"fixed": {
			"rotation":  [ -33, 180, 0 ],
			"translation":  [ 0, -2.782, 0 ]
		}
	}
}