{
"__comment": "Designed by S9855027 with BDcraft Cubik PRO 0.96 Beta - http://bdcraft.net",
"textures": {
    "particle": "items/Crystal",
    "texture": "items/Crystal",
    "Crystal": "items/Crystal",
    "Crystal_light": "items/Crystal_light"
},
"elements": [ 
{
    "from": [ 0, 25, 0 ],
    "to": [ 14, 27, 2 ],
    "faces": {
        "down":  { "uv": [ 16, 2, 2, 0 ], "texture": "#texture" },
        "up":    { "uv": [ 0, 0, 14, 2 ], "texture": "#texture" },
        "north": { "uv": [ 2, 0, 16, 0 ], "texture": "#texture" },
        "south": { "uv": [ 0, 0, 14, 0 ], "texture": "#texture" },
        "west":  { "uv": [ 0, 0, 2, 0 ], "texture": "#texture" },
        "east":  { "uv": [ 14, 0, 16, 0 ], "texture": "#texture" }
    }
},
{
    "from": [ 2, 25, 14 ],
    "to": [ 16, 27, 16 ],
    "faces": {
        "down":  { "uv": [ 14, 16, 0, 14 ], "texture": "#texture" },
        "up":    { "uv": [ 2, 14, 16, 16 ], "texture": "#texture" },
        "north": { "uv": [ 0, 0, 14, 0 ], "texture": "#texture" },
        "south": { "uv": [ 2, 0, 16, 0 ], "texture": "#texture" },
        "west":  { "uv": [ 14, 0, 16, 0 ], "texture": "#texture" },
        "east":  { "uv": [ 0, 0, 2, 0 ], "texture": "#texture" }
    }
},
{
    "from": [ 14, 25, 0 ],
    "to": [ 16, 27, 14 ],
    "faces": {
        "down":  { "uv": [ 2, 14, 0, 0 ], "texture": "#texture" },
        "up":    { "uv": [ 14, 0, 16, 14 ], "texture": "#texture" },
        "north": { "uv": [ 0, 0, 2, 0 ], "texture": "#texture" },
        "south": { "uv": [ 14, 0, 16, 0 ], "texture": "#texture" },
        "west":  { "uv": [ 0, 0, 14, 0 ], "texture": "#texture" },
        "east":  { "uv": [ 2, 0, 16, 0 ], "texture": "#texture" }
    }
},
{
    "from": [ 0, 25, 2 ],
    "to": [ 2, 27, 16 ],
    "faces": {
        "down":  { "uv": [ 16, 16, 14, 2 ], "texture": "#texture" },
        "up":    { "uv": [ 0, 2, 2, 16 ], "texture": "#texture" },
        "north": { "uv": [ 14, 0, 16, 0 ], "texture": "#texture" },
        "south": { "uv": [ 0, 0, 2, 0 ], "texture": "#texture" },
        "west":  { "uv": [ 2, 0, 16, 0 ], "texture": "#texture" },
        "east":  { "uv": [ 0, 0, 14, 0 ], "texture": "#texture" }
    }
},
{
    "from": [ 0, 11, 0 ],
    "to": [ 14, 13, 2 ],
    "faces": {
        "down":  { "uv": [ 16, 2, 2, 0 ], "texture": "#texture" },
        "up":    { "uv": [ 0, 0, 14, 2 ], "texture": "#texture" },
        "north": { "uv": [ 2, 3, 16, 5 ], "texture": "#texture" },
        "south": { "uv": [ 0, 3, 14, 5 ], "texture": "#texture" },
        "west":  { "uv": [ 0, 3, 2, 5 ], "texture": "#texture" },
        "east":  { "uv": [ 14, 3, 16, 5 ], "texture": "#texture" }
    }
},
{
    "from": [ 2, 11, 14 ],
    "to": [ 16, 13, 16 ],
    "faces": {
        "down":  { "uv": [ 14, 16, 0, 14 ], "texture": "#texture" },
        "up":    { "uv": [ 2, 14, 16, 16 ], "texture": "#texture" },
        "north": { "uv": [ 0, 3, 14, 5 ], "texture": "#texture" },
        "south": { "uv": [ 2, 3, 16, 5 ], "texture": "#texture" },
        "west":  { "uv": [ 14, 3, 16, 5 ], "texture": "#texture" },
        "east":  { "uv": [ 0, 3, 2, 5 ], "texture": "#texture" }
    }
},
{
    "from": [ 14, 11, 0 ],
    "to": [ 16, 13, 14 ],
    "faces": {
        "down":  { "uv": [ 2, 14, 0, 0 ], "texture": "#texture" },
        "up":    { "uv": [ 14, 0, 16, 14 ], "texture": "#texture" },
        "north": { "uv": [ 0, 3, 2, 5 ], "texture": "#texture" },
        "south": { "uv": [ 14, 3, 16, 5 ], "texture": "#texture" },
        "west":  { "uv": [ 0, 3, 14, 5 ], "texture": "#texture" },
        "east":  { "uv": [ 2, 3, 16, 5 ], "texture": "#texture" }
    }
},
{
    "from": [ 0, 13, 0 ],
    "to": [ 2, 25, 2 ],
    "faces": {
        "down":  { "uv": [ 16, 2, 14, 0 ], "texture": "#texture" },
        "up":    { "uv": [ 0, 0, 2, 2 ], "texture": "#texture" },
        "north": { "uv": [ 14, 0, 16, 3 ], "texture": "#texture" },
        "south": { "uv": [ 0, 0, 2, 3 ], "texture": "#texture" },
        "west":  { "uv": [ 0, 0, 2, 3 ], "texture": "#texture" },
        "east":  { "uv": [ 14, 0, 16, 3 ], "texture": "#texture" }
    }
},
{
    "from": [ 0, 11, 2 ],
    "to": [ 2, 13, 16 ],
    "faces": {
        "down":  { "uv": [ 16, 16, 14, 2 ], "texture": "#texture" },
        "up":    { "uv": [ 0, 2, 2, 16 ], "texture": "#texture" },
        "north": { "uv": [ 14, 3, 16, 5 ], "texture": "#texture" },
        "south": { "uv": [ 0, 3, 2, 5 ], "texture": "#texture" },
        "west":  { "uv": [ 2, 3, 16, 5 ], "texture": "#texture" },
        "east":  { "uv": [ 0, 3, 14, 5 ], "texture": "#texture" }
    }
},
{
    "from": [ 14, 13, 0 ],
    "to": [ 16, 25, 2 ],
    "faces": {
        "down":  { "uv": [ 2, 2, 0, 0 ], "texture": "#texture" },
        "up":    { "uv": [ 14, 0, 16, 2 ], "texture": "#texture" },
        "north": { "uv": [ 0, 0, 2, 3 ], "texture": "#texture" },
        "south": { "uv": [ 14, 0, 16, 3 ], "texture": "#texture" },
        "west":  { "uv": [ 0, 0, 2, 3 ], "texture": "#texture" },
        "east":  { "uv": [ 14, 0, 16, 3 ], "texture": "#texture" }
    }
},
{
    "from": [ 0, 13, 14 ],
    "to": [ 2, 25, 16 ],
    "faces": {
        "down":  { "uv": [ 16, 16, 14, 14 ], "texture": "#texture" },
        "up":    { "uv": [ 0, 14, 2, 16 ], "texture": "#texture" },
        "north": { "uv": [ 14, 0, 16, 3 ], "texture": "#texture" },
        "south": { "uv": [ 0, 0, 2, 3 ], "texture": "#texture" },
        "west":  { "uv": [ 14, 0, 16, 3 ], "texture": "#texture" },
        "east":  { "uv": [ 0, 0, 2, 3 ], "texture": "#texture" }
    }
},
{
    "from": [ 14, 13, 14 ],
    "to": [ 16, 25, 16 ],
    "faces": {
        "down":  { "uv": [ 2, 16, 0, 14 ], "texture": "#texture" },
        "up":    { "uv": [ 14, 14, 16, 16 ], "texture": "#texture" },
        "north": { "uv": [ 0, 0, 2, 3 ], "texture": "#texture" },
        "south": { "uv": [ 14, 0, 16, 3 ], "texture": "#texture" },
        "west":  { "uv": [ 14, 0, 16, 3 ], "texture": "#texture" },
        "east":  { "uv": [ 0, 0, 2, 3 ], "texture": "#texture" }
    }
},
{
    "from": [ -1, 24, -1 ],
    "to": [ 3, 28, 3 ],
    "faces": {
        "down":  { "uv": [ 16, 3, 13, 0 ], "texture": "#texture" },
        "up":    { "uv": [ 0, 0, 3, 3 ], "texture": "#texture" },
        "north": { "uv": [ 13, 0, 16, 0 ], "texture": "#texture" },
        "south": { "uv": [ 0, 0, 3, 0 ], "texture": "#texture" },
        "west":  { "uv": [ 0, 0, 3, 0 ], "texture": "#texture" },
        "east":  { "uv": [ 13, 0, 16, 0 ], "texture": "#texture" }
    }
},
{
    "from": [ 13, 24, -1 ],
    "to": [ 17, 28, 3 ],
    "faces": {
        "down":  { "uv": [ 3, 3, 0, 0 ], "texture": "#texture" },
        "up":    { "uv": [ 13, 0, 16, 3 ], "texture": "#texture" },
        "north": { "uv": [ 0, 0, 3, 0 ], "texture": "#texture" },
        "south": { "uv": [ 13, 0, 16, 0 ], "texture": "#texture" },
        "west":  { "uv": [ 0, 0, 3, 0 ], "texture": "#texture" },
        "east":  { "uv": [ 13, 0, 16, 0 ], "texture": "#texture" }
    }
},
{
    "from": [ -1, 10, -1 ],
    "to": [ 3, 14, 3 ],
    "faces": {
        "down":  { "uv": [ 16, 3, 13, 0 ], "texture": "#texture" },
        "up":    { "uv": [ 0, 0, 3, 3 ], "texture": "#texture" },
        "north": { "uv": [ 13, 2, 16, 6 ], "texture": "#texture" },
        "south": { "uv": [ 0, 2, 3, 6 ], "texture": "#texture" },
        "west":  { "uv": [ 0, 2, 3, 6 ], "texture": "#texture" },
        "east":  { "uv": [ 13, 2, 16, 6 ], "texture": "#texture" }
    }
},
{
    "from": [ 13, 10, -1 ],
    "to": [ 17, 14, 3 ],
    "faces": {
        "down":  { "uv": [ 3, 3, 0, 0 ], "texture": "#texture" },
        "up":    { "uv": [ 13, 0, 16, 3 ], "texture": "#texture" },
        "north": { "uv": [ 0, 2, 3, 6 ], "texture": "#texture" },
        "south": { "uv": [ 13, 2, 16, 6 ], "texture": "#texture" },
        "west":  { "uv": [ 0, 2, 3, 6 ], "texture": "#texture" },
        "east":  { "uv": [ 13, 2, 16, 6 ], "texture": "#texture" }
    }
},
{
    "from": [ -1, 24, 13 ],
    "to": [ 3, 28, 17 ],
    "faces": {
        "down":  { "uv": [ 16, 16, 13, 13 ], "texture": "#texture" },
        "up":    { "uv": [ 0, 13, 3, 16 ], "texture": "#texture" },
        "north": { "uv": [ 13, 0, 16, 0 ], "texture": "#texture" },
        "south": { "uv": [ 0, 0, 3, 0 ], "texture": "#texture" },
        "west":  { "uv": [ 13, 0, 16, 0 ], "texture": "#texture" },
        "east":  { "uv": [ 0, 0, 3, 0 ], "texture": "#texture" }
    }
},
{
    "from": [ 13, 24, 13 ],
    "to": [ 17, 28, 17 ],
    "faces": {
        "down":  { "uv": [ 3, 16, 0, 13 ], "texture": "#texture" },
        "up":    { "uv": [ 13, 13, 16, 16 ], "texture": "#texture" },
        "north": { "uv": [ 0, 0, 3, 0 ], "texture": "#texture" },
        "south": { "uv": [ 13, 0, 16, 0 ], "texture": "#texture" },
        "west":  { "uv": [ 13, 0, 16, 0 ], "texture": "#texture" },
        "east":  { "uv": [ 0, 0, 3, 0 ], "texture": "#texture" }
    }
},
{
    "from": [ -1, 10, 13 ],
    "to": [ 3, 14, 17 ],
    "faces": {
        "down":  { "uv": [ 16, 16, 13, 13 ], "texture": "#texture" },
        "up":    { "uv": [ 0, 13, 3, 16 ], "texture": "#texture" },
        "north": { "uv": [ 13, 2, 16, 6 ], "texture": "#texture" },
        "south": { "uv": [ 0, 2, 3, 6 ], "texture": "#texture" },
        "west":  { "uv": [ 13, 2, 16, 6 ], "texture": "#texture" },
        "east":  { "uv": [ 0, 2, 3, 6 ], "texture": "#texture" }
    }
},
{
    "from": [ 13, 10, 13 ],
    "to": [ 17, 14, 17 ],
    "faces": {
        "down":  { "uv": [ 3, 16, 0, 13 ], "texture": "#texture" },
        "up":    { "uv": [ 13, 13, 16, 16 ], "texture": "#texture" },
        "north": { "uv": [ 0, 2, 3, 6 ], "texture": "#texture" },
        "south": { "uv": [ 13, 2, 16, 6 ], "texture": "#texture" },
        "west":  { "uv": [ 13, 2, 16, 6 ], "texture": "#texture" },
        "east":  { "uv": [ 0, 2, 3, 6 ], "texture": "#texture" }
    }
},
{
    "from": [ 2.5, 10.5, 4.875 ],
    "to": [ 10.5, 18.5, 4.9375 ],
    "rotation": { "origin": [ 2.5, 18.5, 4.875 ], "axis": "z", "angle": 45 },
    "faces": {
        "north": { "uv": [ 0, 0, 16, 16 ], "texture": "#Crystal_light" },
        "south": { "uv": [ 0, 0, 16, 16 ], "texture": "#Crystal_light" }
    }
},
{
    "from": [ 3, 11.1875, 4 ],
    "to": [ 3.0625, 19.1875, 12 ],
    "rotation": { "origin": [ 3, 19.1875, 4 ], "axis": "z", "angle": 45 },
    "faces": {
        "west":  { "uv": [ 0, 0, 16, 16 ], "texture": "#Crystal_light" },
        "east":  { "uv": [ 0, 0, 16, 16 ], "texture": "#Crystal_light" }
    }
},
{
    "from": [ 3, 17.9375, 4 ],
    "to": [ 11, 18, 12 ],
    "rotation": { "origin": [ 3, 18, 4 ], "axis": "z", "angle": 45 },
    "faces": {
        "down":  { "uv": [ 0, 0, 16, 16 ], "texture": "#Crystal_light" },
        "up":    { "uv": [ 0, 0, 16, 16 ], "texture": "#Crystal_light" }
    }
},
{
    "from": [ 2.5, 11, 11.4375 ],
    "to": [ 10.5, 19, 11.5 ],
    "rotation": { "origin": [ 2.5, 19, 11.4375 ], "axis": "z", "angle": 45 },
    "faces": {
        "north": { "uv": [ 0, 0, 16, 16 ], "texture": "#Crystal_light" },
        "south": { "uv": [ 0, 0, 16, 16 ], "texture": "#Crystal_light" }
    }
},
{
    "from": [ 7.5, 15.5, 4 ],
    "to": [ 7.5625, 23.5, 12 ],
    "rotation": { "origin": [ 7.5, 23.5, 4 ], "axis": "z", "angle": 45 },
    "faces": {
        "west":  { "uv": [ 0, 0, 16, 16 ], "texture": "#Crystal_light" },
        "east":  { "uv": [ 0, 0, 16, 16 ], "texture": "#Crystal_light" }
    }
},
{
    "from": [ 7.5, 13.4375, 4 ],
    "to": [ 15.5, 13.5, 12 ],
    "rotation": { "origin": [ 7.5, 13.5, 4 ], "axis": "z", "angle": 45 },
    "faces": {
        "down":  { "uv": [ 0, 0, 16, 16 ], "texture": "#Crystal_light" },
        "up":    { "uv": [ 0, 0, 16, 16 ], "texture": "#Crystal_light" }
    }
}
],
"display": {
    "thirdperson_righthand": {
        "rotation": [ 36, 53, 0 ],
        "translation": [ -6.14, -2.79, 9.3 ],
        "scale": [ 10, 10, 10 ]
    },
    "thirdperson_lefthand": {
        "rotation": [ 36, 53, 0 ],
        "translation": [ -6.14, -2.79, 9.3 ],
        "scale": [ 10, 10, 10  ]
    },
    "fixed": {
        "rotation": [ 36, 53, 0 ],
        "translation": [ -6.14, -20.84, 3.53 ],
        "scale": [ 10, 10, 10   ]}
}
}