{
"__comment": "Designed by S9855027 with BDcraft Cubik PRO 0.96 Beta - http://bdcraft.net",
"textures": {
    "particle": "blocks/wool_colored_yellow2",
    "texture": "blocks/wool_colored_yellow2",
    "wool_colored_yellow": "blocks/wool_colored_yellow"
},
"elements": [ 
{
    "from": [ 6.5, 7, 18.5 ],
    "to": [ 9.5, 10, 21.5 ],
    "faces": {
        "down":  { "uv": [ 0, 0, 16, 16 ], "rotation": 270, "texture": "#wool_colored_yellow" },
        "up":    { "uv": [ 0, 0, 16, 16 ], "rotation": 90, "texture": "#wool_colored_yellow" },
        "north": { "uv": [ 0, 0, 16, 16 ], "texture": "#texture" },
        "south": { "uv": [ 0, 0, 16, 16 ], "texture": "#texture" },
        "west":  { "uv": [ 0, 0, 16, 16 ], "texture": "#wool_colored_yellow" },
        "east":  { "uv": [ 0, 0, 16, 16 ], "texture": "#wool_colored_yellow" }
    }
},
{
    "from": [ 6.5, 7, 15.5 ],
    "to": [ 9.5, 10, 18.5 ],
    "faces": {
        "down":  { "uv": [ 0, 0, 16, 16 ], "rotation": 270, "texture": "#wool_colored_yellow" },
        "up":    { "uv": [ 0, 0, 16, 16 ], "rotation": 90, "texture": "#wool_colored_yellow" },
        "north": { "uv": [ 0, 0, 16, 16 ], "texture": "#texture" },
        "south": { "uv": [ 0, 0, 16, 16 ], "texture": "#texture" },
        "west":  { "uv": [ 0, 0, 16, 16 ], "texture": "#wool_colored_yellow" },
        "east":  { "uv": [ 0, 0, 16, 16 ], "texture": "#wool_colored_yellow" }
    }
},
{
    "from": [ 6.5, 7, 12.5 ],
    "to": [ 9.5, 10, 15.5 ],
    "faces": {
        "down":  { "uv": [ 0, 0, 16, 16 ], "rotation": 270, "texture": "#wool_colored_yellow" },
        "up":    { "uv": [ 0, 0, 16, 16 ], "rotation": 90, "texture": "#wool_colored_yellow" },
        "north": { "uv": [ 0, 0, 16, 16 ], "texture": "#texture" },
        "south": { "uv": [ 0, 0, 16, 16 ], "texture": "#texture" },
        "west":  { "uv": [ 0, 0, 16, 16 ], "texture": "#wool_colored_yellow" },
        "east":  { "uv": [ 0, 0, 16, 16 ], "texture": "#wool_colored_yellow" }
    }
},
{
    "from": [ 6.5, 7, 9.5 ],
    "to": [ 9.5, 10, 12.5 ],
    "faces": {
        "down":  { "uv": [ 0, 0, 16, 16 ], "rotation": 270, "texture": "#wool_colored_yellow" },
        "up":    { "uv": [ 0, 0, 16, 16 ], "rotation": 90, "texture": "#wool_colored_yellow" },
        "north": { "uv": [ 0, 0, 16, 16 ], "texture": "#texture" },
        "south": { "uv": [ 0, 0, 16, 16 ], "texture": "#texture" },
        "west":  { "uv": [ 0, 0, 16, 16 ], "texture": "#wool_colored_yellow" },
        "east":  { "uv": [ 0, 0, 16, 16 ], "texture": "#wool_colored_yellow" }
    }
},
{
    "from": [ 6.5, 7, 6.5 ],
    "to": [ 9.5, 10, 9.5 ],
    "faces": {
        "down":  { "uv": [ 0, 0, 16, 16 ], "rotation": 270, "texture": "#wool_colored_yellow" },
        "up":    { "uv": [ 0, 0, 16, 16 ], "rotation": 90, "texture": "#wool_colored_yellow" },
        "north": { "uv": [ 0, 0, 16, 16 ], "texture": "#texture" },
        "south": { "uv": [ 0, 0, 16, 16 ], "texture": "#texture" },
        "west":  { "uv": [ 0, 0, 16, 16 ], "texture": "#wool_colored_yellow" },
        "east":  { "uv": [ 0, 0, 16, 16 ], "texture": "#wool_colored_yellow" }
    }
},
{
    "from": [ 6.5, 7, 3.5 ],
    "to": [ 9.5, 10, 6.5 ],
    "faces": {
        "down":  { "uv": [ 0, 0, 16, 16 ], "rotation": 270, "texture": "#wool_colored_yellow" },
        "up":    { "uv": [ 0, 0, 16, 16 ], "rotation": 90, "texture": "#wool_colored_yellow" },
        "north": { "uv": [ 0, 0, 16, 16 ], "texture": "#texture" },
        "south": { "uv": [ 0, 0, 16, 16 ], "texture": "#texture" },
        "west":  { "uv": [ 0, 0, 16, 16 ], "texture": "#wool_colored_yellow" },
        "east":  { "uv": [ 0, 0, 16, 16 ], "texture": "#wool_colored_yellow" }
    }
},
{
    "from": [ 6.5, 7, 0.5 ],
    "to": [ 9.5, 10, 3.5 ],
    "faces": {
        "down":  { "uv": [ 0, 0, 16, 16 ], "rotation": 270, "texture": "#wool_colored_yellow" },
        "up":    { "uv": [ 0, 0, 16, 16 ], "rotation": 90, "texture": "#wool_colored_yellow" },
        "north": { "uv": [ 0, 0, 16, 16 ], "texture": "#texture" },
        "south": { "uv": [ 0, 0, 16, 16 ], "texture": "#texture" },
        "west":  { "uv": [ 0, 0, 16, 16 ], "texture": "#wool_colored_yellow" },
        "east":  { "uv": [ 0, 0, 16, 16 ], "texture": "#wool_colored_yellow" }
    }
},
{
    "from": [ 6.5, 7, -2.5 ],
    "to": [ 9.5, 10, 0.5 ],
    "faces": {
        "down":  { "uv": [ 0, 0, 16, 16 ], "rotation": 270, "texture": "#wool_colored_yellow" },
        "up":    { "uv": [ 0, 0, 16, 16 ], "rotation": 90, "texture": "#wool_colored_yellow" },
        "north": { "uv": [ 0, 0, 16, 16 ], "texture": "#texture" },
        "south": { "uv": [ 0, 0, 16, 16 ], "texture": "#texture" },
        "west":  { "uv": [ 0, 0, 16, 16 ], "texture": "#wool_colored_yellow" },
        "east":  { "uv": [ 0, 0, 16, 16 ], "texture": "#wool_colored_yellow" }
    }
},
{
    "from": [ 6.5, 7, -5.5 ],
    "to": [ 9.5, 10, -2.5 ],
    "faces": {
        "down":  { "uv": [ 0, 0, 16, 16 ], "rotation": 270, "texture": "#wool_colored_yellow" },
        "up":    { "uv": [ 0, 0, 16, 16 ], "rotation": 90, "texture": "#wool_colored_yellow" },
        "north": { "uv": [ 0, 0, 16, 16 ], "texture": "#texture" },
        "south": { "uv": [ 0, 0, 16, 16 ], "texture": "#texture" },
        "west":  { "uv": [ 0, 0, 16, 16 ], "texture": "#wool_colored_yellow" },
        "east":  { "uv": [ 0, 0, 16, 16 ], "texture": "#wool_colored_yellow" }
    }
}
],
"display": {
    "thirdperson_righthand": {
        "rotation": [ 68, 0, 60 ],
        "translation": [ -5.67, -4.16, 3.97 ],
        "scale": [ 4, 4, 4 ]
    },
    "thirdperson_lefthand": {
        "rotation": [ 68, 0, 60 ],
        "translation": [ -5.67, -4.16, 3.97 ],
        "scale": [ 4, 4, 4 ]
    },
    "head": {
        "rotation": [ 0, 0, 0 ],
        "translation": [ 0, 0, 0 ],
        "scale": [ 1, 1, 1 ]
    },
    "ground": {
        "rotation": [ 0, 0, 0 ],
        "translation": [ 0, 0, 0 ],
        "scale": [ 4, 4, 4 ]
    },
    "fixed": {
        "rotation": [ 0, 0, 0 ],
        "translation": [ 0, 0, 0 ],
        "scale": [ 2, 2, 2 ]
    }
}
}