{
"__comment": "Designed by S9855027 with BDcraft Cubik PRO 0.96 Beta - http://bdcraft.net",
"textures": {
    "particle": "mobs/butterfly/butterfly",
    "texture": "mobs/butterfly/butterfly",
    "butterfly_m1": "mobs/butterfly/butterfly_m1",
    "butterfly_m2": "mobs/butterfly/butterfly_m2",
    "butterfly_m3": "mobs/butterfly/butterfly_m3",
    "butterfly_m4": "mobs/butterfly/butterfly_m4",
    "butterfly_m5": "mobs/butterfly/butterfly_m5"
},
"elements": [ 
{
    "__comment": "1",
    "from": [ 6.5, 6.5, 11.5 ],
    "to": [ 9, 8.5, 13 ],
    "faces": {
        "down":  { "uv": [ 3.5, 14, 2, 13.5 ], "texture": "#butterfly_m1" },
        "up":    { "uv": [ 1, 13.5, 3, 14 ], "texture": "#butterfly_m1" },
        "north": { "uv": [ 2, 13, 3.5, 14 ], "rotation": 270, "texture": "#butterfly_m1" },
        "south": { "uv": [ 2.5, 13, 3.5, 14 ], "rotation": 270, "texture": "#butterfly_m1" },
        "west":  { "uv": [ 0.5, 12, 4, 15.5 ], "texture": "#butterfly_m1" },
        "east":  { "uv": [ 0.5, 12, 4, 15 ], "rotation": 180, "texture": "#butterfly_m1" }
    }
},
{
    "__comment": "1",
    "from": [ 7, 6, 12.75 ],
    "to": [ 8.5, 6.5, 13.25 ],
    "faces": {
        "down":  { "uv": [ 3.5, 14, 2, 13.5 ], "texture": "#butterfly_m1" },
        "up":    { "uv": [ 1.5, 13.5, 3, 14 ], "texture": "#butterfly_m1" },
        "north": { "uv": [ 2.5, 13, 3.5, 14 ], "texture": "#butterfly_m1" },
        "south": { "uv": [ 2.5, 13, 3.5, 14 ], "texture": "#butterfly_m1" },
        "west":  { "uv": [ 3, 13.5, 3.5, 14.5 ], "texture": "#butterfly_m1" },
        "east":  { "uv": [ 3, 13, 3.5, 14 ], "texture": "#butterfly_m1" }
    }
},
{
    "__comment": "1",
    "from": [ 7.5, 5.5, 12.75 ],
    "to": [ 8, 6, 13.25 ],
    "faces": {
        "down":  { "uv": [ 3.5, 14, 2, 13.5 ], "texture": "#butterfly_m1" },
        "up":    { "uv": [ 1.5, 13.5, 3, 14 ], "texture": "#butterfly_m1" },
        "north": { "uv": [ 2.5, 13, 3.5, 14 ], "texture": "#butterfly_m1" },
        "south": { "uv": [ 2.5, 13, 3.5, 14 ], "texture": "#butterfly_m1" },
        "west":  { "uv": [ 3, 13.5, 3.5, 14.5 ], "texture": "#butterfly_m1" },
        "east":  { "uv": [ 3, 13, 3.5, 14 ], "texture": "#butterfly_m1" }
    }
},
{
    "__comment": "1",
    "from": [ 6.25, 6, 7 ],
    "to": [ 9.25, 8.5, 11.5 ],
    "faces": {
        "down":  { "uv": [ 3.5, 14.5, 2.5, 13.5 ], "texture": "#butterfly_m1" },
        "up":    { "uv": [ 1.5, 13.5, 2.5, 14 ], "texture": "#butterfly_m1" },
        "north": { "uv": [ 2.5, 12.5, 4, 14.5 ], "texture": "#butterfly_m1" },
        "south": { "uv": [ 2.5, 13, 4, 14.5 ], "texture": "#butterfly_m1" },
        "west":  { "uv": [ 4, 12.5, 7, 15 ], "texture": "#butterfly_m1" },
        "east":  { "uv": [ 4, 12.5, 7, 15 ], "texture": "#butterfly_m1" }
    }
},
{
    "__comment": "1",
    "from": [ 6.5, 5.5, 4.5 ],
    "to": [ 9, 8, 7 ],
    "faces": {
        "down":  { "uv": [ 3.5, 14.5, 2.5, 13.5 ], "texture": "#butterfly_m1" },
        "up":    { "uv": [ 1.5, 13.5, 2.5, 14 ], "texture": "#butterfly_m1" },
        "north": { "uv": [ 2.5, 12.5, 4, 14.5 ], "texture": "#butterfly_m1" },
        "south": { "uv": [ 2.5, 13, 4, 14.5 ], "texture": "#butterfly_m1" },
        "west":  { "uv": [ 4, 12.5, 7, 15 ], "texture": "#butterfly_m1" },
        "east":  { "uv": [ 4, 12.5, 7, 15 ], "texture": "#butterfly_m1" }
    }
},
{
    "__comment": "1",
    "from": [ 7, 4, 0.5625 ],
    "to": [ 8.5, 5.5, 5.0625 ],
    "rotation": { "origin": [ 7, 5.5, 0.5625 ], "axis": "x", "angle": -22.5 },
    "faces": {
        "down":  { "uv": [ 3.5, 14, 2, 13.5 ], "texture": "#butterfly_m1" },
        "up":    { "uv": [ 1.5, 13.5, 3, 14 ], "texture": "#butterfly_m1" },
        "north": { "uv": [ 2.5, 13, 3.5, 14 ], "texture": "#butterfly_m1" },
        "south": { "uv": [ 2.5, 13, 3.5, 14 ], "texture": "#butterfly_m1" },
        "west":  { "uv": [ 3, 13.5, 3.5, 14.5 ], "texture": "#butterfly_m1" },
        "east":  { "uv": [ 3, 13, 3.5, 14 ], "texture": "#butterfly_m1" }
    }
},
{
    "__comment": "1",
    "from": [ 9, 7.9375, 0.5 ],
    "to": [ 20.5, 8, 13.5 ],
    "faces": {
        "down":  { "uv": [ 0.5, 0.5, 11, 10.5 ], "texture": "#butterfly_m1" },
        "up":    { "uv": [ 0, 10.5, 11, 0.5 ], "texture": "#butterfly_m1" }
    }
},
{
    "__comment": "1",
    "from": [ -5, 7.9375, 0.5 ],
    "to": [ 6.5, 8, 13.5 ],
    "faces": {
        "down":  { "uv": [ 11, 0.5, 0.5, 10.5 ], "texture": "#butterfly_m1" },
        "up":    { "uv": [ 11, 10.5, 0, 0.5 ], "texture": "#butterfly_m1" }
    }
},
{
    "__comment": "1",
    "from": [ 5.5, 8.1875, 13 ],
    "to": [ 7.5, 8.25, 17 ],
    "faces": {
        "down":  { "uv": [ 13, 3.5, 15.5, 0.5 ], "rotation": 180, "texture": "#butterfly_m1" },
        "up":    { "uv": [ 13, 0.5, 15.5, 3.5 ], "rotation": 180, "texture": "#butterfly_m1" }
    }
},
{
    "__comment": "1",
    "from": [ 8, 8.1875, 13 ],
    "to": [ 10, 8.25, 17 ],
    "faces": {
        "down":  { "uv": [ 15.5, 3.5, 13, 0.5 ], "texture": "#butterfly_m1" },
        "up":    { "uv": [ 15.5, 0.5, 13, 3.5 ], "rotation": 180, "texture": "#butterfly_m1" }
    }
},
{
    "__comment": "1",
    "from": [ 6.5, 4, 7.5 ],
    "to": [ 6.5625, 7, 9.5 ],
    "faces": {
        "west":  { "uv": [ 15.5, 4, 12, 8.5 ], "texture": "#butterfly_m1" },
        "east":  { "uv": [ 12, 4, 15.5, 8.5 ], "texture": "#butterfly_m1" }
    }
},
{
    "__comment": "1",
    "from": [ 6.5, 4, 9.5 ],
    "to": [ 6.5625, 7, 11.5 ],
    "faces": {
        "west":  { "uv": [ 15.5, 4, 12, 8.5 ], "texture": "#butterfly_m1" },
        "east":  { "uv": [ 12, 4, 15.5, 8.5 ], "texture": "#butterfly_m1" }
    }
},
{
    "__comment": "1",
    "from": [ 6.5, 4, 8.5 ],
    "to": [ 6.5625, 7, 10.5 ],
    "faces": {
        "west":  { "uv": [ 15.5, 4, 12, 8.5 ], "texture": "#butterfly_m1" },
        "east":  { "uv": [ 12, 4, 15.5, 8.5 ], "texture": "#butterfly_m1" }
    }
},
{
    "__comment": "1",
    "from": [ 9, 4, 7.5 ],
    "to": [ 9.0625, 7, 9.5 ],
    "faces": {
        "west":  { "uv": [ 15.5, 4, 12, 8.5 ], "texture": "#butterfly_m1" },
        "east":  { "uv": [ 12, 4, 15.5, 8.5 ], "texture": "#butterfly_m1" }
    }
},
{
    "__comment": "1",
    "from": [ 9, 4, 9.5 ],
    "to": [ 9.0625, 7, 11.5 ],
    "faces": {
        "west":  { "uv": [ 15.5, 4, 12, 8.5 ], "texture": "#butterfly_m1" },
        "east":  { "uv": [ 12, 4, 15.5, 8.5 ], "texture": "#butterfly_m1" }
    }
},
{
    "__comment": "1",
    "from": [ 9, 4, 8.5 ],
    "to": [ 9.0625, 7, 10.5 ],
    "faces": {
        "west":  { "uv": [ 15.5, 4, 12, 8.5 ], "texture": "#butterfly_m1" },
        "east":  { "uv": [ 12, 4, 15.5, 8.5 ], "texture": "#butterfly_m1" }
    }
},
{
    "__comment": "2",
    "from": [ 6.5, 6.7, 11.5 ],
    "to": [ 9, 8.7, 13 ],
    "faces": {
        "down":  { "uv": [ 3.5, 14, 2, 13.5 ], "texture": "#butterfly_m2" },
        "up":    { "uv": [ 1, 13.5, 3, 14 ], "texture": "#butterfly_m2" },
        "north": { "uv": [ 2, 13, 3.5, 14 ], "rotation": 270, "texture": "#butterfly_m2" },
        "south": { "uv": [ 2.5, 13, 3.5, 14 ], "rotation": 270, "texture": "#butterfly_m2" },
        "west":  { "uv": [ 0.5, 12, 4, 15.5 ], "texture": "#butterfly_m2" },
        "east":  { "uv": [ 0.5, 12, 4, 15 ], "rotation": 180, "texture": "#butterfly_m2" }
    }
},
{
    "__comment": "2",
    "from": [ 7, 6.2, 12.75 ],
    "to": [ 8.5, 6.7, 13.25 ],
    "faces": {
        "down":  { "uv": [ 3.5, 14, 2, 13.5 ], "texture": "#butterfly_m2" },
        "up":    { "uv": [ 1.5, 13.5, 3, 14 ], "texture": "#butterfly_m2" },
        "north": { "uv": [ 2.5, 13, 3.5, 14 ], "texture": "#butterfly_m2" },
        "south": { "uv": [ 2.5, 13, 3.5, 14 ], "texture": "#butterfly_m2" },
        "west":  { "uv": [ 3, 13.5, 3.5, 14.5 ], "texture": "#butterfly_m2" },
        "east":  { "uv": [ 3, 13, 3.5, 14 ], "texture": "#butterfly_m2" }
    }
},
{
    "__comment": "2",
    "from": [ 7.5, 5.7, 12.75 ],
    "to": [ 8, 6.2, 13.25 ],
    "faces": {
        "down":  { "uv": [ 3.5, 14, 2, 13.5 ], "texture": "#butterfly_m2" },
        "up":    { "uv": [ 1.5, 13.5, 3, 14 ], "texture": "#butterfly_m2" },
        "north": { "uv": [ 2.5, 13, 3.5, 14 ], "texture": "#butterfly_m2" },
        "south": { "uv": [ 2.5, 13, 3.5, 14 ], "texture": "#butterfly_m2" },
        "west":  { "uv": [ 3, 13.5, 3.5, 14.5 ], "texture": "#butterfly_m2" },
        "east":  { "uv": [ 3, 13, 3.5, 14 ], "texture": "#butterfly_m2" }
    }
},
{
    "__comment": "2",
    "from": [ 6.25, 6.2, 7 ],
    "to": [ 9.25, 8.7, 11.5 ],
    "faces": {
        "down":  { "uv": [ 3.5, 14.5, 2.5, 13.5 ], "texture": "#butterfly_m2" },
        "up":    { "uv": [ 1.5, 13.5, 2.5, 14 ], "texture": "#butterfly_m2" },
        "north": { "uv": [ 2.5, 12.5, 4, 14.5 ], "texture": "#butterfly_m2" },
        "south": { "uv": [ 2.5, 13, 4, 14.5 ], "texture": "#butterfly_m2" },
        "west":  { "uv": [ 4, 12.5, 7, 15 ], "texture": "#butterfly_m2" },
        "east":  { "uv": [ 4, 12.5, 7, 15 ], "texture": "#butterfly_m2" }
    }
},
{
    "__comment": "2",
    "from": [ 6.5, 5.7, 4.5 ],
    "to": [ 9, 8.2, 7 ],
    "faces": {
        "down":  { "uv": [ 3.5, 14.5, 2.5, 13.5 ], "texture": "#butterfly_m2" },
        "up":    { "uv": [ 1.5, 13.5, 2.5, 14 ], "texture": "#butterfly_m2" },
        "north": { "uv": [ 2.5, 12.5, 4, 14.5 ], "texture": "#butterfly_m2" },
        "south": { "uv": [ 2.5, 13, 4, 14.5 ], "texture": "#butterfly_m2" },
        "west":  { "uv": [ 4, 12.5, 7, 15 ], "texture": "#butterfly_m2" },
        "east":  { "uv": [ 4, 12.5, 7, 15 ], "texture": "#butterfly_m2" }
    }
},
{
    "__comment": "2",
    "from": [ 7, 4.2, 0.5625 ],
    "to": [ 8.5, 5.7, 5.0625 ],
    "rotation": { "origin": [ 7, 5.7, 0.5625 ], "axis": "x", "angle": -22.5 },
    "faces": {
        "down":  { "uv": [ 3.5, 14, 2, 13.5 ], "texture": "#butterfly_m2" },
        "up":    { "uv": [ 1.5, 13.5, 3, 14 ], "texture": "#butterfly_m2" },
        "north": { "uv": [ 2.5, 13, 3.5, 14 ], "texture": "#butterfly_m2" },
        "south": { "uv": [ 2.5, 13, 3.5, 14 ], "texture": "#butterfly_m2" },
        "west":  { "uv": [ 3, 13.5, 3.5, 14.5 ], "texture": "#butterfly_m2" },
        "east":  { "uv": [ 3, 13, 3.5, 14 ], "texture": "#butterfly_m2" }
    }
},
{
    "__comment": "2",
    "from": [ 9, 8.1375, 0.5 ],
    "to": [ 20.5, 8.2, 13.5 ],
    "rotation": { "origin": [ 9, 8.2, 0.5 ], "axis": "z", "angle": 22.5 },
    "faces": {
        "down":  { "uv": [ 0.5, 0.5, 11, 10.5 ], "texture": "#butterfly_m2" },
        "up":    { "uv": [ 0, 10.5, 11, 0.5 ], "texture": "#butterfly_m2" }
    }
},
{
    "__comment": "2",
    "from": [ -4, 12.1375, 0.5 ],
    "to": [ 7.5, 12.2, 13.5 ],
    "rotation": { "origin": [ -4, 12.2, 0.5 ], "axis": "z", "angle": -22.5 },
    "faces": {
        "down":  { "uv": [ 11, 0.5, 0.5, 10.5 ], "texture": "#butterfly_m2" },
        "up":    { "uv": [ 11, 10.5, 0, 0.5 ], "texture": "#butterfly_m2" }
    }
},
{
    "__comment": "2",
    "from": [ 5.5, 8.3875, 13 ],
    "to": [ 7.5, 8.45, 17 ],
    "faces": {
        "down":  { "uv": [ 13, 3.5, 15.5, 0.5 ], "rotation": 180, "texture": "#butterfly_m2" },
        "up":    { "uv": [ 13, 0.5, 15.5, 3.5 ], "rotation": 180, "texture": "#butterfly_m2" }
    }
},
{
    "__comment": "2",
    "from": [ 8, 8.3875, 13 ],
    "to": [ 10, 8.45, 17 ],
    "faces": {
        "down":  { "uv": [ 15.5, 3.5, 13, 0.5 ], "texture": "#butterfly_m2" },
        "up":    { "uv": [ 15.5, 0.5, 13, 3.5 ], "rotation": 180, "texture": "#butterfly_m2" }
    }
},
{
    "__comment": "2",
    "from": [ 6.5, 4.2, 7.5 ],
    "to": [ 6.5625, 7.2, 9.5 ],
    "faces": {
        "west":  { "uv": [ 15.5, 4, 12, 8.5 ], "texture": "#butterfly_m2" },
        "east":  { "uv": [ 12, 4, 15.5, 8.5 ], "texture": "#butterfly_m2" }
    }
},
{
    "__comment": "2",
    "from": [ 6.5, 4.2, 9.5 ],
    "to": [ 6.5625, 7.2, 11.5 ],
    "faces": {
        "west":  { "uv": [ 15.5, 4, 12, 8.5 ], "texture": "#butterfly_m2" },
        "east":  { "uv": [ 12, 4, 15.5, 8.5 ], "texture": "#butterfly_m2" }
    }
},
{
    "__comment": "2",
    "from": [ 6.5, 4.2, 8.5 ],
    "to": [ 6.5625, 7.2, 10.5 ],
    "faces": {
        "west":  { "uv": [ 15.5, 4, 12, 8.5 ], "texture": "#butterfly_m2" },
        "east":  { "uv": [ 12, 4, 15.5, 8.5 ], "texture": "#butterfly_m2" }
    }
},
{
    "__comment": "2",
    "from": [ 9, 4.2, 7.5 ],
    "to": [ 9.0625, 7.2, 9.5 ],
    "faces": {
        "west":  { "uv": [ 15.5, 4, 12, 8.5 ], "texture": "#butterfly_m2" },
        "east":  { "uv": [ 12, 4, 15.5, 8.5 ], "texture": "#butterfly_m2" }
    }
},
{
    "__comment": "2",
    "from": [ 9, 4.2, 9.5 ],
    "to": [ 9.0625, 7.2, 11.5 ],
    "faces": {
        "west":  { "uv": [ 15.5, 4, 12, 8.5 ], "texture": "#butterfly_m2" },
        "east":  { "uv": [ 12, 4, 15.5, 8.5 ], "texture": "#butterfly_m2" }
    }
},
{
    "__comment": "2",
    "from": [ 9, 4.2, 8.5 ],
    "to": [ 9.0625, 7.2, 10.5 ],
    "faces": {
        "west":  { "uv": [ 15.5, 4, 12, 8.5 ], "texture": "#butterfly_m2" },
        "east":  { "uv": [ 12, 4, 15.5, 8.5 ], "texture": "#butterfly_m2" }
    }
},
{
    "__comment": "3",
    "from": [ 6.5, 6.5, 11.5 ],
    "to": [ 9, 8.5, 13 ],
    "faces": {
        "down":  { "uv": [ 3.5, 14, 2, 13.5 ], "texture": "#butterfly_m3" },
        "up":    { "uv": [ 1, 13.5, 3, 14 ], "texture": "#butterfly_m3" },
        "north": { "uv": [ 2, 13, 3.5, 14 ], "rotation": 270, "texture": "#butterfly_m3" },
        "south": { "uv": [ 2.5, 13, 3.5, 14 ], "rotation": 270, "texture": "#butterfly_m3" },
        "west":  { "uv": [ 0.5, 12, 4, 15.5 ], "texture": "#butterfly_m3" },
        "east":  { "uv": [ 0.5, 12, 4, 15 ], "rotation": 180, "texture": "#butterfly_m3" }
    }
},
{
    "__comment": "3",
    "from": [ 7, 6, 12.75 ],
    "to": [ 8.5, 6.5, 13.25 ],
    "faces": {
        "down":  { "uv": [ 3.5, 14, 2, 13.5 ], "texture": "#butterfly_m3" },
        "up":    { "uv": [ 1.5, 13.5, 3, 14 ], "texture": "#butterfly_m3" },
        "north": { "uv": [ 2.5, 13, 3.5, 14 ], "texture": "#butterfly_m3" },
        "south": { "uv": [ 2.5, 13, 3.5, 14 ], "texture": "#butterfly_m3" },
        "west":  { "uv": [ 3, 13.5, 3.5, 14.5 ], "texture": "#butterfly_m3" },
        "east":  { "uv": [ 3, 13, 3.5, 14 ], "texture": "#butterfly_m3" }
    }
},
{
    "__comment": "3",
    "from": [ 7.5, 5.5, 12.75 ],
    "to": [ 8, 6, 13.25 ],
    "faces": {
        "down":  { "uv": [ 3.5, 14, 2, 13.5 ], "texture": "#butterfly_m3" },
        "up":    { "uv": [ 1.5, 13.5, 3, 14 ], "texture": "#butterfly_m3" },
        "north": { "uv": [ 2.5, 13, 3.5, 14 ], "texture": "#butterfly_m3" },
        "south": { "uv": [ 2.5, 13, 3.5, 14 ], "texture": "#butterfly_m3" },
        "west":  { "uv": [ 3, 13.5, 3.5, 14.5 ], "texture": "#butterfly_m3" },
        "east":  { "uv": [ 3, 13, 3.5, 14 ], "texture": "#butterfly_m3" }
    }
},
{
    "__comment": "3",
    "from": [ 6.25, 6, 7 ],
    "to": [ 9.25, 8.5, 11.5 ],
    "faces": {
        "down":  { "uv": [ 3.5, 14.5, 2.5, 13.5 ], "texture": "#butterfly_m3" },
        "up":    { "uv": [ 1.5, 13.5, 2.5, 14 ], "texture": "#butterfly_m3" },
        "north": { "uv": [ 2.5, 12.5, 4, 14.5 ], "texture": "#butterfly_m3" },
        "south": { "uv": [ 2.5, 13, 4, 14.5 ], "texture": "#butterfly_m3" },
        "west":  { "uv": [ 4, 12.5, 7, 15 ], "texture": "#butterfly_m3" },
        "east":  { "uv": [ 4, 12.5, 7, 15 ], "texture": "#butterfly_m3" }
    }
},
{
    "__comment": "3",
    "from": [ 6.5, 5.5, 4.5 ],
    "to": [ 9, 8, 7 ],
    "faces": {
        "down":  { "uv": [ 3.5, 14.5, 2.5, 13.5 ], "texture": "#butterfly_m3" },
        "up":    { "uv": [ 1.5, 13.5, 2.5, 14 ], "texture": "#butterfly_m3" },
        "north": { "uv": [ 2.5, 12.5, 4, 14.5 ], "texture": "#butterfly_m3" },
        "south": { "uv": [ 2.5, 13, 4, 14.5 ], "texture": "#butterfly_m3" },
        "west":  { "uv": [ 4, 12.5, 7, 15 ], "texture": "#butterfly_m3" },
        "east":  { "uv": [ 4, 12.5, 7, 15 ], "texture": "#butterfly_m3" }
    }
},
{
    "__comment": "3",
    "from": [ 7, 4, 0.5625 ],
    "to": [ 8.5, 5.5, 5.0625 ],
    "rotation": { "origin": [ 7, 5.5, 0.5625 ], "axis": "x", "angle": -22.5 },
    "faces": {
        "down":  { "uv": [ 3.5, 14, 2, 13.5 ], "texture": "#butterfly_m3" },
        "up":    { "uv": [ 1.5, 13.5, 3, 14 ], "texture": "#butterfly_m3" },
        "north": { "uv": [ 2.5, 13, 3.5, 14 ], "texture": "#butterfly_m3" },
        "south": { "uv": [ 2.5, 13, 3.5, 14 ], "texture": "#butterfly_m3" },
        "west":  { "uv": [ 3, 13.5, 3.5, 14.5 ], "texture": "#butterfly_m3" },
        "east":  { "uv": [ 3, 13, 3.5, 14 ], "texture": "#butterfly_m3" }
    }
},
{
    "__comment": "3",
    "from": [ 9, 7.9375, 0.5 ],
    "to": [ 20.5, 8, 13.5 ],
    "rotation": { "origin": [ 9, 8, 0.5 ], "axis": "z", "angle": 45 },
    "faces": {
        "down":  { "uv": [ 0.5, 0.5, 11, 10.5 ], "texture": "#butterfly_m3" },
        "up":    { "uv": [ 0, 10.5, 11, 0.5 ], "texture": "#butterfly_m3" }
    }
},
{
    "__comment": "3",
    "from": [ -1.5, 15.9375, 0.5 ],
    "to": [ 10, 16, 13.5 ],
    "rotation": { "origin": [ -1.5, 16, 0.5 ], "axis": "z", "angle": -45 },
    "faces": {
        "down":  { "uv": [ 11, 0.5, 0.5, 10.5 ], "texture": "#butterfly_m3" },
        "up":    { "uv": [ 11, 10.5, 0, 0.5 ], "texture": "#butterfly_m3" }
    }
},
{
    "__comment": "3",
    "from": [ 5.5, 8.1875, 13 ],
    "to": [ 7.5, 8.25, 17 ],
    "faces": {
        "down":  { "uv": [ 13, 3.5, 15.5, 0.5 ], "rotation": 180, "texture": "#butterfly_m3" },
        "up":    { "uv": [ 13, 0.5, 15.5, 3.5 ], "rotation": 180, "texture": "#butterfly_m3" }
    }
},
{
    "__comment": "3",
    "from": [ 8, 8.1875, 13 ],
    "to": [ 10, 8.25, 17 ],
    "faces": {
        "down":  { "uv": [ 15.5, 3.5, 13, 0.5 ], "texture": "#butterfly_m3" },
        "up":    { "uv": [ 15.5, 0.5, 13, 3.5 ], "rotation": 180, "texture": "#butterfly_m3" }
    }
},
{
    "__comment": "3",
    "from": [ 6.5, 4, 7.5 ],
    "to": [ 6.5625, 7, 9.5 ],
    "faces": {
        "west":  { "uv": [ 15.5, 4, 12, 8.5 ], "texture": "#butterfly_m3" },
        "east":  { "uv": [ 12, 4, 15.5, 8.5 ], "texture": "#butterfly_m3" }
    }
},
{
    "__comment": "3",
    "from": [ 6.5, 4, 9.5 ],
    "to": [ 6.5625, 7, 11.5 ],
    "faces": {
        "west":  { "uv": [ 15.5, 4, 12, 8.5 ], "texture": "#butterfly_m3" },
        "east":  { "uv": [ 12, 4, 15.5, 8.5 ], "texture": "#butterfly_m3" }
    }
},
{
    "__comment": "3",
    "from": [ 6.5, 4, 8.5 ],
    "to": [ 6.5625, 7, 10.5 ],
    "faces": {
        "west":  { "uv": [ 15.5, 4, 12, 8.5 ], "texture": "#butterfly_m3" },
        "east":  { "uv": [ 12, 4, 15.5, 8.5 ], "texture": "#butterfly_m3" }
    }
},
{
    "__comment": "3",
    "from": [ 9, 4, 7.5 ],
    "to": [ 9.0625, 7, 9.5 ],
    "faces": {
        "west":  { "uv": [ 15.5, 4, 12, 8.5 ], "texture": "#butterfly_m3" },
        "east":  { "uv": [ 12, 4, 15.5, 8.5 ], "texture": "#butterfly_m3" }
    }
},
{
    "__comment": "3",
    "from": [ 9, 4, 9.5 ],
    "to": [ 9.0625, 7, 11.5 ],
    "faces": {
        "west":  { "uv": [ 15.5, 4, 12, 8.5 ], "texture": "#butterfly_m3" },
        "east":  { "uv": [ 12, 4, 15.5, 8.5 ], "texture": "#butterfly_m3" }
    }
},
{
    "__comment": "3",
    "from": [ 9, 4, 8.5 ],
    "to": [ 9.0625, 7, 10.5 ],
    "faces": {
        "west":  { "uv": [ 15.5, 4, 12, 8.5 ], "texture": "#butterfly_m3" },
        "east":  { "uv": [ 12, 4, 15.5, 8.5 ], "texture": "#butterfly_m3" }
    }
},
{
    "__comment": "4",
    "from": [ 6.5, 6.3, 11.5 ],
    "to": [ 9, 8.3, 13 ],
    "faces": {
        "down":  { "uv": [ 3.5, 14, 2, 13.5 ], "texture": "#butterfly_m4" },
        "up":    { "uv": [ 1, 13.5, 3, 14 ], "texture": "#butterfly_m4" },
        "north": { "uv": [ 2, 13, 3.5, 14 ], "rotation": 270, "texture": "#butterfly_m4" },
        "south": { "uv": [ 2.5, 13, 3.5, 14 ], "rotation": 270, "texture": "#butterfly_m4" },
        "west":  { "uv": [ 0.5, 12, 4, 15.5 ], "texture": "#butterfly_m4" },
        "east":  { "uv": [ 0.5, 12, 4, 15 ], "rotation": 180, "texture": "#butterfly_m4" }
    }
},
{
    "__comment": "4",
    "from": [ 7, 5.8, 12.75 ],
    "to": [ 8.5, 6.3, 13.25 ],
    "faces": {
        "down":  { "uv": [ 3.5, 14, 2, 13.5 ], "texture": "#butterfly_m4" },
        "up":    { "uv": [ 1.5, 13.5, 3, 14 ], "texture": "#butterfly_m4" },
        "north": { "uv": [ 2.5, 13, 3.5, 14 ], "texture": "#butterfly_m4" },
        "south": { "uv": [ 2.5, 13, 3.5, 14 ], "texture": "#butterfly_m4" },
        "west":  { "uv": [ 3, 13.5, 3.5, 14.5 ], "texture": "#butterfly_m4" },
        "east":  { "uv": [ 3, 13, 3.5, 14 ], "texture": "#butterfly_m4" }
    }
},
{
    "__comment": "4",
    "from": [ 7.5, 5.3, 12.75 ],
    "to": [ 8, 5.8, 13.25 ],
    "faces": {
        "down":  { "uv": [ 3.5, 14, 2, 13.5 ], "texture": "#butterfly_m4" },
        "up":    { "uv": [ 1.5, 13.5, 3, 14 ], "texture": "#butterfly_m4" },
        "north": { "uv": [ 2.5, 13, 3.5, 14 ], "texture": "#butterfly_m4" },
        "south": { "uv": [ 2.5, 13, 3.5, 14 ], "texture": "#butterfly_m4" },
        "west":  { "uv": [ 3, 13.5, 3.5, 14.5 ], "texture": "#butterfly_m4" },
        "east":  { "uv": [ 3, 13, 3.5, 14 ], "texture": "#butterfly_m4" }
    }
},
{
    "__comment": "4",
    "from": [ 6.25, 5.8, 7 ],
    "to": [ 9.25, 8.3, 11.5 ],
    "faces": {
        "down":  { "uv": [ 3.5, 14.5, 2.5, 13.5 ], "texture": "#butterfly_m4" },
        "up":    { "uv": [ 1.5, 13.5, 2.5, 14 ], "texture": "#butterfly_m4" },
        "north": { "uv": [ 2.5, 12.5, 4, 14.5 ], "texture": "#butterfly_m4" },
        "south": { "uv": [ 2.5, 13, 4, 14.5 ], "texture": "#butterfly_m4" },
        "west":  { "uv": [ 4, 12.5, 7, 15 ], "texture": "#butterfly_m4" },
        "east":  { "uv": [ 4, 12.5, 7, 15 ], "texture": "#butterfly_m4" }
    }
},
{
    "__comment": "4",
    "from": [ 6.5, 5.3, 4.5 ],
    "to": [ 9, 7.8, 7 ],
    "faces": {
        "down":  { "uv": [ 3.5, 14.5, 2.5, 13.5 ], "texture": "#butterfly_m4" },
        "up":    { "uv": [ 1.5, 13.5, 2.5, 14 ], "texture": "#butterfly_m4" },
        "north": { "uv": [ 2.5, 12.5, 4, 14.5 ], "texture": "#butterfly_m4" },
        "south": { "uv": [ 2.5, 13, 4, 14.5 ], "texture": "#butterfly_m4" },
        "west":  { "uv": [ 4, 12.5, 7, 15 ], "texture": "#butterfly_m4" },
        "east":  { "uv": [ 4, 12.5, 7, 15 ], "texture": "#butterfly_m4" }
    }
},
{
    "__comment": "4",
    "from": [ 7, 3.8, 0.5625 ],
    "to": [ 8.5, 5.3, 5.0625 ],
    "rotation": { "origin": [ 7, 5.3, 0.5625 ], "axis": "x", "angle": -22.5 },
    "faces": {
        "down":  { "uv": [ 3.5, 14, 2, 13.5 ], "texture": "#butterfly_m4" },
        "up":    { "uv": [ 1.5, 13.5, 3, 14 ], "texture": "#butterfly_m4" },
        "north": { "uv": [ 2.5, 13, 3.5, 14 ], "texture": "#butterfly_m4" },
        "south": { "uv": [ 2.5, 13, 3.5, 14 ], "texture": "#butterfly_m4" },
        "west":  { "uv": [ 3, 13.5, 3.5, 14.5 ], "texture": "#butterfly_m4" },
        "east":  { "uv": [ 3, 13, 3.5, 14 ], "texture": "#butterfly_m4" }
    }
},
{
    "__comment": "4",
    "from": [ 9, 8.2375, 0.5 ],
    "to": [ 20.5, 8.3, 13.5 ],
    "rotation": { "origin": [ 9, 8.3, 0.5 ], "axis": "z", "angle": -22.5 },
    "faces": {
        "down":  { "uv": [ 0.5, 0.5, 11, 10.5 ], "texture": "#butterfly_m4" },
        "up":    { "uv": [ 0, 10.5, 11, 0.5 ], "texture": "#butterfly_m4" }
    }
},
{
    "__comment": "4",
    "from": [ -4, 3.7375, 0.5 ],
    "to": [ 7.5, 3.8, 13.5 ],
    "rotation": { "origin": [ -4, 3.8, 0.5 ], "axis": "z", "angle": 22.5 },
    "faces": {
        "down":  { "uv": [ 11, 0.5, 0.5, 10.5 ], "texture": "#butterfly_m4" },
        "up":    { "uv": [ 11, 10.5, 0, 0.5 ], "texture": "#butterfly_m4" }
    }
},
{
    "__comment": "4",
    "from": [ 5.5, 7.9875, 13 ],
    "to": [ 7.5, 8.05, 17 ],
    "faces": {
        "down":  { "uv": [ 13, 3.5, 15.5, 0.5 ], "rotation": 180, "texture": "#butterfly_m4" },
        "up":    { "uv": [ 13, 0.5, 15.5, 3.5 ], "rotation": 180, "texture": "#butterfly_m4" }
    }
},
{
    "__comment": "4",
    "from": [ 8, 7.9875, 13 ],
    "to": [ 10, 8.05, 17 ],
    "faces": {
        "down":  { "uv": [ 15.5, 3.5, 13, 0.5 ], "texture": "#butterfly_m4" },
        "up":    { "uv": [ 15.5, 0.5, 13, 3.5 ], "rotation": 180, "texture": "#butterfly_m4" }
    }
},
{
    "__comment": "4",
    "from": [ 6.5, 3.8, 7.5 ],
    "to": [ 6.5625, 6.8, 9.5 ],
    "faces": {
        "west":  { "uv": [ 15.5, 4, 12, 8.5 ], "texture": "#butterfly_m4" },
        "east":  { "uv": [ 12, 4, 15.5, 8.5 ], "texture": "#butterfly_m4" }
    }
},
{
    "__comment": "4",
    "from": [ 6.5, 3.8, 9.5 ],
    "to": [ 6.5625, 6.8, 11.5 ],
    "faces": {
        "west":  { "uv": [ 15.5, 4, 12, 8.5 ], "texture": "#butterfly_m4" },
        "east":  { "uv": [ 12, 4, 15.5, 8.5 ], "texture": "#butterfly_m4" }
    }
},
{
    "__comment": "4",
    "from": [ 6.5, 3.8, 8.5 ],
    "to": [ 6.5625, 6.8, 10.5 ],
    "faces": {
        "west":  { "uv": [ 15.5, 4, 12, 8.5 ], "texture": "#butterfly_m4" },
        "east":  { "uv": [ 12, 4, 15.5, 8.5 ], "texture": "#butterfly_m4" }
    }
},
{
    "__comment": "4",
    "from": [ 9, 3.8, 7.5 ],
    "to": [ 9.0625, 6.8, 9.5 ],
    "faces": {
        "west":  { "uv": [ 15.5, 4, 12, 8.5 ], "texture": "#butterfly_m4" },
        "east":  { "uv": [ 12, 4, 15.5, 8.5 ], "texture": "#butterfly_m4" }
    }
},
{
    "__comment": "4",
    "from": [ 9, 3.8, 9.5 ],
    "to": [ 9.0625, 6.8, 11.5 ],
    "faces": {
        "west":  { "uv": [ 15.5, 4, 12, 8.5 ], "texture": "#butterfly_m4" },
        "east":  { "uv": [ 12, 4, 15.5, 8.5 ], "texture": "#butterfly_m4" }
    }
},
{
    "__comment": "4",
    "from": [ 9, 3.8, 8.5 ],
    "to": [ 9.0625, 6.8, 10.5 ],
    "faces": {
        "west":  { "uv": [ 15.5, 4, 12, 8.5 ], "texture": "#butterfly_m4" },
        "east":  { "uv": [ 12, 4, 15.5, 8.5 ], "texture": "#butterfly_m4" }
    }
},
{
    "__comment": "5",
    "from": [ 6.5, 6.5, 11.5 ],
    "to": [ 9, 8.5, 13 ],
    "faces": {
        "down":  { "uv": [ 3.5, 14, 2, 13.5 ], "texture": "#butterfly_m5" },
        "up":    { "uv": [ 1, 13.5, 3, 14 ], "texture": "#butterfly_m5" },
        "north": { "uv": [ 2, 13, 3.5, 14 ], "rotation": 270, "texture": "#butterfly_m5" },
        "south": { "uv": [ 2.5, 13, 3.5, 14 ], "rotation": 270, "texture": "#butterfly_m5" },
        "west":  { "uv": [ 0.5, 12, 4, 15.5 ], "texture": "#butterfly_m5" },
        "east":  { "uv": [ 0.5, 12, 4, 15 ], "rotation": 180, "texture": "#butterfly_m5" }
    }
},
{
    "__comment": "5",
    "from": [ 7, 6, 12.75 ],
    "to": [ 8.5, 6.5, 13.25 ],
    "faces": {
        "down":  { "uv": [ 3.5, 14, 2, 13.5 ], "texture": "#butterfly_m5" },
        "up":    { "uv": [ 1.5, 13.5, 3, 14 ], "texture": "#butterfly_m5" },
        "north": { "uv": [ 2.5, 13, 3.5, 14 ], "texture": "#butterfly_m5" },
        "south": { "uv": [ 2.5, 13, 3.5, 14 ], "texture": "#butterfly_m5" },
        "west":  { "uv": [ 3, 13.5, 3.5, 14.5 ], "texture": "#butterfly_m5" },
        "east":  { "uv": [ 3, 13, 3.5, 14 ], "texture": "#butterfly_m5" }
    }
},
{
    "__comment": "5",
    "from": [ 7.5, 5.5, 12.75 ],
    "to": [ 8, 6, 13.25 ],
    "faces": {
        "down":  { "uv": [ 3.5, 14, 2, 13.5 ], "texture": "#butterfly_m5" },
        "up":    { "uv": [ 1.5, 13.5, 3, 14 ], "texture": "#butterfly_m5" },
        "north": { "uv": [ 2.5, 13, 3.5, 14 ], "texture": "#butterfly_m5" },
        "south": { "uv": [ 2.5, 13, 3.5, 14 ], "texture": "#butterfly_m5" },
        "west":  { "uv": [ 3, 13.5, 3.5, 14.5 ], "texture": "#butterfly_m5" },
        "east":  { "uv": [ 3, 13, 3.5, 14 ], "texture": "#butterfly_m5" }
    }
},
{
    "__comment": "5",
    "from": [ 6.25, 6, 7 ],
    "to": [ 9.25, 8.5, 11.5 ],
    "faces": {
        "down":  { "uv": [ 3.5, 14.5, 2.5, 13.5 ], "texture": "#butterfly_m5" },
        "up":    { "uv": [ 1.5, 13.5, 2.5, 14 ], "texture": "#butterfly_m5" },
        "north": { "uv": [ 2.5, 12.5, 4, 14.5 ], "texture": "#butterfly_m5" },
        "south": { "uv": [ 2.5, 13, 4, 14.5 ], "texture": "#butterfly_m5" },
        "west":  { "uv": [ 4, 12.5, 7, 15 ], "texture": "#butterfly_m5" },
        "east":  { "uv": [ 4, 12.5, 7, 15 ], "texture": "#butterfly_m5" }
    }
},
{
    "__comment": "5",
    "from": [ 6.5, 5.5, 4.5 ],
    "to": [ 9, 8, 7 ],
    "faces": {
        "down":  { "uv": [ 3.5, 14.5, 2.5, 13.5 ], "texture": "#butterfly_m5" },
        "up":    { "uv": [ 1.5, 13.5, 2.5, 14 ], "texture": "#butterfly_m5" },
        "north": { "uv": [ 2.5, 12.5, 4, 14.5 ], "texture": "#butterfly_m5" },
        "south": { "uv": [ 2.5, 13, 4, 14.5 ], "texture": "#butterfly_m5" },
        "west":  { "uv": [ 4, 12.5, 7, 15 ], "texture": "#butterfly_m5" },
        "east":  { "uv": [ 4, 12.5, 7, 15 ], "texture": "#butterfly_m5" }
    }
},
{
    "__comment": "5",
    "from": [ 7, 4, 0.5625 ],
    "to": [ 8.5, 5.5, 5.0625 ],
    "rotation": { "origin": [ 7, 5.5, 0.5625 ], "axis": "x", "angle": -22.5 },
    "faces": {
        "down":  { "uv": [ 3.5, 14, 2, 13.5 ], "texture": "#butterfly_m5" },
        "up":    { "uv": [ 1.5, 13.5, 3, 14 ], "texture": "#butterfly_m5" },
        "north": { "uv": [ 2.5, 13, 3.5, 14 ], "texture": "#butterfly_m5" },
        "south": { "uv": [ 2.5, 13, 3.5, 14 ], "texture": "#butterfly_m5" },
        "west":  { "uv": [ 3, 13.5, 3.5, 14.5 ], "texture": "#butterfly_m5" },
        "east":  { "uv": [ 3, 13, 3.5, 14 ], "texture": "#butterfly_m5" }
    }
},
{
    "__comment": "5",
    "from": [ 9, 8.4375, 0.5 ],
    "to": [ 20.5, 8.5, 13.5 ],
    "rotation": { "origin": [ 9, 8.5, 0.5 ], "axis": "z", "angle": -45 },
    "faces": {
        "down":  { "uv": [ 0.5, 0.5, 11, 10.5 ], "texture": "#butterfly_m5" },
        "up":    { "uv": [ 0, 10.5, 11, 0.5 ], "texture": "#butterfly_m5" }
    }
},
{
    "__comment": "5",
    "from": [ -1.5, 0.1875, 0.5 ],
    "to": [ 10, 0.25, 13.5 ],
    "rotation": { "origin": [ -1.5, 0.25, 0.5 ], "axis": "z", "angle": 45 },
    "faces": {
        "down":  { "uv": [ 11, 0.5, 0.5, 10.5 ], "texture": "#butterfly_m5" },
        "up":    { "uv": [ 11, 10.5, 0, 0.5 ], "texture": "#butterfly_m5" }
    }
},
{
    "__comment": "5",
    "from": [ 5.5, 8.1875, 13 ],
    "to": [ 7.5, 8.25, 17 ],
    "faces": {
        "down":  { "uv": [ 13, 3.5, 15.5, 0.5 ], "rotation": 180, "texture": "#butterfly_m5" },
        "up":    { "uv": [ 13, 0.5, 15.5, 3.5 ], "rotation": 180, "texture": "#butterfly_m5" }
    }
},
{
    "__comment": "5",
    "from": [ 8, 8.1875, 13 ],
    "to": [ 10, 8.25, 17 ],
    "faces": {
        "down":  { "uv": [ 15.5, 3.5, 13, 0.5 ], "texture": "#butterfly_m5" },
        "up":    { "uv": [ 15.5, 0.5, 13, 3.5 ], "rotation": 180, "texture": "#butterfly_m5" }
    }
},
{
    "__comment": "5",
    "from": [ 6.5, 4, 7.5 ],
    "to": [ 6.5625, 7, 9.5 ],
    "faces": {
        "west":  { "uv": [ 15.5, 4, 12, 8.5 ], "texture": "#butterfly_m5" },
        "east":  { "uv": [ 12, 4, 15.5, 8.5 ], "texture": "#butterfly_m5" }
    }
},
{
    "__comment": "5",
    "from": [ 6.5, 4, 9.5 ],
    "to": [ 6.5625, 7, 11.5 ],
    "faces": {
        "west":  { "uv": [ 15.5, 4, 12, 8.5 ], "texture": "#butterfly_m5" },
        "east":  { "uv": [ 12, 4, 15.5, 8.5 ], "texture": "#butterfly_m5" }
    }
},
{
    "__comment": "5",
    "from": [ 6.5, 4, 8.5 ],
    "to": [ 6.5625, 7, 10.5 ],
    "faces": {
        "west":  { "uv": [ 15.5, 4, 12, 8.5 ], "texture": "#butterfly_m5" },
        "east":  { "uv": [ 12, 4, 15.5, 8.5 ], "texture": "#butterfly_m5" }
    }
},
{
    "__comment": "5",
    "from": [ 9, 4, 7.5 ],
    "to": [ 9.0625, 7, 9.5 ],
    "faces": {
        "west":  { "uv": [ 15.5, 4, 12, 8.5 ], "texture": "#butterfly_m5" },
        "east":  { "uv": [ 12, 4, 15.5, 8.5 ], "texture": "#butterfly_m5" }
    }
},
{
    "__comment": "5",
    "from": [ 9, 4, 9.5 ],
    "to": [ 9.0625, 7, 11.5 ],
    "faces": {
        "west":  { "uv": [ 15.5, 4, 12, 8.5 ], "texture": "#butterfly_m5" },
        "east":  { "uv": [ 12, 4, 15.5, 8.5 ], "texture": "#butterfly_m5" }
    }
},
{
    "__comment": "5",
    "from": [ 9, 4, 8.5 ],
    "to": [ 9.0625, 7, 10.5 ],
    "faces": {
        "west":  { "uv": [ 15.5, 4, 12, 8.5 ], "texture": "#butterfly_m5" },
        "east":  { "uv": [ 12, 4, 15.5, 8.5 ], "texture": "#butterfly_m5" }
    }
}
],
"display": {
    "thirdperson_righthand": {
        "rotation": [ 65, 180, 0 ],
        "translation": [ -6.5, -9.83, 3.21 ],
        "scale": [ 0.6, 0.6, 0.6 ]
    },
    "thirdperson_lefthand": {
        "rotation": [ 65, 180, 0 ],
        "translation": [ -6.5, -9.83, 3.21 ],
        "scale": [ 0.6, 0.6, 0.6 ]
    }
}
}