{
	"__comment": "Designed by Zeibo with Cubik Studio - https://cubik.studio",
	"textures": {
		"particle": "m_c/mc_b",
		"texture": "m_c/mc_b"
	},
	"elements": [ 	 
		{
			"__comment": "PlaneY1",
			"from": [ -16, 0, -16 ],
			"to": [ 32, 0.001, 32 ],
			"faces": {
				"down": { "uv": [ 0, 0, 16, 16 ], "texture": "#texture" },
				"up": { "uv": [ 0, 0, 16, 16 ], "texture": "#texture" }
			}
		},
		{
			"__comment": "PlaneY1",
			"from": [ -16, 1.75, -16 ],
			"to": [ 32, 1.751, 32 ],
			"faces": {
				"down": { "uv": [ 0, 0, 16, 16 ], "texture": "#texture" },
				"up": { "uv": [ 0, 0, 16, 16 ], "texture": "#texture" }
			}
		},
		{
			"__comment": "PlaneY1",
			"from": [ -16, 1.25, -16 ],
			"to": [ 32, 1.251, 32 ],
			"faces": {
				"down": { "uv": [ 0, 0, 16, 16 ], "texture": "#texture" },
				"up": { "uv": [ 0, 0, 16, 16 ], "texture": "#texture" }
			}
		}
	],
	"display": {
		"head": {
			"translation":  [ 0, -15.3, 0 ],
			"scale":  [ 4, 4, 4 ]
		}
	}
}