{
	"__comment": "Designed by Zeibo with Cubik Studio - https://cubik.studio",
	"textures": {
		"particle": "recipes/15",
		"texture": "recipes/15"
	},
	"elements": [ 	 
		{
			"__comment": "PlaneZ1",
			"from": [ -5.5, -8.875, 8 ],
			"to": [ 24.5, 18.125, 8.001 ],
			"faces": {
				"north": { "uv": [ 0, 0, 16, 16 ], "texture": "#texture" },
				"south": { "uv": [ 0, 0, 16, 16 ], "texture": "#texture" }
			}
		}
	],
	"display": {
		"thirdperson_righthand": {
			"rotation":  [ 20, -85, -55 ],
			"translation":  [ -0.694, -2.086, -0.195 ],
			"scale":  [ 0.3, 0.3, 0.3 ]
		},
		"thirdperson_lefthand": {
			"rotation":  [ 20, -85, -55 ],
			"translation":  [ -0.694, -2.086, -0.195 ],
			"scale":  [ 0.3, 0.3, 0.3 ]
		},
		"firstperson_righthand": {
			"rotation":  [ -17, 0, 0 ],
			"translation":  [ -10.43, 6.9565, 0 ],
			"scale":  [ 0.9, 0.9, 0.9 ]
		},
		"firstperson_lefthand": {
			"rotation":  [ -17, 0, 0 ],
			"translation":  [ -7.647, 6.9565, 0 ],
			"scale":  [ 0.9, 0.9, 0.9 ]
		},
		"gui": {
			"rotation":  [ 0, 0, 30 ],
			"translation":  [ -0.2, -0.694, 0 ],
			"scale":  [ 0.5, 0.5, 0.5 ]
		},
		"ground": {
			"rotation":  [ 28, 0, 0 ],
			"translation":  [ 0, 4.1739, 0 ],
			"scale":  [ 0.5, 0.5, 0.5 ]
		}
	}
}