{
	"__comment": "Designed by Zeibo with Cubik Studio - https://cubik.studio",
	"textures": {
		"texture": "skills/shadow"
	},
	"elements": [ 	 
		{
			"__comment": "Box1",
			"from": [ 5, 12.5, 16.25 ],
			"to": [ 9, 16.5, 20.25 ],
			"rotation": { "origin": [ 5, 12.5, 16.25 ], "axis": "x", "angle": 22.5 },
			"faces": {
				"down": { "uv": [ 0, 0, 16, 16 ], "texture": "#texture" },
				"up": { "uv": [ 0, 0, 16, 16 ], "texture": "#texture" },
				"north": { "uv": [ 0, 0, 16, 16 ], "texture": "#texture" },
				"south": { "uv": [ 0, 0, 16, 16 ], "texture": "#texture" },
				"west": { "uv": [ 0, 0, 16, 16 ], "texture": "#texture" },
				"east": { "uv": [ 0, 0, 16, 16 ], "texture": "#texture" }
			}
		},
		{
			"__comment": "Box1",
			"from": [ 7.125, 5.375, 14.625 ],
			"to": [ 11.625, 11.375, 17.625 ],
			"rotation": { "origin": [ 7.125, 5.375, 14.625 ], "axis": "y", "angle": -45 },
			"faces": {
				"down": { "uv": [ 0, 0, 16, 16 ], "texture": "#texture" },
				"up": { "uv": [ 0, 0, 16, 16 ], "texture": "#texture" },
				"north": { "uv": [ 0, 0, 16, 16 ], "texture": "#texture" },
				"south": { "uv": [ 0, 0, 16, 16 ], "texture": "#texture" },
				"west": { "uv": [ 0, 0, 16, 16 ], "texture": "#texture" },
				"east": { "uv": [ 0, 0, 16, 16 ], "texture": "#texture" }
			}
		},
		{
			"__comment": "Box1",
			"from": [ 8.125, 5.25, 20.375 ],
			"to": [ 10.125, 10.25, 21.875 ],
			"rotation": { "origin": [ 8.125, 5.25, 20.375 ], "axis": "x", "angle": -22.5 },
			"faces": {
				"down": { "uv": [ 0, 0, 16, 16 ], "texture": "#texture" },
				"up": { "uv": [ 0, 0, 16, 16 ], "texture": "#texture" },
				"north": { "uv": [ 0, 0, 16, 16 ], "texture": "#texture" },
				"south": { "uv": [ 0, 0, 16, 16 ], "texture": "#texture" },
				"west": { "uv": [ 0, 0, 16, 16 ], "texture": "#texture" },
				"east": { "uv": [ 0, 0, 16, 16 ], "texture": "#texture" }
			}
		},
		{
			"__comment": "Box1",
			"from": [ 6.25, 10.375, 16.125 ],
			"to": [ 8.25, 12.375, 18.125 ],
			"rotation": { "origin": [ 6.25, 10.375, 16.125 ], "axis": "x", "angle": 22.5 },
			"faces": {
				"down": { "uv": [ 0, 0, 16, 16 ], "texture": "#texture" },
				"up": { "uv": [ 0, 0, 16, 16 ], "texture": "#texture" },
				"north": { "uv": [ 0, 0, 16, 16 ], "texture": "#texture" },
				"south": { "uv": [ 0, 0, 16, 16 ], "texture": "#texture" },
				"west": { "uv": [ 0, 0, 16, 16 ], "texture": "#texture" },
				"east": { "uv": [ 0, 0, 16, 16 ], "texture": "#texture" }
			}
		},
		{
			"__comment": "Box1",
			"from": [ 10.625, 1.125, 17 ],
			"to": [ 12.625, 6.125, 19.5 ],
			"rotation": { "origin": [ 10.625, 1.125, 17 ], "axis": "z", "angle": 45 },
			"faces": {
				"down": { "uv": [ 0, 0, 16, 16 ], "texture": "#texture" },
				"up": { "uv": [ 0, 0, 16, 16 ], "texture": "#texture" },
				"north": { "uv": [ 0, 0, 16, 16 ], "texture": "#texture" },
				"south": { "uv": [ 0, 0, 16, 16 ], "texture": "#texture" },
				"west": { "uv": [ 0, 0, 16, 16 ], "texture": "#texture" },
				"east": { "uv": [ 0, 0, 16, 16 ], "texture": "#texture" }
			}
		},
		{
			"__comment": "Box1",
			"from": [ -0.75, 2.625, 16 ],
			"to": [ 4.75, 5.125, 18.5 ],
			"rotation": { "origin": [ 4.75, 2.625, 16 ], "axis": "z", "angle": 45 },
			"faces": {
				"down": { "uv": [ 0, 0, 16, 16 ], "texture": "#texture", "rotation": 90 },
				"up": { "uv": [ 0, 0, 16, 16 ], "texture": "#texture", "rotation": 270 },
				"north": { "uv": [ 0, 0, 16, 16 ], "texture": "#texture", "rotation": 90 },
				"south": { "uv": [ 0, 0, 16, 16 ], "texture": "#texture", "rotation": 270 },
				"west": { "uv": [ 0, 0, 16, 16 ], "texture": "#texture", "rotation": 270 },
				"east": { "uv": [ 0, 0, 16, 16 ], "texture": "#texture", "rotation": 90 }
			}
		},
		{
			"__comment": "Box1",
			"from": [ 9.875, 2.4419, 13.5581 ],
			"to": [ 11.875, 4.4419, 20.0581 ],
			"rotation": { "origin": [ 9.875, 4.625, 14 ], "axis": "x", "angle": 22.5 },
			"faces": {
				"down": { "uv": [ 0, 0, 16, 16 ], "texture": "#texture" },
				"up": { "uv": [ 0, 0, 16, 16 ], "texture": "#texture" },
				"north": { "uv": [ 0, 0, 16, 16 ], "texture": "#texture" },
				"south": { "uv": [ 0, 0, 16, 16 ], "texture": "#texture" },
				"west": { "uv": [ 0, 0, 16, 16 ], "texture": "#texture", "rotation": 90 },
				"east": { "uv": [ 0, 0, 16, 16 ], "texture": "#texture", "rotation": 270 }
			}
		},
		{
			"__comment": "Box1",
			"from": [ 2.625, 2.125, 15.75 ],
			"to": [ 7.625, 4.625, 18.25 ],
			"rotation": { "origin": [ 2.625, 4.625, 15.75 ], "axis": "z", "angle": 22.5 },
			"faces": {
				"down": { "uv": [ 0, 0, 16, 16 ], "texture": "#texture", "rotation": 90 },
				"up": { "uv": [ 0, 0, 16, 16 ], "texture": "#texture", "rotation": 270 },
				"north": { "uv": [ 0, 0, 16, 16 ], "texture": "#texture", "rotation": 270 },
				"south": { "uv": [ 0, 0, 16, 16 ], "texture": "#texture", "rotation": 90 },
				"west": { "uv": [ 0, 0, 16, 16 ], "texture": "#texture", "rotation": 90 },
				"east": { "uv": [ 0, 0, 16, 16 ], "texture": "#texture", "rotation": 270 }
			}
		},
		{
			"__comment": "Box1",
			"from": [ -1.6327, 8.7986, 14.6464 ],
			"to": [ 5.8673, 10.7986, 16.6464 ],
			"rotation": { "origin": [ 6, 11, 17 ], "axis": "z", "angle": -22.5 },
			"faces": {
				"down": { "uv": [ 0, 0, 16, 16 ], "texture": "#texture", "rotation": 270 },
				"up": { "uv": [ 0, 0, 16, 16 ], "texture": "#texture", "rotation": 90 },
				"north": { "uv": [ 0, 0, 16, 16 ], "texture": "#texture", "rotation": 270 },
				"south": { "uv": [ 0, 0, 16, 16 ], "texture": "#texture", "rotation": 90 },
				"west": { "uv": [ 0, 0, 16, 16 ], "texture": "#texture", "rotation": 90 },
				"east": { "uv": [ 0, 0, 16, 16 ], "texture": "#texture", "rotation": 270 }
			}
		},
		{
			"__comment": "Box1",
			"from": [ 8.375, 1.75, 24.125 ],
			"to": [ 9.875, 7.25, 25.625 ],
			"rotation": { "origin": [ 8.375, 1.75, 24.125 ], "axis": "x", "angle": -45 },
			"faces": {
				"down": { "uv": [ 0, 0, 16, 16 ], "texture": "#texture" },
				"up": { "uv": [ 0, 0, 16, 16 ], "texture": "#texture" },
				"north": { "uv": [ 0, 0, 16, 16 ], "texture": "#texture" },
				"south": { "uv": [ 0, 0, 16, 16 ], "texture": "#texture" },
				"west": { "uv": [ 0, 0, 16, 16 ], "texture": "#texture" },
				"east": { "uv": [ 0, 0, 16, 16 ], "texture": "#texture" }
			}
		}
	],
	"display": {
		"head": {
			"rotation":  [ 0, 180, 0 ],
			"translation":  [ -3.47, -24.34, 29.913 ],
			"scale":  [ 3, 3, 3 ]
		}
	}
}