{
"__comment": "Designed by S9855027 with BDcraft Cubik PRO 0.96 Beta - http://bdcraft.net",
"textures": {
    "particle": "mobs/Clownfish",
    "texture": "mobs/Clownfish",
    "Clownfish02": "mobs/Clownfish02"
},
"elements": [ 
{
    "from": [ -0.5, 7, 7.25 ],
    "to": [ 1, 10, 9.75 ],
    "faces": {
        "down":  { "uv": [ 7.5, 6.5, 4.5, 2 ], "texture": "#texture" },
        "up":    { "uv": [ 4.5, 2, 7.5, 6 ], "texture": "#texture" },
        "north": { "uv": [ 4.5, 2, 7.5, 6 ], "texture": "#texture" },
        "south": { "uv": [ 4.5, 0, 7, 4.5 ], "texture": "#texture" },
        "west":  { "uv": [ 4.5, 0, 7, 5 ], "texture": "#texture" },
        "east":  { "uv": [ 4.5, 0, 7, 5.5 ], "texture": "#texture" }
    }
},
{
    "from": [ -0.5, 5, 7.5 ],
    "to": [ 1.5, 7, 9.5 ],
    "rotation": { "origin": [ -0.5, 7, 7.5 ], "axis": "z", "angle": 45 },
    "faces": {
        "down":  { "uv": [ 5, 4, 7, 6 ], "texture": "#texture" },
        "up":    { "uv": [ 5, 4, 7, 6 ], "texture": "#texture" },
        "north": { "uv": [ 12, 5, 14, 7 ], "texture": "#texture" },
        "south": { "uv": [ 5, 3.5, 7, 5.5 ], "texture": "#texture" },
        "west":  { "uv": [ 12, 5, 14, 7 ], "texture": "#texture" },
        "east":  { "uv": [ 12, 5.5, 14, 7.5 ], "texture": "#texture" }
    }
},
{
    "from": [ -0.5, 8, 7.5 ],
    "to": [ 1.5, 10, 9.5 ],
    "rotation": { "origin": [ -0.5, 10, 7.5 ], "axis": "z", "angle": 45 },
    "faces": {
        "down":  { "uv": [ 4.5, 1, 6.5, 4.5 ], "texture": "#texture" },
        "up":    { "uv": [ 4.5, 1, 6.5, 5 ], "texture": "#texture" },
        "north": { "uv": [ 4.5, 0.5, 6.5, 5 ], "texture": "#texture" },
        "south": { "uv": [ 4.5, 1, 7, 6.5 ], "texture": "#texture" },
        "west":  { "uv": [ 5, 10, 10.5, 16 ], "texture": "#texture" },
        "east":  { "uv": [ 5, 10, 10.5, 16 ], "texture": "#texture" }
    }
},
{
    "from": [ 1, 5.5, 7.25 ],
    "to": [ 3.5, 11.5, 9.75 ],
    "faces": {
        "down":  { "uv": [ 4.5, 3.5, 7.5, 5 ], "texture": "#texture" },
        "up":    { "uv": [ 0, 2, 2.5, 5 ], "texture": "#texture" },
        "north": { "uv": [ 2.5, 0, 0, 2 ], "texture": "#texture" },
        "south": { "uv": [ 0, 6, 2.5, 8 ], "texture": "#texture" },
        "west":  { "uv": [ 4.5, 1.5, 6.5, 6 ], "texture": "#texture" },
        "east":  { "uv": [ 4.5, 2, 6, 5 ], "texture": "#texture" }
    }
},
{
    "from": [ 3.5, 5, 6.5 ],
    "to": [ 11.5, 12, 10.5 ],
    "faces": {
        "down":  { "uv": [ 3.5, 6.5, 16, 8 ], "texture": "#texture" },
        "up":    { "uv": [ 3.5, 2.5, 16, 5 ], "texture": "#texture" },
        "north": { "uv": [ 16, 0, 3.5, 2.5 ], "texture": "#texture" },
        "south": { "uv": [ 3.5, 5.5, 16, 8 ], "texture": "#texture" },
        "west":  { "uv": [ 2, 2.5, 4, 4.5 ], "texture": "#texture" },
        "east":  { "uv": [ 8.5, 4, 10, 6 ], "texture": "#texture" }
    }
},
{
    "from": [ 9.5, 6, 7 ],
    "to": [ 12.5, 11, 10 ],
    "rotation": { "origin": [ 9.5, 6, 7 ], "axis": "y", "angle": 22.5 },
    "faces": {
        "down":  { "uv": [ 10, 5.5, 8.5, 4 ], "texture": "#texture" },
        "up":    { "uv": [ 14.5, 2, 16, 4 ], "texture": "#texture" },
        "north": { "uv": [ 14.5, 2, 16, 4 ], "texture": "#texture" },
        "south": { "uv": [ 14.5, 2, 16, 3.5 ], "texture": "#texture" },
        "west":  { "uv": [ 15, 1.5, 16, 4 ], "texture": "#texture" },
        "east":  { "uv": [ 14.5, 2, 16, 4 ], "texture": "#texture" }
    }
},
{
    "from": [ 12, 7, 7 ],
    "to": [ 15, 10, 9 ],
    "rotation": { "origin": [ 12, 7, 7 ], "axis": "y", "angle": 45 },
    "faces": {
        "down":  { "uv": [ 0, 8, 3.5, 10.5 ], "texture": "#texture" },
        "up":    { "uv": [ 0, 8, 3.5, 10.5 ], "texture": "#texture" },
        "north": { "uv": [ 3.5, 8, 0, 10.5 ], "texture": "#texture" },
        "south": { "uv": [ 0, 8, 3.5, 10.5 ], "texture": "#texture" },
        "west":  { "uv": [ 0, 8, 3.5, 10.5 ], "texture": "#texture" },
        "east":  { "uv": [ 2, 8, 3.5, 10.5 ], "texture": "#texture" }
    }
},
{
    "from": [ 6.5, 2.5, 8.5 ],
    "to": [ 11.5, 5, 8.5625 ],
    "faces": {
        "north": { "uv": [ 15.5, 13.5, 10, 16 ], "texture": "#texture" },
        "south": { "uv": [ 10, 13.5, 15.5, 16 ], "texture": "#texture" }
    }
},
{
    "from": [ 3.5, 12, 8.5 ],
    "to": [ 11.5, 14, 8.5625 ],
    "faces": {
        "north": { "uv": [ 15, 6, 0, 12 ], "texture": "#Clownfish02" },
        "south": { "uv": [ 0, 6, 15, 12 ], "texture": "#Clownfish02" }
    }
},
{
    "from": [ 0.5, 8.5, 7 ],
    "to": [ 1.5, 9.5, 10 ],
    "faces": {
        "down":  { "uv": [ 2, 4, 1.5, 3.5 ], "texture": "#texture" },
        "up":    { "uv": [ 1.5, 4, 2, 4.5 ], "texture": "#texture" },
        "north": { "uv": [ 2.5, 3, 1.5, 4 ], "texture": "#texture" },
        "south": { "uv": [ 1.5, 3, 2.5, 4 ], "texture": "#texture" },
        "west":  { "uv": [ 1.5, 3, 2, 4.5 ], "texture": "#texture" },
        "east":  { "uv": [ 2, 3, 2.5, 4.5 ], "texture": "#texture" }
    }
},
{
    "from": [ 13, 5, 7 ],
    "to": [ 18.5, 12.5, 7.0625 ],
    "rotation": { "origin": [ 13, 5, 7 ], "axis": "y", "angle": 45 },
    "faces": {
        "north": { "uv": [ 9.5, 9, 4, 15.5 ], "texture": "#texture" },
        "south": { "uv": [ 4, 9, 9.5, 15.5 ], "texture": "#texture" }
    }
},
{
    "from": [ 4, 3, 7.5 ],
    "to": [ 7, 6, 9.5 ],
    "faces": {
        "north": { "uv": [ 14.5, 8.5, 10.5, 13 ], "texture": "#texture" },
        "south": { "uv": [ 10.5, 8.5, 14.5, 13 ], "texture": "#texture" }
    }
},
{
    "from": [ 4, 4.5, 6.5 ],
    "to": [ 8.5, 9, 6.5625 ],
    "rotation": { "origin": [ 4, 4.5, 6.5 ], "axis": "y", "angle": 22.5 },
    "faces": {
        "north": { "uv": [ 3.5, 10.5, 0, 15.5 ], "texture": "#texture" },
        "south": { "uv": [ 0, 10.5, 3.5, 15.5 ], "texture": "#texture" }
    }
},
{
    "from": [ 4, 4.5, 10.5 ],
    "to": [ 8.5, 9, 10.5625 ],
    "rotation": { "origin": [ 4, 4.5, 10.5 ], "axis": "y", "angle": -22.5 },
    "faces": {
        "north": { "uv": [ 3.5, 11, 0, 16 ], "texture": "#texture" },
        "south": { "uv": [ 0, 11, 3.5, 16 ], "texture": "#texture" }
    }
}
],
"display": {
    "thirdperson_righthand": {
        "rotation": [ 66, -91, 40 ],
        "translation": [ -6.05, -24, 7.56 ],
        "scale": [ 0.9, 0.9, 0.9 ]
    },
    "thirdperson_lefthand": {
        "rotation": [ 66, 91, -40 ],
        "translation": [ -6.05, -24, 7.56 ],
        "scale": [ 0.9, 0.9, 0.9 ]
    }
}
}