{
    "parent": "item/handheld",
    "textures": {
        "layer0": "items/diamond_shovel"
    },
	"overrides": [
		{ "predicate": {"damage": 0.00064061499}, "model": "item/MC/R_MC"},
		{ "predicate": {"damage": 0.06598334401}, "model": "item/BF/Cookiefish"},
		{ "predicate": {"damage": 0.066623959}, "model": "item/BF/Cookiefish_M"},
		{ "predicate": {"damage": 0.06790518898}, "model": "item/BF/Cookiefish_A1"},
		{ "predicate": {"damage": 0.06854580397}, "model": "item/BF/Cookiefish_A2"},
		{ "predicate": {"damage": 0.06918641896}, "model": "item/BF/Cookiefish_A3"},
		{ "predicate": {"damage": 0.06982703395}, "model": "item/Plants/Purplesun"},
		{ "predicate": { "damage": 0.997}, "model": "item/aaa"}
	]
}