{
    "parent": "item/handheld",
    "textures": {
        "layer0": "items/diamond_hoe"
    },
	"overrides": [
		{ "predicate": { "damaged": 1, "damage": 0.00064061499}, "model": "item/Succubus01"},		
		{ "predicate": { "damaged": 1, "damage": 0.00128122998}, "model": "item/Succubus02"},	
		{ "predicate": { "damaged": 1, "damage": 0.00192184497}, "model": "item/Succubus03"},	
		{ "predicate": { "damaged": 1, "damage": 0.00256245996}, "model": "item/Succubus04"},	
		{ "predicate": { "damaged": 1, "damage": 0.00320307495}, "model": "item/Succubus05"},	
		{ "predicate": { "damaged": 1, "damage": 0.00384368994}, "model": "item/Succubus06"},	
		{ "predicate": { "damaged": 1, "damage": 0.00448430493}, "model": "item/Succubus07"},	
		{ "predicate": { "damaged": 1, "damage": 0.00512491992}, "model": "item/Succubus08"},	
		{ "predicate": { "damaged": 1, "damage": 0.00576553491}, "model": "item/Succubus09"},	
		{ "predicate": { "damaged": 1, "damage": 0.0064061499}, "model": "item/Succubus10"},	
		{ "predicate": { "damaged": 1, "damage": 0.00704676489}, "model": "item/Succubus11"},	
		{ "predicate": { "damaged": 1, "damage": 0.00768737988}, "model": "item/Succubus12"},	
		{ "predicate": { "damaged": 1, "damage": 0.00832799487}, "model": "item/Light_Circle"},	
		{ "predicate": { "damaged": 1, "damage": 0.997}, "model": "item/aaa"}
	]
}