{
    "parent": "item/handheld",
    "textures": {
        "layer0": "items/diamond_hoe"
    },
	"overrides": [
		{ "predicate": { "damaged": 1, "damage": 0.00064061499}, "model": "item/Succubus01"},		
		{ "predicate": { "damaged": 1, "damage": 0.00128122998}, "model": "item/Succubus02"},	
		{ "predicate": { "damaged": 1, "damage": 0.00192184497}, "model": "item/Succubus03"},	
		{ "predicate": { "damaged": 1, "damage": 0.00256245996}, "model": "item/Succubus04"},	
		{ "predicate": { "damaged": 1, "damage": 0.00320307495}, "model": "item/Succubus05"},	
		{ "predicate": { "damaged": 1, "damage": 0.00384368994}, "model": "item/Succubus06"},	
		{ "predicate": { "damaged": 1, "damage": 0.00448430493}, "model": "item/Succubus07"},	
		{ "predicate": { "damaged": 1, "damage": 0.00512491992}, "model": "item/Succubus08"},	
		{ "predicate": { "damaged": 1, "damage": 0.00576553491}, "model": "item/Succubus09"},	
		{ "predicate": { "damaged": 1, "damage": 0.0064061499}, "model": "item/Succubus10"},	
		{ "predicate": { "damaged": 1, "damage": 0.00704676489}, "model": "item/Succubus11"},	
		{ "predicate": { "damaged": 1, "damage": 0.00768737988}, "model": "item/Succubus12"},	
		{ "predicate": { "damaged": 1, "damage": 0.00832799487}, "model": "item/Succubus13"},	
		{ "predicate": { "damaged": 1, "damage": 0.00896860986}, "model": "item/Light_Circle"},	
		{ "predicate": { "damaged": 1, "damage": 0.00960922485}, "model": "item/Salmon_M01"},	
		{ "predicate": { "damaged": 1, "damage": 0.01024983984}, "model": "item/Salmon_M02"},	
		{ "predicate": { "damaged": 1, "damage": 0.01089045483}, "model": "item/Salmon_M03"},	
		{ "predicate": { "damaged": 1, "damage": 0.01153106982}, "model": "item/Salmon_M04"},	
		{ "predicate": { "damaged": 1, "damage": 0.01217168481}, "model": "item/Salmon_M05"},	
		{ "predicate": { "damaged": 1, "damage": 0.0128122998}, "model": "item/Salmon_M06"},	
		{ "predicate": { "damaged": 1, "damage": 0.01345291479}, "model": "item/Salmon_M07"},	
		{ "predicate": { "damaged": 1, "damage": 0.01409352978}, "model": "item/Salmon_M08"},	
		{ "predicate": { "damaged": 1, "damage": 0.01473414477}, "model": "item/Salmon_M09"},	
		{ "predicate": { "damaged": 1, "damage": 0.01537475976}, "model": "item/Salmon_M010"},	
		{ "predicate": { "damaged": 1, "damage": 0.01601537475}, "model": "item/Salmon_M011"},	
		{ "predicate": { "damaged": 1, "damage": 0.01665598975}, "model": "item/Salmon_M012"},		
		{ "predicate": { "damaged": 1, "damage": 0.01729660474}, "model": "item/Salmon_M013"},	
		{ "predicate": { "damaged": 1, "damage": 0.01793721973}, "model": "item/Salmon_M014"},	
		{ "predicate": { "damaged": 1, "damage": 0.01857783472}, "model": "item/Salmon_M015"},	
		{ "predicate": { "damaged": 1, "damage": 0.01921844971}, "model": "item/Salmon_M016"},	
		{ "predicate": { "damaged": 1, "damage": 0.0198590647}, "model": "item/Salmon_M017"},	
		{ "predicate": { "damaged": 1, "damage": 0.02049967969}, "model": "item/Salmon_M018"},	
		{ "predicate": { "damaged": 1, "damage": 0.02114029468}, "model": "item/Salmon_M019"},	
		{ "predicate": { "damaged": 1, "damage": 0.02178090967}, "model": "item/Salmon_M020"},	
		{ "predicate": { "damaged": 1, "damage": 0.02242152466}, "model": "item/Salmon_M021"},	
		{ "predicate": { "damaged": 1, "damage": 0.02306213965}, "model": "item/Salmon_M022"},	
		{ "predicate": { "damaged": 1, "damage": 0.02370275464}, "model": "item/Salmon_M023"},	
		{ "predicate": { "damaged": 1, "damage": 0.02434336963}, "model": "item/fish_M01"},	
		{ "predicate": { "damaged": 1, "damage": 0.02498398462}, "model": "item/fish_M02"},	
		{ "predicate": { "damaged": 1, "damage": 0.02562459961}, "model": "item/fish_M03"},	
		{ "predicate": { "damaged": 1, "damage": 0.0262652146}, "model": "item/fish_M04"},	
		{ "predicate": { "damaged": 1, "damage": 0.02690582959}, "model": "item/fish_M05"},	
		{ "predicate": { "damaged": 1, "damage": 0.02754644458}, "model": "item/fish_M06"},	
		{ "predicate": { "damaged": 1, "damage": 0.02818705957}, "model": "item/fish_M07"},	
		{ "predicate": { "damaged": 1, "damage": 0.02882767456}, "model": "item/fish_M08"},	
		{ "predicate": { "damaged": 1, "damage": 0.02946828955}, "model": "item/fish_M09"},	
		{ "predicate": { "damaged": 1, "damage": 0.03010890454}, "model": "item/fish_M010"},	
		{ "predicate": { "damaged": 1, "damage": 0.03074951953}, "model": "item/fish_M011"},	
		{ "predicate": { "damaged": 1, "damage": 0.03139013452}, "model": "item/pufferfish_M01"},	
		{ "predicate": { "damaged": 1, "damage": 0.03203074951}, "model": "item/pufferfish_M02"},	
		{ "predicate": { "damaged": 1, "damage": 0.0326713645}, "model": "item/pufferfish_M03"},	
		{ "predicate": { "damaged": 1, "damage": 0.0333119795}, "model": "item/pufferfish_M04"},	
		{ "predicate": { "damaged": 1, "damage": 0.03395259449}, "model": "item/pufferfish_M05"},	
		{ "predicate": { "damaged": 1, "damage": 0.03459320948}, "model": "item/pufferfish_M06"},	
		{ "predicate": { "damage": 0.03523382447}, "model": "item/Polypterus"},	
		{ "predicate": { "damaged": 1, "damage": 0.03587443946}, "model": "item/Polypterus_M01"},	
		{ "predicate": { "damaged": 1, "damage": 0.03651505445}, "model": "item/Polypterus_M02"},	
		{ "predicate": { "damaged": 1, "damage": 0.03715566944}, "model": "item/Polypterus_M03"},	
		{ "predicate": { "damaged": 1, "damage": 0.03779628443}, "model": "item/Polypterus_M04"},	
		{ "predicate": { "damaged": 1, "damage": 0.03843689942}, "model": "item/Polypterus_M05"},	
		{ "predicate": { "damaged": 1, "damage": 0.03907751441}, "model": "item/Polypterus_M06"},	
		{ "predicate": { "damaged": 1, "damage": 0.0397181294}, "model": "item/Polypterus_M07"},	
		{ "predicate": { "damaged": 1, "damage": 0.04035874439}, "model": "item/Polypterus_M08"},	
		{ "predicate": { "damaged": 1, "damage": 0.04099935938}, "model": "item/Polypterus_M09"},	
		{ "predicate": { "damaged": 1, "damage": 0.04163997437}, "model": "item/Polypterus_M10"},	
		{ "predicate": { "damaged": 1, "damage": 0.04228058936}, "model": "item/Polypterus_M11"},	
		{ "predicate": { "damaged": 1, "damage": 0.04292120435}, "model": "item/Polypterus_M12"},	
		{ "predicate": { "damaged": 1, "damage": 0.04356181934}, "model": "item/Polypterus_M13"},	
		{ "predicate": { "damaged": 1, "damage": 0.04420243433}, "model": "item/Polypterus_M14"},	
		{ "predicate": { "damaged": 1, "damage": 0.04484304932}, "model": "item/Polypterus_M15"},	
		{ "predicate": { "damaged": 1, "damage": 0.04548366431}, "model": "item/Polypterus_M16"},	
		{ "predicate": { "damaged": 1, "damage": 0.0461242793}, "model": "item/clownfish"},	
		{ "predicate": { "damaged": 1, "damage": 0.04676489429}, "model": "item/Clownfish_M01"},	
		{ "predicate": { "damaged": 1, "damage": 0.04740550928}, "model": "item/Clownfish_M02"},	
		{ "predicate": { "damaged": 1, "damage": 0.04804612427}, "model": "item/Clownfish_M03"},	
		{ "predicate": { "damaged": 1, "damage": 0.04868673926}, "model": "item/Clownfish_M04"},	
		{ "predicate": { "damaged": 1, "damage": 0.04932735426}, "model": "item/Clownfish_M05"},	
		{ "predicate": { "damaged": 1, "damage": 0.04996796925}, "model": "item/Clownfish_M06"},	
		{ "predicate": { "damaged": 1, "damage": 0.05060858424}, "model": "item/Clownfish_M07"},	
		{ "predicate": { "damaged": 1, "damage": 0.05124919923}, "model": "item/Clownfish_M08"},	
		{ "predicate": { "damaged": 1, "damage": 0.05188981422}, "model": "item/Clownfish_M09"},	
		{ "predicate": { "damaged": 1, "damage": 0.05253042921}, "model": "item/Clownfish_M10"},	
		{ "predicate": { "damaged": 1, "damage": 0.0531710442}, "model": "item/Clownfish_M11"},	
		{ "predicate": { "damaged": 1, "damage": 0.05381165919}, "model": "item/Lungfish"},	
		{ "predicate": { "damaged": 1, "damage": 0.05445227418}, "model": "item/Lungfish_M01"},	
		{ "predicate": { "damaged": 1, "damage": 0.05509288917}, "model": "item/Lungfish_M02"},	
		{ "predicate": { "damaged": 1, "damage": 0.05573350416}, "model": "item/Lungfish_M03"},	
		{ "predicate": { "damaged": 1, "damage": 0.05637411915}, "model": "item/Lungfish_M04"},	
		{ "predicate": { "damaged": 1, "damage": 0.05701473414}, "model": "item/Lungfish_M05"},	
		{ "predicate": { "damaged": 1, "damage": 0.05765534913}, "model": "item/Lungfish_M06"},	
		{ "predicate": { "damaged": 1, "damage": 0.05829596412}, "model": "item/Lungfish_M07"},	
		{ "predicate": { "damaged": 1, "damage": 0.05893657911}, "model": "item/Lungfish_M08"},	
		{ "predicate": { "damaged": 1, "damage": 0.0595771941}, "model": "item/Lungfish_M09"},	
		{ "predicate": { "damaged": 1, "damage": 0.06021780909}, "model": "item/Lungfish_M10"},	
		{ "predicate": { "damaged": 1, "damage": 0.06085842408}, "model": "item/Lungfish_M11"},	
		{ "predicate": { "damaged": 1, "damage": 0.06149903907}, "model": "item/Lungfish_M12"},	
		{ "predicate": { "damaged": 1, "damage": 0.997}, "model": "item/aaa"}
	]
}