{
"__comment": "Designed by S9855027 with BDcraft Cubik PRO 0.96 Beta - http://bdcraft.net",
"textures": {
    "texture": "items/iron_shovel"
},
"elements": [ 
{
    "__comment": "iron_shovel x64",
    "from": [ 4.75, 14.5, 7.5 ],
    "to": [ 5.75, 15.25, 8.5 ],
    "faces": {
        "down":  { "uv": [ 4.75, 1.5, 5.75, 1.25 ], "texture": "#texture" },
        "up":    { "uv": [ 4.75, 0.75, 5.75, 1 ], "texture": "#texture" },
        "north": { "uv": [ 5.75, 0.75, 4.75, 1.5 ], "texture": "#texture" },
        "south": { "uv": [ 4.75, 0.75, 5.75, 1.5 ], "texture": "#texture" },
        "west":  { "uv": [ 4.75, 0.75, 5, 1.5 ], "texture": "#texture" },
        "east":  { "uv": [ 5.75, 0.75, 5.5, 1.5 ], "texture": "#texture" }
    }
},
{
    "__comment": "iron_shovel x64",
    "from": [ 5, 14.25, 7.5 ],
    "to": [ 6.5, 14.5, 8.5 ],
    "faces": {
        "down":  { "uv": [ 5, 1.75, 6.5, 1.5 ], "texture": "#texture" },
        "up":    { "uv": [ 5, 1.5, 6.5, 1.75 ], "texture": "#texture" },
        "north": { "uv": [ 6.5, 1.5, 5, 1.75 ], "texture": "#texture" },
        "south": { "uv": [ 5, 1.5, 6.5, 1.75 ], "texture": "#texture" },
        "west":  { "uv": [ 5, 1.5, 5.25, 1.75 ], "texture": "#texture" },
        "east":  { "uv": [ 6.5, 1.5, 6.25, 1.75 ], "texture": "#texture" }
    }
},
{
    "__comment": "iron_shovel x64",
    "from": [ 5.25, 14, 7.5 ],
    "to": [ 6.75, 14.25, 8.5 ],
    "faces": {
        "down":  { "uv": [ 10.75, 8.5, 9.25, 7.5 ], "texture": "#texture" },
        "up":    { "uv": [ 5.25, 7.5, 6.75, 8.5 ], "texture": "#texture" },
        "north": { "uv": [ 9.25, 1.75, 10.75, 2 ], "texture": "#texture" },
        "south": { "uv": [ 5.25, 1.75, 6.75, 2 ], "texture": "#texture" },
        "west":  { "uv": [ 7.5, 1.75, 8.5, 2 ], "texture": "#texture" },
        "east":  { "uv": [ 7.5, 1.75, 8.5, 2 ], "texture": "#texture" }
    }
},
{
    "__comment": "iron_shovel x64",
    "from": [ 5.25, 12.25, 7.5 ],
    "to": [ 6.5, 12.75, 8.5 ],
    "faces": {
        "down":  { "uv": [ 5.25, 3.75, 6.5, 3.5 ], "texture": "#texture" },
        "up":    { "uv": [ 5.25, 3.25, 6.5, 3.5 ], "texture": "#texture" },
        "north": { "uv": [ 6.5, 3.25, 5.25, 3.75 ], "texture": "#texture" },
        "south": { "uv": [ 5.25, 3.25, 6.5, 3.75 ], "texture": "#texture" },
        "west":  { "uv": [ 5.25, 3.25, 5.5, 3.75 ], "texture": "#texture" },
        "east":  { "uv": [ 6.5, 3.25, 6.25, 3.75 ], "texture": "#texture" }
    }
},
{
    "__comment": "iron_shovel x64",
    "from": [ 5.5, 13.75, 7.5 ],
    "to": [ 6.75, 14, 8.5 ],
    "faces": {
        "down":  { "uv": [ 5.5, 2.25, 6.75, 2 ], "texture": "#texture" },
        "up":    { "uv": [ 5.5, 2, 6.75, 2.25 ], "texture": "#texture" },
        "north": { "uv": [ 6.75, 2, 5.5, 2.25 ], "texture": "#texture" },
        "south": { "uv": [ 5.5, 2, 6.75, 2.25 ], "texture": "#texture" },
        "west":  { "uv": [ 5.5, 2, 5.75, 2.25 ], "texture": "#texture" },
        "east":  { "uv": [ 6.75, 2, 6.5, 2.25 ], "texture": "#texture" }
    }
},
{
    "__comment": "iron_shovel x64",
    "from": [ 5.5, 12.75, 7.5 ],
    "to": [ 6.75, 13, 8.5 ],
    "faces": {
        "down":  { "uv": [ 5.5, 3.25, 6.75, 3 ], "texture": "#texture" },
        "up":    { "uv": [ 5.5, 3, 6.75, 3.25 ], "texture": "#texture" },
        "north": { "uv": [ 6.75, 3, 5.5, 3.25 ], "texture": "#texture" },
        "south": { "uv": [ 5.5, 3, 6.75, 3.25 ], "texture": "#texture" },
        "west":  { "uv": [ 5.5, 3, 5.75, 3.25 ], "texture": "#texture" },
        "east":  { "uv": [ 6.75, 3, 6.5, 3.25 ], "texture": "#texture" }
    }
},
{
    "__comment": "iron_shovel x64",
    "from": [ 5.5, 11.75, 7.5 ],
    "to": [ 6.5, 12.25, 8.5 ],
    "faces": {
        "down":  { "uv": [ 5.5, 4.25, 6.5, 4 ], "texture": "#texture" },
        "up":    { "uv": [ 5.5, 3.75, 6.5, 4 ], "texture": "#texture" },
        "north": { "uv": [ 6.5, 3.75, 5.5, 4.25 ], "texture": "#texture" },
        "south": { "uv": [ 5.5, 3.75, 6.5, 4.25 ], "texture": "#texture" },
        "west":  { "uv": [ 5.5, 3.75, 5.75, 4.25 ], "texture": "#texture" },
        "east":  { "uv": [ 6.5, 3.75, 6.25, 4.25 ], "texture": "#texture" }
    }
},
{
    "__comment": "iron_shovel x64",
    "from": [ 5.75, 14.5, 7.5 ],
    "to": [ 6, 15, 8.5 ],
    "faces": {
        "down":  { "uv": [ 5.75, 1.5, 6, 1.25 ], "texture": "#texture" },
        "up":    { "uv": [ 5.75, 1, 6, 1.25 ], "texture": "#texture" },
        "north": { "uv": [ 6, 1, 5.75, 1.5 ], "texture": "#texture" },
        "south": { "uv": [ 5.75, 1, 6, 1.5 ], "texture": "#texture" },
        "west":  { "uv": [ 5.75, 1, 6, 1.5 ], "texture": "#texture" },
        "east":  { "uv": [ 6, 1, 5.75, 1.5 ], "texture": "#texture" }
    }
},
{
    "__comment": "iron_shovel x64",
    "from": [ 5.75, 13, 7.5 ],
    "to": [ 6.75, 13.75, 8.5 ],
    "faces": {
        "down":  { "uv": [ 5.75, 3, 6.75, 2.75 ], "texture": "#texture" },
        "up":    { "uv": [ 5.75, 2.25, 6.75, 2.5 ], "texture": "#texture" },
        "north": { "uv": [ 6.75, 2.25, 5.75, 3 ], "texture": "#texture" },
        "south": { "uv": [ 5.75, 2.25, 6.75, 3 ], "texture": "#texture" },
        "west":  { "uv": [ 5.75, 2.25, 6, 3 ], "texture": "#texture" },
        "east":  { "uv": [ 6.75, 2.25, 6.5, 3 ], "texture": "#texture" }
    }
},
{
    "__comment": "iron_shovel x64",
    "from": [ 5.75, 11.25, 7.5 ],
    "to": [ 6.75, 11.75, 8.5 ],
    "faces": {
        "down":  { "uv": [ 5.75, 4.75, 6.75, 4.5 ], "texture": "#texture" },
        "up":    { "uv": [ 5.75, 4.25, 6.75, 4.5 ], "texture": "#texture" },
        "north": { "uv": [ 6.75, 4.25, 5.75, 4.75 ], "texture": "#texture" },
        "south": { "uv": [ 5.75, 4.25, 6.75, 4.75 ], "texture": "#texture" },
        "west":  { "uv": [ 5.75, 4.25, 6, 4.75 ], "texture": "#texture" },
        "east":  { "uv": [ 6.75, 4.25, 6.5, 4.75 ], "texture": "#texture" }
    }
},
{
    "__comment": "iron_shovel x64",
    "from": [ 6, 14.5, 7.5 ],
    "to": [ 6.25, 14.75, 8.5 ],
    "faces": {
        "down":  { "uv": [ 6, 1.5, 6.25, 1.25 ], "texture": "#texture" },
        "up":    { "uv": [ 6, 1.25, 6.25, 1.5 ], "texture": "#texture" },
        "north": { "uv": [ 6.25, 1.25, 6, 1.5 ], "texture": "#texture" },
        "south": { "uv": [ 6, 1.25, 6.25, 1.5 ], "texture": "#texture" },
        "west":  { "uv": [ 6, 1.25, 6.25, 1.5 ], "texture": "#texture" },
        "east":  { "uv": [ 6.25, 1.25, 6, 1.5 ], "texture": "#texture" }
    }
},
{
    "__comment": "iron_shovel x64",
    "from": [ 6, 11, 7.5 ],
    "to": [ 7.5, 11.25, 8.5 ],
    "faces": {
        "down":  { "uv": [ 6, 5, 7.5, 4.75 ], "texture": "#texture" },
        "up":    { "uv": [ 6, 4.75, 7.5, 5 ], "texture": "#texture" },
        "north": { "uv": [ 7.5, 4.75, 6, 5 ], "texture": "#texture" },
        "south": { "uv": [ 6, 4.75, 7.5, 5 ], "texture": "#texture" },
        "west":  { "uv": [ 6, 4.75, 6.25, 5 ], "texture": "#texture" },
        "east":  { "uv": [ 7.5, 4.75, 7.25, 5 ], "texture": "#texture" }
    }
},
{
    "__comment": "iron_shovel x64",
    "from": [ 6.25, 10.75, 7.5 ],
    "to": [ 10, 11, 8.5 ],
    "faces": {
        "down":  { "uv": [ 6.25, 5.25, 10, 5 ], "texture": "#texture" },
        "up":    { "uv": [ 6.25, 5, 10, 5.25 ], "texture": "#texture" },
        "north": { "uv": [ 10, 5, 6.25, 5.25 ], "texture": "#texture" },
        "south": { "uv": [ 6.25, 5, 10, 5.25 ], "texture": "#texture" },
        "west":  { "uv": [ 6.25, 5, 6.5, 5.25 ], "texture": "#texture" },
        "east":  { "uv": [ 10, 5, 9.75, 5.25 ], "texture": "#texture" }
    }
},
{
    "__comment": "iron_shovel x64",
    "from": [ 6.5, 10.5, 7.5 ],
    "to": [ 9.75, 10.75, 8.5 ],
    "faces": {
        "down":  { "uv": [ 6.5, 5.5, 9.75, 5.25 ], "texture": "#texture" },
        "up":    { "uv": [ 6.5, 5.25, 9.75, 5.5 ], "texture": "#texture" },
        "north": { "uv": [ 9.75, 5.25, 6.5, 5.5 ], "texture": "#texture" },
        "south": { "uv": [ 6.5, 5.25, 9.75, 5.5 ], "texture": "#texture" },
        "west":  { "uv": [ 6.5, 5.25, 6.75, 5.5 ], "texture": "#texture" },
        "east":  { "uv": [ 9.75, 5.25, 9.5, 5.5 ], "texture": "#texture" }
    }
},
{
    "__comment": "iron_shovel x64",
    "from": [ 6.5, 1, 7.5 ],
    "to": [ 7.5, 1.25, 8.5 ],
    "faces": {
        "down":  { "uv": [ 6.5, 15, 7.5, 14.75 ], "texture": "#texture" },
        "up":    { "uv": [ 6.5, 14.75, 7.5, 15 ], "texture": "#texture" },
        "north": { "uv": [ 7.5, 14.75, 6.5, 15 ], "texture": "#texture" },
        "south": { "uv": [ 6.5, 14.75, 7.5, 15 ], "texture": "#texture" },
        "west":  { "uv": [ 6.5, 14.75, 6.75, 15 ], "texture": "#texture" },
        "east":  { "uv": [ 7.5, 14.75, 7.25, 15 ], "texture": "#texture" }
    }
},
{
    "__comment": "iron_shovel x64",
    "from": [ 6.75, 13.25, 7.5 ],
    "to": [ 7, 13.75, 8.5 ],
    "faces": {
        "down":  { "uv": [ 6.75, 2.75, 7, 2.5 ], "texture": "#texture" },
        "up":    { "uv": [ 6.75, 2.25, 7, 2.5 ], "texture": "#texture" },
        "north": { "uv": [ 7, 2.25, 6.75, 2.75 ], "texture": "#texture" },
        "south": { "uv": [ 6.75, 2.25, 7, 2.75 ], "texture": "#texture" },
        "west":  { "uv": [ 6.75, 2.25, 7, 2.75 ], "texture": "#texture" },
        "east":  { "uv": [ 7, 2.25, 6.75, 2.75 ], "texture": "#texture" }
    }
},
{
    "__comment": "iron_shovel x64",
    "from": [ 6.75, 11.25, 7.5 ],
    "to": [ 7, 11.5, 8.5 ],
    "faces": {
        "down":  { "uv": [ 6.75, 4.75, 7, 4.5 ], "texture": "#texture" },
        "up":    { "uv": [ 6.75, 4.5, 7, 4.75 ], "texture": "#texture" },
        "north": { "uv": [ 7, 4.5, 6.75, 4.75 ], "texture": "#texture" },
        "south": { "uv": [ 6.75, 4.5, 7, 4.75 ], "texture": "#texture" },
        "west":  { "uv": [ 6.75, 4.5, 7, 4.75 ], "texture": "#texture" },
        "east":  { "uv": [ 7, 4.5, 6.75, 4.75 ], "texture": "#texture" }
    }
},
{
    "__comment": "iron_shovel x64",
    "from": [ 6.75, 9.5, 7.5 ],
    "to": [ 9.5, 10.5, 8.5 ],
    "faces": {
        "down":  { "uv": [ 6.75, 6.5, 9.5, 6.25 ], "texture": "#texture" },
        "up":    { "uv": [ 6.75, 5.5, 9.5, 5.75 ], "texture": "#texture" },
        "north": { "uv": [ 9.5, 5.5, 6.75, 6.5 ], "texture": "#texture" },
        "south": { "uv": [ 6.75, 5.5, 9.5, 6.5 ], "texture": "#texture" },
        "west":  { "uv": [ 8, 5.5, 8.25, 6.5 ], "texture": "#texture" },
        "east":  { "uv": [ 8.25, 5.5, 8, 6.5 ], "texture": "#texture" }
    }
},
{
    "__comment": "iron_shovel x64",
    "from": [ 6.75, 2.5, 7.5 ],
    "to": [ 9.5, 2.75, 8.5 ],
    "faces": {
        "down":  { "uv": [ 6.75, 13.5, 9.5, 13.25 ], "texture": "#texture" },
        "up":    { "uv": [ 6.75, 13.25, 9.5, 13.5 ], "texture": "#texture" },
        "north": { "uv": [ 9.5, 13.25, 6.75, 13.5 ], "texture": "#texture" },
        "south": { "uv": [ 6.75, 13.25, 9.5, 13.5 ], "texture": "#texture" },
        "west":  { "uv": [ 6.75, 13.25, 7, 13.5 ], "texture": "#texture" },
        "east":  { "uv": [ 9.5, 13.25, 9.25, 13.5 ], "texture": "#texture" }
    }
},
{
    "__comment": "iron_shovel x64",
    "from": [ 6.75, 1.25, 7.5 ],
    "to": [ 7.75, 1.5, 8.5 ],
    "faces": {
        "down":  { "uv": [ 6.75, 14.75, 7.75, 14.5 ], "texture": "#texture" },
        "up":    { "uv": [ 6.75, 14.5, 7.75, 14.75 ], "texture": "#texture" },
        "north": { "uv": [ 7.75, 14.5, 6.75, 14.75 ], "texture": "#texture" },
        "south": { "uv": [ 6.75, 14.5, 7.75, 14.75 ], "texture": "#texture" },
        "west":  { "uv": [ 6.75, 14.5, 7, 14.75 ], "texture": "#texture" },
        "east":  { "uv": [ 7.75, 14.5, 7.5, 14.75 ], "texture": "#texture" }
    }
},
{
    "__comment": "iron_shovel x64",
    "from": [ 6.75, 0.75, 7.5 ],
    "to": [ 7.75, 1, 8.5 ],
    "faces": {
        "down":  { "uv": [ 6.75, 15.25, 7.75, 15 ], "texture": "#texture" },
        "up":    { "uv": [ 6.75, 15, 7.75, 15.25 ], "texture": "#texture" },
        "north": { "uv": [ 7.75, 15, 6.75, 15.25 ], "texture": "#texture" },
        "south": { "uv": [ 6.75, 15, 7.75, 15.25 ], "texture": "#texture" },
        "west":  { "uv": [ 6.75, 15, 7, 15.25 ], "texture": "#texture" },
        "east":  { "uv": [ 7.75, 15, 7.5, 15.25 ], "texture": "#texture" }
    }
},
{
    "__comment": "iron_shovel x64",
    "from": [ 7, 9.25, 7.5 ],
    "to": [ 9.25, 9.5, 8.5 ],
    "faces": {
        "down":  { "uv": [ 7, 6.75, 9.25, 6.5 ], "texture": "#texture" },
        "up":    { "uv": [ 7, 6.5, 9.25, 6.75 ], "texture": "#texture" },
        "north": { "uv": [ 9.25, 6.5, 7, 6.75 ], "texture": "#texture" },
        "south": { "uv": [ 7, 6.5, 9.25, 6.75 ], "texture": "#texture" },
        "west":  { "uv": [ 8, 6, 8.25, 6.25 ], "texture": "#texture" },
        "east":  { "uv": [ 8.25, 5.5, 8, 5.75 ], "texture": "#texture" }
    }
},
{
    "__comment": "iron_shovel x64",
    "from": [ 7, 2.75, 7.5 ],
    "to": [ 9.25, 3, 8.5 ],
    "faces": {
        "down":  { "uv": [ 7, 13.25, 9.25, 13 ], "texture": "#texture" },
        "up":    { "uv": [ 7, 13, 9.25, 13.25 ], "texture": "#texture" },
        "north": { "uv": [ 9.25, 13, 7, 13.25 ], "texture": "#texture" },
        "south": { "uv": [ 7, 13, 9.25, 13.25 ], "texture": "#texture" },
        "west":  { "uv": [ 7, 13, 7.25, 13.25 ], "texture": "#texture" },
        "east":  { "uv": [ 9.25, 13, 9, 13.25 ], "texture": "#texture" }
    }
},
{
    "__comment": "iron_shovel x64",
    "from": [ 7, 2.25, 7.5 ],
    "to": [ 9.25, 2.5, 8.5 ],
    "faces": {
        "down":  { "uv": [ 7, 13.75, 9.25, 13.5 ], "texture": "#texture" },
        "up":    { "uv": [ 7, 13.5, 9.25, 13.75 ], "texture": "#texture" },
        "north": { "uv": [ 9.25, 13.5, 7, 13.75 ], "texture": "#texture" },
        "south": { "uv": [ 7, 13.5, 9.25, 13.75 ], "texture": "#texture" },
        "west":  { "uv": [ 7, 13.5, 7.25, 13.75 ], "texture": "#texture" },
        "east":  { "uv": [ 9.25, 13.5, 9, 13.75 ], "texture": "#texture" }
    }
},
{
    "__comment": "iron_shovel x64",
    "from": [ 7, 1.5, 7.5 ],
    "to": [ 7.75, 1.75, 8.5 ],
    "faces": {
        "down":  { "uv": [ 7, 14.5, 7.75, 14.25 ], "texture": "#texture" },
        "up":    { "uv": [ 7, 14.25, 7.75, 14.5 ], "texture": "#texture" },
        "north": { "uv": [ 7.75, 14.25, 7, 14.5 ], "texture": "#texture" },
        "south": { "uv": [ 7, 14.25, 7.75, 14.5 ], "texture": "#texture" },
        "west":  { "uv": [ 7, 14.25, 7.25, 14.5 ], "texture": "#texture" },
        "east":  { "uv": [ 7.75, 14.25, 7.5, 14.5 ], "texture": "#texture" }
    }
},
{
    "__comment": "iron_shovel x64",
    "from": [ 7, 0.5, 7.5 ],
    "to": [ 9.25, 0.75, 8.5 ],
    "faces": {
        "down":  { "uv": [ 7, 15.5, 9.25, 15.25 ], "texture": "#texture" },
        "up":    { "uv": [ 7, 15.25, 9.25, 15.5 ], "texture": "#texture" },
        "north": { "uv": [ 9.25, 15.25, 7, 15.5 ], "texture": "#texture" },
        "south": { "uv": [ 7, 15.25, 9.25, 15.5 ], "texture": "#texture" },
        "west":  { "uv": [ 7, 15.25, 7.25, 15.5 ], "texture": "#texture" },
        "east":  { "uv": [ 9.25, 15.25, 9, 15.5 ], "texture": "#texture" }
    }
},
{
    "__comment": "iron_shovel x64",
    "from": [ 7.25, 14.5, 7.5 ],
    "to": [ 9, 15.25, 8.5 ],
    "faces": {
        "down":  { "uv": [ 7.25, 1.5, 9, 1.25 ], "texture": "#texture" },
        "up":    { "uv": [ 7.25, 0.75, 9, 1 ], "texture": "#texture" },
        "north": { "uv": [ 9, 0.75, 7.25, 1.5 ], "texture": "#texture" },
        "south": { "uv": [ 7.25, 0.75, 9, 1.5 ], "texture": "#texture" },
        "west":  { "uv": [ 7.25, 0.75, 7.5, 1.5 ], "texture": "#texture" },
        "east":  { "uv": [ 9, 0.75, 8.75, 1.5 ], "texture": "#texture" }
    }
},
{
    "__comment": "iron_shovel x64",
    "from": [ 7.25, 12, 7.5 ],
    "to": [ 9, 12.75, 8.5 ],
    "faces": {
        "down":  { "uv": [ 7.25, 4, 9, 3.75 ], "texture": "#texture" },
        "up":    { "uv": [ 7.25, 3.25, 9, 3.5 ], "texture": "#texture" },
        "north": { "uv": [ 9, 3.25, 7.25, 4 ], "texture": "#texture" },
        "south": { "uv": [ 7.25, 3.25, 9, 4 ], "texture": "#texture" },
        "west":  { "uv": [ 7.25, 3.25, 7.5, 4 ], "texture": "#texture" },
        "east":  { "uv": [ 9, 3.25, 8.75, 4 ], "texture": "#texture" }
    }
},
{
    "__comment": "iron_shovel x64",
    "from": [ 7.25, 9, 7.5 ],
    "to": [ 9, 9.25, 8.5 ],
    "faces": {
        "down":  { "uv": [ 7.25, 7, 9, 6.75 ], "texture": "#texture" },
        "up":    { "uv": [ 7.25, 6.75, 9, 7 ], "texture": "#texture" },
        "north": { "uv": [ 9, 6.75, 7.25, 7 ], "texture": "#texture" },
        "south": { "uv": [ 7.25, 6.75, 9, 7 ], "texture": "#texture" },
        "west":  { "uv": [ 8, 6, 8.25, 6.25 ], "texture": "#texture" },
        "east":  { "uv": [ 8.25, 6, 8, 6.25 ], "texture": "#texture" }
    }
},
{
    "__comment": "iron_shovel x64",
    "from": [ 7.25, 3, 7.5 ],
    "to": [ 9, 3.25, 8.5 ],
    "faces": {
        "down":  { "uv": [ 7.25, 13, 9, 12.75 ], "texture": "#texture" },
        "up":    { "uv": [ 7.25, 12.75, 9, 13 ], "texture": "#texture" },
        "north": { "uv": [ 9, 12.75, 7.25, 13 ], "texture": "#texture" },
        "south": { "uv": [ 7.25, 12.75, 9, 13 ], "texture": "#texture" },
        "west":  { "uv": [ 7.25, 12.75, 7.5, 13 ], "texture": "#texture" },
        "east":  { "uv": [ 9, 12.75, 8.75, 13 ], "texture": "#texture" }
    }
},
{
    "__comment": "iron_shovel x64",
    "from": [ 7.25, 1.75, 7.5 ],
    "to": [ 8, 2.25, 8.5 ],
    "faces": {
        "down":  { "uv": [ 7.25, 14.25, 8, 14 ], "texture": "#texture" },
        "up":    { "uv": [ 7.25, 13.75, 8, 14 ], "texture": "#texture" },
        "north": { "uv": [ 8, 13.75, 7.25, 14.25 ], "texture": "#texture" },
        "south": { "uv": [ 7.25, 13.75, 8, 14.25 ], "texture": "#texture" },
        "west":  { "uv": [ 7.25, 13.75, 7.5, 14.25 ], "texture": "#texture" },
        "east":  { "uv": [ 8, 13.75, 7.75, 14.25 ], "texture": "#texture" }
    }
},
{
    "__comment": "iron_shovel x64",
    "from": [ 7.25, 0.25, 7.5 ],
    "to": [ 9, 0.5, 8.5 ],
    "faces": {
        "down":  { "uv": [ 7.25, 15.75, 9, 15.5 ], "texture": "#texture" },
        "up":    { "uv": [ 7.25, 15.5, 9, 15.75 ], "texture": "#texture" },
        "north": { "uv": [ 9, 15.5, 7.25, 15.75 ], "texture": "#texture" },
        "south": { "uv": [ 7.25, 15.5, 9, 15.75 ], "texture": "#texture" },
        "west":  { "uv": [ 7.25, 15.5, 7.5, 15.75 ], "texture": "#texture" },
        "east":  { "uv": [ 9, 15.5, 8.75, 15.75 ], "texture": "#texture" }
    }
},
{
    "__comment": "iron_shovel x64",
    "from": [ 7.5, 15.25, 7.5 ],
    "to": [ 8.75, 15.5, 8.5 ],
    "faces": {
        "down":  { "uv": [ 7.5, 0.75, 8.75, 0.5 ], "texture": "#texture" },
        "up":    { "uv": [ 7.5, 0.5, 8.75, 0.75 ], "texture": "#texture" },
        "north": { "uv": [ 8.75, 0.5, 7.5, 0.75 ], "texture": "#texture" },
        "south": { "uv": [ 7.5, 0.5, 8.75, 0.75 ], "texture": "#texture" },
        "west":  { "uv": [ 7.5, 0.5, 7.75, 0.75 ], "texture": "#texture" },
        "east":  { "uv": [ 8.75, 0.5, 8.5, 0.75 ], "texture": "#texture" }
    }
},
{
    "__comment": "iron_shovel x64",
    "from": [ 7.5, 14.25, 7.5 ],
    "to": [ 8.75, 14.5, 8.5 ],
    "faces": {
        "down":  { "uv": [ 7.5, 1.75, 8.75, 1.5 ], "texture": "#texture" },
        "up":    { "uv": [ 7.5, 1.5, 8.75, 1.75 ], "texture": "#texture" },
        "north": { "uv": [ 8.75, 1.5, 7.5, 1.75 ], "texture": "#texture" },
        "south": { "uv": [ 7.5, 1.5, 8.75, 1.75 ], "texture": "#texture" },
        "west":  { "uv": [ 7.5, 1.5, 7.75, 1.75 ], "texture": "#texture" },
        "east":  { "uv": [ 8.75, 1.5, 8.5, 1.75 ], "texture": "#texture" }
    }
},
{
    "__comment": "iron_shovel x64",
    "from": [ 7.5, 12.75, 7.5 ],
    "to": [ 8.75, 13, 8.5 ],
    "faces": {
        "down":  { "uv": [ 7.5, 3.25, 8.75, 3 ], "texture": "#texture" },
        "up":    { "uv": [ 7.5, 3, 8.75, 3.25 ], "texture": "#texture" },
        "north": { "uv": [ 8.75, 3, 7.5, 3.25 ], "texture": "#texture" },
        "south": { "uv": [ 7.5, 3, 8.75, 3.25 ], "texture": "#texture" },
        "west":  { "uv": [ 7.5, 3, 7.75, 3.25 ], "texture": "#texture" },
        "east":  { "uv": [ 8.75, 3, 8.5, 3.25 ], "texture": "#texture" }
    }
},
{
    "__comment": "iron_shovel x64",
    "from": [ 7.5, 11.75, 7.5 ],
    "to": [ 8.75, 12, 8.5 ],
    "faces": {
        "down":  { "uv": [ 7.5, 4.25, 8.75, 4 ], "texture": "#texture" },
        "up":    { "uv": [ 7.5, 4, 8.75, 4.25 ], "texture": "#texture" },
        "north": { "uv": [ 8.75, 4, 7.5, 4.25 ], "texture": "#texture" },
        "south": { "uv": [ 7.5, 4, 8.75, 4.25 ], "texture": "#texture" },
        "west":  { "uv": [ 7.5, 4, 7.75, 4.25 ], "texture": "#texture" },
        "east":  { "uv": [ 8.75, 4, 8.5, 4.25 ], "texture": "#texture" }
    }
},
{
    "__comment": "iron_shovel x64",
    "from": [ 7.5, 3.25, 7.5 ],
    "to": [ 8.75, 9, 8.5 ],
    "faces": {
        "down":  { "uv": [ 7.5, 12.75, 8.75, 12.5 ], "texture": "#texture" },
        "up":    { "uv": [ 7.5, 7, 8.75, 7.25 ], "texture": "#texture" },
        "north": { "uv": [ 8.75, 7.0625, 7.5, 12.8125 ], "texture": "#texture" },
        "south": { "uv": [ 7.5, 7, 8.75, 12.75 ], "texture": "#texture" },
        "west":  { "uv": [ 7.875, 6.875, 8.125, 12.625 ], "texture": "#texture" },
        "east":  { "uv": [ 8.375, 7.125, 8.125, 12.875 ], "texture": "#texture" }
    }
},
{
    "__comment": "iron_shovel x64",
    "from": [ 7.75, 15.5, 7.5 ],
    "to": [ 8.5, 15.75, 8.5 ],
    "faces": {
        "down":  { "uv": [ 7.75, 0.5, 8.5, 0.25 ], "texture": "#texture" },
        "up":    { "uv": [ 7.75, 0.25, 8.5, 0.5 ], "texture": "#texture" },
        "north": { "uv": [ 8.5, 0.25, 7.75, 0.5 ], "texture": "#texture" },
        "south": { "uv": [ 7.75, 0.25, 8.5, 0.5 ], "texture": "#texture" },
        "west":  { "uv": [ 7.75, 0.25, 8, 0.5 ], "texture": "#texture" },
        "east":  { "uv": [ 8.5, 0.25, 8.25, 0.5 ], "texture": "#texture" }
    }
},
{
    "__comment": "iron_shovel x64",
    "from": [ 7.75, 14, 7.5 ],
    "to": [ 8.5, 14.25, 8.5 ],
    "faces": {
        "down":  { "uv": [ 7.75, 2, 8.5, 1.75 ], "texture": "#texture" },
        "up":    { "uv": [ 7.75, 1.75, 8.5, 2 ], "texture": "#texture" },
        "north": { "uv": [ 8.5, 1.75, 7.75, 2 ], "texture": "#texture" },
        "south": { "uv": [ 7.75, 1.75, 8.5, 2 ], "texture": "#texture" },
        "west":  { "uv": [ 7.75, 1.75, 8, 2 ], "texture": "#texture" },
        "east":  { "uv": [ 8.5, 1.75, 8.25, 2 ], "texture": "#texture" }
    }
},
{
    "__comment": "iron_shovel x64",
    "from": [ 7.75, 13, 7.5 ],
    "to": [ 8.5, 13.25, 8.5 ],
    "faces": {
        "down":  { "uv": [ 7.75, 3, 8.5, 2.75 ], "texture": "#texture" },
        "up":    { "uv": [ 7.75, 2.75, 8.5, 3 ], "texture": "#texture" },
        "north": { "uv": [ 8.5, 2.75, 7.75, 3 ], "texture": "#texture" },
        "south": { "uv": [ 7.75, 2.75, 8.5, 3 ], "texture": "#texture" },
        "west":  { "uv": [ 7.75, 2.75, 8, 3 ], "texture": "#texture" },
        "east":  { "uv": [ 8.5, 2.75, 8.25, 3 ], "texture": "#texture" }
    }
},
{
    "__comment": "iron_shovel x64",
    "from": [ 7.75, 11.5, 7.5 ],
    "to": [ 8.5, 11.75, 8.5 ],
    "faces": {
        "down":  { "uv": [ 7.75, 4.5, 8.5, 4.25 ], "texture": "#texture" },
        "up":    { "uv": [ 7.75, 4.25, 8.5, 4.5 ], "texture": "#texture" },
        "north": { "uv": [ 8.5, 4.25, 7.75, 4.5 ], "texture": "#texture" },
        "south": { "uv": [ 7.75, 4.25, 8.5, 4.5 ], "texture": "#texture" },
        "west":  { "uv": [ 7.75, 4.25, 8, 4.5 ], "texture": "#texture" },
        "east":  { "uv": [ 8.5, 4.25, 8.25, 4.5 ], "texture": "#texture" }
    }
},
{
    "__comment": "iron_shovel x64",
    "from": [ 7.75, 0, 7.5 ],
    "to": [ 8.5, 0.25, 8.5 ],
    "faces": {
        "down":  { "uv": [ 7.75, 16, 8.5, 15.75 ], "texture": "#texture", "cullface": "down" },
        "up":    { "uv": [ 7.75, 15.75, 8.5, 16 ], "texture": "#texture" },
        "north": { "uv": [ 8.5, 15.75, 7.75, 16 ], "texture": "#texture" },
        "south": { "uv": [ 7.75, 15.75, 8.5, 16 ], "texture": "#texture" },
        "west":  { "uv": [ 7.75, 15.75, 8, 16 ], "texture": "#texture" },
        "east":  { "uv": [ 8.5, 15.75, 8.25, 16 ], "texture": "#texture" }
    }
},
{
    "__comment": "iron_shovel x64",
    "from": [ 8, 13.25, 7.5 ],
    "to": [ 8.25, 14, 8.5 ],
    "faces": {
        "down":  { "uv": [ 8, 2.75, 8.25, 2.5 ], "texture": "#texture" },
        "up":    { "uv": [ 8, 2, 8.25, 2.25 ], "texture": "#texture" },
        "north": { "uv": [ 8.25, 2, 8, 2.75 ], "texture": "#texture" },
        "south": { "uv": [ 8, 2, 8.25, 2.75 ], "texture": "#texture" },
        "west":  { "uv": [ 8, 2, 8.25, 2.75 ], "texture": "#texture" },
        "east":  { "uv": [ 8.25, 2, 8, 2.75 ], "texture": "#texture" }
    }
},
{
    "__comment": "iron_shovel x64",
    "from": [ 8, 11, 7.5 ],
    "to": [ 8.25, 11.5, 8.5 ],
    "faces": {
        "down":  { "uv": [ 8, 5, 8.25, 4.75 ], "texture": "#texture" },
        "up":    { "uv": [ 8, 4.5, 8.25, 4.75 ], "texture": "#texture" },
        "north": { "uv": [ 8.25, 4.5, 8, 5 ], "texture": "#texture" },
        "south": { "uv": [ 8, 4.5, 8.25, 5 ], "texture": "#texture" },
        "west":  { "uv": [ 8, 4.5, 8.25, 5 ], "texture": "#texture" },
        "east":  { "uv": [ 8.25, 4.5, 8, 5 ], "texture": "#texture" }
    }
},
{
    "__comment": "iron_shovel x64",
    "from": [ 8.25, 1.75, 7.5 ],
    "to": [ 9, 2.25, 8.5 ],
    "faces": {
        "down":  { "uv": [ 8.25, 14.25, 9, 14 ], "texture": "#texture" },
        "up":    { "uv": [ 8.25, 13.75, 9, 14 ], "texture": "#texture" },
        "north": { "uv": [ 9, 13.75, 8.25, 14.25 ], "texture": "#texture" },
        "south": { "uv": [ 8.25, 13.75, 9, 14.25 ], "texture": "#texture" },
        "west":  { "uv": [ 8.25, 13.75, 8.5, 14.25 ], "texture": "#texture" },
        "east":  { "uv": [ 9, 13.75, 8.75, 14.25 ], "texture": "#texture" }
    }
},
{
    "__comment": "iron_shovel x64",
    "from": [ 8.5, 1.25, 7.5 ],
    "to": [ 9.25, 1.75, 8.5 ],
    "faces": {
        "down":  { "uv": [ 8.5, 14.75, 9.25, 14.5 ], "texture": "#texture" },
        "up":    { "uv": [ 8.5, 14.25, 9.25, 14.5 ], "texture": "#texture" },
        "north": { "uv": [ 9.25, 14.25, 8.5, 14.75 ], "texture": "#texture" },
        "south": { "uv": [ 8.5, 14.25, 9.25, 14.75 ], "texture": "#texture" },
        "west":  { "uv": [ 8.5, 14.25, 8.75, 14.75 ], "texture": "#texture" },
        "east":  { "uv": [ 9.25, 14.25, 9, 14.75 ], "texture": "#texture" }
    }
},
{
    "__comment": "iron_shovel x64",
    "from": [ 8.5, 0.75, 7.5 ],
    "to": [ 9.5, 1, 8.5 ],
    "faces": {
        "down":  { "uv": [ 8.5, 15.25, 9.5, 15 ], "texture": "#texture" },
        "up":    { "uv": [ 8.5, 15, 9.5, 15.25 ], "texture": "#texture" },
        "north": { "uv": [ 9.5, 15, 8.5, 15.25 ], "texture": "#texture" },
        "south": { "uv": [ 8.5, 15, 9.5, 15.25 ], "texture": "#texture" },
        "west":  { "uv": [ 8.5, 15, 8.75, 15.25 ], "texture": "#texture" },
        "east":  { "uv": [ 9.5, 15, 9.25, 15.25 ], "texture": "#texture" }
    }
},
{
    "__comment": "iron_shovel x64",
    "from": [ 8.75, 11, 7.5 ],
    "to": [ 10.25, 11.25, 8.5 ],
    "faces": {
        "down":  { "uv": [ 8.75, 5, 10.25, 4.75 ], "texture": "#texture" },
        "up":    { "uv": [ 8.75, 4.75, 10.25, 5 ], "texture": "#texture" },
        "north": { "uv": [ 10.25, 4.75, 8.75, 5 ], "texture": "#texture" },
        "south": { "uv": [ 8.75, 4.75, 10.25, 5 ], "texture": "#texture" },
        "west":  { "uv": [ 8.75, 4.75, 9, 5 ], "texture": "#texture" },
        "east":  { "uv": [ 10.25, 4.75, 10, 5 ], "texture": "#texture" }
    }
},
{
    "__comment": "iron_shovel x64",
    "from": [ 8.75, 1, 7.5 ],
    "to": [ 9.75, 1.25, 8.5 ],
    "faces": {
        "down":  { "uv": [ 8.75, 15, 9.75, 14.75 ], "texture": "#texture" },
        "up":    { "uv": [ 8.75, 14.75, 9.75, 15 ], "texture": "#texture" },
        "north": { "uv": [ 9.75, 14.75, 8.75, 15 ], "texture": "#texture" },
        "south": { "uv": [ 8.75, 14.75, 9.75, 15 ], "texture": "#texture" },
        "west":  { "uv": [ 8.75, 14.75, 9, 15 ], "texture": "#texture" },
        "east":  { "uv": [ 9.75, 14.75, 9.5, 15 ], "texture": "#texture" }
    }
},
{
    "__comment": "iron_shovel x64",
    "from": [ 9.25, 13.25, 7.5 ],
    "to": [ 10.5, 13.75, 8.5 ],
    "faces": {
        "down":  { "uv": [ 9.25, 2.75, 10.5, 2.5 ], "texture": "#texture" },
        "up":    { "uv": [ 9.25, 2.25, 10.5, 2.5 ], "texture": "#texture" },
        "north": { "uv": [ 10.5, 2.25, 9.25, 2.75 ], "texture": "#texture" },
        "south": { "uv": [ 9.25, 2.25, 10.5, 2.75 ], "texture": "#texture" },
        "west":  { "uv": [ 9.25, 2.25, 9.5, 2.75 ], "texture": "#texture" },
        "east":  { "uv": [ 10.5, 2.25, 10.25, 2.75 ], "texture": "#texture" }
    }
},
{
    "__comment": "iron_shovel x64",
    "from": [ 9.25, 11.25, 7.5 ],
    "to": [ 10.5, 11.5, 8.5 ],
    "faces": {
        "down":  { "uv": [ 9.25, 4.75, 10.5, 4.5 ], "texture": "#texture" },
        "up":    { "uv": [ 9.25, 4.5, 10.5, 4.75 ], "texture": "#texture" },
        "north": { "uv": [ 10.5, 4.5, 9.25, 4.75 ], "texture": "#texture" },
        "south": { "uv": [ 9.25, 4.5, 10.5, 4.75 ], "texture": "#texture" },
        "west":  { "uv": [ 9.25, 4.5, 9.5, 4.75 ], "texture": "#texture" },
        "east":  { "uv": [ 10.5, 4.5, 10.25, 4.75 ], "texture": "#texture" }
    }
},
{
    "__comment": "iron_shovel x64",
    "from": [ 9.25, 1.25, 7.5 ],
    "to": [ 9.5, 1.5, 8.5 ],
    "faces": {
        "down":  { "uv": [ 9.25, 14.75, 9.5, 14.5 ], "texture": "#texture" },
        "up":    { "uv": [ 9.25, 14.5, 9.5, 14.75 ], "texture": "#texture" },
        "north": { "uv": [ 9.5, 14.5, 9.25, 14.75 ], "texture": "#texture" },
        "south": { "uv": [ 9.25, 14.5, 9.5, 14.75 ], "texture": "#texture" },
        "west":  { "uv": [ 9.25, 14.5, 9.5, 14.75 ], "texture": "#texture" },
        "east":  { "uv": [ 9.5, 14.5, 9.25, 14.75 ], "texture": "#texture" }
    }
},
{
    "__comment": "iron_shovel x64",
    "from": [ 9.5, 13.75, 7.5 ],
    "to": [ 10.75, 14.25, 8.5 ],
    "faces": {
        "down":  { "uv": [ 9.5, 2.25, 10.75, 2 ], "texture": "#texture" },
        "up":    { "uv": [ 9.5, 1.75, 10.75, 2 ], "texture": "#texture" },
        "north": { "uv": [ 10.75, 1.75, 9.5, 2.25 ], "texture": "#texture" },
        "south": { "uv": [ 9.5, 1.75, 10.75, 2.25 ], "texture": "#texture" },
        "west":  { "uv": [ 9.5, 1.75, 9.75, 2.25 ], "texture": "#texture" },
        "east":  { "uv": [ 10.75, 1.75, 10.5, 2.25 ], "texture": "#texture" }
    }
},
{
    "__comment": "iron_shovel x64",
    "from": [ 9.5, 12.75, 7.5 ],
    "to": [ 10.5, 13.25, 8.5 ],
    "faces": {
        "down":  { "uv": [ 9.5, 3.25, 10.5, 3 ], "texture": "#texture" },
        "up":    { "uv": [ 9.5, 2.75, 10.5, 3 ], "texture": "#texture" },
        "north": { "uv": [ 10.5, 2.75, 9.5, 3.25 ], "texture": "#texture" },
        "south": { "uv": [ 9.5, 2.75, 10.5, 3.25 ], "texture": "#texture" },
        "west":  { "uv": [ 9.5, 2.75, 9.75, 3.25 ], "texture": "#texture" },
        "east":  { "uv": [ 10.5, 2.75, 10.25, 3.25 ], "texture": "#texture" }
    }
},
{
    "__comment": "iron_shovel x64",
    "from": [ 9.5, 11.5, 7.5 ],
    "to": [ 10.5, 11.75, 8.5 ],
    "faces": {
        "down":  { "uv": [ 9.5, 4.5, 10.5, 4.25 ], "texture": "#texture" },
        "up":    { "uv": [ 9.5, 4.25, 10.5, 4.5 ], "texture": "#texture" },
        "north": { "uv": [ 10.5, 4.25, 9.5, 4.5 ], "texture": "#texture" },
        "south": { "uv": [ 9.5, 4.25, 10.5, 4.5 ], "texture": "#texture" },
        "west":  { "uv": [ 9.5, 4.25, 9.75, 4.5 ], "texture": "#texture" },
        "east":  { "uv": [ 10.5, 4.25, 10.25, 4.5 ], "texture": "#texture" }
    }
},
{
    "__comment": "iron_shovel x64",
    "from": [ 9.75, 14.25, 7.5 ],
    "to": [ 11.25, 14.5, 8.5 ],
    "faces": {
        "down":  { "uv": [ 9.75, 1.75, 11.25, 1.5 ], "texture": "#texture" },
        "up":    { "uv": [ 9.75, 1.5, 11.25, 1.75 ], "texture": "#texture" },
        "north": { "uv": [ 11.25, 1.5, 9.75, 1.75 ], "texture": "#texture" },
        "south": { "uv": [ 9.75, 1.5, 11.25, 1.75 ], "texture": "#texture" },
        "west":  { "uv": [ 9.75, 1.5, 10, 1.75 ], "texture": "#texture" },
        "east":  { "uv": [ 11.25, 1.5, 11, 1.75 ], "texture": "#texture" }
    }
},
{
    "__comment": "iron_shovel x64",
    "from": [ 9.75, 11.75, 7.5 ],
    "to": [ 10.75, 12.75, 8.5 ],
    "faces": {
        "down":  { "uv": [ 9.75, 4.25, 10.75, 4 ], "texture": "#texture" },
        "up":    { "uv": [ 9.75, 3.25, 10.75, 3.5 ], "texture": "#texture" },
        "north": { "uv": [ 10.75, 3.25, 9.75, 4.25 ], "texture": "#texture" },
        "south": { "uv": [ 9.75, 3.25, 10.75, 4.25 ], "texture": "#texture" },
        "west":  { "uv": [ 9.75, 3.25, 10, 4.25 ], "texture": "#texture" },
        "east":  { "uv": [ 10.75, 3.25, 10.5, 4.25 ], "texture": "#texture" }
    }
},
{
    "__comment": "iron_shovel x64",
    "from": [ 10, 14.5, 7.5 ],
    "to": [ 11.5, 14.75, 8.5 ],
    "faces": {
        "down":  { "uv": [ 10, 1.5, 11.5, 1.25 ], "texture": "#texture" },
        "up":    { "uv": [ 10, 1.25, 11.5, 1.5 ], "texture": "#texture" },
        "north": { "uv": [ 11.5, 1.25, 10, 1.5 ], "texture": "#texture" },
        "south": { "uv": [ 10, 1.25, 11.5, 1.5 ], "texture": "#texture" },
        "west":  { "uv": [ 10, 1.25, 10.25, 1.5 ], "texture": "#texture" },
        "east":  { "uv": [ 11.5, 1.25, 11.25, 1.5 ], "texture": "#texture" }
    }
},
{
    "__comment": "iron_shovel x64",
    "from": [ 10.25, 14.75, 7.5 ],
    "to": [ 11.5, 15, 8.5 ],
    "faces": {
        "down":  { "uv": [ 10.25, 1.25, 11.5, 1 ], "texture": "#texture" },
        "up":    { "uv": [ 10.25, 1, 11.5, 1.25 ], "texture": "#texture" },
        "north": { "uv": [ 11.5, 1, 10.25, 1.25 ], "texture": "#texture" },
        "south": { "uv": [ 10.25, 1, 11.5, 1.25 ], "texture": "#texture" },
        "west":  { "uv": [ 10.25, 1, 10.5, 1.25 ], "texture": "#texture" },
        "east":  { "uv": [ 11.5, 1, 11.25, 1.25 ], "texture": "#texture" }
    }
},
{
    "__comment": "iron_shovel x64",
    "from": [ 10.5, 15, 7.5 ],
    "to": [ 11.5, 15.25, 8.5 ],
    "faces": {
        "down":  { "uv": [ 10.5, 1, 11.5, 0.75 ], "texture": "#texture" },
        "up":    { "uv": [ 10.5, 0.75, 11.5, 1 ], "texture": "#texture" },
        "north": { "uv": [ 11.5, 0.75, 10.5, 1 ], "texture": "#texture" },
        "south": { "uv": [ 10.5, 0.75, 11.5, 1 ], "texture": "#texture" },
        "west":  { "uv": [ 10.5, 0.75, 10.75, 1 ], "texture": "#texture" },
        "east":  { "uv": [ 11.5, 0.75, 11.25, 1 ], "texture": "#texture" }
    }
},
{
    "__comment": "iron_shovel x64",
    "from": [ 10.5, 12.75, 7.5 ],
    "to": [ 10.75, 13, 8.5 ],
    "faces": {
        "down":  { "uv": [ 10.5, 3.25, 10.75, 3 ], "texture": "#texture" },
        "up":    { "uv": [ 10.5, 3, 10.75, 3.25 ], "texture": "#texture" },
        "north": { "uv": [ 10.75, 3, 10.5, 3.25 ], "texture": "#texture" },
        "south": { "uv": [ 10.5, 3, 10.75, 3.25 ], "texture": "#texture" },
        "west":  { "uv": [ 10.5, 3, 10.75, 3.25 ], "texture": "#texture" },
        "east":  { "uv": [ 10.75, 3, 10.5, 3.25 ], "texture": "#texture" }
    }
},
{
    "__comment": "iron_shovel x64",
    "from": [ 10.75, 14, 7.5 ],
    "to": [ 11, 14.25, 8.5 ],
    "faces": {
        "down":  { "uv": [ 10.75, 2, 11, 1.75 ], "texture": "#texture" },
        "up":    { "uv": [ 10.75, 1.75, 11, 2 ], "texture": "#texture" },
        "north": { "uv": [ 11, 1.75, 10.75, 2 ], "texture": "#texture" },
        "south": { "uv": [ 10.75, 1.75, 11, 2 ], "texture": "#texture" },
        "west":  { "uv": [ 10.75, 1.75, 11, 2 ], "texture": "#texture" },
        "east":  { "uv": [ 11, 1.75, 10.75, 2 ], "texture": "#texture" }
    }
},
{
    "__comment": "iron_shovel x64",
    "from": [ 10.75, 12.25, 7.5 ],
    "to": [ 11, 12.75, 8.5 ],
    "faces": {
        "down":  { "uv": [ 10.75, 3.75, 11, 3.5 ], "texture": "#texture" },
        "up":    { "uv": [ 10.75, 3.25, 11, 3.5 ], "texture": "#texture" },
        "north": { "uv": [ 11, 3.25, 10.75, 3.75 ], "texture": "#texture" },
        "south": { "uv": [ 10.75, 3.25, 11, 3.75 ], "texture": "#texture" },
        "west":  { "uv": [ 10.75, 3.25, 11, 3.75 ], "texture": "#texture" },
        "east":  { "uv": [ 11, 3.25, 10.75, 3.75 ], "texture": "#texture" }
    }
},
{
    "__comment": "texture",
    "from": [ 7.75, 14.5, 7.25 ],
    "to": [ 8.5, 15.25, 8.75 ],
    "faces": {
        "down":  { "uv": [ 8, 4, 8.5, 3.5 ], "texture": "#texture", "tintindex": 0 },
        "up":    { "uv": [ 8, 3.5, 8.5, 4 ], "texture": "#texture", "tintindex": 0 },
        "north": { "uv": [ 8, 3.5, 8.5, 4 ], "texture": "#texture", "tintindex": 0 },
        "south": { "uv": [ 8, 4, 8.5, 3.5 ], "texture": "#texture", "tintindex": 0 },
        "west":  { "uv": [ 8, 3.5, 8.5, 4 ], "texture": "#texture", "tintindex": 0 },
        "east":  { "uv": [ 8.5, 3.5, 8, 4 ], "texture": "#texture", "tintindex": 0 }
    }
},
{
    "from": [ 7.75, 11.75, 7.25 ],
    "to": [ 8.5, 12.75, 8.75 ],
    "faces": {
        "down":  { "uv": [ 8.75, 4, 7.75, 3 ], "texture": "#texture" },
        "up":    { "uv": [ 7.75, 0.5, 8.75, 1.5 ], "texture": "#texture" },
        "north": { "uv": [ 7.75, 0.75, 8.75, 1.75 ], "texture": "#texture" },
        "south": { "uv": [ 7.75, 0.5, 8.75, 1.5 ], "texture": "#texture" },
        "west":  { "uv": [ 7.75, 0.75, 8.75, 1.75 ], "texture": "#texture" },
        "east":  { "uv": [ 7.75, 0.75, 8.75, 1.75 ], "texture": "#texture" }
    }
},
{
    "from": [ 4.5, 16.25, 7.5 ],
    "to": [ 5, 16.75, 8 ],
    "faces": {
        "down":  { "uv": [ 7.25, 3, 6.25, 2 ], "texture": "#texture" },
        "up":    { "uv": [ 6.25, 2.25, 7.25, 3.25 ], "texture": "#texture" },
        "north": { "uv": [ 6.25, 2.25, 7.25, 3.25 ], "texture": "#texture" },
        "south": { "uv": [ 6.25, 2.25, 7.25, 3.25 ], "texture": "#texture" },
        "west":  { "uv": [ 6.25, 2, 7.25, 3 ], "texture": "#texture" },
        "east":  { "uv": [ 6.25, 1.75, 7.25, 2.75 ], "texture": "#texture" }
    }
},
{
    "from": [ 11.25, 16.5, 7.75 ],
    "to": [ 11.75, 17, 8.25 ],
    "faces": {
        "down":  { "uv": [ 7.25, 3, 6.25, 2 ], "texture": "#texture" },
        "up":    { "uv": [ 6.25, 2.25, 7.25, 3.25 ], "texture": "#texture" },
        "north": { "uv": [ 6.25, 2.25, 7.25, 3.25 ], "texture": "#texture" },
        "south": { "uv": [ 6.25, 2.25, 7.25, 3.25 ], "texture": "#texture" },
        "west":  { "uv": [ 6.25, 2, 7.25, 3 ], "texture": "#texture" },
        "east":  { "uv": [ 6.25, 1.75, 7.25, 2.75 ], "texture": "#texture" }
    }
}
],
"display": {
    "thirdperson_righthand": {
        "rotation": [ 54, 0, 0 ],
        "translation": [ 0, 1.89, 5.67 ],
        "scale": [ 1, 2.6, 1 ]
    },
    "thirdperson_lefthand": {
        "rotation": [ 62, 0, 3 ],
        "translation": [ 0, 1.89, 6.05 ],
        "scale": [ 1, 2.6, 1 ]
    },
    "head": {
        "rotation": [ 0, 0, 0 ],
        "translation": [ 0, 0, 0 ],
        "scale": [ 1, 1, 1 ]
    },
    "ground": {
        "rotation": [ -27, 27, 81 ],
        "translation": [ 5, 5, 5 ],
        "scale": [ 1, 2.6, 1 ]
    },
    "fixed": {
        "rotation": [ 0, 0, 0 ],
        "translation": [ 0, 0, 0 ],
        "scale": [ 1, 2.8, 1 ]
    },
    "firstperson_righthand": {
        "rotation": [ -14, -77, 3 ],
        "translation": [ 1.13, 3.2, 1.13 ],
        "scale": [ 1, 2.8, 1 ]
    },
    "firstperson_lefthand": {
        "rotation": [ -7, -65, 0 ],
        "translation": [ 1.13, 3.2, 1.13 ],
        "scale": [ 1, 2.8, 1 ]
    },
    "gui": {
        "rotation": [ -20, 41, 68 ],
        "translation": [ 0, 0, 0 ],
        "scale": [ 1, 1.5, 1 ]
    }
}
}