{
"__comment": "Designed by S9855027 with BDcraft Cubik PRO 0.96 Beta - http://bdcraft.net",
"textures": {
    "particle": "mobs/Lungfish01",
    "Lungfish03": "mobs/Lungfish03",
    "texture": "mobs/Lungfish01",
    "Lungfish02": "mobs/Lungfish02",
    "Lungfish04": "mobs/Lungfish04",
    "Lungfish05": "mobs/Lungfish05"
},
"elements": [ 
{
    "__comment": "H",
    "from": [ -1.5, 1.75, 4 ],
    "to": [ 0, 6, 8 ],
    "faces": {
        "down":  { "uv": [ 0, 16, 16, 8.5 ], "rotation": 180, "texture": "#Lungfish05" },
        "up":    { "uv": [ 0, 4, 0.5, 8 ], "texture": "#Lungfish05" },
        "north": { "uv": [ 7.5, 8, 2, 16 ], "texture": "#Lungfish03" },
        "south": { "uv": [ 2, 8, 7.5, 16 ], "texture": "#Lungfish03" },
        "west":  { "uv": [ 1, 1, 5, 5.25 ], "texture": "#Lungfish03" },
        "east":  { "uv": [ 0.5, 0, 4.5, 4.25 ], "texture": "#Lungfish03" }
    }
},
{
    "__comment": "H",
    "from": [ -3.5, 3.05, 4.125 ],
    "to": [ -1, 5.05, 7.875 ],
    "rotation": { "origin": [ -3.5, 5.05, 4.125 ], "axis": "z", "angle": 22.5 },
    "faces": {
        "down":  { "uv": [ 14, 5, 13, 4 ], "texture": "#Lungfish03" },
        "up":    { "uv": [ 2, 4, 3, 5 ], "texture": "#Lungfish03" },
        "north": { "uv": [ 13, 6, 14, 7 ], "texture": "#Lungfish03" },
        "south": { "uv": [ 2, 6, 3, 7 ], "texture": "#Lungfish03" },
        "west":  { "uv": [ 4, 6, 5, 7 ], "texture": "#Lungfish03" },
        "east":  { "uv": [ 11, 6, 12, 7 ], "texture": "#Lungfish03" }
    }
},
{
    "__comment": "H",
    "from": [ -3.5, 2.05, 4.25 ],
    "to": [ -0.5, 4.8, 7.75 ],
    "faces": {
        "down":  { "uv": [ 16, 5, 14, 4 ], "texture": "#Lungfish03" },
        "up":    { "uv": [ 0, 4, 2, 5 ], "texture": "#Lungfish03" },
        "north": { "uv": [ 14, 0, 16, 2 ], "texture": "#Lungfish03" },
        "south": { "uv": [ 0, 0, 2, 2 ], "texture": "#Lungfish03" },
        "west":  { "uv": [ 4, 0, 5, 2 ], "texture": "#Lungfish03" },
        "east":  { "uv": [ 11, 0, 12, 2 ], "texture": "#Lungfish03" }
    }
},
{
    "from": [ 0, 1.5, 4 ],
    "to": [ 2.5, 6, 8 ],
    "faces": {
        "down":  { "uv": [ 16, 16, 0, 8.5 ], "texture": "#Lungfish05" },
        "up":    { "uv": [ 0.5, 4, 3, 8 ], "texture": "#Lungfish05" },
        "north": { "uv": [ 8, 0, 0, 8 ], "texture": "#texture" },
        "south": { "uv": [ 0, 0, 8, 8 ], "texture": "#texture" },
        "west":  { "uv": [ 0, 0, 8, 8 ], "texture": "#texture" },
        "east":  { "uv": [ 0, 0, 8, 8 ], "texture": "#texture" }
    }
},
{
    "from": [ 2.5, 1.5, 4 ],
    "to": [ 5, 6, 8 ],
    "faces": {
        "down":  { "uv": [ 16, 16, 0, 8.5 ], "texture": "#Lungfish05" },
        "up":    { "uv": [ 3, 4, 5.5, 8 ], "texture": "#Lungfish05" },
        "north": { "uv": [ 16, 0, 8, 8 ], "texture": "#texture" },
        "south": { "uv": [ 8, 0, 16, 8 ], "texture": "#texture" },
        "west":  { "uv": [ 8, 0, 16, 8 ], "texture": "#texture" },
        "east":  { "uv": [ 8, 0, 16, 8 ], "texture": "#texture" }
    }
},
{
    "from": [ 5, 1.375, 4 ],
    "to": [ 7.5, 6.125, 8 ],
    "faces": {
        "down":  { "uv": [ 16, 16, 0, 8.5 ], "texture": "#Lungfish05" },
        "up":    { "uv": [ 5.5, 4, 8, 8 ], "texture": "#Lungfish05" },
        "north": { "uv": [ 8.5, 8, 0.5, 16 ], "texture": "#texture" },
        "south": { "uv": [ 0.5, 8, 8.5, 16 ], "texture": "#texture" },
        "west":  { "uv": [ 0, 8, 8, 16 ], "texture": "#texture" },
        "east":  { "uv": [ 0, 8, 8, 16 ], "texture": "#texture" }
    }
},
{
    "__comment": "B1",
    "from": [ 6.5, 1.25, 4.25 ],
    "to": [ 9.5, 6.25, 7.75 ],
    "faces": {
        "down":  { "uv": [ 16, 16, 0, 8.5 ], "texture": "#Lungfish05" },
        "up":    { "uv": [ 7, 4.25, 10.5, 7.75 ], "texture": "#Lungfish05" },
        "north": { "uv": [ 16, 8, 8.5, 16 ], "texture": "#texture" },
        "south": { "uv": [ 8.5, 8, 16, 16 ], "texture": "#texture" },
        "west":  { "uv": [ 8, 8, 16, 16 ], "texture": "#texture" },
        "east":  { "uv": [ 8, 8, 16, 16 ], "texture": "#texture" }
    }
},
{
    "__comment": "B2",
    "from": [ 8.5, 1.375, 4.7 ],
    "to": [ 11.5, 6.125, 7.7 ],
    "faces": {
        "down":  { "uv": [ 16, 16, 0, 8.5 ], "texture": "#Lungfish05" },
        "up":    { "uv": [ 9.5, 4.5, 13, 7.5 ], "texture": "#Lungfish05" },
        "north": { "uv": [ 8, 0, 0, 8 ], "texture": "#Lungfish02" },
        "south": { "uv": [ 0, 0, 8, 8 ], "texture": "#Lungfish02" },
        "west":  { "uv": [ 0, 0, 8.5, 8 ], "texture": "#Lungfish02" },
        "east":  { "uv": [ 0, 0, 8, 8 ], "texture": "#Lungfish02" }
    }
},
{
    "__comment": "B3",
    "from": [ 11, 1.75, 5.15 ],
    "to": [ 13, 5.75, 7.65 ],
    "faces": {
        "down":  { "uv": [ 16, 16, 0, 8.5 ], "texture": "#Lungfish05" },
        "up":    { "uv": [ 12, 4.75, 15.5, 7.25 ], "texture": "#Lungfish05" },
        "north": { "uv": [ 13.5, 0, 5, 8 ], "texture": "#Lungfish02" },
        "south": { "uv": [ 5, 0, 13.5, 8 ], "texture": "#Lungfish02" },
        "west":  { "uv": [ 7, 0, 15.5, 8 ], "texture": "#Lungfish02" },
        "east":  { "uv": [ 7.5, 0, 16, 8 ], "texture": "#Lungfish02" }
    }
},
{
    "__comment": "B5",
    "from": [ 15.5, 3.5, 6.575 ],
    "to": [ 17.5, 4, 7.075 ],
    "rotation": { "origin": [ 15.5, 3.5, 6.575 ], "axis": "y", "angle": -22.5 },
    "faces": {
        "down":  { "uv": [ 16, 16, 0, 8.5 ], "texture": "#Lungfish05" },
        "up":    { "uv": [ 14.5, 5, 16, 7 ], "texture": "#Lungfish05" },
        "north": { "uv": [ 7.5, 4, 0, 8 ], "texture": "#Lungfish02" },
        "south": { "uv": [ 0, 4, 7.5, 8 ], "texture": "#Lungfish02" },
        "west":  { "uv": [ 0, 0, 8, 8 ], "rotation": 90, "texture": "#Lungfish02" },
        "east":  { "uv": [ 0, 0, 8, 8 ], "texture": "#Lungfish02" }
    }
},
{
    "__comment": "C1",
    "from": [ 6.5, -1, 6 ],
    "to": [ 10.5, 9, 6.0625 ],
    "faces": {
        "north": { "uv": [ 3.5, 8, 0, 16 ], "texture": "#Lungfish02" },
        "south": { "uv": [ 0, 8, 3.5, 16 ], "texture": "#Lungfish02" }
    }
},
{
    "__comment": "C2",
    "from": [ 10.5, -1, 6 ],
    "to": [ 13, 9, 6.0625 ],
    "faces": {
        "north": { "uv": [ 7, 8, 3.5, 16 ], "texture": "#Lungfish02" },
        "south": { "uv": [ 3.5, 8, 7, 16 ], "texture": "#Lungfish02" }
    }
},
{
    "__comment": "C3",
    "from": [ 13, -1, 6 ],
    "to": [ 15.5, 9, 6.0625 ],
    "rotation": { "origin": [ 13, -1, 6 ], "axis": "y", "angle": -22.5 },
    "faces": {
        "north": { "uv": [ 10.5, 8, 7, 16 ], "texture": "#Lungfish02" },
        "south": { "uv": [ 7, 8, 10.5, 16 ], "texture": "#Lungfish02" }
    }
},
{
    "__comment": "C4",
    "from": [ 15, -1, 6.5 ],
    "to": [ 22.5, 9, 6.5625 ],
    "rotation": { "origin": [ 15, -1, 6.5 ], "axis": "y", "angle": -22.5 },
    "faces": {
        "north": { "uv": [ 16, 8, 10.5, 16 ], "texture": "#Lungfish02" },
        "south": { "uv": [ 10.5, 8, 16, 16 ], "texture": "#Lungfish02" }
    }
},
{
    "__comment": "H",
    "from": [ -5, 2.25, 4.25 ],
    "to": [ -2.5, 3.25, 7.75 ],
    "rotation": { "origin": [ -5, 3.25, 4.25 ], "axis": "z", "angle": 45 },
    "faces": {
        "down":  { "uv": [ 16, 5, 16, 4 ], "texture": "#Lungfish03" },
        "up":    { "uv": [ 0, 4, 0, 5 ], "texture": "#Lungfish03" },
        "north": { "uv": [ 16, 0, 16, 1 ], "texture": "#Lungfish03" },
        "south": { "uv": [ 0, 0, 0, 1 ], "texture": "#Lungfish03" },
        "west":  { "uv": [ 4, 0, 5, 1 ], "texture": "#Lungfish03" },
        "east":  { "uv": [ 11, 0, 12, 1 ], "texture": "#Lungfish03" }
    }
},
{
    "__comment": "H",
    "from": [ -4.375, 2.55, 4.25 ],
    "to": [ -2.875, 3.55, 7.75 ],
    "rotation": { "origin": [ -4.375, 3.55, 4.25 ], "axis": "z", "angle": -22.5 },
    "faces": {
        "down":  { "uv": [ 16, 7.75, 16, 4.25 ], "texture": "#Lungfish03" },
        "up":    { "uv": [ 0, 4.25, 0, 7.75 ], "texture": "#Lungfish03" },
        "north": { "uv": [ 16, 7.5, 16, 8.5 ], "texture": "#Lungfish03" },
        "south": { "uv": [ 0, 7.5, 0, 8.5 ], "texture": "#Lungfish03" },
        "west":  { "uv": [ 4.25, 7.5, 7.75, 8.5 ], "texture": "#Lungfish03" },
        "east":  { "uv": [ 8.25, 7.5, 11.75, 8.5 ], "texture": "#Lungfish03" }
    }
},
{
    "__comment": "H",
    "from": [ -4, 3.05, 4.25 ],
    "to": [ -3.5, 3.55, 7.75 ],
    "faces": {
        "down":  { "uv": [ 16, 7.75, 16, 4.25 ], "texture": "#Lungfish03" },
        "up":    { "uv": [ 0, 4.25, 0, 7.75 ], "texture": "#Lungfish03" },
        "north": { "uv": [ 16, 7, 16, 7.5 ], "texture": "#Lungfish03" },
        "south": { "uv": [ 0, 7, 0, 7.5 ], "texture": "#Lungfish03" },
        "west":  { "uv": [ 4.25, 7, 7.75, 7.5 ], "texture": "#Lungfish03" },
        "east":  { "uv": [ 8.25, 7, 11.75, 7.5 ], "texture": "#Lungfish03" }
    }
},
{
    "__comment": "FF",
    "from": [ 0, 0, 8 ],
    "to": [ 1.5, 3, 8.0625 ],
    "rotation": { "origin": [ 0, 3, 8 ], "axis": "x", "angle": -45 },
    "faces": {
        "north": { "uv": [ 15.5, 9, 0, 15 ], "rotation": 270, "texture": "#Lungfish04" },
        "south": { "uv": [ 0, 9, 15.5, 15 ], "rotation": 90, "texture": "#Lungfish04" }
    }
},
{
    "__comment": "FF",
    "from": [ 0, 0, 4 ],
    "to": [ 1.5, 3, 4.0625 ],
    "rotation": { "origin": [ 0, 3, 4 ], "axis": "x", "angle": 45 },
    "faces": {
        "north": { "uv": [ 15.5, 9, 0, 15 ], "rotation": 270, "texture": "#Lungfish04" },
        "south": { "uv": [ 0, 9, 15.5, 15 ], "rotation": 90, "texture": "#Lungfish04" }
    }
},
{
    "__comment": "FB",
    "from": [ 7.5, -0.4375, 7.5375 ],
    "to": [ 9, 2.5625, 7.6 ],
    "rotation": { "origin": [ 7.5, 2.5625, 7.5375 ], "axis": "x", "angle": -45 },
    "faces": {
        "north": { "uv": [ 15.5, 1, 0, 7 ], "rotation": 270, "texture": "#Lungfish04" },
        "south": { "uv": [ 0, 1, 15.5, 7 ], "rotation": 90, "texture": "#Lungfish04" }
    }
},
{
    "__comment": "FB",
    "from": [ 7.5, 0, 4.475 ],
    "to": [ 9, 3, 4.5375 ],
    "rotation": { "origin": [ 7.5, 3, 4.475 ], "axis": "x", "angle": 45 },
    "faces": {
        "north": { "uv": [ 15.5, 1, 0, 7 ], "rotation": 270, "texture": "#Lungfish04" },
        "south": { "uv": [ 0, 1, 15.5, 7 ], "rotation": 90, "texture": "#Lungfish04" }
    }
},
{
    "__comment": "H-EYES",
    "from": [ -3.5, 3.3, 4 ],
    "to": [ -3, 3.8, 8 ],
    "faces": {
        "down":  { "uv": [ 0, 16, 0.5, 15.5 ], "texture": "#Lungfish03" },
        "up":    { "uv": [ 0, 15.5, 0.5, 16 ], "texture": "#Lungfish03" },
        "north": { "uv": [ 0, 15.5, 0.5, 16 ], "texture": "#Lungfish03" },
        "south": { "uv": [ 0.5, 15.5, 0, 16 ], "texture": "#Lungfish03" },
        "west":  { "uv": [ 0, 15.5, 0.5, 16 ], "texture": "#Lungfish03" },
        "east":  { "uv": [ 0.5, 15.5, 0, 16 ], "texture": "#Lungfish03" }
    }
},
{
    "__comment": "B4",
    "from": [ 12, 2.5, 5.6 ],
    "to": [ 14.5, 5, 7.6 ],
    "faces": {
        "down":  { "uv": [ 16, 16, 0, 8.5 ], "texture": "#Lungfish05" },
        "up":    { "uv": [ 14.5, 5, 16, 7 ], "texture": "#Lungfish05" },
        "north": { "uv": [ 7.5, 0, 0, 8 ], "texture": "#Lungfish02" },
        "south": { "uv": [ 0, 0, 7.5, 8 ], "texture": "#Lungfish02" },
        "west":  { "uv": [ 0, 0, 8, 8 ], "rotation": 90, "texture": "#Lungfish02" },
        "east":  { "uv": [ 0, 0, 8, 8 ], "texture": "#Lungfish02" }
    }
},
{
    "__comment": "B4",
    "from": [ 13.9375, 3, 5.825 ],
    "to": [ 15.9375, 4.5, 6.825 ],
    "rotation": { "origin": [ 13.9375, 3, 5.825 ], "axis": "y", "angle": -22.5 },
    "faces": {
        "down":  { "uv": [ 16, 16, 0, 8 ], "texture": "#Lungfish05" },
        "up":    { "uv": [ 14.5, 5, 16, 7 ], "texture": "#Lungfish05" },
        "north": { "uv": [ 7.5, 0, 0, 8 ], "texture": "#Lungfish02" },
        "south": { "uv": [ 0, 0, 7.5, 8 ], "texture": "#Lungfish02" },
        "west":  { "uv": [ 0, 0, 8, 8 ], "rotation": 90, "texture": "#Lungfish02" },
        "east":  { "uv": [ 0, 0, 8, 8 ], "texture": "#Lungfish02" }
    }
}
],
"display": {
    "thirdperson_righthand": {
        "rotation": [ 68, -91, 38 ],
        "translation": [ -8.9, -15.5, 9 ],
        "scale": [ 2.5, 1.5, 1.8 ]
    },
    "thirdperson_lefthand": {
        "rotation": [ 68, 91, -38 ],
        "translation": [ -3.5, -15.5, 9 ],
        "scale": [ 2.5, 1.5, 1.8 ]
    }
}
}