{
"__comment": "Designed by S9855027 with BDcraft Cubik PRO 0.96 Beta - http://bdcraft.net",
"textures": {
    "texture": "items/browndemonsword"
},
"elements": [ 
{
    "from": [ 1.5, -13, 4.5 ],
    "to": [ 14.5, 1.5, 5 ],
    "faces": {
        "down":  { "uv": [ 14.5, 5, 1.5, 4.5 ], "texture": "#texture" },
        "up":    { "uv": [ 1.5, 4.5, 14.5, 5 ], "texture": "#texture" },
        "north": { "uv": [ 1.5, 14.5, 14.5, 16 ], "texture": "#texture" },
        "south": { "uv": [ 1.5, 14.5, 14.5, 16 ], "texture": "#texture" },
        "west":  { "uv": [ 4.5, 14.5, 5, 16 ], "texture": "#texture" },
        "east":  { "uv": [ 11, 14.5, 11.5, 16 ], "texture": "#texture" }
    }
},
{
    "from": [ 1.5, -13.5, 11 ],
    "to": [ 14.5, 1.5, 11.5 ],
    "faces": {
        "down":  { "uv": [ 14.5, 11.5, 1.5, 11 ], "texture": "#texture" },
        "up":    { "uv": [ 1.5, 11, 14.5, 11.5 ], "texture": "#texture" },
        "north": { "uv": [ 1.5, 14.5, 14.5, 16 ], "texture": "#texture" },
        "south": { "uv": [ 1.5, 14.5, 14.5, 16 ], "texture": "#texture" },
        "west":  { "uv": [ 11, 14.5, 11.5, 16 ], "texture": "#texture" },
        "east":  { "uv": [ 4.5, 14.5, 5, 16 ], "texture": "#texture" }
    }
},
{
    "from": [ 1.5, -13.5, 4.5 ],
    "to": [ 2, 1.5, 11.5 ],
    "faces": {
        "down":  { "uv": [ 14.5, 11.5, 14, 4.5 ], "texture": "#texture" },
        "up":    { "uv": [ 1.5, 4.5, 2, 11.5 ], "texture": "#texture" },
        "north": { "uv": [ 14, 14.5, 14.5, 16 ], "texture": "#texture" },
        "south": { "uv": [ 1.5, 14.5, 2, 16 ], "texture": "#texture" },
        "west":  { "uv": [ 4.5, 14.5, 11.5, 16 ], "texture": "#texture" },
        "east":  { "uv": [ 4.5, 14.5, 11.5, 16 ], "texture": "#texture" }
    }
},
{
    "from": [ 14, -13.5, 4.5 ],
    "to": [ 14.5, 1.5, 11.5 ],
    "faces": {
        "down":  { "uv": [ 2, 11.5, 1.5, 4.5 ], "texture": "#texture" },
        "up":    { "uv": [ 14, 4.5, 14.5, 11.5 ], "texture": "#texture" },
        "north": { "uv": [ 1.5, 14.5, 2, 16 ], "texture": "#texture" },
        "south": { "uv": [ 14, 14.5, 14.5, 16 ], "texture": "#texture" },
        "west":  { "uv": [ 4.5, 14.5, 11.5, 16 ], "texture": "#texture" },
        "east":  { "uv": [ 4.5, 14.5, 11.5, 16 ], "texture": "#texture" }
    }
},
{
    "from": [ 1.5, 1.5, 4.5 ],
    "to": [ 14.5, 2.5, 11.5 ],
    "faces": {
        "down":  { "uv": [ 14.5, 11.5, 1.5, 4.5 ], "texture": "#texture" },
        "up":    { "uv": [ 1.5, 4.5, 14.5, 11.5 ], "texture": "#texture" },
        "north": { "uv": [ 1.5, 13.5, 14.5, 14.5 ], "texture": "#texture" },
        "south": { "uv": [ 1.5, 13.5, 14.5, 14.5 ], "texture": "#texture" },
        "west":  { "uv": [ 4.5, 13.5, 11.5, 14.5 ], "texture": "#texture" },
        "east":  { "uv": [ 4.5, 13.5, 11.5, 14.5 ], "texture": "#texture" }
    }
}
]
}