{
"__comment": "Designed by S9855027 with BDcraft Cubik PRO 0.96 Beta - http://bdcraft.net",
"textures": {
    "No0034": "items/No0034",
    "No0012": "items/No0012",
    "No0002": "items/No0002",
    "No0102": "items/No0102",
    "No0024": "items/No0024",
    "No0201": "items/No0201",
    "No0072": "items/No0072",
    "No0122": "items/No0122",
    "No0192": "items/No0192"
},
"elements": [ 
{
    "from": [ 3.5, 3.5, 3.5 ],
    "to": [ 12.5, 12.5, 12.5 ],
    "shade": false,
    "faces": {
        "down":  { "uv": [ 0, 0, 16, 16 ], "texture": "#No0034", "cullface": "down" },
        "up":    { "uv": [ 0, 0, 16, 16 ], "texture": "#No0012", "cullface": "up" },
        "north": { "uv": [ 0, 0, 16, 16 ], "texture": "#No0002", "cullface": "north" },
        "south": { "uv": [ 0, 0, 16, 16 ], "texture": "#No0102", "cullface": "south" },
        "west":  { "uv": [ 0, 0, 16, 16 ], "texture": "#No0024", "cullface": "west" },
        "east":  { "uv": [ 0, 0, 16, 16 ], "texture": "#No0201", "cullface": "east" }
    }
},
{
    "from": [ 5, 5, 5 ],
    "to": [ 11, 11, 11 ],
    "faces": {
        "down":  { "uv": [ 0, 0, 16, 16 ], "texture": "#No0122" },
        "up":    { "uv": [ 0, 0, 16, 16 ], "texture": "#No0122" },
        "north": { "uv": [ 0, 0, 16, 16 ], "texture": "#No0122" },
        "south": { "uv": [ 0, 0, 16, 16 ], "texture": "#No0122" },
        "west":  { "uv": [ 0, 0, 16, 16 ], "texture": "#No0192" },
        "east":  { "uv": [ 0, 0, 16, 16 ], "texture": "#No0192" }
    }
},
{
    "from": [ 4, 11.9375, 4 ],
    "to": [ 12, 12, 12 ],
    "shade": false,
    "faces": {
        "down":  { "uv": [ 12, 12, 4, 4 ], "texture": "#No0072" },
        "up":    { "uv": [ 4, 4, 12, 12 ], "texture": "#No0072" }
    }
},
{
    "from": [ 4, 3.9375, 4 ],
    "to": [ 12, 4, 12 ],
    "faces": {
        "down":  { "uv": [ 12, 12, 4, 4 ], "texture": "#No0072" },
        "up":    { "uv": [ 4, 4, 12, 12 ], "texture": "#No0072" }
    }
},
{
    "from": [ 12, 4, 4 ],
    "to": [ 12.0625, 12, 12 ],
    "faces": {
        "west":  { "uv": [ 4, 4, 12, 12 ], "texture": "#No0072" },
        "east":  { "uv": [ 4, 4, 12, 12 ], "texture": "#No0072" }
    }
},
{
    "from": [ 4, 4, 4 ],
    "to": [ 4.0625, 12, 12 ],
    "faces": {
        "west":  { "uv": [ 4, 4, 12, 12 ], "texture": "#No0072" },
        "east":  { "uv": [ 4, 4, 12, 12 ], "texture": "#No0072" }
    }
},
{
    "from": [ 4, 4, 12 ],
    "to": [ 12, 12, 12.0625 ],
    "faces": {
        "north": { "uv": [ 4, 4, 12, 12 ], "texture": "#No0072" },
        "south": { "uv": [ 4, 4, 12, 12 ], "texture": "#No0072" }
    }
},
{
    "from": [ 4, 4, 4 ],
    "to": [ 12, 12, 4.0625 ],
    "faces": {
        "north": { "uv": [ 4, 4, 12, 12 ], "texture": "#No0072" },
        "south": { "uv": [ 4, 4, 12, 12 ], "texture": "#No0072" }
    }
}
]
}