{
"__comment": "Designed by S9855027 with BDcraft Cubik PRO 0.96 Beta - http://bdcraft.net",
"textures": {
    "particle": "mobs/Polypterus01",
    "Polypterus05": "mobs/Polypterus05",
    "texture": "mobs/Polypterus01",
    "Polypterus02": "mobs/Polypterus02",
    "Polypterus03": "mobs/Polypterus03",
    "Polypterus04": "mobs/Polypterus04",
    "Polypterus06": "mobs/Polypterus06"
},
"elements": [ 
{
    "__comment": "bady",
    "from": [ 4.5, 1, 5 ],
    "to": [ 10, 6, 11 ],
    "faces": {
        "down":  { "uv": [ 0, 8, 16, 16 ], "texture": "#Polypterus05" },
        "up":    { "uv": [ 0, 0, 16, 8 ], "texture": "#Polypterus05" },
        "north": { "uv": [ 0, 0, 16, 14 ], "texture": "#texture" },
        "south": { "uv": [ 0, 0, 16, 14 ], "texture": "#texture" },
        "west":  { "uv": [ 0, 0, 16, 16 ], "texture": "#texture" },
        "east":  { "uv": [ 0, 0, 16, 16 ], "texture": "#texture" }
    }
},
{
    "__comment": "bady2",
    "from": [ 1, 1.25, 5.25 ],
    "to": [ 5, 5.75, 10.75 ],
    "faces": {
        "down":  { "uv": [ 0, 8, 16, 16 ], "texture": "#Polypterus05" },
        "up":    { "uv": [ 0, 0, 16, 8 ], "texture": "#Polypterus05" },
        "north": { "uv": [ 0, 0, 16, 14 ], "texture": "#Polypterus02" },
        "south": { "uv": [ 0, 0, 16, 14 ], "texture": "#Polypterus02" },
        "west":  { "uv": [ 0, 0, 16, 16 ], "texture": "#Polypterus02" },
        "east":  { "uv": [ 0, 0, 16, 16 ], "texture": "#Polypterus02" }
    }
},
{
    "__comment": "bady",
    "from": [ -2.5, 1.5, 5.75 ],
    "to": [ 1.5, 5.5, 10.25 ],
    "faces": {
        "down":  { "uv": [ 0, 8, 16, 16 ], "texture": "#Polypterus05" },
        "up":    { "uv": [ 0, 0, 16, 8 ], "texture": "#Polypterus05" },
        "north": { "uv": [ 0, 0, 16, 13.5 ], "texture": "#texture" },
        "south": { "uv": [ 0, 0, 16, 13 ], "texture": "#texture" },
        "west":  { "uv": [ 0, 0, 16, 16 ], "texture": "#texture" },
        "east":  { "uv": [ 0, 0, 16, 16 ], "texture": "#texture" }
    }
},
{
    "__comment": "bady2",
    "from": [ -5.5, 2, 6 ],
    "to": [ -2, 5.5, 10 ],
    "faces": {
        "down":  { "uv": [ 0, 8, 16, 16 ], "texture": "#Polypterus05" },
        "up":    { "uv": [ 0, 0, 14, 8 ], "texture": "#Polypterus05" },
        "north": { "uv": [ 0, 0, 14, 14 ], "texture": "#Polypterus02" },
        "south": { "uv": [ 0, 0, 14, 13.5 ], "texture": "#Polypterus02" },
        "west":  { "uv": [ 0, 0, 16, 16 ], "texture": "#Polypterus02" },
        "east":  { "uv": [ 0, 0, 16, 16 ], "texture": "#Polypterus02" }
    }
},
{
    "__comment": "01",
    "from": [ 9.5, 1.25, 5.625 ],
    "to": [ 11.5, 5.75, 10.825 ],
    "faces": {
        "down":  { "uv": [ 0, 8, 16, 16 ], "texture": "#Polypterus05" },
        "up":    { "uv": [ 0, 0, 8.5, 8 ], "texture": "#Polypterus05" },
        "north": { "uv": [ 0, 0, 8.5, 13.5 ], "texture": "#Polypterus02" },
        "south": { "uv": [ 0, 0, 8.5, 13.5 ], "texture": "#Polypterus02" },
        "west":  { "uv": [ 0, 0, 16, 16 ], "texture": "#Polypterus02" },
        "east":  { "uv": [ 0, 0, 16, 16 ], "texture": "#Polypterus02" }
    }
},
{
    "__comment": "03",
    "from": [ 12.5, 1.5, 6.5 ],
    "to": [ 16, 5.5, 11 ],
    "faces": {
        "down":  { "uv": [ 0, 8, 16, 16 ], "texture": "#Polypterus05" },
        "up":    { "uv": [ 0, 0, 16, 8 ], "texture": "#Polypterus05" },
        "north": { "uv": [ 0, 0, 16, 13.5 ], "texture": "#texture" },
        "south": { "uv": [ 0, 0, 16, 13.5 ], "texture": "#texture" },
        "west":  { "uv": [ 0, 0, 16, 16 ], "texture": "#texture" },
        "east":  { "uv": [ 0, 0, 16, 16 ], "texture": "#texture" }
    }
},
{
    "__comment": "04",
    "from": [ 15.5, 1.75, 6.9 ],
    "to": [ 19, 5.25, 11.1 ],
    "faces": {
        "down":  { "uv": [ 0, 8, 16, 16 ], "texture": "#Polypterus05" },
        "up":    { "uv": [ 0, 0, 16, 8 ], "texture": "#Polypterus05" },
        "north": { "uv": [ 0, 0, 10.5, 13.5 ], "texture": "#Polypterus02" },
        "south": { "uv": [ 0, 0, 10.5, 14 ], "texture": "#Polypterus02" },
        "west":  { "uv": [ 0, 0, 16, 16 ], "texture": "#Polypterus02" },
        "east":  { "uv": [ 0, 0, 16, 16 ], "texture": "#Polypterus02" }
    }
},
{
    "__comment": "05",
    "from": [ 17.5, 2.5, 7.25 ],
    "to": [ 22.5, 5, 10.25 ],
    "faces": {
        "down":  { "uv": [ 0, 8, 16, 16 ], "texture": "#Polypterus05" },
        "up":    { "uv": [ 0, 0, 16, 8 ], "texture": "#Polypterus05" },
        "north": { "uv": [ 0, 0, 16, 13.5 ], "texture": "#texture" },
        "south": { "uv": [ 0, 0, 16, 13 ], "texture": "#texture" },
        "west":  { "uv": [ 0, 0, 16, 16 ], "texture": "#texture" },
        "east":  { "uv": [ 0, 0, 16, 16 ], "texture": "#texture" }
    }
},
{
    "__comment": "1",
    "from": [ -9, 2, 6 ],
    "to": [ -5.5, 5.5, 10 ],
    "faces": {
        "down":  { "uv": [ 0, 8, 16, 16 ], "texture": "#Polypterus05" },
        "up":    { "uv": [ 3, 0, 12.5, 8 ], "texture": "#Polypterus05" },
        "north": { "uv": [ 0, 0, 16, 13 ], "texture": "#texture" },
        "south": { "uv": [ 0, 0, 16, 12.5 ], "texture": "#texture" },
        "west":  { "uv": [ 0, 0, 16, 16 ], "texture": "#texture" },
        "east":  { "uv": [ 0, 0, 16, 16 ], "texture": "#texture" }
    }
},
{
    "__comment": "02",
    "from": [ 10.5, 1.25, 6 ],
    "to": [ 12.5, 5.75, 11 ],
    "faces": {
        "down":  { "uv": [ 0, 8, 16, 16 ], "texture": "#Polypterus05" },
        "up":    { "uv": [ 8.5, 0, 16, 8 ], "texture": "#Polypterus05" },
        "north": { "uv": [ 7.5, 0, 16, 13.5 ], "texture": "#Polypterus02" },
        "south": { "uv": [ 7.5, 0, 16, 13.5 ], "texture": "#Polypterus02" },
        "west":  { "uv": [ 0, 0, 16, 16 ], "texture": "#Polypterus02" },
        "east":  { "uv": [ 0, 0, 16, 16 ], "texture": "#Polypterus02" }
    }
},
{
    "__comment": "06",
    "from": [ 21.5, 3, 7.5 ],
    "to": [ 26.5, 5, 9.5 ],
    "rotation": { "origin": [ 21.5, 3, 7.5 ], "axis": "y", "angle": -22.5 },
    "faces": {
        "down":  { "uv": [ 0, 8, 16, 16 ], "texture": "#Polypterus05" },
        "up":    { "uv": [ 0, 0, 16, 8 ], "texture": "#Polypterus05" },
        "north": { "uv": [ 0, 0, 16, 14.5 ], "texture": "#Polypterus02" },
        "south": { "uv": [ 0, 0, 16, 14.5 ], "texture": "#Polypterus02" },
        "west":  { "uv": [ 0, 0, 16, 16 ], "texture": "#Polypterus02" },
        "east":  { "uv": [ 0, 0, 16, 16 ], "texture": "#Polypterus02" }
    }
},
{
    "__comment": "1",
    "from": [ -9.5, 4.0625, 5.9375 ],
    "to": [ -8.5, 5.0625, 10.1375 ],
    "rotation": { "origin": [ -9.5, 5.0625, 5.9375 ], "axis": "z", "angle": 45 },
    "faces": {
        "down":  { "uv": [ 9, 0, 16, 5.5 ], "rotation": 90, "texture": "#Polypterus05" },
        "up":    { "uv": [ 9.5, 0, 16, 4 ], "rotation": 90, "texture": "#Polypterus05" },
        "north": { "uv": [ 14, 0, 16, 2 ], "texture": "#Polypterus05" },
        "south": { "uv": [ 14, 0, 16, 2.5 ], "texture": "#Polypterus05" },
        "west":  { "uv": [ 10.5, 0, 16, 4 ], "texture": "#Polypterus05" },
        "east":  { "uv": [ 9, 0, 16, 5.5 ], "texture": "#Polypterus05" }
    }
},
{
    "__comment": "1",
    "from": [ -10, 4.25, 6.25 ],
    "to": [ -9, 5.25, 10.05 ],
    "faces": {
        "down":  { "uv": [ 7.5, 0, 16, 7.5 ], "texture": "#Polypterus03" },
        "up":    { "uv": [ 8.5, 0, 16, 7.5 ], "texture": "#Polypterus03" },
        "north": { "uv": [ 0, 0, 14, 7.5 ], "texture": "#Polypterus03" },
        "south": { "uv": [ 0, 0, 12, 7.5 ], "texture": "#Polypterus03" },
        "west":  { "uv": [ 0, 0, 9.5, 7.5 ], "texture": "#Polypterus03" },
        "east":  { "uv": [ 0, 0, 6.5, 5.5 ], "texture": "#Polypterus03" }
    }
},
{
    "__comment": "1",
    "from": [ -11, 2.5, 6.125 ],
    "to": [ -9.5, 4, 9.925 ],
    "rotation": { "origin": [ -11, 4, 6.125 ], "axis": "z", "angle": 45 },
    "faces": {
        "down":  { "uv": [ 0, 0, 16, 9 ], "texture": "#texture" },
        "up":    { "uv": [ 0, 0, 15.5, 9.5 ], "texture": "#texture" },
        "north": { "uv": [ 0, 0, 15.5, 10.5 ], "texture": "#texture" },
        "south": { "uv": [ 0, 0, 16, 7.5 ], "texture": "#texture" },
        "west":  { "uv": [ 0, 0, 12, 6.5 ], "texture": "#texture" },
        "east":  { "uv": [ 0, 0, 7.5, 5.5 ], "texture": "#texture" }
    }
},
{
    "__comment": "mouth",
    "from": [ -12.5, 2.25, 5.9375 ],
    "to": [ -8, 3.25, 10.1375 ],
    "faces": {
        "down":  { "uv": [ 0, 12, 16, 16 ], "texture": "#Polypterus03" },
        "up":    { "uv": [ 11, 11, 16, 16 ], "texture": "#Polypterus04" },
        "north": { "uv": [ 0, 5, 16, 12.5 ], "texture": "#Polypterus03" },
        "south": { "uv": [ 0, 5, 16, 12.5 ], "texture": "#Polypterus03" },
        "west":  { "uv": [ 0, 0, 16, 16 ], "texture": "#Polypterus03" },
        "east":  { "uv": [ 0, 0, 16, 16 ], "texture": "#Polypterus03" }
    }
},
{
    "__comment": "mouth",
    "from": [ -12.5, 3.25, 6 ],
    "to": [ -8, 4.25, 10 ],
    "faces": {
        "down":  { "uv": [ 11, 11, 16, 16 ], "texture": "#Polypterus04" },
        "up":    { "uv": [ 3, 0, 15, 7 ], "rotation": 180, "texture": "#Polypterus03" },
        "north": { "uv": [ 0, 0, 16, 5 ], "texture": "#Polypterus03" },
        "south": { "uv": [ 0, 0, 16, 5 ], "texture": "#Polypterus03" },
        "west":  { "uv": [ 0, 0, 16, 5.5 ], "texture": "#Polypterus03" },
        "east":  { "uv": [ 0, 0, 16, 6.5 ], "texture": "#Polypterus03" }
    }
},
{
    "from": [ 22.6875, 0.5, 9.0625 ],
    "to": [ 29.6875, 7, 9.125 ],
    "rotation": { "origin": [ 22.6875, 0.5, 9.0625 ], "axis": "y", "angle": -22.5 },
    "faces": {
        "north": { "uv": [ 16, 2, 3.5, 14 ], "texture": "#Polypterus06" },
        "south": { "uv": [ 3.5, 2, 16, 14 ], "texture": "#Polypterus06" }
    }
},
{
    "__comment": "1",
    "from": [ -9.9, 3.85, 5.75 ],
    "to": [ -9.25, 4.5, 10.25 ],
    "faces": {
        "down":  { "uv": [ 4, 1.5, 5, 2 ], "texture": "#Polypterus04" },
        "up":    { "uv": [ 4.5, 1, 5, 1.5 ], "texture": "#Polypterus04" },
        "north": { "uv": [ 3, 0, 5.5, 2.5 ], "texture": "#Polypterus04" },
        "south": { "uv": [ 3, 0, 5.5, 2.5 ], "texture": "#Polypterus04" },
        "west":  { "uv": [ 4, 1.5, 5, 2 ], "texture": "#Polypterus04" },
        "east":  { "uv": [ 4, 1.5, 5, 2 ], "texture": "#Polypterus04" }
    }
},
{
    "__comment": "1",
    "from": [ -14.5, 4.9375, 6.5 ],
    "to": [ -10.5, 5, 9.5 ],
    "rotation": { "origin": [ -14.5, 5, 6.5 ], "axis": "z", "angle": -22.5 },
    "faces": {
        "down":  { "uv": [ 5.5, 5, 0, 3 ], "rotation": 90, "texture": "#Polypterus04" },
        "up":    { "uv": [ 0, 3, 5.5, 5 ], "rotation": 270, "texture": "#Polypterus04" }
    }
},
{
    "__comment": "chest_chi",
    "from": [ -5, 2.9375, 1.9375 ],
    "to": [ -0.5, 3, 7.4375 ],
    "faces": {
        "down":  { "uv": [ 6, 0, 14, 7.5 ], "texture": "#Polypterus04" },
        "up":    { "uv": [ 6, 7.5, 14, 0 ], "texture": "#Polypterus04" }
    }
},
{
    "__comment": "chest_chi",
    "from": [ -5, 2.9375, 8.8125 ],
    "to": [ -0.5, 3, 14.3125 ],
    "faces": {
        "down":  { "uv": [ 6, 0, 14, 7.5 ], "rotation": 180, "texture": "#Polypterus04" },
        "up":    { "uv": [ 6, 7.5, 14, 0 ], "rotation": 180, "texture": "#Polypterus04" }
    }
},
{
    "__comment": "chest_chi",
    "from": [ 16, 2.9375, 10 ],
    "to": [ 19.5, 3, 14.5 ],
    "faces": {
        "down":  { "uv": [ 6, 0, 14, 7.5 ], "rotation": 180, "texture": "#Polypterus04" },
        "up":    { "uv": [ 6, 7.5, 14, 0 ], "rotation": 180, "texture": "#Polypterus04" }
    }
},
{
    "__comment": "chest_chi",
    "from": [ 16, 2.9375, 3.5 ],
    "to": [ 19.5, 3, 8 ],
    "faces": {
        "down":  { "uv": [ 6, 0, 14, 7.5 ], "texture": "#Polypterus04" },
        "up":    { "uv": [ 6, 7.5, 14, 0 ], "texture": "#Polypterus04" }
    }
},
{
    "from": [ -0.5, 5, 8.125 ],
    "to": [ 2.5, 9, 8.1875 ],
    "faces": {
        "north": { "uv": [ 0, 16, 7, 10.5 ], "rotation": 180, "texture": "#Polypterus04" },
        "south": { "uv": [ 0, 9.5, 7, 16 ], "texture": "#Polypterus04" }
    }
},
{
    "from": [ -2.5, 5, 8.125 ],
    "to": [ 0.5, 8.5, 8.1875 ],
    "faces": {
        "north": { "uv": [ 0, 16, 7, 10.5 ], "rotation": 180, "texture": "#Polypterus04" },
        "south": { "uv": [ 0, 9.5, 7, 16 ], "texture": "#Polypterus04" }
    }
},
{
    "from": [ 4, 5.5, 8.125 ],
    "to": [ 7, 9.5, 8.1875 ],
    "faces": {
        "north": { "uv": [ 0, 16, 7, 10.5 ], "rotation": 180, "texture": "#Polypterus04" },
        "south": { "uv": [ 0, 9.5, 7, 16 ], "texture": "#Polypterus04" }
    }
},
{
    "from": [ 2, 5.5, 8.125 ],
    "to": [ 5, 9, 8.1875 ],
    "faces": {
        "north": { "uv": [ 0, 16, 7, 10.5 ], "rotation": 180, "texture": "#Polypterus04" },
        "south": { "uv": [ 0, 9.5, 7, 16 ], "texture": "#Polypterus04" }
    }
},
{
    "from": [ 8.5, 5.5, 8.125 ],
    "to": [ 11.5, 10, 8.1875 ],
    "faces": {
        "north": { "uv": [ 0, 16, 7, 10.5 ], "rotation": 180, "texture": "#Polypterus04" },
        "south": { "uv": [ 0, 9.5, 7, 16 ], "texture": "#Polypterus04" }
    }
},
{
    "from": [ 6.5, 6, 8.125 ],
    "to": [ 9.5, 9.5, 8.1875 ],
    "faces": {
        "north": { "uv": [ 0, 16, 7, 10.5 ], "rotation": 180, "texture": "#Polypterus04" },
        "south": { "uv": [ 0, 9.5, 7, 16 ], "texture": "#Polypterus04" }
    }
},
{
    "from": [ 10.5, 5.5, 8.625 ],
    "to": [ 13.5, 9.5, 8.6875 ],
    "faces": {
        "north": { "uv": [ 0, 16, 7, 10.5 ], "rotation": 180, "texture": "#Polypterus04" },
        "south": { "uv": [ 0, 9.5, 7, 16 ], "texture": "#Polypterus04" }
    }
},
{
    "from": [ 12.5, 5.5, 8.625 ],
    "to": [ 15.5, 9, 8.6875 ],
    "faces": {
        "north": { "uv": [ 0, 16, 7, 10.5 ], "rotation": 180, "texture": "#Polypterus04" },
        "south": { "uv": [ 0, 9.5, 7, 16 ], "texture": "#Polypterus04" }
    }
},
{
    "from": [ 14.5, 5, 9.125 ],
    "to": [ 17.5, 9, 9.1875 ],
    "faces": {
        "north": { "uv": [ 0, 16, 7, 10.5 ], "rotation": 180, "texture": "#Polypterus04" },
        "south": { "uv": [ 0, 9.5, 7, 16 ], "texture": "#Polypterus04" }
    }
},
{
    "from": [ 16.5, 5, 9.625 ],
    "to": [ 19.5, 8.5, 9.6875 ],
    "rotation": { "origin": [ 16.5, 5, 9.625 ], "axis": "y", "angle": 22.5 },
    "faces": {
        "north": { "uv": [ 0, 16, 7, 10.5 ], "rotation": 180, "texture": "#Polypterus04" },
        "south": { "uv": [ 0, 9.5, 7, 16 ], "texture": "#Polypterus04" }
    }
},
{
    "from": [ 18.5, 5, 9.125 ],
    "to": [ 21.5, 8.5, 9.1875 ],
    "faces": {
        "north": { "uv": [ 0, 16, 7, 10.5 ], "rotation": 180, "texture": "#Polypterus04" },
        "south": { "uv": [ 0, 9.5, 7, 16 ], "texture": "#Polypterus04" }
    }
},
{
    "from": [ 19.5, 4, 8 ],
    "to": [ 23.5, 7, 8.0625 ],
    "rotation": { "origin": [ 19.5, 4, 8 ], "axis": "y", "angle": -22.5 },
    "faces": {
        "north": { "uv": [ 7.5, 2, 0, 7.5 ], "texture": "#Polypterus06" },
        "south": { "uv": [ 0, 2, 7.5, 7.5 ], "texture": "#Polypterus06" }
    }
}
],
"display": {
    "thirdperson_righthand": {
        "rotation": [ 68, -91, 38 ],
        "translation": [ -6.05, -10, 5 ],
        "scale": [ 2.4, 2, 2.2 ]
    },
    "thirdperson_lefthand": {
        "rotation": [ 68, 91, -38 ],
        "translation": [ -6.05, -10, 5 ],
        "scale": [ 2.4, 2, 2.2 ]
    }
}
}