{
"__comment": "Designed by S9855027 with BDcraft Cubik PRO 0.96 Beta - http://bdcraft.net",
"textures": {
    "particle": "mobs/Polypterus01",
    "Polypterus05": "mobs/Polypterus05",
    "texture": "mobs/Polypterus01",
    "Polypterus02": "mobs/Polypterus02",
    "Polypterus03": "mobs/Polypterus03",
    "Polypterus06": "mobs/Polypterus06",
    "Polypterus04": "mobs/Polypterus04",
    "Polypterus07": "mobs/Polypterus07"
},
"elements": [ 
{
    "__comment": "bady",
    "from": [ 4.5, 1, 5 ],
    "to": [ 10, 6, 11 ],
    "faces": {
        "down":  { "uv": [ 0, 8, 16, 16 ], "texture": "#Polypterus05" },
        "up":    { "uv": [ 0, 0, 16, 8 ], "texture": "#Polypterus05" },
        "north": { "uv": [ 0, 0, 16, 14 ], "texture": "#texture" },
        "south": { "uv": [ 0, 0, 16, 14 ], "texture": "#texture" },
        "west":  { "uv": [ 0, 0, 16, 16 ], "texture": "#texture" },
        "east":  { "uv": [ 0, 0, 16, 16 ], "texture": "#texture" }
    }
},
{
    "__comment": "bady2",
    "from": [ 1, 1.25, 5.25 ],
    "to": [ 5, 5.75, 10.75 ],
    "faces": {
        "down":  { "uv": [ 0, 8, 16, 16 ], "texture": "#Polypterus05" },
        "up":    { "uv": [ 0, 0, 16, 8 ], "texture": "#Polypterus05" },
        "north": { "uv": [ 0, 0, 16, 14 ], "texture": "#Polypterus02" },
        "south": { "uv": [ 0, 0, 16, 14 ], "texture": "#Polypterus02" },
        "west":  { "uv": [ 0, 0, 16, 16 ], "texture": "#Polypterus02" },
        "east":  { "uv": [ 0, 0, 16, 16 ], "texture": "#Polypterus02" }
    }
},
{
    "__comment": "bady",
    "from": [ -2.5, 1.5, 5.75 ],
    "to": [ 1.5, 5.5, 10.25 ],
    "faces": {
        "down":  { "uv": [ 0, 8, 16, 16 ], "texture": "#Polypterus05" },
        "up":    { "uv": [ 0, 0, 16, 8 ], "texture": "#Polypterus05" },
        "north": { "uv": [ 0, 0, 16, 13.5 ], "texture": "#texture" },
        "south": { "uv": [ 0, 0, 16, 13 ], "texture": "#texture" },
        "west":  { "uv": [ 0, 0, 16, 16 ], "texture": "#texture" },
        "east":  { "uv": [ 0, 0, 16, 16 ], "texture": "#texture" }
    }
},
{
    "__comment": "bady2",
    "from": [ -5.5, 2, 6 ],
    "to": [ -2, 5.5, 10 ],
    "faces": {
        "down":  { "uv": [ 0, 8, 16, 16 ], "texture": "#Polypterus05" },
        "up":    { "uv": [ 0, 0, 14, 8 ], "texture": "#Polypterus05" },
        "north": { "uv": [ 0, 0, 14, 14 ], "texture": "#Polypterus02" },
        "south": { "uv": [ 0, 0, 14, 13.5 ], "texture": "#Polypterus02" },
        "west":  { "uv": [ 0, 0, 16, 16 ], "texture": "#Polypterus02" },
        "east":  { "uv": [ 0, 0, 16, 16 ], "texture": "#Polypterus02" }
    }
},
{
    "__comment": "001",
    "from": [ 9.5, 1.25, 4.65 ],
    "to": [ 11, 5.75, 9.85 ],
    "faces": {
        "down":  { "uv": [ 0, 8, 16, 16 ], "texture": "#Polypterus05" },
        "up":    { "uv": [ 0, 0, 8.5, 8 ], "texture": "#Polypterus05" },
        "north": { "uv": [ 0, 0, 8.5, 13.5 ], "texture": "#Polypterus02" },
        "south": { "uv": [ 0, 0, 8.5, 13.5 ], "texture": "#Polypterus02" },
        "west":  { "uv": [ 0, 0, 16, 16 ], "texture": "#Polypterus02" },
        "east":  { "uv": [ 0, 0, 16, 16 ], "texture": "#Polypterus02" }
    }
},
{
    "__comment": "003",
    "from": [ 12.5, 1.5, 5.5 ],
    "to": [ 16, 5.5, 10 ],
    "faces": {
        "down":  { "uv": [ 0, 8, 16, 16 ], "texture": "#Polypterus05" },
        "up":    { "uv": [ 0, 0, 16, 8 ], "texture": "#Polypterus05" },
        "north": { "uv": [ 0, 0, 16, 13.5 ], "texture": "#texture" },
        "south": { "uv": [ 0, 0, 16, 13.5 ], "texture": "#texture" },
        "west":  { "uv": [ 0, 0, 16, 16 ], "texture": "#texture" },
        "east":  { "uv": [ 0, 0, 16, 16 ], "texture": "#texture" }
    }
},
{
    "__comment": "004",
    "from": [ 15.5, 1.75, 5.9 ],
    "to": [ 19, 5.25, 10.1 ],
    "faces": {
        "down":  { "uv": [ 0, 8, 16, 16 ], "texture": "#Polypterus05" },
        "up":    { "uv": [ 0, 0, 16, 8 ], "texture": "#Polypterus05" },
        "north": { "uv": [ 0, 0, 10.5, 13.5 ], "texture": "#Polypterus02" },
        "south": { "uv": [ 0, 0, 10.5, 14 ], "texture": "#Polypterus02" },
        "west":  { "uv": [ 0, 0, 16, 16 ], "texture": "#Polypterus02" },
        "east":  { "uv": [ 0, 0, 16, 16 ], "texture": "#Polypterus02" }
    }
},
{
    "__comment": "005",
    "from": [ 18, 2.5, 6.25 ],
    "to": [ 22, 5, 9.25 ],
    "faces": {
        "down":  { "uv": [ 0, 8, 16, 16 ], "texture": "#Polypterus05" },
        "up":    { "uv": [ 0, 0, 16, 8 ], "texture": "#Polypterus05" },
        "north": { "uv": [ 0, 0, 16, 13.5 ], "texture": "#texture" },
        "south": { "uv": [ 0, 0, 16, 13 ], "texture": "#texture" },
        "west":  { "uv": [ 0, 0, 16, 16 ], "texture": "#texture" },
        "east":  { "uv": [ 0, 0, 16, 16 ], "texture": "#texture" }
    }
},
{
    "__comment": "1",
    "from": [ -9, 2, 6 ],
    "to": [ -5.5, 5.5, 10 ],
    "faces": {
        "down":  { "uv": [ 0, 8, 16, 16 ], "texture": "#Polypterus05" },
        "up":    { "uv": [ 3, 0, 12.5, 8 ], "texture": "#Polypterus05" },
        "north": { "uv": [ 16, 0, 0, 13 ], "texture": "#texture" },
        "south": { "uv": [ 0, 0, 16, 12.5 ], "texture": "#texture" },
        "west":  { "uv": [ 0, 0, 16, 16 ], "texture": "#texture" },
        "east":  { "uv": [ 0, 0, 16, 16 ], "texture": "#texture" }
    }
},
{
    "__comment": "002",
    "from": [ 11, 1.25, 5 ],
    "to": [ 12.5, 5.75, 10 ],
    "faces": {
        "down":  { "uv": [ 0, 8, 16, 16 ], "texture": "#Polypterus05" },
        "up":    { "uv": [ 8.5, 0, 16, 8 ], "texture": "#Polypterus05" },
        "north": { "uv": [ 7.5, 0, 16, 13.5 ], "texture": "#Polypterus02" },
        "south": { "uv": [ 7.5, 0, 16, 13.5 ], "texture": "#Polypterus02" },
        "west":  { "uv": [ 0, 0, 16, 16 ], "texture": "#Polypterus02" },
        "east":  { "uv": [ 0, 0, 16, 16 ], "texture": "#Polypterus02" }
    }
},
{
    "__comment": "006",
    "from": [ 21, 3, 7 ],
    "to": [ 26, 5, 9 ],
    "rotation": { "origin": [ 21, 3, 7 ], "axis": "y", "angle": -22.5 },
    "faces": {
        "down":  { "uv": [ 0, 8, 16, 16 ], "texture": "#Polypterus05" },
        "up":    { "uv": [ 0, 0, 16, 8 ], "texture": "#Polypterus05" },
        "north": { "uv": [ 0, 0, 16, 14.5 ], "texture": "#Polypterus02" },
        "south": { "uv": [ 0, 0, 16, 14.5 ], "texture": "#Polypterus02" },
        "west":  { "uv": [ 0, 0, 16, 16 ], "texture": "#Polypterus02" },
        "east":  { "uv": [ 0, 0, 16, 16 ], "texture": "#Polypterus02" }
    }
},
{
    "__comment": "1",
    "from": [ -10, 4.25, 6.25 ],
    "to": [ -9, 5.25, 10.05 ],
    "faces": {
        "down":  { "uv": [ 7.5, 0, 16, 7.5 ], "texture": "#Polypterus03" },
        "up":    { "uv": [ 8.5, 0, 16, 7.5 ], "texture": "#Polypterus03" },
        "north": { "uv": [ 0, 0, 14, 7.5 ], "texture": "#Polypterus03" },
        "south": { "uv": [ 0, 0, 12, 7.5 ], "texture": "#Polypterus03" },
        "west":  { "uv": [ 0, 0, 9.5, 7.5 ], "texture": "#Polypterus03" },
        "east":  { "uv": [ 0, 0, 6.5, 5.5 ], "texture": "#Polypterus03" }
    }
},
{
    "__comment": "1",
    "from": [ -10.5, 2.25, 6.125 ],
    "to": [ -9, 3.75, 9.925 ],
    "rotation": { "origin": [ -10.5, 3.75, 6.125 ], "axis": "z", "angle": 45 },
    "faces": {
        "down":  { "uv": [ 0, 0, 16, 16 ], "texture": "#texture" },
        "up":    { "uv": [ 0, 0, 15.5, 9.5 ], "texture": "#texture" },
        "north": { "uv": [ 0, 0, 16, 16 ], "texture": "#texture" },
        "south": { "uv": [ 0, 0, 16, 16 ], "texture": "#texture" },
        "west":  { "uv": [ 0, 0, 16, 16 ], "texture": "#texture" },
        "east":  { "uv": [ 0, 0, 16, 16 ], "texture": "#texture" }
    }
},
{
    "__comment": "mouth",
    "from": [ -12.5, 1.75, 5.9375 ],
    "to": [ -8, 2.75, 10.1375 ],
    "faces": {
        "down":  { "uv": [ 0, 12, 16, 16 ], "texture": "#Polypterus03" },
        "up":    { "uv": [ 11, 11, 16, 16 ], "texture": "#Polypterus04" },
        "north": { "uv": [ 0, 5, 16, 12.5 ], "texture": "#Polypterus03" },
        "south": { "uv": [ 0, 5, 16, 12.5 ], "texture": "#Polypterus03" },
        "west":  { "uv": [ 0, 0, 16, 16 ], "texture": "#Polypterus03" },
        "east":  { "uv": [ 0, 0, 16, 16 ], "texture": "#Polypterus03" }
    }
},
{
    "__comment": "mouth",
    "from": [ -12.5, 2.75, 5.9375 ],
    "to": [ -8, 3.75, 10.1375 ],
    "faces": {
        "down":  { "uv": [ 11, 11, 16, 16 ], "texture": "#Polypterus04" },
        "up":    { "uv": [ 3, 0, 15, 7 ], "rotation": 180, "texture": "#Polypterus03" },
        "north": { "uv": [ 0, 0, 16, 5 ], "texture": "#Polypterus03" },
        "south": { "uv": [ 0, 0, 16, 5 ], "texture": "#Polypterus03" },
        "west":  { "uv": [ 0, 0, 16, 5.5 ], "texture": "#Polypterus03" },
        "east":  { "uv": [ 0, 0, 16, 6.5 ], "texture": "#Polypterus03" }
    }
},
{
    "from": [ 21.9614, 1, 9.25 ],
    "to": [ 28.9614, 7.5, 9.3125 ],
    "rotation": { "origin": [ 21.9614, 1, 9.25 ], "axis": "y", "angle": -22.5 },
    "faces": {
        "north": { "uv": [ 16, 2, 3.5, 14 ], "texture": "#Polypterus06" },
        "south": { "uv": [ 3.5, 2, 16, 14 ], "texture": "#Polypterus06" }
    }
},
{
    "__comment": "1",
    "from": [ -9.9, 3.85, 5.75 ],
    "to": [ -9.25, 4.5, 10.25 ],
    "faces": {
        "down":  { "uv": [ 4, 1.5, 5, 2 ], "texture": "#Polypterus04" },
        "up":    { "uv": [ 4.5, 1, 5, 1.5 ], "texture": "#Polypterus04" },
        "north": { "uv": [ 3, 0, 5.5, 2.5 ], "texture": "#Polypterus04" },
        "south": { "uv": [ 3, 0, 5.5, 2.5 ], "texture": "#Polypterus04" },
        "west":  { "uv": [ 4, 1.5, 5, 2 ], "texture": "#Polypterus04" },
        "east":  { "uv": [ 4, 1.5, 5, 2 ], "texture": "#Polypterus04" }
    }
},
{
    "__comment": "1",
    "from": [ -14, 4.4375, 6.5 ],
    "to": [ -11, 4.5, 9.5 ],
    "rotation": { "origin": [ -14, 4.5, 6.5 ], "axis": "z", "angle": -22.5 },
    "faces": {
        "down":  { "uv": [ 5.5, 5, 0, 3 ], "rotation": 90, "texture": "#Polypterus04" },
        "up":    { "uv": [ 0, 3, 5.5, 5 ], "rotation": 270, "texture": "#Polypterus04" }
    }
},
{
    "__comment": "chest_chi",
    "from": [ -5, 4.4375, 1.9375 ],
    "to": [ -0.5, 4.5, 7.4375 ],
    "rotation": { "origin": [ -5, 4.5, 1.9375 ], "axis": "x", "angle": 22.5 },
    "faces": {
        "down":  { "uv": [ 6, 0, 14, 7.5 ], "texture": "#Polypterus04" },
        "up":    { "uv": [ 6, 7.5, 14, 0 ], "texture": "#Polypterus04" }
    }
},
{
    "__comment": "chest_chi",
    "from": [ -5, 2.4375, 8.8125 ],
    "to": [ -0.5, 2.5, 14.3125 ],
    "rotation": { "origin": [ -5, 2.5, 8.8125 ], "axis": "x", "angle": -22.5 },
    "faces": {
        "down":  { "uv": [ 6, 0, 14, 7.5 ], "rotation": 180, "texture": "#Polypterus04" },
        "up":    { "uv": [ 6, 7.5, 14, 0 ], "rotation": 180, "texture": "#Polypterus04" }
    }
},
{
    "__comment": "chest_chi",
    "from": [ 15, 2.9375, 9 ],
    "to": [ 18.5, 3, 13.5 ],
    "rotation": { "origin": [ 15, 3, 9 ], "axis": "x", "angle": 22.5 },
    "faces": {
        "down":  { "uv": [ 6, 0, 14, 7.5 ], "rotation": 180, "texture": "#Polypterus04" },
        "up":    { "uv": [ 6, 7.5, 14, 0 ], "rotation": 180, "texture": "#Polypterus04" }
    }
},
{
    "__comment": "chest_chi",
    "from": [ 15, 1.4375, 3 ],
    "to": [ 18.5, 1.5, 7.5 ],
    "rotation": { "origin": [ 15, 1.5, 3 ], "axis": "x", "angle": -22.5 },
    "faces": {
        "down":  { "uv": [ 6, 0, 14, 7.5 ], "texture": "#Polypterus04" },
        "up":    { "uv": [ 6, 7.5, 14, 0 ], "texture": "#Polypterus04" }
    }
},
{
    "from": [ -0.5, 5, 8.125 ],
    "to": [ 2.5, 9, 8.1875 ],
    "faces": {
        "north": { "uv": [ 0, 16, 7, 10.5 ], "rotation": 180, "texture": "#Polypterus04" },
        "south": { "uv": [ 0, 9.5, 7, 16 ], "texture": "#Polypterus04" }
    }
},
{
    "from": [ -2.5, 5, 8.125 ],
    "to": [ 0.5, 8.5, 8.1875 ],
    "faces": {
        "north": { "uv": [ 0, 16, 7, 10.5 ], "rotation": 180, "texture": "#Polypterus04" },
        "south": { "uv": [ 0, 9.5, 7, 16 ], "texture": "#Polypterus04" }
    }
},
{
    "from": [ 4, 5.5, 8.125 ],
    "to": [ 7, 9.5, 8.1875 ],
    "faces": {
        "north": { "uv": [ 0, 16, 7, 10.5 ], "rotation": 180, "texture": "#Polypterus04" },
        "south": { "uv": [ 0, 9.5, 7, 16 ], "texture": "#Polypterus04" }
    }
},
{
    "from": [ 2, 5.5, 8.125 ],
    "to": [ 5, 9, 8.1875 ],
    "faces": {
        "north": { "uv": [ 0, 16, 7, 10.5 ], "rotation": 180, "texture": "#Polypterus04" },
        "south": { "uv": [ 0, 9.5, 7, 16 ], "texture": "#Polypterus04" }
    }
},
{
    "__comment": "01",
    "from": [ 8.5, 5.5, 7.375 ],
    "to": [ 11.5, 10, 7.4375 ],
    "faces": {
        "north": { "uv": [ 0, 16, 7, 10.5 ], "rotation": 180, "texture": "#Polypterus04" },
        "south": { "uv": [ 0, 9.5, 7, 16 ], "texture": "#Polypterus04" }
    }
},
{
    "from": [ 6.5, 6, 8.125 ],
    "to": [ 9.5, 9.5, 8.1875 ],
    "faces": {
        "north": { "uv": [ 0, 16, 7, 10.5 ], "rotation": 180, "texture": "#Polypterus04" },
        "south": { "uv": [ 0, 9.5, 7, 16 ], "texture": "#Polypterus04" }
    }
},
{
    "__comment": "02",
    "from": [ 10.5, 5.5, 7.625 ],
    "to": [ 13.5, 9.5, 7.6875 ],
    "faces": {
        "north": { "uv": [ 0, 16, 7, 10.5 ], "rotation": 180, "texture": "#Polypterus04" },
        "south": { "uv": [ 0, 9.5, 7, 16 ], "texture": "#Polypterus04" }
    }
},
{
    "__comment": "03",
    "from": [ 12.5, 5.5, 7.875 ],
    "to": [ 15.5, 9, 7.9375 ],
    "faces": {
        "north": { "uv": [ 0, 16, 7, 10.5 ], "rotation": 180, "texture": "#Polypterus04" },
        "south": { "uv": [ 0, 9.5, 7, 16 ], "texture": "#Polypterus04" }
    }
},
{
    "__comment": "03",
    "from": [ 14.5, 5, 7.875 ],
    "to": [ 17.5, 9, 7.9375 ],
    "faces": {
        "north": { "uv": [ 0, 16, 7, 10.5 ], "rotation": 180, "texture": "#Polypterus04" },
        "south": { "uv": [ 0, 9.5, 7, 16 ], "texture": "#Polypterus04" }
    }
},
{
    "__comment": "04",
    "from": [ 16.5, 5, 8.125 ],
    "to": [ 19.5, 8.5, 8.1875 ],
    "faces": {
        "north": { "uv": [ 0, 16, 7, 10.5 ], "rotation": 180, "texture": "#Polypterus04" },
        "south": { "uv": [ 0, 9.5, 7, 16 ], "texture": "#Polypterus04" }
    }
},
{
    "__comment": "05",
    "from": [ 18.5, 5, 7.875 ],
    "to": [ 21.5, 8.5, 7.9375 ],
    "faces": {
        "north": { "uv": [ 0, 16, 7, 10.5 ], "rotation": 180, "texture": "#Polypterus04" },
        "south": { "uv": [ 0, 9.5, 7, 16 ], "texture": "#Polypterus04" }
    }
},
{
    "from": [ 19.9375, 4, 7.5 ],
    "to": [ 23.4375, 7.5, 7.5625 ],
    "rotation": { "origin": [ 19.9375, 4, 7.5 ], "axis": "y", "angle": -22.5 },
    "faces": {
        "north": { "uv": [ 7.5, 2, 0, 7.5 ], "texture": "#Polypterus06" },
        "south": { "uv": [ 0, 2, 7.5, 7.5 ], "texture": "#Polypterus06" }
    }
},
{
    "__comment": "05",
    "from": [ 20, 1.5, 7.25 ],
    "to": [ 24, 3, 7.3125 ],
    "rotation": { "origin": [ 20, 1.5, 7.25 ], "axis": "y", "angle": -22.5 },
    "faces": {
        "north": { "uv": [ 14.5, 4, 1.5, 11.5 ], "texture": "#Polypterus07" },
        "south": { "uv": [ 1.5, 4, 14.5, 11.5 ], "texture": "#Polypterus07" }
    }
}
],
"display": {
    "thirdperson_righthand": {
        "rotation": [ 68, -91, 38 ],
        "translation": [ -6.05, -10, 5 ],
        "scale": [ 2.4, 2, 2.2 ]
    },
    "thirdperson_lefthand": {
        "rotation": [ 68, 91, -38 ],
        "translation": [ -6.05, -10, 5 ],
        "scale": [ 2.4, 2, 2.2 ]
    }
}
}