{
"__comment": "Designed by S9855027 with BDcraft Cubik PRO 0.96 Beta - http://bdcraft.net",
"textures": {
    "particle": "mobs/Puffer01",
    "Puffer02": "mobs/Puffer02",
    "Puffer03": "mobs/Puffer03",
    "texture": "mobs/Puffer01",
    "Puffer04": "mobs/Puffer04",
    "Puffer05": "mobs/Puffer05"
},
"elements": [ 
{
    "from": [ -1.25, 6.5, 6 ],
    "to": [ 2.25, 10.5, 10 ],
    "faces": {
        "down":  { "uv": [ 0, 0, 16, 16 ], "texture": "#Puffer02" },
        "up":    { "uv": [ 0, 0, 16, 16 ], "texture": "#Puffer03" },
        "north": { "uv": [ 1.5, 0, 14, 16 ], "texture": "#texture" },
        "south": { "uv": [ 1.5, 0, 14, 16 ], "texture": "#texture" },
        "west":  { "uv": [ 2.5, 0, 13.5, 16 ], "texture": "#texture" },
        "east":  { "uv": [ 2.5, 0, 13.5, 16 ], "texture": "#texture" }
    }
},
{
    "from": [ 3, 5, 5.5 ],
    "to": [ 11, 11.5, 10.5 ],
    "faces": {
        "down":  { "uv": [ 0, 0, 16, 16 ], "texture": "#Puffer02" },
        "up":    { "uv": [ 0, 0, 16, 16 ], "texture": "#Puffer03" },
        "north": { "uv": [ 0, 0, 16, 16 ], "texture": "#texture" },
        "south": { "uv": [ 0, 0, 16, 16 ], "texture": "#texture" },
        "west":  { "uv": [ 0, 0, 16, 16 ], "texture": "#texture" },
        "east":  { "uv": [ 0, 0, 16, 16 ], "texture": "#texture" }
    }
},
{
    "from": [ 11.5, 7.5, 7 ],
    "to": [ 14.5, 9.5, 9 ],
    "faces": {
        "down":  { "uv": [ 0, 0, 16, 16 ], "texture": "#Puffer02" },
        "up":    { "uv": [ 1.5, 2.5, 13, 13.5 ], "texture": "#Puffer03" },
        "north": { "uv": [ 0, 0, 8.5, 12.5 ], "texture": "#texture" },
        "south": { "uv": [ 0, 0, 8.5, 12.5 ], "texture": "#texture" },
        "west":  { "uv": [ 11.5, 0, 16, 13.5 ], "texture": "#texture" },
        "east":  { "uv": [ 5.5, 0, 16, 13.5 ], "texture": "#texture" }
    }
},
{
    "from": [ 14, 5, 8 ],
    "to": [ 18, 12.5, 8.0625 ],
    "faces": {
        "north": { "uv": [ 8.5, 7.5, 1.5, 16 ], "texture": "#Puffer04" },
        "south": { "uv": [ 1.5, 7, 8.5, 16 ], "texture": "#Puffer04" }
    }
},
{
    "from": [ 11.5, 6, 8 ],
    "to": [ 13, 7.5, 8.0625 ],
    "faces": {
        "north": { "uv": [ 10, 4, 7.5, 6.5 ], "texture": "#Puffer04" },
        "south": { "uv": [ 7.5, 4, 10, 6.5 ], "texture": "#Puffer04" }
    }
},
{
    "from": [ 11.5, 9.5, 8 ],
    "to": [ 14, 10.5, 8.0625 ],
    "faces": {
        "north": { "uv": [ 14.5, 0, 7.5, 3 ], "texture": "#Puffer04" },
        "south": { "uv": [ 7.5, 0, 14.5, 3 ], "texture": "#Puffer04" }
    }
},
{
    "from": [ 4, 5.5, 4.5 ],
    "to": [ 6.5, 8.5, 4.5625 ],
    "rotation": { "origin": [ 4, 5.5, 4.5 ], "axis": "y", "angle": 45 },
    "faces": {
        "north": { "uv": [ 0, 0, 4, 6 ], "texture": "#Puffer04" },
        "south": { "uv": [ 4, 0, 0, 6 ], "texture": "#Puffer04" }
    }
},
{
    "from": [ 4, 5.5, 11.5 ],
    "to": [ 6.5, 8.5, 11.5625 ],
    "rotation": { "origin": [ 4, 5.5, 11.5 ], "axis": "y", "angle": -45 },
    "faces": {
        "north": { "uv": [ 4, 0, 0, 6 ], "texture": "#Puffer04" },
        "south": { "uv": [ 0, 0, 4, 6 ], "texture": "#Puffer04" }
    }
},
{
    "from": [ -1.75, 6.5, 6.5 ],
    "to": [ -0.75, 7.5, 9.5 ],
    "rotation": { "origin": [ -1.75, 7.5, 6.5 ], "axis": "z", "angle": 45 },
    "faces": {
        "down":  { "uv": [ 5, 12.5, 10.5, 16 ], "texture": "#texture" },
        "up":    { "uv": [ 4.5, 12, 10, 16 ], "texture": "#texture" },
        "north": { "uv": [ 4.5, 13, 11.5, 16 ], "texture": "#texture" },
        "south": { "uv": [ 4, 12.5, 13, 16 ], "texture": "#texture" },
        "west":  { "uv": [ 4, 12.5, 12, 16 ], "texture": "#texture" },
        "east":  { "uv": [ 4.5, 12, 10.5, 16 ], "texture": "#texture" }
    }
},
{
    "from": [ -0.75, 9.25, 5.5 ],
    "to": [ 0.75, 10.75, 6.5 ],
    "faces": {
        "down":  { "uv": [ 13, 13, 12, 12 ], "texture": "#Puffer04" },
        "up":    { "uv": [ 12, 12, 13, 13 ], "texture": "#Puffer04" },
        "north": { "uv": [ 12, 12, 14.5, 16 ], "texture": "#Puffer04" },
        "south": { "uv": [ 13.5, 12, 16, 16 ], "texture": "#Puffer04" },
        "west":  { "uv": [ 14.5, 12, 16, 16 ], "texture": "#Puffer04" },
        "east":  { "uv": [ 15, 12, 16, 13 ], "texture": "#Puffer04" }
    }
},
{
    "from": [ -0.75, 9.25, 9.5 ],
    "to": [ 0.75, 10.75, 10.5 ],
    "faces": {
        "down":  { "uv": [ 13, 13, 12, 12 ], "texture": "#Puffer04" },
        "up":    { "uv": [ 12, 12, 13, 13 ], "texture": "#Puffer04" },
        "north": { "uv": [ 12, 12, 14.5, 16 ], "texture": "#Puffer04" },
        "south": { "uv": [ 13.5, 12, 16, 16 ], "texture": "#Puffer04" },
        "west":  { "uv": [ 12, 12, 13.5, 16 ], "texture": "#Puffer04" },
        "east":  { "uv": [ 15, 12, 16, 13 ], "texture": "#Puffer04" }
    }
},
{
    "from": [ 3, 4.5, 6 ],
    "to": [ 11, 5, 10 ],
    "faces": {
        "down":  { "uv": [ 0, 0, 16, 16 ], "texture": "#Puffer02" },
        "north": { "uv": [ 0, 0, 16, 16 ], "texture": "#Puffer02" },
        "south": { "uv": [ 0, 0, 16, 16 ], "texture": "#Puffer02" },
        "west":  { "uv": [ 0, 0, 16, 16 ], "texture": "#Puffer02" },
        "east":  { "uv": [ 0, 0, 16, 16 ], "texture": "#Puffer02" }
    }
},
{
    "from": [ 3.5, 4, 6.5 ],
    "to": [ 10.5, 4.5, 9.5 ],
    "faces": {
        "down":  { "uv": [ 12.5, 9.5, 5.5, 6.5 ], "texture": "#Puffer02" },
        "north": { "uv": [ 5.5, 11.5, 12.5, 12 ], "texture": "#Puffer02" },
        "south": { "uv": [ 3.5, 11.5, 10.5, 12 ], "texture": "#Puffer02" },
        "west":  { "uv": [ 6.5, 11.5, 9.5, 12 ], "texture": "#Puffer02" },
        "east":  { "uv": [ 6.5, 11.5, 9.5, 12 ], "texture": "#Puffer02" }
    }
},
{
    "from": [ 4, 3.5, 7 ],
    "to": [ 9, 4, 9 ],
    "faces": {
        "down":  { "uv": [ 12, 9, 7, 7 ], "texture": "#Puffer02" },
        "north": { "uv": [ 7, 12, 12, 12.5 ], "texture": "#Puffer02" },
        "south": { "uv": [ 4, 12, 9, 12.5 ], "texture": "#Puffer02" },
        "west":  { "uv": [ 7, 12, 9, 12.5 ], "texture": "#Puffer02" },
        "east":  { "uv": [ 7, 12, 9, 12.5 ], "texture": "#Puffer02" }
    }
},
{
    "from": [ 5, 3, 7.5 ],
    "to": [ 7.5, 3.5, 8.5 ],
    "faces": {
        "down":  { "uv": [ 11, 8.5, 8.5, 7.5 ], "texture": "#Puffer02" },
        "north": { "uv": [ 8.5, 12.5, 11, 13 ], "texture": "#Puffer02" },
        "south": { "uv": [ 5, 12.5, 7.5, 13 ], "texture": "#Puffer02" },
        "west":  { "uv": [ 7.5, 12.5, 8.5, 13 ], "texture": "#Puffer02" },
        "east":  { "uv": [ 7.5, 12.5, 8.5, 13 ], "texture": "#Puffer02" }
    }
},
{
    "from": [ 3, 11.5, 6 ],
    "to": [ 11, 11.75, 10 ],
    "faces": {
        "up":    { "uv": [ 0, 1, 16, 15 ], "texture": "#Puffer03" },
        "north": { "uv": [ 16, 1, 0, 1.5 ], "texture": "#Puffer03" },
        "south": { "uv": [ 0, 14.5, 16, 15 ], "texture": "#Puffer03" },
        "west":  { "uv": [ 0, 1, 0.5, 15 ], "rotation": 270, "texture": "#Puffer03" },
        "east":  { "uv": [ 15.5, 1, 16, 15 ], "rotation": 90, "texture": "#Puffer03" }
    }
},
{
    "from": [ 3.5, 11.75, 6.5 ],
    "to": [ 10.5, 12, 9.5 ],
    "faces": {
        "up":    { "uv": [ 1, 2, 15, 14 ], "texture": "#Puffer03" },
        "north": { "uv": [ 15, 2, 1, 2.5 ], "texture": "#Puffer03" },
        "south": { "uv": [ 1, 13.5, 15, 14 ], "texture": "#Puffer03" },
        "west":  { "uv": [ 1, 2, 1.5, 14 ], "rotation": 270, "texture": "#Puffer03" },
        "east":  { "uv": [ 14.5, 2, 15, 14 ], "rotation": 90, "texture": "#Puffer03" }
    }
},
{
    "from": [ 4.5, 12, 7 ],
    "to": [ 9.5, 12.25, 9 ],
    "faces": {
        "up":    { "uv": [ 3, 3, 13, 13.5 ], "texture": "#Puffer03" },
        "north": { "uv": [ 14, 3, 2, 3.5 ], "texture": "#Puffer03" },
        "south": { "uv": [ 2, 12.5, 14, 13 ], "texture": "#Puffer03" },
        "west":  { "uv": [ 3, 3, 3.5, 13.5 ], "rotation": 270, "texture": "#Puffer03" },
        "east":  { "uv": [ 12.5, 3, 13, 13.5 ], "rotation": 90, "texture": "#Puffer03" }
    }
},
{
    "from": [ 3, 5.5, 5 ],
    "to": [ 11, 11, 5.5 ],
    "faces": {
        "down":  { "uv": [ 16, 15, 0, 14.5 ], "texture": "#texture" },
        "up":    { "uv": [ 16, 1, 0, 1.5 ], "texture": "#texture" },
        "north": { "uv": [ 0, 1, 16, 15 ], "texture": "#texture" },
        "south": { "uv": [ 0, 1, 16, 15 ], "texture": "#texture" },
        "west":  { "uv": [ 0, 1, 0.5, 15 ], "texture": "#texture" },
        "east":  { "uv": [ 15.5, 1, 16, 15 ], "texture": "#texture" }
    }
},
{
    "from": [ 3, 6, 4.5 ],
    "to": [ 11, 10, 5 ],
    "faces": {
        "down":  { "uv": [ 16, 13.5, 0, 13 ], "texture": "#texture" },
        "up":    { "uv": [ 16, 3, 0, 3.5 ], "texture": "#texture" },
        "north": { "uv": [ 0, 3, 16, 13.5 ], "texture": "#texture" },
        "south": { "uv": [ 0, 3, 16, 13.5 ], "texture": "#texture" },
        "west":  { "uv": [ 0, 2.5, 0.5, 13.5 ], "texture": "#texture" },
        "east":  { "uv": [ 15.5, 3, 16, 14 ], "texture": "#texture" }
    }
},
{
    "from": [ 3, 5.5, 10.5 ],
    "to": [ 11, 11, 11 ],
    "faces": {
        "down":  { "uv": [ 16, 15, 0, 14.5 ], "texture": "#texture" },
        "up":    { "uv": [ 0, 1, 16, 1.5 ], "texture": "#texture" },
        "north": { "uv": [ 0, 1, 16, 15 ], "texture": "#texture" },
        "south": { "uv": [ 0, 1, 16, 15 ], "texture": "#texture" },
        "west":  { "uv": [ 0, 1, 0.5, 15 ], "texture": "#texture" },
        "east":  { "uv": [ 15.5, 1, 16, 15 ], "texture": "#texture" }
    }
},
{
    "from": [ 3, 6, 11 ],
    "to": [ 11, 10, 11.5 ],
    "faces": {
        "down":  { "uv": [ 16, 13.5, 0, 13 ], "texture": "#texture" },
        "up":    { "uv": [ 0, 3, 16, 3.5 ], "texture": "#texture" },
        "north": { "uv": [ 0, 3, 16, 13.5 ], "texture": "#texture" },
        "south": { "uv": [ 0, 3, 16, 13.5 ], "texture": "#texture" },
        "west":  { "uv": [ 0, 2.5, 0.5, 13.5 ], "texture": "#texture" },
        "east":  { "uv": [ 15.5, 3, 16, 14 ], "texture": "#texture" }
    }
},
{
    "from": [ 2.25, 5.5, 5.5 ],
    "to": [ 3.25, 10, 10.5 ],
    "faces": {
        "down":  { "uv": [ 16, 16, 0, 15.5 ], "rotation": 270, "texture": "#texture" },
        "up":    { "uv": [ 0, 3.5, 16, 4 ], "rotation": 90, "texture": "#texture" },
        "north": { "uv": [ 15.5, 4, 16, 16 ], "texture": "#texture" },
        "south": { "uv": [ 0, 3.5, 0.5, 15.5 ], "texture": "#texture" },
        "west":  { "uv": [ 1, 3.5, 15, 16 ], "texture": "#texture" },
        "east":  { "uv": [ 1, 3.5, 15, 16 ], "texture": "#texture" }
    }
},
{
    "from": [ 2.5, 6, 5 ],
    "to": [ 3, 10.5, 11 ],
    "faces": {
        "down":  { "uv": [ 16, 13.5, 0, 13 ], "rotation": 270, "texture": "#texture" },
        "up":    { "uv": [ 0, 2, 16, 2.5 ], "rotation": 90, "texture": "#texture" },
        "north": { "uv": [ 15.5, 2, 16, 14 ], "texture": "#texture" },
        "south": { "uv": [ 0, 2, 0.5, 14 ], "texture": "#texture" },
        "west":  { "uv": [ 0, 2, 16, 14 ], "texture": "#texture" },
        "east":  { "uv": [ 0, 2, 16, 14 ], "texture": "#texture" }
    }
},
{
    "from": [ 11, 5.5, 5.5 ],
    "to": [ 12, 10.5, 10.5 ],
    "faces": {
        "down":  { "uv": [ 16, 16, 0, 15.5 ], "rotation": 90, "texture": "#texture" },
        "up":    { "uv": [ 0, 2, 16, 2.5 ], "rotation": 270, "texture": "#texture" },
        "north": { "uv": [ 15, 1.5, 16, 15.5 ], "texture": "#texture" },
        "south": { "uv": [ 15, 2, 16, 14 ], "texture": "#texture" },
        "west":  { "uv": [ 16, 15.5, 0.5, 1.5 ], "texture": "#texture" },
        "east":  { "uv": [ 0, 2, 16, 14 ], "texture": "#texture" }
    }
},
{
    "from": [ -0.5, 2, 8 ],
    "to": [ 14, 14, 8.0625 ],
    "faces": {
        "north": { "uv": [ 0, 0, 16, 16 ], "texture": "#Puffer05" },
        "south": { "uv": [ 0, 0, 16, 16 ], "texture": "#Puffer05" }
    }
},
{
    "from": [ 1.5, 1.5, 13.5 ],
    "to": [ 16, 14, 13.5625 ],
    "rotation": { "origin": [ 1.5, 1.5, 13.5 ], "axis": "y", "angle": 45 },
    "faces": {
        "north": { "uv": [ 0, 0, 16, 16 ], "texture": "#Puffer05" },
        "south": { "uv": [ 0, 0, 16, 16 ], "texture": "#Puffer05" }
    }
},
{
    "from": [ 2, 1.5, 3 ],
    "to": [ 16.5, 14, 3.0625 ],
    "rotation": { "origin": [ 2, 1.5, 3 ], "axis": "y", "angle": -45 },
    "faces": {
        "north": { "uv": [ 0, 0, 16, 16 ], "texture": "#Puffer05" },
        "south": { "uv": [ 0, 0, 16, 16 ], "texture": "#Puffer05" }
    }
}
],
"display": {
    "thirdperson_righthand": {
        "rotation": [ 68, -91, 40 ],
        "translation": [ -6.05, -20, 0],
        "scale": [ 2, 2, 2]
    },
    "fixed": {
        "rotation": [ 0, 180, 0 ],
        "translation": [ 0, 0, 0 ],
        "scale": [ 1, 1, 1 ]
    },
    "thirdperson_lefthand": {
        "rotation": [ 68, 91, -40 ],
        "translation": [ -6.05, -24, -4 ],
        "scale": [ 2, 2, 2 ]
    }
}
}