{
	"parent": "builtin/entity",
	"textures": {
		"shield": 	"entity/shield_base_nopattern",
		"pattern": 	"entity/shield_base",
		"particle":	"items/shears"
	},
	"overrides": [
		{
            "predicate": {
                "blocking": 1
            },
            "model": "item/shield_blocking"
        },
		{ "predicate": {"damaged": 0, "damage": 0, "blocking": 0}, "model": "item/shield"},
		{ "predicate": {"damaged": 0, "damage": 0, "blocking": 1}, "model": "item/shield_blocking"},
		

		{ "predicate": {"damaged": 0, "damage": 0.002967359050445104, "blocking": 0}, "model": "item/custom/shields/shield0"},
		{ "predicate": {"damaged": 0, "damage": 0.002967359050445104, "blocking": 1}, "model": "item/custom/shields/shield0_blocking"},


		{ "predicate": {"damaged": 0, "damage": 0.005934718100890208, "blocking": 0}, "model": "item/custom/shields/shield1"},
		{ "predicate": {"damaged": 0, "damage": 0.005934718100890208, "blocking": 1}, "model": "item/custom/shields/shield1_blocking"},


		{ "predicate": {"damaged": 0, "damage": 0.008902077151335312, "blocking": 0}, "model": "item/custom/shields/shield2"},
		{ "predicate": {"damaged": 0, "damage": 0.008902077151335312, "blocking": 1}, "model": "item/custom/shields/shield2_blocking"},


		{ "predicate": {"damaged": 0, "damage": 0.011869436201780416, "blocking": 0}, "model": "item/custom/shields/shield3"},
		{ "predicate": {"damaged": 0, "damage": 0.011869436201780416, "blocking": 1}, "model": "item/custom/shields/shield3_blocking"},


		{ "predicate": {"damaged": 0, "damage": 0.01483679525222552, "blocking": 0}, "model": "item/custom/shields/shield4"},
		{ "predicate": {"damaged": 0, "damage": 0.01483679525222552, "blocking": 1}, "model": "item/custom/shields/shield4_blocking"},


		{ "predicate": {"damaged": 0, "damage": 0.017804154302670624, "blocking": 0}, "model": "item/custom/shields/shield5"},
		{ "predicate": {"damaged": 0, "damage": 0.017804154302670624, "blocking": 1}, "model": "item/custom/shields/shield5_blocking"},


		{ "predicate": {"damaged": 0, "damage": 0.02077151335311573, "blocking": 0}, "model": "item/custom/shields/shield6"},
		{ "predicate": {"damaged": 0, "damage": 0.02077151335311573, "blocking": 1}, "model": "item/custom/shields/shield6_blocking"},


		{ "predicate": {"damaged": 0, "damage": 0.02373887240356083, "blocking": 0}, "model": "item/custom/shields/shield7"},
		{ "predicate": {"damaged": 0, "damage": 0.02373887240356083, "blocking": 1}, "model": "item/custom/shields/shield7_blocking"},


		{ "predicate": {"damaged": 0, "damage": 0.026706231454005934, "blocking": 0}, "model": "item/custom/shields/shield8"},
		{ "predicate": {"damaged": 0, "damage": 0.026706231454005934, "blocking": 1}, "model": "item/custom/shields/shield8_blocking"},


		{ "predicate": {"damaged": 0, "damage": 0.02967359050445104, "blocking": 0}, "model": "item/custom/shields/shield9"},
		{ "predicate": {"damaged": 0, "damage": 0.02967359050445104, "blocking": 1}, "model": "item/custom/shields/shield9_blocking"},


		{ "predicate": {"damaged": 0, "damage": 0.032640949554896145, "blocking": 0}, "model": "item/custom/shields/shield10"},
		{ "predicate": {"damaged": 0, "damage": 0.032640949554896145, "blocking": 1}, "model": "item/custom/shields/shield10_blocking"},


		{ "predicate": {"damaged": 0, "damage": 0.03560830860534125, "blocking": 0}, "model": "item/custom/shields/shield11"},
		{ "predicate": {"damaged": 0, "damage": 0.03560830860534125, "blocking": 1}, "model": "item/custom/shields/shield11_blocking"},


		{ "predicate": {"damaged": 0, "damage": 0.03857566765578635, "blocking": 0}, "model": "item/custom/shields/shield12"},
		{ "predicate": {"damaged": 0, "damage": 0.03857566765578635, "blocking": 1}, "model": "item/custom/shields/shield12_blocking"},


		{ "predicate": {"damaged": 0, "damage": 0.04154302670623146, "blocking": 0}, "model": "item/custom/shields/shield13"},
		{ "predicate": {"damaged": 0, "damage": 0.04154302670623146, "blocking": 1}, "model": "item/custom/shields/shield13_blocking"},


		{ "predicate": {"damaged": 0, "damage": 0.04451038575667656, "blocking": 0}, "model": "item/custom/shields/shield14"},
		{ "predicate": {"damaged": 0, "damage": 0.04451038575667656, "blocking": 1}, "model": "item/custom/shields/shield14_blocking"},


		{ "predicate": {"damaged": 0, "damage": 0.04747774480712166, "blocking": 0}, "model": "item/custom/shields/shield15"},
		{ "predicate": {"damaged": 0, "damage": 0.04747774480712166, "blocking": 1}, "model": "item/custom/shields/shield15_blocking"},


		{ "predicate": {"damaged": 0, "damage": 0.050445103857566766, "blocking": 0}, "model": "item/custom/shields/shield16"},
		{ "predicate": {"damaged": 0, "damage": 0.050445103857566766, "blocking": 1}, "model": "item/custom/shields/shield16_blocking"},


		{ "predicate": {"damaged": 0, "damage": 0.05341246290801187, "blocking": 0}, "model": "item/custom/shields/shield17"},
		{ "predicate": {"damaged": 0, "damage": 0.05341246290801187, "blocking": 1}, "model": "item/custom/shields/shield17_blocking"},


		{ "predicate": {"damaged": 0, "damage": 0.05637982195845698, "blocking": 0}, "model": "item/custom/shields/shield18"},
		{ "predicate": {"damaged": 0, "damage": 0.05637982195845698, "blocking": 1}, "model": "item/custom/shields/shield18_blocking"},


		{ "predicate": {"damaged": 0, "damage": 0.05934718100890208, "blocking": 0}, "model": "item/custom/shields/shield19"},
		{ "predicate": {"damaged": 0, "damage": 0.05934718100890208, "blocking": 1}, "model": "item/custom/shields/shield19_blocking"},


		{ "predicate": {"damaged": 0, "damage": 0.06231454005934718, "blocking": 0}, "model": "item/custom/shields/shield20"},
		{ "predicate": {"damaged": 0, "damage": 0.06231454005934718, "blocking": 1}, "model": "item/custom/shields/shield20_blocking"},


		{ "predicate": {"damaged": 0, "damage": 0.06528189910979229, "blocking": 0}, "model": "item/custom/shields/shield21"},
		{ "predicate": {"damaged": 0, "damage": 0.06528189910979229, "blocking": 1}, "model": "item/custom/shields/shield21_blocking"},


		{ "predicate": {"damaged": 0, "damage": 0.06824925816023739, "blocking": 0}, "model": "item/custom/shields/shield22"},
		{ "predicate": {"damaged": 0, "damage": 0.06824925816023739, "blocking": 1}, "model": "item/custom/shields/shield22_blocking"},


		{ "predicate": {"damaged": 0, "damage": 0.0712166172106825, "blocking": 0}, "model": "item/custom/shields/shield23"},
		{ "predicate": {"damaged": 0, "damage": 0.0712166172106825, "blocking": 1}, "model": "item/custom/shields/shield23_blocking"},


		{ "predicate": {"damaged": 0, "damage": 0.0741839762611276, "blocking": 0}, "model": "item/custom/shields/shield24"},
		{ "predicate": {"damaged": 0, "damage": 0.0741839762611276, "blocking": 1}, "model": "item/custom/shields/shield24_blocking"},


		{ "predicate": {"damaged": 0, "damage": 0.0771513353115727, "blocking": 0}, "model": "item/custom/shields/shield25"},
		{ "predicate": {"damaged": 0, "damage": 0.0771513353115727, "blocking": 1}, "model": "item/custom/shields/shield25_blocking"},


		{ "predicate": {"damaged": 0, "damage": 0.08011869436201781, "blocking": 0}, "model": "item/custom/shields/shield26"},
		{ "predicate": {"damaged": 0, "damage": 0.08011869436201781, "blocking": 1}, "model": "item/custom/shields/shield26_blocking"},


		{ "predicate": {"damaged": 0, "damage": 0.08308605341246292, "blocking": 0}, "model": "item/custom/shields/shield27"},
		{ "predicate": {"damaged": 0, "damage": 0.08308605341246292, "blocking": 1}, "model": "item/custom/shields/shield27_blocking"},


		{ "predicate": {"damaged": 0, "damage": 0.08605341246290801, "blocking": 0}, "model": "item/custom/shields/shield28"},
		{ "predicate": {"damaged": 0, "damage": 0.08605341246290801, "blocking": 1}, "model": "item/custom/shields/shield28_blocking"},


		{ "predicate": {"damaged": 0, "damage": 0.08902077151335312, "blocking": 0}, "model": "item/custom/shields/shield29"},
		{ "predicate": {"damaged": 0, "damage": 0.08902077151335312, "blocking": 1}, "model": "item/custom/shields/shield29_blocking"},


		{ "predicate": {"damaged": 0, "damage": 0.09198813056379822, "blocking": 0}, "model": "item/custom/shields/shield30"},
		{ "predicate": {"damaged": 0, "damage": 0.09198813056379822, "blocking": 1}, "model": "item/custom/shields/shield30_blocking"},


		{ "predicate": {"damaged": 0, "damage": 0.09495548961424333, "blocking": 0}, "model": "item/custom/shields/shield31"},
		{ "predicate": {"damaged": 0, "damage": 0.09495548961424333, "blocking": 1}, "model": "item/custom/shields/shield31_blocking"},


		{ "predicate": {"damaged": 0, "damage": 0.09792284866468844, "blocking": 0}, "model": "item/custom/shields/shield32"},
		{ "predicate": {"damaged": 0, "damage": 0.09792284866468844, "blocking": 1}, "model": "item/custom/shields/shield32_blocking"},


		{ "predicate": {"damaged": 0, "damage": 0.10089020771513353, "blocking": 0}, "model": "item/custom/shields/shield33"},
		{ "predicate": {"damaged": 0, "damage": 0.10089020771513353, "blocking": 1}, "model": "item/custom/shields/shield33_blocking"},


		{ "predicate": {"damaged": 0, "damage": 0.10385756676557864, "blocking": 0}, "model": "item/custom/shields/shield34"},
		{ "predicate": {"damaged": 0, "damage": 0.10385756676557864, "blocking": 1}, "model": "item/custom/shields/shield34_blocking"},


		{ "predicate": {"damaged": 0, "damage": 0.10682492581602374, "blocking": 0}, "model": "item/custom/shields/shield35"},
		{ "predicate": {"damaged": 0, "damage": 0.10682492581602374, "blocking": 1}, "model": "item/custom/shields/shield35_blocking"},


		{ "predicate": {"damaged": 0, "damage": 0.10979228486646884, "blocking": 0}, "model": "item/custom/shields/shield36"},
		{ "predicate": {"damaged": 0, "damage": 0.10979228486646884, "blocking": 1}, "model": "item/custom/shields/shield36_blocking"},


		{ "predicate": {"damaged": 0, "damage": 0.11275964391691395, "blocking": 0}, "model": "item/custom/shields/shield37"},
		{ "predicate": {"damaged": 0, "damage": 0.11275964391691395, "blocking": 1}, "model": "item/custom/shields/shield37_blocking"},


		{ "predicate": {"damaged": 0, "damage": 0.11572700296735905, "blocking": 0}, "model": "item/custom/shields/shield38"},
		{ "predicate": {"damaged": 0, "damage": 0.11572700296735905, "blocking": 1}, "model": "item/custom/shields/shield38_blocking"},


		{ "predicate": {"damaged": 0, "damage": 0.11869436201780416, "blocking": 0}, "model": "item/custom/shields/shield39"},
		{ "predicate": {"damaged": 0, "damage": 0.11869436201780416, "blocking": 1}, "model": "item/custom/shields/shield39_blocking"},


		{ "predicate": {"damaged": 0, "damage": 0.12166172106824927, "blocking": 0}, "model": "item/custom/shields/shield40"},
		{ "predicate": {"damaged": 0, "damage": 0.12166172106824927, "blocking": 1}, "model": "item/custom/shields/shield40_blocking"},


		{ "predicate": {"damaged": 0, "damage": 0.12462908011869436, "blocking": 0}, "model": "item/custom/shields/shield41"},
		{ "predicate": {"damaged": 0, "damage": 0.12462908011869436, "blocking": 1}, "model": "item/custom/shields/shield41_blocking"},


		{ "predicate": {"damaged": 0, "damage": 0.12759643916913946, "blocking": 0}, "model": "item/custom/shields/shield42"},
		{ "predicate": {"damaged": 0, "damage": 0.12759643916913946, "blocking": 1}, "model": "item/custom/shields/shield42_blocking"},


		{ "predicate": {"damaged": 0, "damage": 0.13056379821958458, "blocking": 0}, "model": "item/custom/shields/shield43"},
		{ "predicate": {"damaged": 0, "damage": 0.13056379821958458, "blocking": 1}, "model": "item/custom/shields/shield43_blocking"},


		{ "predicate": {"damaged": 0, "damage": 0.13353115727002968, "blocking": 0}, "model": "item/custom/shields/shield44"},
		{ "predicate": {"damaged": 0, "damage": 0.13353115727002968, "blocking": 1}, "model": "item/custom/shields/shield44_blocking"},


		{ "predicate": {"damaged": 0, "damage": 0.13649851632047477, "blocking": 0}, "model": "item/custom/shields/shield45"},
		{ "predicate": {"damaged": 0, "damage": 0.13649851632047477, "blocking": 1}, "model": "item/custom/shields/shield45_blocking"},


		{ "predicate": {"damaged": 0, "damage": 0.1394658753709199, "blocking": 0}, "model": "item/custom/shields/shield46"},
		{ "predicate": {"damaged": 0, "damage": 0.1394658753709199, "blocking": 1}, "model": "item/custom/shields/shield46_blocking"},


		{ "predicate": {"damaged": 0, "damage": 0.142433234421365, "blocking": 0}, "model": "item/custom/shields/shield47"},
		{ "predicate": {"damaged": 0, "damage": 0.142433234421365, "blocking": 1}, "model": "item/custom/shields/shield47_blocking"},


		{ "predicate": {"damaged": 0, "damage": 0.14540059347181009, "blocking": 0}, "model": "item/custom/shields/shield48"},
		{ "predicate": {"damaged": 0, "damage": 0.14540059347181009, "blocking": 1}, "model": "item/custom/shields/shield48_blocking"},


		{ "predicate": {"damaged": 0, "damage": 0.1483679525222552, "blocking": 0}, "model": "item/custom/shields/shield49"},
		{ "predicate": {"damaged": 0, "damage": 0.1483679525222552, "blocking": 1}, "model": "item/custom/shields/shield49_blocking"},


		{ "predicate": {"damaged": 0, "damage": 0.1513353115727003, "blocking": 0}, "model": "item/custom/shields/shield50"},
		{ "predicate": {"damaged": 0, "damage": 0.1513353115727003, "blocking": 1}, "model": "item/custom/shields/shield50_blocking"},


		{ "predicate": {"damaged": 0, "damage": 0.1543026706231454, "blocking": 0}, "model": "item/custom/shields/shield51"},
		{ "predicate": {"damaged": 0, "damage": 0.1543026706231454, "blocking": 1}, "model": "item/custom/shields/shield51_blocking"},


		{ "predicate": {"damaged": 0, "damage": 0.15727002967359052, "blocking": 0}, "model": "item/custom/shields/shield52"},
		{ "predicate": {"damaged": 0, "damage": 0.15727002967359052, "blocking": 1}, "model": "item/custom/shields/shield52_blocking"},


		{ "predicate": {"damaged": 0, "damage": 0.16023738872403562, "blocking": 0}, "model": "item/custom/shields/shield53"},
		{ "predicate": {"damaged": 0, "damage": 0.16023738872403562, "blocking": 1}, "model": "item/custom/shields/shield53_blocking"},


		{ "predicate": {"damaged": 0, "damage": 0.1632047477744807, "blocking": 0}, "model": "item/custom/shields/shield54"},
		{ "predicate": {"damaged": 0, "damage": 0.1632047477744807, "blocking": 1}, "model": "item/custom/shields/shield54_blocking"},


		{ "predicate": {"damaged": 0, "damage": 0.16617210682492584, "blocking": 0}, "model": "item/custom/shields/shield55"},
		{ "predicate": {"damaged": 0, "damage": 0.16617210682492584, "blocking": 1}, "model": "item/custom/shields/shield55_blocking"},


		{ "predicate": {"damaged": 0, "damage": 0.16913946587537093, "blocking": 0}, "model": "item/custom/shields/shield56"},
		{ "predicate": {"damaged": 0, "damage": 0.16913946587537093, "blocking": 1}, "model": "item/custom/shields/shield56_blocking"},


		{ "predicate": {"damaged": 0, "damage": 0.17210682492581603, "blocking": 0}, "model": "item/custom/shields/shield57"},
		{ "predicate": {"damaged": 0, "damage": 0.17210682492581603, "blocking": 1}, "model": "item/custom/shields/shield57_blocking"},


		{ "predicate": {"damaged": 0, "damage": 0.17507418397626112, "blocking": 0}, "model": "item/custom/shields/shield58"},
		{ "predicate": {"damaged": 0, "damage": 0.17507418397626112, "blocking": 1}, "model": "item/custom/shields/shield58_blocking"},


		{ "predicate": {"damaged": 0, "damage": 0.17804154302670624, "blocking": 0}, "model": "item/custom/shields/shield59"},
		{ "predicate": {"damaged": 0, "damage": 0.17804154302670624, "blocking": 1}, "model": "item/custom/shields/shield59_blocking"},


		{ "predicate": {"damaged": 0, "damage": 0.18100890207715134, "blocking": 0}, "model": "item/custom/shields/shield60"},
		{ "predicate": {"damaged": 0, "damage": 0.18100890207715134, "blocking": 1}, "model": "item/custom/shields/shield60_blocking"},


		{ "predicate": {"damaged": 0, "damage": 0.18397626112759644, "blocking": 0}, "model": "item/custom/shields/shield61"},
		{ "predicate": {"damaged": 0, "damage": 0.18397626112759644, "blocking": 1}, "model": "item/custom/shields/shield61_blocking"},


		{ "predicate": {"damaged": 0, "damage": 0.18694362017804156, "blocking": 0}, "model": "item/custom/shields/shield62"},
		{ "predicate": {"damaged": 0, "damage": 0.18694362017804156, "blocking": 1}, "model": "item/custom/shields/shield62_blocking"},


		{ "predicate": {"damaged": 0, "damage": 0.18991097922848665, "blocking": 0}, "model": "item/custom/shields/shield63"},
		{ "predicate": {"damaged": 0, "damage": 0.18991097922848665, "blocking": 1}, "model": "item/custom/shields/shield63_blocking"},


		{ "predicate": {"damaged": 0, "damage": 0.19287833827893175, "blocking": 0}, "model": "item/custom/shields/shield64"},
		{ "predicate": {"damaged": 0, "damage": 0.19287833827893175, "blocking": 1}, "model": "item/custom/shields/shield64_blocking"},


		{ "predicate": {"damaged": 0, "damage": 0.19584569732937687, "blocking": 0}, "model": "item/custom/shields/shield65"},
		{ "predicate": {"damaged": 0, "damage": 0.19584569732937687, "blocking": 1}, "model": "item/custom/shields/shield65_blocking"},


		{ "predicate": {"damaged": 0, "damage": 0.19881305637982197, "blocking": 0}, "model": "item/custom/shields/shield66"},
		{ "predicate": {"damaged": 0, "damage": 0.19881305637982197, "blocking": 1}, "model": "item/custom/shields/shield66_blocking"},


		{ "predicate": {"damaged": 0, "damage": 0.20178041543026706, "blocking": 0}, "model": "item/custom/shields/shield67"},
		{ "predicate": {"damaged": 0, "damage": 0.20178041543026706, "blocking": 1}, "model": "item/custom/shields/shield67_blocking"},


		{ "predicate": {"damaged": 0, "damage": 0.20474777448071219, "blocking": 0}, "model": "item/custom/shields/shield68"},
		{ "predicate": {"damaged": 0, "damage": 0.20474777448071219, "blocking": 1}, "model": "item/custom/shields/shield68_blocking"},


		{ "predicate": {"damaged": 0, "damage": 0.20771513353115728, "blocking": 0}, "model": "item/custom/shields/shield69"},
		{ "predicate": {"damaged": 0, "damage": 0.20771513353115728, "blocking": 1}, "model": "item/custom/shields/shield69_blocking"},


		{ "predicate": {"damaged": 0, "damage": 0.21068249258160238, "blocking": 0}, "model": "item/custom/shields/shield70"},
		{ "predicate": {"damaged": 0, "damage": 0.21068249258160238, "blocking": 1}, "model": "item/custom/shields/shield70_blocking"},


		{ "predicate": {"damaged": 0, "damage": 0.21364985163204747, "blocking": 0}, "model": "item/custom/shields/shield71"},
		{ "predicate": {"damaged": 0, "damage": 0.21364985163204747, "blocking": 1}, "model": "item/custom/shields/shield71_blocking"},


		{ "predicate": {"damaged": 0, "damage": 0.2166172106824926, "blocking": 0}, "model": "item/custom/shields/shield72"},
		{ "predicate": {"damaged": 0, "damage": 0.2166172106824926, "blocking": 1}, "model": "item/custom/shields/shield72_blocking"},


		{ "predicate": {"damaged": 0, "damage": 0.2195845697329377, "blocking": 0}, "model": "item/custom/shields/shield73"},
		{ "predicate": {"damaged": 0, "damage": 0.2195845697329377, "blocking": 1}, "model": "item/custom/shields/shield73_blocking"},


		{ "predicate": {"damaged": 0, "damage": 0.22255192878338279, "blocking": 0}, "model": "item/custom/shields/shield74"},
		{ "predicate": {"damaged": 0, "damage": 0.22255192878338279, "blocking": 1}, "model": "item/custom/shields/shield74_blocking"},


		{ "predicate": {"damaged": 0, "damage": 0.2255192878338279, "blocking": 0}, "model": "item/custom/shields/shield75"},
		{ "predicate": {"damaged": 0, "damage": 0.2255192878338279, "blocking": 1}, "model": "item/custom/shields/shield75_blocking"},


		{ "predicate": {"damaged": 0, "damage": 0.228486646884273, "blocking": 0}, "model": "item/custom/shields/shield76"},
		{ "predicate": {"damaged": 0, "damage": 0.228486646884273, "blocking": 1}, "model": "item/custom/shields/shield76_blocking"},


		{ "predicate": {"damaged": 0, "damage": 0.2314540059347181, "blocking": 0}, "model": "item/custom/shields/shield77"},
		{ "predicate": {"damaged": 0, "damage": 0.2314540059347181, "blocking": 1}, "model": "item/custom/shields/shield77_blocking"},


		{ "predicate": {"damaged": 0, "damage": 0.23442136498516322, "blocking": 0}, "model": "item/custom/shields/shield78"},
		{ "predicate": {"damaged": 0, "damage": 0.23442136498516322, "blocking": 1}, "model": "item/custom/shields/shield78_blocking"},


		{ "predicate": {"damaged": 0, "damage": 0.23738872403560832, "blocking": 0}, "model": "item/custom/shields/shield79"},
		{ "predicate": {"damaged": 0, "damage": 0.23738872403560832, "blocking": 1}, "model": "item/custom/shields/shield79_blocking"},


		{ "predicate": {"damaged": 0, "damage": 0.2403560830860534, "blocking": 0}, "model": "item/custom/shields/shield80"},
		{ "predicate": {"damaged": 0, "damage": 0.2403560830860534, "blocking": 1}, "model": "item/custom/shields/shield80_blocking"},


		{ "predicate": {"damaged": 0, "damage": 0.24332344213649854, "blocking": 0}, "model": "item/custom/shields/shield81"},
		{ "predicate": {"damaged": 0, "damage": 0.24332344213649854, "blocking": 1}, "model": "item/custom/shields/shield81_blocking"},


		{ "predicate": {"damaged": 0, "damage": 0.24629080118694363, "blocking": 0}, "model": "item/custom/shields/shield82"},
		{ "predicate": {"damaged": 0, "damage": 0.24629080118694363, "blocking": 1}, "model": "item/custom/shields/shield82_blocking"},


		{ "predicate": {"damaged": 0, "damage": 0.24925816023738873, "blocking": 0}, "model": "item/custom/shields/shield83"},
		{ "predicate": {"damaged": 0, "damage": 0.24925816023738873, "blocking": 1}, "model": "item/custom/shields/shield83_blocking"},


		{ "predicate": {"damaged": 0, "damage": 0.2522255192878338, "blocking": 0}, "model": "item/custom/shields/shield84"},
		{ "predicate": {"damaged": 0, "damage": 0.2522255192878338, "blocking": 1}, "model": "item/custom/shields/shield84_blocking"},


		{ "predicate": {"damaged": 0, "damage": 0.2551928783382789, "blocking": 0}, "model": "item/custom/shields/shield85"},
		{ "predicate": {"damaged": 0, "damage": 0.2551928783382789, "blocking": 1}, "model": "item/custom/shields/shield85_blocking"},


		{ "predicate": {"damaged": 0, "damage": 0.25816023738872407, "blocking": 0}, "model": "item/custom/shields/shield86"},
		{ "predicate": {"damaged": 0, "damage": 0.25816023738872407, "blocking": 1}, "model": "item/custom/shields/shield86_blocking"},


		{ "predicate": {"damaged": 0, "damage": 0.26112759643916916, "blocking": 0}, "model": "item/custom/shields/shield87"},
		{ "predicate": {"damaged": 0, "damage": 0.26112759643916916, "blocking": 1}, "model": "item/custom/shields/shield87_blocking"},


		{ "predicate": {"damaged": 0, "damage": 0.26409495548961426, "blocking": 0}, "model": "item/custom/shields/shield88"},
		{ "predicate": {"damaged": 0, "damage": 0.26409495548961426, "blocking": 1}, "model": "item/custom/shields/shield88_blocking"},


		{ "predicate": {"damaged": 0, "damage": 0.26706231454005935, "blocking": 0}, "model": "item/custom/shields/shield89"},
		{ "predicate": {"damaged": 0, "damage": 0.26706231454005935, "blocking": 1}, "model": "item/custom/shields/shield89_blocking"},


		{ "predicate": {"damaged": 0, "damage": 0.27002967359050445, "blocking": 0}, "model": "item/custom/shields/shield90"},
		{ "predicate": {"damaged": 0, "damage": 0.27002967359050445, "blocking": 1}, "model": "item/custom/shields/shield90_blocking"},


		{ "predicate": {"damaged": 0, "damage": 0.27299703264094954, "blocking": 0}, "model": "item/custom/shields/shield91"},
		{ "predicate": {"damaged": 0, "damage": 0.27299703264094954, "blocking": 1}, "model": "item/custom/shields/shield91_blocking"},


		{ "predicate": {"damaged": 0, "damage": 0.2759643916913947, "blocking": 0}, "model": "item/custom/shields/shield92"},
		{ "predicate": {"damaged": 0, "damage": 0.2759643916913947, "blocking": 1}, "model": "item/custom/shields/shield92_blocking"},


		{ "predicate": {"damaged": 0, "damage": 0.2789317507418398, "blocking": 0}, "model": "item/custom/shields/shield93"},
		{ "predicate": {"damaged": 0, "damage": 0.2789317507418398, "blocking": 1}, "model": "item/custom/shields/shield93_blocking"},


		{ "predicate": {"damaged": 0, "damage": 0.2818991097922849, "blocking": 0}, "model": "item/custom/shields/shield94"},
		{ "predicate": {"damaged": 0, "damage": 0.2818991097922849, "blocking": 1}, "model": "item/custom/shields/shield94_blocking"},


		{ "predicate": {"damaged": 0, "damage": 0.28486646884273, "blocking": 0}, "model": "item/custom/shields/shield95"},
		{ "predicate": {"damaged": 0, "damage": 0.28486646884273, "blocking": 1}, "model": "item/custom/shields/shield95_blocking"},


		{ "predicate": {"damaged": 0, "damage": 0.2878338278931751, "blocking": 0}, "model": "item/custom/shields/shield96"},
		{ "predicate": {"damaged": 0, "damage": 0.2878338278931751, "blocking": 1}, "model": "item/custom/shields/shield96_blocking"},


		{ "predicate": {"damaged": 0, "damage": 0.29080118694362017, "blocking": 0}, "model": "item/custom/shields/shield97"},
		{ "predicate": {"damaged": 0, "damage": 0.29080118694362017, "blocking": 1}, "model": "item/custom/shields/shield97_blocking"},


		{ "predicate": {"damaged": 0, "damage": 0.29376854599406527, "blocking": 0}, "model": "item/custom/shields/shield98"},
		{ "predicate": {"damaged": 0, "damage": 0.29376854599406527, "blocking": 1}, "model": "item/custom/shields/shield98_blocking"},


		{ "predicate": {"damaged": 0, "damage": 0.2967359050445104, "blocking": 0}, "model": "item/custom/shields/shield99"},
		{ "predicate": {"damaged": 0, "damage": 0.2967359050445104, "blocking": 1}, "model": "item/custom/shields/shield99_blocking"},


		{ "predicate": {"damaged": 0, "damage": 0.2997032640949555, "blocking": 0}, "model": "item/custom/shields/shield100"},
		{ "predicate": {"damaged": 0, "damage": 0.2997032640949555, "blocking": 1}, "model": "item/custom/shields/shield100_blocking"},


		{ "predicate": {"damaged": 0, "damage": 0.3026706231454006, "blocking": 0}, "model": "item/custom/shields/shield101"},
		{ "predicate": {"damaged": 0, "damage": 0.3026706231454006, "blocking": 1}, "model": "item/custom/shields/shield101_blocking"},


		{ "predicate": {"damaged": 0, "damage": 0.3056379821958457, "blocking": 0}, "model": "item/custom/shields/shield102"},
		{ "predicate": {"damaged": 0, "damage": 0.3056379821958457, "blocking": 1}, "model": "item/custom/shields/shield102_blocking"},


		{ "predicate": {"damaged": 0, "damage": 0.3086053412462908, "blocking": 0}, "model": "item/custom/shields/shield103"},
		{ "predicate": {"damaged": 0, "damage": 0.3086053412462908, "blocking": 1}, "model": "item/custom/shields/shield103_blocking"},


		{ "predicate": {"damaged": 0, "damage": 0.3115727002967359, "blocking": 0}, "model": "item/custom/shields/shield104"},
		{ "predicate": {"damaged": 0, "damage": 0.3115727002967359, "blocking": 1}, "model": "item/custom/shields/shield104_blocking"},


		{ "predicate": {"damaged": 0, "damage": 0.31454005934718104, "blocking": 0}, "model": "item/custom/shields/shield105"},
		{ "predicate": {"damaged": 0, "damage": 0.31454005934718104, "blocking": 1}, "model": "item/custom/shields/shield105_blocking"},


		{ "predicate": {"damaged": 0, "damage": 0.31750741839762614, "blocking": 0}, "model": "item/custom/shields/shield106"},
		{ "predicate": {"damaged": 0, "damage": 0.31750741839762614, "blocking": 1}, "model": "item/custom/shields/shield106_blocking"},


		{ "predicate": {"damaged": 0, "damage": 0.32047477744807124, "blocking": 0}, "model": "item/custom/shields/shield107"},
		{ "predicate": {"damaged": 0, "damage": 0.32047477744807124, "blocking": 1}, "model": "item/custom/shields/shield107_blocking"},


		{ "predicate": {"damaged": 0, "damage": 0.32344213649851633, "blocking": 0}, "model": "item/custom/shields/shield108"},
		{ "predicate": {"damaged": 0, "damage": 0.32344213649851633, "blocking": 1}, "model": "item/custom/shields/shield108_blocking"},


		{ "predicate": {"damaged": 0, "damage": 0.3264094955489614, "blocking": 0}, "model": "item/custom/shields/shield109"},
		{ "predicate": {"damaged": 0, "damage": 0.3264094955489614, "blocking": 1}, "model": "item/custom/shields/shield109_blocking"},


		{ "predicate": {"damaged": 0, "damage": 0.3293768545994065, "blocking": 0}, "model": "item/custom/shields/shield110"},
		{ "predicate": {"damaged": 0, "damage": 0.3293768545994065, "blocking": 1}, "model": "item/custom/shields/shield110_blocking"},


		{ "predicate": {"damaged": 0, "damage": 0.33234421364985167, "blocking": 0}, "model": "item/custom/shields/shield111"},
		{ "predicate": {"damaged": 0, "damage": 0.33234421364985167, "blocking": 1}, "model": "item/custom/shields/shield111_blocking"},


		{ "predicate": {"damaged": 0, "damage": 0.33531157270029677, "blocking": 0}, "model": "item/custom/shields/shield112"},
		{ "predicate": {"damaged": 0, "damage": 0.33531157270029677, "blocking": 1}, "model": "item/custom/shields/shield112_blocking"},


		{ "predicate": {"damaged": 0, "damage": 0.33827893175074186, "blocking": 0}, "model": "item/custom/shields/shield113"},
		{ "predicate": {"damaged": 0, "damage": 0.33827893175074186, "blocking": 1}, "model": "item/custom/shields/shield113_blocking"},


		{ "predicate": {"damaged": 0, "damage": 0.34124629080118696, "blocking": 0}, "model": "item/custom/shields/shield114"},
		{ "predicate": {"damaged": 0, "damage": 0.34124629080118696, "blocking": 1}, "model": "item/custom/shields/shield114_blocking"},


		{ "predicate": {"damaged": 0, "damage": 0.34421364985163205, "blocking": 0}, "model": "item/custom/shields/shield115"},
		{ "predicate": {"damaged": 0, "damage": 0.34421364985163205, "blocking": 1}, "model": "item/custom/shields/shield115_blocking"},


		{ "predicate": {"damaged": 0, "damage": 0.34718100890207715, "blocking": 0}, "model": "item/custom/shields/shield116"},
		{ "predicate": {"damaged": 0, "damage": 0.34718100890207715, "blocking": 1}, "model": "item/custom/shields/shield116_blocking"},


		{ "predicate": {"damaged": 0, "damage": 0.35014836795252224, "blocking": 0}, "model": "item/custom/shields/shield117"},
		{ "predicate": {"damaged": 0, "damage": 0.35014836795252224, "blocking": 1}, "model": "item/custom/shields/shield117_blocking"},


		{ "predicate": {"damaged": 0, "damage": 0.3531157270029674, "blocking": 0}, "model": "item/custom/shields/shield118"},
		{ "predicate": {"damaged": 0, "damage": 0.3531157270029674, "blocking": 1}, "model": "item/custom/shields/shield118_blocking"},


		{ "predicate": {"damaged": 0, "damage": 0.3560830860534125, "blocking": 0}, "model": "item/custom/shields/shield119"},
		{ "predicate": {"damaged": 0, "damage": 0.3560830860534125, "blocking": 1}, "model": "item/custom/shields/shield119_blocking"},


		{ "predicate": {"damaged": 0, "damage": 0.3590504451038576, "blocking": 0}, "model": "item/custom/shields/shield120"},
		{ "predicate": {"damaged": 0, "damage": 0.3590504451038576, "blocking": 1}, "model": "item/custom/shields/shield120_blocking"},


		{ "predicate": {"damaged": 0, "damage": 0.3620178041543027, "blocking": 0}, "model": "item/custom/shields/shield121"},
		{ "predicate": {"damaged": 0, "damage": 0.3620178041543027, "blocking": 1}, "model": "item/custom/shields/shield121_blocking"},


		{ "predicate": {"damaged": 0, "damage": 0.3649851632047478, "blocking": 0}, "model": "item/custom/shields/shield122"},
		{ "predicate": {"damaged": 0, "damage": 0.3649851632047478, "blocking": 1}, "model": "item/custom/shields/shield122_blocking"},


		{ "predicate": {"damaged": 0, "damage": 0.36795252225519287, "blocking": 0}, "model": "item/custom/shields/shield123"},
		{ "predicate": {"damaged": 0, "damage": 0.36795252225519287, "blocking": 1}, "model": "item/custom/shields/shield123_blocking"},


		{ "predicate": {"damaged": 0, "damage": 0.370919881305638, "blocking": 0}, "model": "item/custom/shields/shield124"},
		{ "predicate": {"damaged": 0, "damage": 0.370919881305638, "blocking": 1}, "model": "item/custom/shields/shield124_blocking"},


		{ "predicate": {"damaged": 0, "damage": 0.3738872403560831, "blocking": 0}, "model": "item/custom/shields/shield125"},
		{ "predicate": {"damaged": 0, "damage": 0.3738872403560831, "blocking": 1}, "model": "item/custom/shields/shield125_blocking"},


		{ "predicate": {"damaged": 0, "damage": 0.3768545994065282, "blocking": 0}, "model": "item/custom/shields/shield126"},
		{ "predicate": {"damaged": 0, "damage": 0.3768545994065282, "blocking": 1}, "model": "item/custom/shields/shield126_blocking"},


		{ "predicate": {"damaged": 0, "damage": 0.3798219584569733, "blocking": 0}, "model": "item/custom/shields/shield127"},
		{ "predicate": {"damaged": 0, "damage": 0.3798219584569733, "blocking": 1}, "model": "item/custom/shields/shield127_blocking"},


		{ "predicate": {"damaged": 0, "damage": 0.3827893175074184, "blocking": 0}, "model": "item/custom/shields/shield128"},
		{ "predicate": {"damaged": 0, "damage": 0.3827893175074184, "blocking": 1}, "model": "item/custom/shields/shield128_blocking"},


		{ "predicate": {"damaged": 0, "damage": 0.3857566765578635, "blocking": 0}, "model": "item/custom/shields/shield129"},
		{ "predicate": {"damaged": 0, "damage": 0.3857566765578635, "blocking": 1}, "model": "item/custom/shields/shield129_blocking"},


		{ "predicate": {"damaged": 0, "damage": 0.3887240356083086, "blocking": 0}, "model": "item/custom/shields/shield130"},
		{ "predicate": {"damaged": 0, "damage": 0.3887240356083086, "blocking": 1}, "model": "item/custom/shields/shield130_blocking"},


		{ "predicate": {"damaged": 0, "damage": 0.39169139465875374, "blocking": 0}, "model": "item/custom/shields/shield131"},
		{ "predicate": {"damaged": 0, "damage": 0.39169139465875374, "blocking": 1}, "model": "item/custom/shields/shield131_blocking"},


		{ "predicate": {"damaged": 0, "damage": 0.39465875370919884, "blocking": 0}, "model": "item/custom/shields/shield132"},
		{ "predicate": {"damaged": 0, "damage": 0.39465875370919884, "blocking": 1}, "model": "item/custom/shields/shield132_blocking"},


		{ "predicate": {"damaged": 0, "damage": 0.39762611275964393, "blocking": 0}, "model": "item/custom/shields/shield133"},
		{ "predicate": {"damaged": 0, "damage": 0.39762611275964393, "blocking": 1}, "model": "item/custom/shields/shield133_blocking"},


		{ "predicate": {"damaged": 0, "damage": 0.40059347181008903, "blocking": 0}, "model": "item/custom/shields/shield134"},
		{ "predicate": {"damaged": 0, "damage": 0.40059347181008903, "blocking": 1}, "model": "item/custom/shields/shield134_blocking"},


		{ "predicate": {"damaged": 0, "damage": 0.4035608308605341, "blocking": 0}, "model": "item/custom/shields/shield135"},
		{ "predicate": {"damaged": 0, "damage": 0.4035608308605341, "blocking": 1}, "model": "item/custom/shields/shield135_blocking"},


		{ "predicate": {"damaged": 0, "damage": 0.4065281899109792, "blocking": 0}, "model": "item/custom/shields/shield136"},
		{ "predicate": {"damaged": 0, "damage": 0.4065281899109792, "blocking": 1}, "model": "item/custom/shields/shield136_blocking"},


		{ "predicate": {"damaged": 0, "damage": 0.40949554896142437, "blocking": 0}, "model": "item/custom/shields/shield137"},
		{ "predicate": {"damaged": 0, "damage": 0.40949554896142437, "blocking": 1}, "model": "item/custom/shields/shield137_blocking"},


		{ "predicate": {"damaged": 0, "damage": 0.41246290801186947, "blocking": 0}, "model": "item/custom/shields/shield138"},
		{ "predicate": {"damaged": 0, "damage": 0.41246290801186947, "blocking": 1}, "model": "item/custom/shields/shield138_blocking"},


		{ "predicate": {"damaged": 0, "damage": 0.41543026706231456, "blocking": 0}, "model": "item/custom/shields/shield139"},
		{ "predicate": {"damaged": 0, "damage": 0.41543026706231456, "blocking": 1}, "model": "item/custom/shields/shield139_blocking"},


		{ "predicate": {"damaged": 0, "damage": 0.41839762611275966, "blocking": 0}, "model": "item/custom/shields/shield140"},
		{ "predicate": {"damaged": 0, "damage": 0.41839762611275966, "blocking": 1}, "model": "item/custom/shields/shield140_blocking"},


		{ "predicate": {"damaged": 0, "damage": 0.42136498516320475, "blocking": 0}, "model": "item/custom/shields/shield141"},
		{ "predicate": {"damaged": 0, "damage": 0.42136498516320475, "blocking": 1}, "model": "item/custom/shields/shield141_blocking"},


		{ "predicate": {"damaged": 0, "damage": 0.42433234421364985, "blocking": 0}, "model": "item/custom/shields/shield142"},
		{ "predicate": {"damaged": 0, "damage": 0.42433234421364985, "blocking": 1}, "model": "item/custom/shields/shield142_blocking"},


		{ "predicate": {"damaged": 0, "damage": 0.42729970326409494, "blocking": 0}, "model": "item/custom/shields/shield143"},
		{ "predicate": {"damaged": 0, "damage": 0.42729970326409494, "blocking": 1}, "model": "item/custom/shields/shield143_blocking"},


		{ "predicate": {"damaged": 0, "damage": 0.4302670623145401, "blocking": 0}, "model": "item/custom/shields/shield144"},
		{ "predicate": {"damaged": 0, "damage": 0.4302670623145401, "blocking": 1}, "model": "item/custom/shields/shield144_blocking"},


		{ "predicate": {"damaged": 0, "damage": 0.4332344213649852, "blocking": 0}, "model": "item/custom/shields/shield145"},
		{ "predicate": {"damaged": 0, "damage": 0.4332344213649852, "blocking": 1}, "model": "item/custom/shields/shield145_blocking"},


		{ "predicate": {"damaged": 0, "damage": 0.4362017804154303, "blocking": 0}, "model": "item/custom/shields/shield146"},
		{ "predicate": {"damaged": 0, "damage": 0.4362017804154303, "blocking": 1}, "model": "item/custom/shields/shield146_blocking"},


		{ "predicate": {"damaged": 0, "damage": 0.4391691394658754, "blocking": 0}, "model": "item/custom/shields/shield147"},
		{ "predicate": {"damaged": 0, "damage": 0.4391691394658754, "blocking": 1}, "model": "item/custom/shields/shield147_blocking"},


		{ "predicate": {"damaged": 0, "damage": 0.4421364985163205, "blocking": 0}, "model": "item/custom/shields/shield148"},
		{ "predicate": {"damaged": 0, "damage": 0.4421364985163205, "blocking": 1}, "model": "item/custom/shields/shield148_blocking"},


		{ "predicate": {"damaged": 0, "damage": 0.44510385756676557, "blocking": 0}, "model": "item/custom/shields/shield149"},
		{ "predicate": {"damaged": 0, "damage": 0.44510385756676557, "blocking": 1}, "model": "item/custom/shields/shield149_blocking"},


		{ "predicate": {"damaged": 0, "damage": 0.4480712166172107, "blocking": 0}, "model": "item/custom/shields/shield150"},
		{ "predicate": {"damaged": 0, "damage": 0.4480712166172107, "blocking": 1}, "model": "item/custom/shields/shield150_blocking"},


		{ "predicate": {"damaged": 0, "damage": 0.4510385756676558, "blocking": 0}, "model": "item/custom/shields/shield151"},
		{ "predicate": {"damaged": 0, "damage": 0.4510385756676558, "blocking": 1}, "model": "item/custom/shields/shield151_blocking"},


		{ "predicate": {"damaged": 0, "damage": 0.4540059347181009, "blocking": 0}, "model": "item/custom/shields/shield152"},
		{ "predicate": {"damaged": 0, "damage": 0.4540059347181009, "blocking": 1}, "model": "item/custom/shields/shield152_blocking"},


		{ "predicate": {"damaged": 0, "damage": 0.456973293768546, "blocking": 0}, "model": "item/custom/shields/shield153"},
		{ "predicate": {"damaged": 0, "damage": 0.456973293768546, "blocking": 1}, "model": "item/custom/shields/shield153_blocking"},


		{ "predicate": {"damaged": 0, "damage": 0.4599406528189911, "blocking": 0}, "model": "item/custom/shields/shield154"},
		{ "predicate": {"damaged": 0, "damage": 0.4599406528189911, "blocking": 1}, "model": "item/custom/shields/shield154_blocking"},


		{ "predicate": {"damaged": 0, "damage": 0.4629080118694362, "blocking": 0}, "model": "item/custom/shields/shield155"},
		{ "predicate": {"damaged": 0, "damage": 0.4629080118694362, "blocking": 1}, "model": "item/custom/shields/shield155_blocking"},


		{ "predicate": {"damaged": 0, "damage": 0.46587537091988135, "blocking": 0}, "model": "item/custom/shields/shield156"},
		{ "predicate": {"damaged": 0, "damage": 0.46587537091988135, "blocking": 1}, "model": "item/custom/shields/shield156_blocking"},


		{ "predicate": {"damaged": 0, "damage": 0.46884272997032644, "blocking": 0}, "model": "item/custom/shields/shield157"},
		{ "predicate": {"damaged": 0, "damage": 0.46884272997032644, "blocking": 1}, "model": "item/custom/shields/shield157_blocking"},


		{ "predicate": {"damaged": 0, "damage": 0.47181008902077154, "blocking": 0}, "model": "item/custom/shields/shield158"},
		{ "predicate": {"damaged": 0, "damage": 0.47181008902077154, "blocking": 1}, "model": "item/custom/shields/shield158_blocking"},


		{ "predicate": {"damaged": 0, "damage": 0.47477744807121663, "blocking": 0}, "model": "item/custom/shields/shield159"},
		{ "predicate": {"damaged": 0, "damage": 0.47477744807121663, "blocking": 1}, "model": "item/custom/shields/shield159_blocking"},


		{ "predicate": {"damaged": 0, "damage": 0.47774480712166173, "blocking": 0}, "model": "item/custom/shields/shield160"},
		{ "predicate": {"damaged": 0, "damage": 0.47774480712166173, "blocking": 1}, "model": "item/custom/shields/shield160_blocking"},


		{ "predicate": {"damaged": 0, "damage": 0.4807121661721068, "blocking": 0}, "model": "item/custom/shields/shield161"},
		{ "predicate": {"damaged": 0, "damage": 0.4807121661721068, "blocking": 1}, "model": "item/custom/shields/shield161_blocking"},


		{ "predicate": {"damaged": 0, "damage": 0.4836795252225519, "blocking": 0}, "model": "item/custom/shields/shield162"},
		{ "predicate": {"damaged": 0, "damage": 0.4836795252225519, "blocking": 1}, "model": "item/custom/shields/shield162_blocking"},


		{ "predicate": {"damaged": 0, "damage": 0.48664688427299707, "blocking": 0}, "model": "item/custom/shields/shield163"},
		{ "predicate": {"damaged": 0, "damage": 0.48664688427299707, "blocking": 1}, "model": "item/custom/shields/shield163_blocking"},


		{ "predicate": {"damaged": 0, "damage": 0.48961424332344217, "blocking": 0}, "model": "item/custom/shields/shield164"},
		{ "predicate": {"damaged": 0, "damage": 0.48961424332344217, "blocking": 1}, "model": "item/custom/shields/shield164_blocking"},


		{ "predicate": {"damaged": 0, "damage": 0.49258160237388726, "blocking": 0}, "model": "item/custom/shields/shield165"},
		{ "predicate": {"damaged": 0, "damage": 0.49258160237388726, "blocking": 1}, "model": "item/custom/shields/shield165_blocking"},


		{ "predicate": {"damaged": 0, "damage": 0.49554896142433236, "blocking": 0}, "model": "item/custom/shields/shield166"},
		{ "predicate": {"damaged": 0, "damage": 0.49554896142433236, "blocking": 1}, "model": "item/custom/shields/shield166_blocking"},


		{ "predicate": {"damaged": 0, "damage": 0.49851632047477745, "blocking": 0}, "model": "item/custom/shields/shield167"},
		{ "predicate": {"damaged": 0, "damage": 0.49851632047477745, "blocking": 1}, "model": "item/custom/shields/shield167_blocking"},


		{ "predicate": {"damaged": 0, "damage": 0.5014836795252225, "blocking": 0}, "model": "item/custom/shields/shield168"},
		{ "predicate": {"damaged": 0, "damage": 0.5014836795252225, "blocking": 1}, "model": "item/custom/shields/shield168_blocking"},


		{ "predicate": {"damaged": 0, "damage": 0.5044510385756676, "blocking": 0}, "model": "item/custom/shields/shield169"},
		{ "predicate": {"damaged": 0, "damage": 0.5044510385756676, "blocking": 1}, "model": "item/custom/shields/shield169_blocking"},


		{ "predicate": {"damaged": 0, "damage": 0.5074183976261127, "blocking": 0}, "model": "item/custom/shields/shield170"},
		{ "predicate": {"damaged": 0, "damage": 0.5074183976261127, "blocking": 1}, "model": "item/custom/shields/shield170_blocking"},


		{ "predicate": {"damaged": 0, "damage": 0.5103857566765578, "blocking": 0}, "model": "item/custom/shields/shield171"},
		{ "predicate": {"damaged": 0, "damage": 0.5103857566765578, "blocking": 1}, "model": "item/custom/shields/shield171_blocking"},


		{ "predicate": {"damaged": 0, "damage": 0.513353115727003, "blocking": 0}, "model": "item/custom/shields/shield172"},
		{ "predicate": {"damaged": 0, "damage": 0.513353115727003, "blocking": 1}, "model": "item/custom/shields/shield172_blocking"},


		{ "predicate": {"damaged": 0, "damage": 0.5163204747774481, "blocking": 0}, "model": "item/custom/shields/shield173"},
		{ "predicate": {"damaged": 0, "damage": 0.5163204747774481, "blocking": 1}, "model": "item/custom/shields/shield173_blocking"},


		{ "predicate": {"damaged": 0, "damage": 0.5192878338278932, "blocking": 0}, "model": "item/custom/shields/shield174"},
		{ "predicate": {"damaged": 0, "damage": 0.5192878338278932, "blocking": 1}, "model": "item/custom/shields/shield174_blocking"},


		{ "predicate": {"damaged": 0, "damage": 0.5222551928783383, "blocking": 0}, "model": "item/custom/shields/shield175"},
		{ "predicate": {"damaged": 0, "damage": 0.5222551928783383, "blocking": 1}, "model": "item/custom/shields/shield175_blocking"},


		{ "predicate": {"damaged": 0, "damage": 0.5252225519287834, "blocking": 0}, "model": "item/custom/shields/shield176"},
		{ "predicate": {"damaged": 0, "damage": 0.5252225519287834, "blocking": 1}, "model": "item/custom/shields/shield176_blocking"},


		{ "predicate": {"damaged": 0, "damage": 0.5281899109792285, "blocking": 0}, "model": "item/custom/shields/shield177"},
		{ "predicate": {"damaged": 0, "damage": 0.5281899109792285, "blocking": 1}, "model": "item/custom/shields/shield177_blocking"},


		{ "predicate": {"damaged": 0, "damage": 0.5311572700296736, "blocking": 0}, "model": "item/custom/shields/shield178"},
		{ "predicate": {"damaged": 0, "damage": 0.5311572700296736, "blocking": 1}, "model": "item/custom/shields/shield178_blocking"},


		{ "predicate": {"damaged": 0, "damage": 0.5341246290801187, "blocking": 0}, "model": "item/custom/shields/shield179"},
		{ "predicate": {"damaged": 0, "damage": 0.5341246290801187, "blocking": 1}, "model": "item/custom/shields/shield179_blocking"},


		{ "predicate": {"damaged": 0, "damage": 0.5370919881305638, "blocking": 0}, "model": "item/custom/shields/shield180"},
		{ "predicate": {"damaged": 0, "damage": 0.5370919881305638, "blocking": 1}, "model": "item/custom/shields/shield180_blocking"},


		{ "predicate": {"damaged": 0, "damage": 0.5400593471810089, "blocking": 0}, "model": "item/custom/shields/shield181"},
		{ "predicate": {"damaged": 0, "damage": 0.5400593471810089, "blocking": 1}, "model": "item/custom/shields/shield181_blocking"},


		{ "predicate": {"damaged": 0, "damage": 0.543026706231454, "blocking": 0}, "model": "item/custom/shields/shield182"},
		{ "predicate": {"damaged": 0, "damage": 0.543026706231454, "blocking": 1}, "model": "item/custom/shields/shield182_blocking"},


		{ "predicate": {"damaged": 0, "damage": 0.5459940652818991, "blocking": 0}, "model": "item/custom/shields/shield183"},
		{ "predicate": {"damaged": 0, "damage": 0.5459940652818991, "blocking": 1}, "model": "item/custom/shields/shield183_blocking"},


		{ "predicate": {"damaged": 0, "damage": 0.5489614243323442, "blocking": 0}, "model": "item/custom/shields/shield184"},
		{ "predicate": {"damaged": 0, "damage": 0.5489614243323442, "blocking": 1}, "model": "item/custom/shields/shield184_blocking"},


		{ "predicate": {"damaged": 0, "damage": 0.5519287833827894, "blocking": 0}, "model": "item/custom/shields/shield185"},
		{ "predicate": {"damaged": 0, "damage": 0.5519287833827894, "blocking": 1}, "model": "item/custom/shields/shield185_blocking"},


		{ "predicate": {"damaged": 0, "damage": 0.5548961424332345, "blocking": 0}, "model": "item/custom/shields/shield186"},
		{ "predicate": {"damaged": 0, "damage": 0.5548961424332345, "blocking": 1}, "model": "item/custom/shields/shield186_blocking"},


		{ "predicate": {"damaged": 0, "damage": 0.5578635014836796, "blocking": 0}, "model": "item/custom/shields/shield187"},
		{ "predicate": {"damaged": 0, "damage": 0.5578635014836796, "blocking": 1}, "model": "item/custom/shields/shield187_blocking"},


		{ "predicate": {"damaged": 0, "damage": 0.5608308605341247, "blocking": 0}, "model": "item/custom/shields/shield188"},
		{ "predicate": {"damaged": 0, "damage": 0.5608308605341247, "blocking": 1}, "model": "item/custom/shields/shield188_blocking"},


		{ "predicate": {"damaged": 0, "damage": 0.5637982195845698, "blocking": 0}, "model": "item/custom/shields/shield189"},
		{ "predicate": {"damaged": 0, "damage": 0.5637982195845698, "blocking": 1}, "model": "item/custom/shields/shield189_blocking"},


		{ "predicate": {"damaged": 0, "damage": 0.5667655786350149, "blocking": 0}, "model": "item/custom/shields/shield190"},
		{ "predicate": {"damaged": 0, "damage": 0.5667655786350149, "blocking": 1}, "model": "item/custom/shields/shield190_blocking"},


		{ "predicate": {"damaged": 0, "damage": 0.56973293768546, "blocking": 0}, "model": "item/custom/shields/shield191"},
		{ "predicate": {"damaged": 0, "damage": 0.56973293768546, "blocking": 1}, "model": "item/custom/shields/shield191_blocking"},


		{ "predicate": {"damaged": 0, "damage": 0.5727002967359051, "blocking": 0}, "model": "item/custom/shields/shield192"},
		{ "predicate": {"damaged": 0, "damage": 0.5727002967359051, "blocking": 1}, "model": "item/custom/shields/shield192_blocking"},


		{ "predicate": {"damaged": 0, "damage": 0.5756676557863502, "blocking": 0}, "model": "item/custom/shields/shield193"},
		{ "predicate": {"damaged": 0, "damage": 0.5756676557863502, "blocking": 1}, "model": "item/custom/shields/shield193_blocking"},


		{ "predicate": {"damaged": 0, "damage": 0.5786350148367952, "blocking": 0}, "model": "item/custom/shields/shield194"},
		{ "predicate": {"damaged": 0, "damage": 0.5786350148367952, "blocking": 1}, "model": "item/custom/shields/shield194_blocking"},


		{ "predicate": {"damaged": 0, "damage": 0.5816023738872403, "blocking": 0}, "model": "item/custom/shields/shield195"},
		{ "predicate": {"damaged": 0, "damage": 0.5816023738872403, "blocking": 1}, "model": "item/custom/shields/shield195_blocking"},


		{ "predicate": {"damaged": 0, "damage": 0.5845697329376854, "blocking": 0}, "model": "item/custom/shields/shield196"},
		{ "predicate": {"damaged": 0, "damage": 0.5845697329376854, "blocking": 1}, "model": "item/custom/shields/shield196_blocking"},


		{ "predicate": {"damaged": 0, "damage": 0.5875370919881305, "blocking": 0}, "model": "item/custom/shields/shield197"},
		{ "predicate": {"damaged": 0, "damage": 0.5875370919881305, "blocking": 1}, "model": "item/custom/shields/shield197_blocking"},


		{ "predicate": {"damaged": 0, "damage": 0.5905044510385757, "blocking": 0}, "model": "item/custom/shields/shield198"},
		{ "predicate": {"damaged": 0, "damage": 0.5905044510385757, "blocking": 1}, "model": "item/custom/shields/shield198_blocking"},


		{ "predicate": {"damaged": 0, "damage": 0.5934718100890208, "blocking": 0}, "model": "item/custom/shields/shield199"},
		{ "predicate": {"damaged": 0, "damage": 0.5934718100890208, "blocking": 1}, "model": "item/custom/shields/shield199_blocking"},


		{ "predicate": {"damaged": 0, "damage": 0.5964391691394659, "blocking": 0}, "model": "item/custom/shields/shield200"},
		{ "predicate": {"damaged": 0, "damage": 0.5964391691394659, "blocking": 1}, "model": "item/custom/shields/shield200_blocking"},


		{ "predicate": {"damaged": 0, "damage": 0.599406528189911, "blocking": 0}, "model": "item/custom/shields/shield201"},
		{ "predicate": {"damaged": 0, "damage": 0.599406528189911, "blocking": 1}, "model": "item/custom/shields/shield201_blocking"},


		{ "predicate": {"damaged": 0, "damage": 0.6023738872403561, "blocking": 0}, "model": "item/custom/shields/shield202"},
		{ "predicate": {"damaged": 0, "damage": 0.6023738872403561, "blocking": 1}, "model": "item/custom/shields/shield202_blocking"},


		{ "predicate": {"damaged": 0, "damage": 0.6053412462908012, "blocking": 0}, "model": "item/custom/shields/shield203"},
		{ "predicate": {"damaged": 0, "damage": 0.6053412462908012, "blocking": 1}, "model": "item/custom/shields/shield203_blocking"},


		{ "predicate": {"damaged": 0, "damage": 0.6083086053412463, "blocking": 0}, "model": "item/custom/shields/shield204"},
		{ "predicate": {"damaged": 0, "damage": 0.6083086053412463, "blocking": 1}, "model": "item/custom/shields/shield204_blocking"},


		{ "predicate": {"damaged": 0, "damage": 0.6112759643916914, "blocking": 0}, "model": "item/custom/shields/shield205"},
		{ "predicate": {"damaged": 0, "damage": 0.6112759643916914, "blocking": 1}, "model": "item/custom/shields/shield205_blocking"},


		{ "predicate": {"damaged": 0, "damage": 0.6142433234421365, "blocking": 0}, "model": "item/custom/shields/shield206"},
		{ "predicate": {"damaged": 0, "damage": 0.6142433234421365, "blocking": 1}, "model": "item/custom/shields/shield206_blocking"},


		{ "predicate": {"damaged": 0, "damage": 0.6172106824925816, "blocking": 0}, "model": "item/custom/shields/shield207"},
		{ "predicate": {"damaged": 0, "damage": 0.6172106824925816, "blocking": 1}, "model": "item/custom/shields/shield207_blocking"},


		{ "predicate": {"damaged": 0, "damage": 0.6201780415430267, "blocking": 0}, "model": "item/custom/shields/shield208"},
		{ "predicate": {"damaged": 0, "damage": 0.6201780415430267, "blocking": 1}, "model": "item/custom/shields/shield208_blocking"},


		{ "predicate": {"damaged": 0, "damage": 0.6231454005934718, "blocking": 0}, "model": "item/custom/shields/shield209"},
		{ "predicate": {"damaged": 0, "damage": 0.6231454005934718, "blocking": 1}, "model": "item/custom/shields/shield209_blocking"},


		{ "predicate": {"damaged": 0, "damage": 0.6261127596439169, "blocking": 0}, "model": "item/custom/shields/shield210"},
		{ "predicate": {"damaged": 0, "damage": 0.6261127596439169, "blocking": 1}, "model": "item/custom/shields/shield210_blocking"},


		{ "predicate": {"damaged": 0, "damage": 0.6290801186943621, "blocking": 0}, "model": "item/custom/shields/shield211"},
		{ "predicate": {"damaged": 0, "damage": 0.6290801186943621, "blocking": 1}, "model": "item/custom/shields/shield211_blocking"},


		{ "predicate": {"damaged": 0, "damage": 0.6320474777448072, "blocking": 0}, "model": "item/custom/shields/shield212"},
		{ "predicate": {"damaged": 0, "damage": 0.6320474777448072, "blocking": 1}, "model": "item/custom/shields/shield212_blocking"},


		{ "predicate": {"damaged": 0, "damage": 0.6350148367952523, "blocking": 0}, "model": "item/custom/shields/shield213"},
		{ "predicate": {"damaged": 0, "damage": 0.6350148367952523, "blocking": 1}, "model": "item/custom/shields/shield213_blocking"},


		{ "predicate": {"damaged": 0, "damage": 0.6379821958456974, "blocking": 0}, "model": "item/custom/shields/shield214"},
		{ "predicate": {"damaged": 0, "damage": 0.6379821958456974, "blocking": 1}, "model": "item/custom/shields/shield214_blocking"},


		{ "predicate": {"damaged": 0, "damage": 0.6409495548961425, "blocking": 0}, "model": "item/custom/shields/shield215"},
		{ "predicate": {"damaged": 0, "damage": 0.6409495548961425, "blocking": 1}, "model": "item/custom/shields/shield215_blocking"},


		{ "predicate": {"damaged": 0, "damage": 0.6439169139465876, "blocking": 0}, "model": "item/custom/shields/shield216"},
		{ "predicate": {"damaged": 0, "damage": 0.6439169139465876, "blocking": 1}, "model": "item/custom/shields/shield216_blocking"},


		{ "predicate": {"damaged": 0, "damage": 0.6468842729970327, "blocking": 0}, "model": "item/custom/shields/shield217"},
		{ "predicate": {"damaged": 0, "damage": 0.6468842729970327, "blocking": 1}, "model": "item/custom/shields/shield217_blocking"},


		{ "predicate": {"damaged": 0, "damage": 0.6498516320474778, "blocking": 0}, "model": "item/custom/shields/shield218"},
		{ "predicate": {"damaged": 0, "damage": 0.6498516320474778, "blocking": 1}, "model": "item/custom/shields/shield218_blocking"},


		{ "predicate": {"damaged": 0, "damage": 0.6528189910979229, "blocking": 0}, "model": "item/custom/shields/shield219"},
		{ "predicate": {"damaged": 0, "damage": 0.6528189910979229, "blocking": 1}, "model": "item/custom/shields/shield219_blocking"},


		{ "predicate": {"damaged": 0, "damage": 0.655786350148368, "blocking": 0}, "model": "item/custom/shields/shield220"},
		{ "predicate": {"damaged": 0, "damage": 0.655786350148368, "blocking": 1}, "model": "item/custom/shields/shield220_blocking"},


		{ "predicate": {"damaged": 0, "damage": 0.658753709198813, "blocking": 0}, "model": "item/custom/shields/shield221"},
		{ "predicate": {"damaged": 0, "damage": 0.658753709198813, "blocking": 1}, "model": "item/custom/shields/shield221_blocking"},


		{ "predicate": {"damaged": 0, "damage": 0.6617210682492581, "blocking": 0}, "model": "item/custom/shields/shield222"},
		{ "predicate": {"damaged": 0, "damage": 0.6617210682492581, "blocking": 1}, "model": "item/custom/shields/shield222_blocking"},


		{ "predicate": {"damaged": 0, "damage": 0.6646884272997033, "blocking": 0}, "model": "item/custom/shields/shield223"},
		{ "predicate": {"damaged": 0, "damage": 0.6646884272997033, "blocking": 1}, "model": "item/custom/shields/shield223_blocking"},


		{ "predicate": {"damaged": 0, "damage": 0.6676557863501484, "blocking": 0}, "model": "item/custom/shields/shield224"},
		{ "predicate": {"damaged": 0, "damage": 0.6676557863501484, "blocking": 1}, "model": "item/custom/shields/shield224_blocking"},


		{ "predicate": {"damaged": 0, "damage": 0.6706231454005935, "blocking": 0}, "model": "item/custom/shields/shield225"},
		{ "predicate": {"damaged": 0, "damage": 0.6706231454005935, "blocking": 1}, "model": "item/custom/shields/shield225_blocking"},


		{ "predicate": {"damaged": 0, "damage": 0.6735905044510386, "blocking": 0}, "model": "item/custom/shields/shield226"},
		{ "predicate": {"damaged": 0, "damage": 0.6735905044510386, "blocking": 1}, "model": "item/custom/shields/shield226_blocking"},


		{ "predicate": {"damaged": 0, "damage": 0.6765578635014837, "blocking": 0}, "model": "item/custom/shields/shield227"},
		{ "predicate": {"damaged": 0, "damage": 0.6765578635014837, "blocking": 1}, "model": "item/custom/shields/shield227_blocking"},


		{ "predicate": {"damaged": 0, "damage": 0.6795252225519288, "blocking": 0}, "model": "item/custom/shields/shield228"},
		{ "predicate": {"damaged": 0, "damage": 0.6795252225519288, "blocking": 1}, "model": "item/custom/shields/shield228_blocking"},


		{ "predicate": {"damaged": 0, "damage": 0.6824925816023739, "blocking": 0}, "model": "item/custom/shields/shield229"},
		{ "predicate": {"damaged": 0, "damage": 0.6824925816023739, "blocking": 1}, "model": "item/custom/shields/shield229_blocking"},


		{ "predicate": {"damaged": 0, "damage": 0.685459940652819, "blocking": 0}, "model": "item/custom/shields/shield230"},
		{ "predicate": {"damaged": 0, "damage": 0.685459940652819, "blocking": 1}, "model": "item/custom/shields/shield230_blocking"},


		{ "predicate": {"damaged": 0, "damage": 0.6884272997032641, "blocking": 0}, "model": "item/custom/shields/shield231"},
		{ "predicate": {"damaged": 0, "damage": 0.6884272997032641, "blocking": 1}, "model": "item/custom/shields/shield231_blocking"},


		{ "predicate": {"damaged": 0, "damage": 0.6913946587537092, "blocking": 0}, "model": "item/custom/shields/shield232"},
		{ "predicate": {"damaged": 0, "damage": 0.6913946587537092, "blocking": 1}, "model": "item/custom/shields/shield232_blocking"},


		{ "predicate": {"damaged": 0, "damage": 0.6943620178041543, "blocking": 0}, "model": "item/custom/shields/shield233"},
		{ "predicate": {"damaged": 0, "damage": 0.6943620178041543, "blocking": 1}, "model": "item/custom/shields/shield233_blocking"},


		{ "predicate": {"damaged": 0, "damage": 0.6973293768545994, "blocking": 0}, "model": "item/custom/shields/shield234"},
		{ "predicate": {"damaged": 0, "damage": 0.6973293768545994, "blocking": 1}, "model": "item/custom/shields/shield234_blocking"},


		{ "predicate": {"damaged": 0, "damage": 0.7002967359050445, "blocking": 0}, "model": "item/custom/shields/shield235"},
		{ "predicate": {"damaged": 0, "damage": 0.7002967359050445, "blocking": 1}, "model": "item/custom/shields/shield235_blocking"},


		{ "predicate": {"damaged": 0, "damage": 0.7032640949554897, "blocking": 0}, "model": "item/custom/shields/shield236"},
		{ "predicate": {"damaged": 0, "damage": 0.7032640949554897, "blocking": 1}, "model": "item/custom/shields/shield236_blocking"},


		{ "predicate": {"damaged": 0, "damage": 0.7062314540059348, "blocking": 0}, "model": "item/custom/shields/shield237"},
		{ "predicate": {"damaged": 0, "damage": 0.7062314540059348, "blocking": 1}, "model": "item/custom/shields/shield237_blocking"},


		{ "predicate": {"damaged": 0, "damage": 0.7091988130563799, "blocking": 0}, "model": "item/custom/shields/shield238"},
		{ "predicate": {"damaged": 0, "damage": 0.7091988130563799, "blocking": 1}, "model": "item/custom/shields/shield238_blocking"},


		{ "predicate": {"damaged": 0, "damage": 0.712166172106825, "blocking": 0}, "model": "item/custom/shields/shield239"},
		{ "predicate": {"damaged": 0, "damage": 0.712166172106825, "blocking": 1}, "model": "item/custom/shields/shield239_blocking"},


		{ "predicate": {"damaged": 0, "damage": 0.7151335311572701, "blocking": 0}, "model": "item/custom/shields/shield240"},
		{ "predicate": {"damaged": 0, "damage": 0.7151335311572701, "blocking": 1}, "model": "item/custom/shields/shield240_blocking"},


		{ "predicate": {"damaged": 0, "damage": 0.7181008902077152, "blocking": 0}, "model": "item/custom/shields/shield241"},
		{ "predicate": {"damaged": 0, "damage": 0.7181008902077152, "blocking": 1}, "model": "item/custom/shields/shield241_blocking"},


		{ "predicate": {"damaged": 0, "damage": 0.7210682492581603, "blocking": 0}, "model": "item/custom/shields/shield242"},
		{ "predicate": {"damaged": 0, "damage": 0.7210682492581603, "blocking": 1}, "model": "item/custom/shields/shield242_blocking"},


		{ "predicate": {"damaged": 0, "damage": 0.7240356083086054, "blocking": 0}, "model": "item/custom/shields/shield243"},
		{ "predicate": {"damaged": 0, "damage": 0.7240356083086054, "blocking": 1}, "model": "item/custom/shields/shield243_blocking"},


		{ "predicate": {"damaged": 0, "damage": 0.7270029673590505, "blocking": 0}, "model": "item/custom/shields/shield244"},
		{ "predicate": {"damaged": 0, "damage": 0.7270029673590505, "blocking": 1}, "model": "item/custom/shields/shield244_blocking"},


		{ "predicate": {"damaged": 0, "damage": 0.7299703264094956, "blocking": 0}, "model": "item/custom/shields/shield245"},
		{ "predicate": {"damaged": 0, "damage": 0.7299703264094956, "blocking": 1}, "model": "item/custom/shields/shield245_blocking"},


		{ "predicate": {"damaged": 0, "damage": 0.7329376854599406, "blocking": 0}, "model": "item/custom/shields/shield246"},
		{ "predicate": {"damaged": 0, "damage": 0.7329376854599406, "blocking": 1}, "model": "item/custom/shields/shield246_blocking"},


		{ "predicate": {"damaged": 0, "damage": 0.7359050445103857, "blocking": 0}, "model": "item/custom/shields/shield247"},
		{ "predicate": {"damaged": 0, "damage": 0.7359050445103857, "blocking": 1}, "model": "item/custom/shields/shield247_blocking"},


		{ "predicate": {"damaged": 0, "damage": 0.7388724035608308, "blocking": 0}, "model": "item/custom/shields/shield248"},
		{ "predicate": {"damaged": 0, "damage": 0.7388724035608308, "blocking": 1}, "model": "item/custom/shields/shield248_blocking"},


		{ "predicate": {"damaged": 0, "damage": 0.741839762611276, "blocking": 0}, "model": "item/custom/shields/shield249"},
		{ "predicate": {"damaged": 0, "damage": 0.741839762611276, "blocking": 1}, "model": "item/custom/shields/shield249_blocking"},


		{ "predicate": {"damaged": 0, "damage": 0.7448071216617211, "blocking": 0}, "model": "item/custom/shields/shield250"},
		{ "predicate": {"damaged": 0, "damage": 0.7448071216617211, "blocking": 1}, "model": "item/custom/shields/shield250_blocking"},


		{ "predicate": {"damaged": 0, "damage": 0.7477744807121662, "blocking": 0}, "model": "item/custom/shields/shield251"},
		{ "predicate": {"damaged": 0, "damage": 0.7477744807121662, "blocking": 1}, "model": "item/custom/shields/shield251_blocking"},


		{ "predicate": {"damaged": 0, "damage": 0.7507418397626113, "blocking": 0}, "model": "item/custom/shields/shield252"},
		{ "predicate": {"damaged": 0, "damage": 0.7507418397626113, "blocking": 1}, "model": "item/custom/shields/shield252_blocking"},


		{ "predicate": {"damaged": 0, "damage": 0.7537091988130564, "blocking": 0}, "model": "item/custom/shields/shield253"},
		{ "predicate": {"damaged": 0, "damage": 0.7537091988130564, "blocking": 1}, "model": "item/custom/shields/shield253_blocking"},


		{ "predicate": {"damaged": 0, "damage": 0.7566765578635015, "blocking": 0}, "model": "item/custom/shields/shield254"},
		{ "predicate": {"damaged": 0, "damage": 0.7566765578635015, "blocking": 1}, "model": "item/custom/shields/shield254_blocking"},


		{ "predicate": {"damaged": 0, "damage": 0.7596439169139466, "blocking": 0}, "model": "item/custom/shields/shield255"},
		{ "predicate": {"damaged": 0, "damage": 0.7596439169139466, "blocking": 1}, "model": "item/custom/shields/shield255_blocking"},


		{ "predicate": {"damaged": 0, "damage": 0.7626112759643917, "blocking": 0}, "model": "item/custom/shields/shield256"},
		{ "predicate": {"damaged": 0, "damage": 0.7626112759643917, "blocking": 1}, "model": "item/custom/shields/shield256_blocking"},


		{ "predicate": {"damaged": 0, "damage": 0.7655786350148368, "blocking": 0}, "model": "item/custom/shields/shield257"},
		{ "predicate": {"damaged": 0, "damage": 0.7655786350148368, "blocking": 1}, "model": "item/custom/shields/shield257_blocking"},


		{ "predicate": {"damaged": 0, "damage": 0.7685459940652819, "blocking": 0}, "model": "item/custom/shields/shield258"},
		{ "predicate": {"damaged": 0, "damage": 0.7685459940652819, "blocking": 1}, "model": "item/custom/shields/shield258_blocking"},


		{ "predicate": {"damaged": 0, "damage": 0.771513353115727, "blocking": 0}, "model": "item/custom/shields/shield259"},
		{ "predicate": {"damaged": 0, "damage": 0.771513353115727, "blocking": 1}, "model": "item/custom/shields/shield259_blocking"},


		{ "predicate": {"damaged": 0, "damage": 0.7744807121661721, "blocking": 0}, "model": "item/custom/shields/shield260"},
		{ "predicate": {"damaged": 0, "damage": 0.7744807121661721, "blocking": 1}, "model": "item/custom/shields/shield260_blocking"},


		{ "predicate": {"damaged": 0, "damage": 0.7774480712166172, "blocking": 0}, "model": "item/custom/shields/shield261"},
		{ "predicate": {"damaged": 0, "damage": 0.7774480712166172, "blocking": 1}, "model": "item/custom/shields/shield261_blocking"},


		{ "predicate": {"damaged": 0, "damage": 0.7804154302670624, "blocking": 0}, "model": "item/custom/shields/shield262"},
		{ "predicate": {"damaged": 0, "damage": 0.7804154302670624, "blocking": 1}, "model": "item/custom/shields/shield262_blocking"},


		{ "predicate": {"damaged": 0, "damage": 0.7833827893175075, "blocking": 0}, "model": "item/custom/shields/shield263"},
		{ "predicate": {"damaged": 0, "damage": 0.7833827893175075, "blocking": 1}, "model": "item/custom/shields/shield263_blocking"},


		{ "predicate": {"damaged": 0, "damage": 0.7863501483679526, "blocking": 0}, "model": "item/custom/shields/shield264"},
		{ "predicate": {"damaged": 0, "damage": 0.7863501483679526, "blocking": 1}, "model": "item/custom/shields/shield264_blocking"},


		{ "predicate": {"damaged": 0, "damage": 0.7893175074183977, "blocking": 0}, "model": "item/custom/shields/shield265"},
		{ "predicate": {"damaged": 0, "damage": 0.7893175074183977, "blocking": 1}, "model": "item/custom/shields/shield265_blocking"},


		{ "predicate": {"damaged": 0, "damage": 0.7922848664688428, "blocking": 0}, "model": "item/custom/shields/shield266"},
		{ "predicate": {"damaged": 0, "damage": 0.7922848664688428, "blocking": 1}, "model": "item/custom/shields/shield266_blocking"},


		{ "predicate": {"damaged": 0, "damage": 0.7952522255192879, "blocking": 0}, "model": "item/custom/shields/shield267"},
		{ "predicate": {"damaged": 0, "damage": 0.7952522255192879, "blocking": 1}, "model": "item/custom/shields/shield267_blocking"},


		{ "predicate": {"damaged": 0, "damage": 0.798219584569733, "blocking": 0}, "model": "item/custom/shields/shield268"},
		{ "predicate": {"damaged": 0, "damage": 0.798219584569733, "blocking": 1}, "model": "item/custom/shields/shield268_blocking"},


		{ "predicate": {"damaged": 0, "damage": 0.8011869436201781, "blocking": 0}, "model": "item/custom/shields/shield269"},
		{ "predicate": {"damaged": 0, "damage": 0.8011869436201781, "blocking": 1}, "model": "item/custom/shields/shield269_blocking"},


		{ "predicate": {"damaged": 0, "damage": 0.8041543026706232, "blocking": 0}, "model": "item/custom/shields/shield270"},
		{ "predicate": {"damaged": 0, "damage": 0.8041543026706232, "blocking": 1}, "model": "item/custom/shields/shield270_blocking"},


		{ "predicate": {"damaged": 0, "damage": 0.8071216617210683, "blocking": 0}, "model": "item/custom/shields/shield271"},
		{ "predicate": {"damaged": 0, "damage": 0.8071216617210683, "blocking": 1}, "model": "item/custom/shields/shield271_blocking"},


		{ "predicate": {"damaged": 0, "damage": 0.8100890207715133, "blocking": 0}, "model": "item/custom/shields/shield272"},
		{ "predicate": {"damaged": 0, "damage": 0.8100890207715133, "blocking": 1}, "model": "item/custom/shields/shield272_blocking"},


		{ "predicate": {"damaged": 0, "damage": 0.8130563798219584, "blocking": 0}, "model": "item/custom/shields/shield273"},
		{ "predicate": {"damaged": 0, "damage": 0.8130563798219584, "blocking": 1}, "model": "item/custom/shields/shield273_blocking"},


		{ "predicate": {"damaged": 0, "damage": 0.8160237388724035, "blocking": 0}, "model": "item/custom/shields/shield274"},
		{ "predicate": {"damaged": 0, "damage": 0.8160237388724035, "blocking": 1}, "model": "item/custom/shields/shield274_blocking"},


		{ "predicate": {"damaged": 0, "damage": 0.8189910979228487, "blocking": 0}, "model": "item/custom/shields/shield275"},
		{ "predicate": {"damaged": 0, "damage": 0.8189910979228487, "blocking": 1}, "model": "item/custom/shields/shield275_blocking"},


		{ "predicate": {"damaged": 0, "damage": 0.8219584569732938, "blocking": 0}, "model": "item/custom/shields/shield276"},
		{ "predicate": {"damaged": 0, "damage": 0.8219584569732938, "blocking": 1}, "model": "item/custom/shields/shield276_blocking"},


		{ "predicate": {"damaged": 0, "damage": 0.8249258160237389, "blocking": 0}, "model": "item/custom/shields/shield277"},
		{ "predicate": {"damaged": 0, "damage": 0.8249258160237389, "blocking": 1}, "model": "item/custom/shields/shield277_blocking"},


		{ "predicate": {"damaged": 0, "damage": 0.827893175074184, "blocking": 0}, "model": "item/custom/shields/shield278"},
		{ "predicate": {"damaged": 0, "damage": 0.827893175074184, "blocking": 1}, "model": "item/custom/shields/shield278_blocking"},


		{ "predicate": {"damaged": 0, "damage": 0.8308605341246291, "blocking": 0}, "model": "item/custom/shields/shield279"},
		{ "predicate": {"damaged": 0, "damage": 0.8308605341246291, "blocking": 1}, "model": "item/custom/shields/shield279_blocking"},


		{ "predicate": {"damaged": 0, "damage": 0.8338278931750742, "blocking": 0}, "model": "item/custom/shields/shield280"},
		{ "predicate": {"damaged": 0, "damage": 0.8338278931750742, "blocking": 1}, "model": "item/custom/shields/shield280_blocking"},


		{ "predicate": {"damaged": 0, "damage": 0.8367952522255193, "blocking": 0}, "model": "item/custom/shields/shield281"},
		{ "predicate": {"damaged": 0, "damage": 0.8367952522255193, "blocking": 1}, "model": "item/custom/shields/shield281_blocking"},


		{ "predicate": {"damaged": 0, "damage": 0.8397626112759644, "blocking": 0}, "model": "item/custom/shields/shield282"},
		{ "predicate": {"damaged": 0, "damage": 0.8397626112759644, "blocking": 1}, "model": "item/custom/shields/shield282_blocking"},


		{ "predicate": {"damaged": 0, "damage": 0.8427299703264095, "blocking": 0}, "model": "item/custom/shields/shield283"},
		{ "predicate": {"damaged": 0, "damage": 0.8427299703264095, "blocking": 1}, "model": "item/custom/shields/shield283_blocking"},


		{ "predicate": {"damaged": 0, "damage": 0.8456973293768546, "blocking": 0}, "model": "item/custom/shields/shield284"},
		{ "predicate": {"damaged": 0, "damage": 0.8456973293768546, "blocking": 1}, "model": "item/custom/shields/shield284_blocking"},


		{ "predicate": {"damaged": 0, "damage": 0.8486646884272997, "blocking": 0}, "model": "item/custom/shields/shield285"},
		{ "predicate": {"damaged": 0, "damage": 0.8486646884272997, "blocking": 1}, "model": "item/custom/shields/shield285_blocking"},


		{ "predicate": {"damaged": 0, "damage": 0.8516320474777448, "blocking": 0}, "model": "item/custom/shields/shield286"},
		{ "predicate": {"damaged": 0, "damage": 0.8516320474777448, "blocking": 1}, "model": "item/custom/shields/shield286_blocking"},


		{ "predicate": {"damaged": 0, "damage": 0.8545994065281899, "blocking": 0}, "model": "item/custom/shields/shield287"},
		{ "predicate": {"damaged": 0, "damage": 0.8545994065281899, "blocking": 1}, "model": "item/custom/shields/shield287_blocking"},


		{ "predicate": {"damaged": 0, "damage": 0.8575667655786351, "blocking": 0}, "model": "item/custom/shields/shield288"},
		{ "predicate": {"damaged": 0, "damage": 0.8575667655786351, "blocking": 1}, "model": "item/custom/shields/shield288_blocking"},


		{ "predicate": {"damaged": 0, "damage": 0.8605341246290802, "blocking": 0}, "model": "item/custom/shields/shield289"},
		{ "predicate": {"damaged": 0, "damage": 0.8605341246290802, "blocking": 1}, "model": "item/custom/shields/shield289_blocking"},


		{ "predicate": {"damaged": 0, "damage": 0.8635014836795253, "blocking": 0}, "model": "item/custom/shields/shield290"},
		{ "predicate": {"damaged": 0, "damage": 0.8635014836795253, "blocking": 1}, "model": "item/custom/shields/shield290_blocking"},


		{ "predicate": {"damaged": 0, "damage": 0.8664688427299704, "blocking": 0}, "model": "item/custom/shields/shield291"},
		{ "predicate": {"damaged": 0, "damage": 0.8664688427299704, "blocking": 1}, "model": "item/custom/shields/shield291_blocking"},


		{ "predicate": {"damaged": 0, "damage": 0.8694362017804155, "blocking": 0}, "model": "item/custom/shields/shield292"},
		{ "predicate": {"damaged": 0, "damage": 0.8694362017804155, "blocking": 1}, "model": "item/custom/shields/shield292_blocking"},


		{ "predicate": {"damaged": 0, "damage": 0.8724035608308606, "blocking": 0}, "model": "item/custom/shields/shield293"},
		{ "predicate": {"damaged": 0, "damage": 0.8724035608308606, "blocking": 1}, "model": "item/custom/shields/shield293_blocking"},


		{ "predicate": {"damaged": 0, "damage": 0.8753709198813057, "blocking": 0}, "model": "item/custom/shields/shield294"},
		{ "predicate": {"damaged": 0, "damage": 0.8753709198813057, "blocking": 1}, "model": "item/custom/shields/shield294_blocking"},


		{ "predicate": {"damaged": 0, "damage": 0.8783382789317508, "blocking": 0}, "model": "item/custom/shields/shield295"},
		{ "predicate": {"damaged": 0, "damage": 0.8783382789317508, "blocking": 1}, "model": "item/custom/shields/shield295_blocking"},


		{ "predicate": {"damaged": 0, "damage": 0.8813056379821959, "blocking": 0}, "model": "item/custom/shields/shield296"},
		{ "predicate": {"damaged": 0, "damage": 0.8813056379821959, "blocking": 1}, "model": "item/custom/shields/shield296_blocking"},


		{ "predicate": {"damaged": 0, "damage": 0.884272997032641, "blocking": 0}, "model": "item/custom/shields/shield297"},
		{ "predicate": {"damaged": 0, "damage": 0.884272997032641, "blocking": 1}, "model": "item/custom/shields/shield297_blocking"},


		{ "predicate": {"damaged": 0, "damage": 0.887240356083086, "blocking": 0}, "model": "item/custom/shields/shield298"},
		{ "predicate": {"damaged": 0, "damage": 0.887240356083086, "blocking": 1}, "model": "item/custom/shields/shield298_blocking"},


		{ "predicate": {"damaged": 0, "damage": 0.8902077151335311, "blocking": 0}, "model": "item/custom/shields/shield299"},
		{ "predicate": {"damaged": 0, "damage": 0.8902077151335311, "blocking": 1}, "model": "item/custom/shields/shield299_blocking"},


		{ "predicate": {"damaged": 0, "damage": 0.8931750741839763, "blocking": 0}, "model": "item/custom/shields/shield300"},
		{ "predicate": {"damaged": 0, "damage": 0.8931750741839763, "blocking": 1}, "model": "item/custom/shields/shield300_blocking"},


		{ "predicate": {"damaged": 0, "damage": 0.8961424332344214, "blocking": 0}, "model": "item/custom/shields/shield301"},
		{ "predicate": {"damaged": 0, "damage": 0.8961424332344214, "blocking": 1}, "model": "item/custom/shields/shield301_blocking"},


		{ "predicate": {"damaged": 0, "damage": 0.8991097922848665, "blocking": 0}, "model": "item/custom/shields/shield302"},
		{ "predicate": {"damaged": 0, "damage": 0.8991097922848665, "blocking": 1}, "model": "item/custom/shields/shield302_blocking"},


		{ "predicate": {"damaged": 0, "damage": 0.9020771513353116, "blocking": 0}, "model": "item/custom/shields/shield303"},
		{ "predicate": {"damaged": 0, "damage": 0.9020771513353116, "blocking": 1}, "model": "item/custom/shields/shield303_blocking"},


		{ "predicate": {"damaged": 0, "damage": 0.9050445103857567, "blocking": 0}, "model": "item/custom/shields/shield304"},
		{ "predicate": {"damaged": 0, "damage": 0.9050445103857567, "blocking": 1}, "model": "item/custom/shields/shield304_blocking"},


		{ "predicate": {"damaged": 0, "damage": 0.9080118694362018, "blocking": 0}, "model": "item/custom/shields/shield305"},
		{ "predicate": {"damaged": 0, "damage": 0.9080118694362018, "blocking": 1}, "model": "item/custom/shields/shield305_blocking"},


		{ "predicate": {"damaged": 0, "damage": 0.9109792284866469, "blocking": 0}, "model": "item/custom/shields/shield306"},
		{ "predicate": {"damaged": 0, "damage": 0.9109792284866469, "blocking": 1}, "model": "item/custom/shields/shield306_blocking"},


		{ "predicate": {"damaged": 0, "damage": 0.913946587537092, "blocking": 0}, "model": "item/custom/shields/shield307"},
		{ "predicate": {"damaged": 0, "damage": 0.913946587537092, "blocking": 1}, "model": "item/custom/shields/shield307_blocking"},


		{ "predicate": {"damaged": 0, "damage": 0.9169139465875371, "blocking": 0}, "model": "item/custom/shields/shield308"},
		{ "predicate": {"damaged": 0, "damage": 0.9169139465875371, "blocking": 1}, "model": "item/custom/shields/shield308_blocking"},


		{ "predicate": {"damaged": 0, "damage": 0.9198813056379822, "blocking": 0}, "model": "item/custom/shields/shield309"},
		{ "predicate": {"damaged": 0, "damage": 0.9198813056379822, "blocking": 1}, "model": "item/custom/shields/shield309_blocking"},


		{ "predicate": {"damaged": 0, "damage": 0.9228486646884273, "blocking": 0}, "model": "item/custom/shields/shield310"},
		{ "predicate": {"damaged": 0, "damage": 0.9228486646884273, "blocking": 1}, "model": "item/custom/shields/shield310_blocking"},


		{ "predicate": {"damaged": 0, "damage": 0.9258160237388724, "blocking": 0}, "model": "item/custom/shields/shield311"},
		{ "predicate": {"damaged": 0, "damage": 0.9258160237388724, "blocking": 1}, "model": "item/custom/shields/shield311_blocking"},


		{ "predicate": {"damaged": 0, "damage": 0.9287833827893175, "blocking": 0}, "model": "item/custom/shields/shield312"},
		{ "predicate": {"damaged": 0, "damage": 0.9287833827893175, "blocking": 1}, "model": "item/custom/shields/shield312_blocking"},


		{ "predicate": {"damaged": 0, "damage": 0.9317507418397627, "blocking": 0}, "model": "item/custom/shields/shield313"},
		{ "predicate": {"damaged": 0, "damage": 0.9317507418397627, "blocking": 1}, "model": "item/custom/shields/shield313_blocking"},


		{ "predicate": {"damaged": 0, "damage": 0.9347181008902078, "blocking": 0}, "model": "item/custom/shields/shield314"},
		{ "predicate": {"damaged": 0, "damage": 0.9347181008902078, "blocking": 1}, "model": "item/custom/shields/shield314_blocking"},


		{ "predicate": {"damaged": 0, "damage": 0.9376854599406529, "blocking": 0}, "model": "item/custom/shields/shield315"},
		{ "predicate": {"damaged": 0, "damage": 0.9376854599406529, "blocking": 1}, "model": "item/custom/shields/shield315_blocking"},


		{ "predicate": {"damaged": 0, "damage": 0.940652818991098, "blocking": 0}, "model": "item/custom/shields/shield316"},
		{ "predicate": {"damaged": 0, "damage": 0.940652818991098, "blocking": 1}, "model": "item/custom/shields/shield316_blocking"},


		{ "predicate": {"damaged": 0, "damage": 0.9436201780415431, "blocking": 0}, "model": "item/custom/shields/shield317"},
		{ "predicate": {"damaged": 0, "damage": 0.9436201780415431, "blocking": 1}, "model": "item/custom/shields/shield317_blocking"},


		{ "predicate": {"damaged": 0, "damage": 0.9465875370919882, "blocking": 0}, "model": "item/custom/shields/shield318"},
		{ "predicate": {"damaged": 0, "damage": 0.9465875370919882, "blocking": 1}, "model": "item/custom/shields/shield318_blocking"},


		{ "predicate": {"damaged": 0, "damage": 0.9495548961424333, "blocking": 0}, "model": "item/custom/shields/shield319"},
		{ "predicate": {"damaged": 0, "damage": 0.9495548961424333, "blocking": 1}, "model": "item/custom/shields/shield319_blocking"},


		{ "predicate": {"damaged": 0, "damage": 0.9525222551928784, "blocking": 0}, "model": "item/custom/shields/shield320"},
		{ "predicate": {"damaged": 0, "damage": 0.9525222551928784, "blocking": 1}, "model": "item/custom/shields/shield320_blocking"},


		{ "predicate": {"damaged": 0, "damage": 0.9554896142433235, "blocking": 0}, "model": "item/custom/shields/shield321"},
		{ "predicate": {"damaged": 0, "damage": 0.9554896142433235, "blocking": 1}, "model": "item/custom/shields/shield321_blocking"},


		{ "predicate": {"damaged": 0, "damage": 0.9584569732937686, "blocking": 0}, "model": "item/custom/shields/shield322"},
		{ "predicate": {"damaged": 0, "damage": 0.9584569732937686, "blocking": 1}, "model": "item/custom/shields/shield322_blocking"},


		{ "predicate": {"damaged": 0, "damage": 0.9614243323442137, "blocking": 0}, "model": "item/custom/shields/shield323"},
		{ "predicate": {"damaged": 0, "damage": 0.9614243323442137, "blocking": 1}, "model": "item/custom/shields/shield323_blocking"},


		{ "predicate": {"damaged": 0, "damage": 0.9643916913946587, "blocking": 0}, "model": "item/custom/shields/shield324"},
		{ "predicate": {"damaged": 0, "damage": 0.9643916913946587, "blocking": 1}, "model": "item/custom/shields/shield324_blocking"},


		{ "predicate": {"damaged": 0, "damage": 0.9673590504451038, "blocking": 0}, "model": "item/custom/shields/shield325"},
		{ "predicate": {"damaged": 0, "damage": 0.9673590504451038, "blocking": 1}, "model": "item/custom/shields/shield325_blocking"},


		{ "predicate": {"damaged": 0, "damage": 0.970326409495549, "blocking": 0}, "model": "item/custom/shields/shield326"},
		{ "predicate": {"damaged": 0, "damage": 0.970326409495549, "blocking": 1}, "model": "item/custom/shields/shield326_blocking"},


		{ "predicate": {"damaged": 0, "damage": 0.9732937685459941, "blocking": 0}, "model": "item/custom/shields/shield327"},
		{ "predicate": {"damaged": 0, "damage": 0.9732937685459941, "blocking": 1}, "model": "item/custom/shields/shield327_blocking"},


		{ "predicate": {"damaged": 0, "damage": 0.9762611275964392, "blocking": 0}, "model": "item/custom/shields/shield328"},
		{ "predicate": {"damaged": 0, "damage": 0.9762611275964392, "blocking": 1}, "model": "item/custom/shields/shield328_blocking"},


		{ "predicate": {"damaged": 0, "damage": 0.9792284866468843, "blocking": 0}, "model": "item/custom/shields/shield329"},
		{ "predicate": {"damaged": 0, "damage": 0.9792284866468843, "blocking": 1}, "model": "item/custom/shields/shield329_blocking"},


		{ "predicate": {"damaged": 0, "damage": 0.9821958456973294, "blocking": 0}, "model": "item/custom/shields/shield330"},
		{ "predicate": {"damaged": 0, "damage": 0.9821958456973294, "blocking": 1}, "model": "item/custom/shields/shield330_blocking"},


		{ "predicate": {"damaged": 0, "damage": 0.9851632047477745, "blocking": 0}, "model": "item/custom/shields/shield331"},
		{ "predicate": {"damaged": 0, "damage": 0.9851632047477745, "blocking": 1}, "model": "item/custom/shields/shield331_blocking"},


		{ "predicate": {"damaged": 0, "damage": 0.9881305637982196, "blocking": 0}, "model": "item/custom/shields/shield332"},
		{ "predicate": {"damaged": 0, "damage": 0.9881305637982196, "blocking": 1}, "model": "item/custom/shields/shield332_blocking"},


		{ "predicate": {"damaged": 0, "damage": 0.9910979228486647, "blocking": 0}, "model": "item/custom/shields/shield333"},
		{ "predicate": {"damaged": 0, "damage": 0.9910979228486647, "blocking": 1}, "model": "item/custom/shields/shield333_blocking"},


		{ "predicate": {"damaged": 0, "damage": 0.9940652818991098, "blocking": 0}, "model": "item/custom/shields/shield334"},
		{ "predicate": {"damaged": 0, "damage": 0.9940652818991098, "blocking": 1}, "model": "item/custom/shields/shield334_blocking"},


		{ "predicate": {"damaged": 0, "damage": 0.9970326409495549, "blocking": 0}, "model": "item/custom/shields/shield335"},
		{ "predicate": {"damaged": 0, "damage": 0.9970326409495549, "blocking": 1}, "model": "item/custom/shields/shield335_blocking"},

		
		
		
		
		
		{ "predicate": {"damaged": 1, "damage": 0, "blocking": 0}, "model": "item/shield"},
		{ "predicate": {"damaged": 1, "damage": 0, "blocking": 1}, "model": "item/shield_blocking"}
	],
	"display": {
        "thirdperson_righthand": {
            "rotation": [ 0, 90, 0 ],
            "translation": [ 10.51, 6, -4 ],
            "scale": [ 1, 1, 1 ]
        },
        "thirdperson_lefthand": {
            "rotation": [ 0, 90, 0 ],
            "translation": [ 10.51, 6, 12 ],
            "scale": [ 1, 1, 1 ]
        },
        "firstperson_righthand": {
            "rotation": [ 0, 180, 5 ],
            "translation": [ -10, 2, -10 ],
            "scale": [ 1.25, 1.25, 1.25 ]
        },
        "firstperson_lefthand": {
            "rotation": [ 0, 180, 5 ],
            "translation": [ 10, 0, -10 ],
            "scale": [ 1.25, 1.25, 1.25 ]
        },
        "gui": {
            "rotation": [ 15, -25, -5 ],
            "translation": [ 2, 3, 0 ],
            "scale": [ 0.65, 0.65, 0.65 ]
        },
        "fixed": {
            "rotation": [ 0, 180, 0 ],
            "translation": [ -2, 4, -5],
            "scale":[ 0.5, 0.5, 0.5]
        },
        "ground": {
            "rotation": [ 0, 0, 0 ],
            "translation": [ 4, 4, 2],
            "scale":[ 0.25, 0.25, 0.25]
        }
    }
}
