{
    "parent": "item/handheld",
    "textures": {
        "layer0": "items/wood_sword"
    },
	"overrides": [
		{ "predicate": { "damaged": 1, "damage": 0.05}, "model": "item/ws1"},
		{ "predicate": { "damaged": 1, "damage": 0.15}, "model": "item/ws2"},	
		{ "predicate": { "damaged": 1, "damage": 0.25}, "model": "item/ws3"},
		{ "predicate": { "damaged": 1, "damage": 0.35}, "model": "item/ws4"},
		{ "predicate": { "damaged": 1, "damage": 0.45}, "model": "item/ws5"},
		{ "predicate": { "damaged": 1, "damage": 0.55}, "model": "item/ws6"},
		{ "predicate": { "damaged": 1, "damage": 0.65}, "model": "item/ws7"},
		{ "predicate": { "damaged": 1, "damage": 0.75}, "model": "item/ws8"},
		{ "predicate": { "damaged": 1, "damage": 0.85}, "model": "item/ws9"},
		{ "predicate": { "damaged": 1, "damage": 0.95}, "model": "item/ws10"}	
	]
}