{
"__comment": "Designed by S9855027 with BDcraft Cubik PRO 0.96 Beta - http://bdcraft.net",
"textures": {
    "sides_1": "blocks/grass_sides_1",
    "sides_2": "blocks/grass_sides_2",
    "particle": "blocks/dirt",
    "dirt": "blocks/dirt",
    "side": "blocks/grass_side3",
    "grass": "blocks/grass_top1",
    "stone": "blocks/stone"
},
"elements": [ 
	{
		"__comment": "Grass side north",
		"from": [0,6,-1.65685],
		"to": [16,12,-1.65685],
		"rotation": { "origin": [ 8, 8, 8 ], "axis": "x", "angle": 22.5, "rescale": true },
		"shade": false,
		"faces": {
			"north":{"uv":	[16,0,0,6],"texture":"#sides_1","cullface":"north","tintindex":0},
			"south":{"uv":	[0,0,16,6],"texture":"#sides_1","cullface":"north","tintindex":0}
        }
    },
	{
		"__comment": "Grass side east",
		"from": [17.65685,6,0],
		"to": [17.65685,12,16],
		"rotation": { "origin": [ 8, 8, 8 ], "axis": "z", "angle": 22.5, "rescale": true },
		"shade": false,
		"faces": {
			"west":{"uv":	[0,0,16,6],"texture":"#sides_2","cullface":"east","tintindex":0},
			"east":{"uv":	[16,0,0,6],"texture":"#sides_2","cullface":"east","tintindex":0}
        }
    },
	{
		"__comment": "Grass side south",
		"from": [0,6,17.65685],
		"to": [16,12,17.65685],
		"rotation": { "origin": [ 8, 8, 8 ], "axis": "x", "angle": -22.5, "rescale": true },
		"shade": false,
		"faces": {
			"north":{"uv":	[0,8,16,14],"texture":"#sides_1","cullface":"south","tintindex":0},
			"south":{"uv":	[16,8,0,14],"texture":"#sides_1","cullface":"south","tintindex":0}
        }
    },
	{
		"__comment": "Grass side west",
		"from": [-1.65685,6,0],
		"to": [-1.65685,12,16],
		"rotation": { "origin": [ 8, 8, 8 ], "axis": "z", "angle": -22.5, "rescale": true },
		"shade": false,
		"faces": {
			"west":{"uv":	[16,8,0,14],"texture":"#sides_2","cullface":"west","tintindex":0},
			"east":{"uv":	[0,8,16,14],"texture":"#sides_2","cullface":"west","tintindex":0}
        }
    },
{
    "from": [ 0, 0, 0 ],
    "to": [ 16, 16, 16 ],
    "faces": {
			"down":{"uv":	[0,0,16,16],"texture":"#dirt","cullface":"down"},
			"up":{"uv":	[0,0,16,16],"texture":"#grass","cullface":"up","tintindex":0},
			"north":{"uv":	[0,0,16,16],"texture":"#side","cullface":"north"},
			"south":{"uv":	[0,0,16,16],"texture":"#side","cullface":"south"},
			"west":{"uv":	[0,0,16,16],"texture":"#side","cullface":"west"},
			"east":{"uv":	[0,0,16,16],"texture":"#side","cullface":"east"}
    }
},
{
    "from": [ 3, 16, 1.5 ],
    "to": [ 5, 17, 3.5 ],
    "faces": {
        "up":    { "uv": [ 3, 1.5, 5, 3.5 ], "texture": "#stone" },
        "north": { "uv": [ 11, 0, 13, 0 ], "texture": "#stone" },
        "south": { "uv": [ 3, 0, 5, 0 ], "texture": "#stone" },
        "west":  { "uv": [ 1.5, 0, 3.5, 0 ], "texture": "#stone" },
        "east":  { "uv": [ 12.5, 0, 14.5, 0 ], "texture": "#stone" }
    }
}
]
}