{
"__comment": "Designed by S9855027 with BDcraft Cubik PRO 0.96 Beta - http://bdcraft.net",
"textures": {
    "sides_1": "blocks/grass_sides_1",
    "sides_2": "blocks/grass_sides_2",
    "particle": "blocks/dirt",
    "dirt": "blocks/dirt",
    "side": "blocks/grass_side2",
    "grass": "blocks/grass_top",
    "log_oak": "blocks/log_oak"
},
"elements": [ 
	{
		"__comment": "Grass side north",
		"from": [0,6,-1.65685],
		"to": [16,12,-1.65685],
		"rotation": { "origin": [ 8, 8, 8 ], "axis": "x", "angle": 22.5, "rescale": true },
		"shade": false,
		"faces": {
			"north":{"uv":	[16,0,0,6],"texture":"#sides_1","cullface":"north","tintindex":0},
			"south":{"uv":	[0,0,16,6],"texture":"#sides_1","cullface":"north","tintindex":0}
        }
    },
	{
		"__comment": "Grass side east",
		"from": [17.65685,6,0],
		"to": [17.65685,12,16],
		"rotation": { "origin": [ 8, 8, 8 ], "axis": "z", "angle": 22.5, "rescale": true },
		"shade": false,
		"faces": {
			"west":{"uv":	[0,0,16,6],"texture":"#sides_2","cullface":"east","tintindex":0},
			"east":{"uv":	[16,0,0,6],"texture":"#sides_2","cullface":"east","tintindex":0}
        }
    },
	{
		"__comment": "Grass side south",
		"from": [0,6,17.65685],
		"to": [16,12,17.65685],
		"rotation": { "origin": [ 8, 8, 8 ], "axis": "x", "angle": -22.5, "rescale": true },
		"shade": false,
		"faces": {
			"north":{"uv":	[0,8,16,14],"texture":"#sides_1","cullface":"south","tintindex":0},
			"south":{"uv":	[16,8,0,14],"texture":"#sides_1","cullface":"south","tintindex":0}
        }
    },
	{
		"__comment": "Grass side west",
		"from": [-1.65685,6,0],
		"to": [-1.65685,12,16],
		"rotation": { "origin": [ 8, 8, 8 ], "axis": "z", "angle": -22.5, "rescale": true },
		"shade": false,
		"faces": {
			"west":{"uv":	[16,8,0,14],"texture":"#sides_2","cullface":"west","tintindex":0},
			"east":{"uv":	[0,8,16,14],"texture":"#sides_2","cullface":"west","tintindex":0}
        }
    },
{
    "from": [ 0, 0, 0 ],
    "to": [ 16, 16, 16 ],
    "faces": {
			"down":{"uv":	[0,0,16,16],"texture":"#dirt","cullface":"down"},
			"up":{"uv":	[0,0,16,16],"texture":"#grass","cullface":"up","tintindex":0},
			"north":{"uv":	[0,0,16,16],"texture":"#side","cullface":"north"},
			"south":{"uv":	[0,0,16,16],"texture":"#side","cullface":"south"},
			"west":{"uv":	[0,0,16,16],"texture":"#side","cullface":"west"},
			"east":{"uv":	[0,0,16,16],"texture":"#side","cullface":"east"}
    }
},
{
    "from": [ 2.5, 16, 7.5 ],
    "to": [ 15, 18, 9 ],
    "rotation": { "origin": [ 2.5, 16, 7.5 ], "axis": "y", "angle": 22.5 },
    "faces": {
        "up":    { "uv": [ 2.5, 7.5, 15, 9 ], "texture": "#log_oak" },
        "north": { "uv": [ 1, 0, 13.5, 0 ], "texture": "#log_oak" },
        "south": { "uv": [ 2.5, 0, 15, 0 ], "texture": "#log_oak" },
        "west":  { "uv": [ 7.5, 0, 9, 0 ], "texture": "#log_oak" },
        "east":  { "uv": [ 7, 0, 8.5, 0 ], "texture": "#log_oak" }
    }
},
{
    "from": [ 2.5, 16, 3 ],
    "to": [ 8.5, 17, 4 ],
    "rotation": { "origin": [ 2.5, 16, 3 ], "axis": "y", "angle": -22.5 },
    "faces": {
        "up":    { "uv": [ 2.5, 3, 8.5, 4 ], "texture": "#log_oak" },
        "north": { "uv": [ 7.5, 0, 13.5, 0 ], "texture": "#log_oak" },
        "south": { "uv": [ 2.5, 0, 8.5, 0 ], "texture": "#log_oak" },
        "west":  { "uv": [ 3, 0, 4, 0 ], "texture": "#log_oak" },
        "east":  { "uv": [ 12, 0, 13, 0 ], "texture": "#log_oak" }
    }
},
{
    "from": [ 5.5, 16.5, 7.5 ],
    "to": [ 6.5, 17.5, 10.5 ],
    "faces": {
        "up":    { "uv": [ 7.5, 6.5, 8.5, 9.5 ], "texture": "#log_oak" },
        "north": { "uv": [ 7.5, 0, 8.5, 0 ], "texture": "#log_oak" },
        "south": { "uv": [ 7.5, 0, 8.5, 0 ], "texture": "#log_oak" },
        "west":  { "uv": [ 6.5, 0, 9.5, 0 ], "texture": "#log_oak" },
        "east":  { "uv": [ 6.5, 0, 9.5, 0 ], "texture": "#log_oak" }
    }
}
]
}