{
"__comment": "Designed by FirecatHD",
"textures": {
    "texture": "items/wynn/weapons/bow/thunder_bow_all",
    "thunderbolt": "items/wynn/weapons/bow/thunderbolt",
    "thunderbolt_string": "items/wynn/weapons/bow/thunderbolt_string"
},
"elements": [ 
{
    "from": [ 7, 7.75, 7.25 ],
    "to": [ 7.25, 8.25, 7.5 ],
    "faces": {
        "down":  { "uv": [ 8.25, 6.5, 9.25, 7.5 ], "texture": "#texture" },
        "up":    { "uv": [ 8.25, 6.5, 9.25, 7.5 ], "texture": "#texture" },
        "north": { "uv": [ 8.25, 5.5, 9.25, 8 ], "texture": "#texture" },
        "south": { "uv": [ 8.25, 5.5, 9.25, 8 ], "texture": "#texture" },
        "west":  { "uv": [ 7.75, 6, 8.75, 8.5 ], "texture": "#texture" },
        "east":  { "uv": [ 7.75, 6, 8.75, 8.5 ], "texture": "#texture" }
    }
},
{
    "from": [ 6.75, 8.25, 7 ],
    "to": [ 7.5, 9.75, 7.75 ],
    "faces": {
        "down":  { "uv": [ 9, 13.5, 11, 15.5 ], "texture": "#texture" },
        "up":    { "uv": [ 9, 13.5, 11, 15.5 ], "texture": "#texture" },
        "north": { "uv": [ 5.5, 13.5, 7, 16 ], "texture": "#texture" },
        "south": { "uv": [ 5.5, 13.5, 7, 16 ], "texture": "#texture" },
        "west":  { "uv": [ 7.5, 13.5, 9, 16 ], "texture": "#texture" },
        "east":  { "uv": [ 7.5, 13.5, 9, 16 ], "texture": "#texture" }
    }
},
{
    "from": [ 6.875, 9.25, 7.125 ],
    "to": [ 7.375, 10.25, 7.625 ],
    "faces": {
        "down":  { "uv": [ 8.5, 2.5, 9.5, 3.5 ], "texture": "#texture" },
        "up":    { "uv": [ 8.5, 2.5, 9.5, 3.5 ], "texture": "#texture" },
        "north": { "uv": [ 8, 1.5, 9, 4 ], "texture": "#texture" },
        "south": { "uv": [ 8, 1.5, 9, 4 ], "texture": "#texture" },
        "west":  { "uv": [ 8.5, 2, 9.5, 4.5 ], "texture": "#texture" },
        "east":  { "uv": [ 8.5, 2, 9.5, 4.5 ], "texture": "#texture" }
    }
},
{
    "from": [ 6.75, 6.25, 7 ],
    "to": [ 7.5, 7.75, 7.75 ],
    "faces": {
        "down":  { "uv": [ 9, 13.5, 11, 15.5 ], "texture": "#texture" },
        "up":    { "uv": [ 9, 13.5, 11, 15.5 ], "texture": "#texture" },
        "north": { "uv": [ 5.5, 13.5, 7, 16 ], "texture": "#texture" },
        "south": { "uv": [ 5.5, 13.5, 7, 16 ], "texture": "#texture" },
        "west":  { "uv": [ 7.5, 13.5, 9, 16 ], "texture": "#texture" },
        "east":  { "uv": [ 7.5, 13.5, 9, 16 ], "texture": "#texture" }
    }
},
{
    "from": [ 6.875, 5.75, 7.125 ],
    "to": [ 7.375, 6.75, 7.625 ],
    "faces": {
        "down":  { "uv": [ 8.5, 2.5, 9.5, 3.5 ], "texture": "#texture" },
        "up":    { "uv": [ 8.5, 2.5, 9.5, 3.5 ], "texture": "#texture" },
        "north": { "uv": [ 8, 1.5, 9, 4 ], "texture": "#texture" },
        "south": { "uv": [ 8, 1.5, 9, 4 ], "texture": "#texture" },
        "west":  { "uv": [ 8.5, 2, 9.5, 4.5 ], "texture": "#texture" },
        "east":  { "uv": [ 8.5, 2, 9.5, 4.5 ], "texture": "#texture" }
    }
},
{
    "from": [ 6.53125, 9.96875, 7.125 ],
    "to": [ 7.03125, 10.9688, 7.625 ],
    "rotation": { "origin": [ 6.53125, 10.9688, 7.125 ], "axis": "z", "angle": 22.5 },
    "faces": {
        "down":  { "uv": [ 8.5, 2.5, 9.5, 3.5 ], "texture": "#texture" },
        "up":    { "uv": [ 8.5, 2.5, 9.5, 3.5 ], "texture": "#texture" },
        "north": { "uv": [ 8, 1.5, 9, 4 ], "texture": "#texture" },
        "south": { "uv": [ 8, 1.5, 9, 4 ], "texture": "#texture" },
        "west":  { "uv": [ 8.5, 2, 9.5, 4.5 ], "texture": "#texture" },
        "east":  { "uv": [ 8.5, 2, 9.5, 4.5 ], "texture": "#texture" }
    }
},
{
    "from": [ 5.9375, 10.5, 7.125 ],
    "to": [ 6.4375, 11.5, 7.625 ],
    "rotation": { "origin": [ 5.9375, 11.5, 7.125 ], "axis": "z", "angle": 45 },
    "faces": {
        "down":  { "uv": [ 8.5, 2.5, 9.5, 3.5 ], "texture": "#texture" },
        "up":    { "uv": [ 8.5, 2.5, 9.5, 3.5 ], "texture": "#texture" },
        "north": { "uv": [ 8, 1.5, 9, 4 ], "texture": "#texture" },
        "south": { "uv": [ 8, 1.5, 9, 4 ], "texture": "#texture" },
        "west":  { "uv": [ 8.5, 2, 9.5, 4.5 ], "texture": "#texture" },
        "east":  { "uv": [ 8.5, 2, 9.5, 4.5 ], "texture": "#texture" }
    }
},
{
    "from": [ 6.90625, 4.9375, 7.125 ],
    "to": [ 7.40625, 5.9375, 7.625 ],
    "rotation": { "origin": [ 6.90625, 5.9375, 7.125 ], "axis": "z", "angle": -22.5 },
    "faces": {
        "down":  { "uv": [ 8.5, 2.5, 9.5, 3.5 ], "texture": "#texture" },
        "up":    { "uv": [ 8.5, 2.5, 9.5, 3.5 ], "texture": "#texture" },
        "north": { "uv": [ 8, 1.5, 9, 4 ], "texture": "#texture" },
        "south": { "uv": [ 8, 1.5, 9, 4 ], "texture": "#texture" },
        "west":  { "uv": [ 8.5, 2, 9.5, 4.5 ], "texture": "#texture" },
        "east":  { "uv": [ 8.5, 2, 9.5, 4.5 ], "texture": "#texture" }
    }
},
{
    "from": [ 6.625, 4.1875, 7.125 ],
    "to": [ 7.125, 5.1875, 7.625 ],
    "rotation": { "origin": [ 6.625, 5.1875, 7.125 ], "axis": "z", "angle": -45 },
    "faces": {
        "down":  { "uv": [ 8.5, 2.5, 9.5, 3.5 ], "texture": "#texture" },
        "up":    { "uv": [ 8.5, 2.5, 9.5, 3.5 ], "texture": "#texture" },
        "north": { "uv": [ 8, 1.5, 9, 4 ], "texture": "#texture" },
        "south": { "uv": [ 8, 1.5, 9, 4 ], "texture": "#texture" },
        "west":  { "uv": [ 8.5, 2, 9.5, 4.5 ], "texture": "#texture" },
        "east":  { "uv": [ 8.5, 2, 9.5, 4.5 ], "texture": "#texture" }
    }
},
{
    "from": [ 5.9375, 11.4375, 7.125 ],
    "to": [ 6.4375, 12.4375, 7.625 ],
    "rotation": { "origin": [ 5.9375, 12.4375, 7.125 ], "axis": "z", "angle": 45 },
    "faces": {
        "down":  { "uv": [ 7, 6, 9, 8 ], "texture": "#texture" },
        "up":    { "uv": [ 7, 6, 9, 8 ], "texture": "#texture" },
        "north": { "uv": [ 9.5, 5, 11, 8 ], "texture": "#texture" },
        "south": { "uv": [ 9.5, 5, 11, 8 ], "texture": "#texture" },
        "west":  { "uv": [ 4, 6.5, 5.5, 9 ], "texture": "#texture" },
        "east":  { "uv": [ 4, 6.5, 5.5, 9 ], "texture": "#texture" }
    }
},
{
    "from": [ 6.5, 12, 7.125 ],
    "to": [ 7, 13, 7.625 ],
    "rotation": { "origin": [ 6.5, 13, 7.125 ], "axis": "z", "angle": 45 },
    "faces": {
        "down":  { "uv": [ 7, 6, 9, 8 ], "texture": "#texture" },
        "up":    { "uv": [ 7, 6, 9, 8 ], "texture": "#texture" },
        "north": { "uv": [ 9.5, 5, 11, 8 ], "texture": "#texture" },
        "south": { "uv": [ 9.5, 5, 11, 8 ], "texture": "#texture" },
        "west":  { "uv": [ 4, 6.5, 5.5, 9 ], "texture": "#texture" },
        "east":  { "uv": [ 4, 6.5, 5.5, 9 ], "texture": "#texture" }
    }
},
{
    "from": [ 7, 12.5, 7.125 ],
    "to": [ 7.5, 13.5, 7.625 ],
    "rotation": { "origin": [ 7, 13.5, 7.125 ], "axis": "z", "angle": 45 },
    "faces": {
        "down":  { "uv": [ 7, 6, 9, 8 ], "texture": "#texture" },
        "up":    { "uv": [ 7, 6, 9, 8 ], "texture": "#texture" },
        "north": { "uv": [ 9.5, 5, 11, 8 ], "texture": "#texture" },
        "south": { "uv": [ 9.5, 5, 11, 8 ], "texture": "#texture" },
        "west":  { "uv": [ 4, 6.5, 5.5, 9 ], "texture": "#texture" },
        "east":  { "uv": [ 4, 6.5, 5.5, 9 ], "texture": "#texture" }
    }
},
{
    "from": [ 7.5, 13, 7.125 ],
    "to": [ 8, 14, 7.625 ],
    "rotation": { "origin": [ 7.5, 14, 7.125 ], "axis": "z", "angle": 45 },
    "faces": {
        "down":  { "uv": [ 7, 6, 9, 8 ], "texture": "#texture" },
        "up":    { "uv": [ 7, 6, 9, 8 ], "texture": "#texture" },
        "north": { "uv": [ 9.5, 5, 11, 8 ], "texture": "#texture" },
        "south": { "uv": [ 9.5, 5, 11, 8 ], "texture": "#texture" },
        "west":  { "uv": [ 4, 6.5, 5.5, 9 ], "texture": "#texture" },
        "east":  { "uv": [ 4, 6.5, 5.5, 9 ], "texture": "#texture" }
    }
},
{
    "from": [ 8, 13.5, 7.125 ],
    "to": [ 8.5, 14.5, 7.625 ],
    "rotation": { "origin": [ 8, 14.5, 7.125 ], "axis": "z", "angle": 45 },
    "faces": {
        "down":  { "uv": [ 7, 6, 9, 8 ], "texture": "#texture" },
        "up":    { "uv": [ 7, 6, 9, 8 ], "texture": "#texture" },
        "north": { "uv": [ 9.5, 5, 11, 8 ], "texture": "#texture" },
        "south": { "uv": [ 9.5, 5, 11, 8 ], "texture": "#texture" },
        "west":  { "uv": [ 4, 6.5, 5.5, 9 ], "texture": "#texture" },
        "east":  { "uv": [ 4, 6.5, 5.5, 9 ], "texture": "#texture" }
    }
},
{
    "from": [ 8.5, 14, 7.125 ],
    "to": [ 9, 15, 7.625 ],
    "rotation": { "origin": [ 8.5, 15, 7.125 ], "axis": "z", "angle": 45 },
    "faces": {
        "down":  { "uv": [ 7, 6, 9, 8 ], "texture": "#texture" },
        "up":    { "uv": [ 7, 6, 9, 8 ], "texture": "#texture" },
        "north": { "uv": [ 9.5, 5, 11, 8 ], "texture": "#texture" },
        "south": { "uv": [ 9.5, 5, 11, 8 ], "texture": "#texture" },
        "west":  { "uv": [ 4, 6.5, 5.5, 9 ], "texture": "#texture" },
        "east":  { "uv": [ 4, 6.5, 5.5, 9 ], "texture": "#texture" }
    }
},
{
    "from": [ 9, 14.5, 7.125 ],
    "to": [ 9.5, 15.5, 7.625 ],
    "rotation": { "origin": [ 9, 15.5, 7.125 ], "axis": "z", "angle": 45 },
    "faces": {
        "down":  { "uv": [ 7, 6, 9, 8 ], "texture": "#texture" },
        "up":    { "uv": [ 7, 6, 9, 8 ], "texture": "#texture" },
        "north": { "uv": [ 9.5, 5, 11, 8 ], "texture": "#texture" },
        "south": { "uv": [ 9.5, 5, 11, 8 ], "texture": "#texture" },
        "west":  { "uv": [ 4, 6.5, 5.5, 9 ], "texture": "#texture" },
        "east":  { "uv": [ 4, 6.5, 5.5, 9 ], "texture": "#texture" }
    }
},
{
    "from": [ 9.375, 15.375, 7.125 ],
    "to": [ 10.875, 15.875, 7.625 ],
    "faces": {
        "down":  { "uv": [ 7, 6, 9, 8 ], "texture": "#texture" },
        "up":    { "uv": [ 7, 6, 9, 8 ], "texture": "#texture" },
        "north": { "uv": [ 9.5, 5, 11, 8 ], "texture": "#texture" },
        "south": { "uv": [ 9.5, 5, 11, 8 ], "texture": "#texture" },
        "west":  { "uv": [ 4, 6.5, 5.5, 9 ], "texture": "#texture" },
        "east":  { "uv": [ 4, 6.5, 5.5, 9 ], "texture": "#texture" }
    }
},
{
    "from": [ 9.5625, 15, 7.125 ],
    "to": [ 10.875, 15.5, 7.625 ],
    "faces": {
        "down":  { "uv": [ 7, 6, 9, 8 ], "texture": "#texture" },
        "up":    { "uv": [ 7, 6, 9, 8 ], "texture": "#texture" },
        "north": { "uv": [ 9.5, 5, 11, 8 ], "texture": "#texture" },
        "south": { "uv": [ 9.5, 5, 11, 8 ], "texture": "#texture" },
        "west":  { "uv": [ 4, 6.5, 5.5, 9 ], "texture": "#texture" },
        "east":  { "uv": [ 4, 6.5, 5.5, 9 ], "texture": "#texture" }
    }
},
{
    "from": [ 9.5625, 0.6875, 7.125 ],
    "to": [ 10.875, 1.1875, 7.625 ],
    "faces": {
        "down":  { "uv": [ 7, 6, 9, 8 ], "texture": "#texture" },
        "up":    { "uv": [ 7, 6, 9, 8 ], "texture": "#texture" },
        "north": { "uv": [ 9.5, 5, 11, 8 ], "texture": "#texture" },
        "south": { "uv": [ 9.5, 5, 11, 8 ], "texture": "#texture" },
        "west":  { "uv": [ 4, 6.5, 5.5, 9 ], "texture": "#texture" },
        "east":  { "uv": [ 4, 6.5, 5.5, 9 ], "texture": "#texture" }
    }
},
{
    "from": [ 9.375, 0.3125, 7.125 ],
    "to": [ 10.875, 0.8125, 7.625 ],
    "faces": {
        "down":  { "uv": [ 7, 6, 9, 8 ], "texture": "#texture" },
        "up":    { "uv": [ 7, 6, 9, 8 ], "texture": "#texture" },
        "north": { "uv": [ 9.5, 5, 11, 8 ], "texture": "#texture" },
        "south": { "uv": [ 9.5, 5, 11, 8 ], "texture": "#texture" },
        "west":  { "uv": [ 4, 6.5, 5.5, 9 ], "texture": "#texture" },
        "east":  { "uv": [ 4, 6.5, 5.5, 9 ], "texture": "#texture" }
    }
},
{
    "from": [ 6.75, 3.375, 7.125 ],
    "to": [ 7.25, 4.375, 7.625 ],
    "rotation": { "origin": [ 6.75, 4.375, 7.125 ], "axis": "z", "angle": -45 },
    "faces": {
        "down":  { "uv": [ 7, 6, 9, 8 ], "texture": "#texture" },
        "up":    { "uv": [ 7, 6, 9, 8 ], "texture": "#texture" },
        "north": { "uv": [ 9.5, 5, 11, 8 ], "texture": "#texture" },
        "south": { "uv": [ 9.5, 5, 11, 8 ], "texture": "#texture" },
        "west":  { "uv": [ 4, 6.5, 5.5, 9 ], "texture": "#texture" },
        "east":  { "uv": [ 4, 6.5, 5.5, 9 ], "texture": "#texture" }
    }
},
{
    "from": [ 7.25, 2.875, 7.125 ],
    "to": [ 7.75, 3.875, 7.625 ],
    "rotation": { "origin": [ 7.25, 3.875, 7.125 ], "axis": "z", "angle": -45 },
    "faces": {
        "down":  { "uv": [ 7, 6, 9, 8 ], "texture": "#texture" },
        "up":    { "uv": [ 7, 6, 9, 8 ], "texture": "#texture" },
        "north": { "uv": [ 9.5, 5, 11, 8 ], "texture": "#texture" },
        "south": { "uv": [ 9.5, 5, 11, 8 ], "texture": "#texture" },
        "west":  { "uv": [ 4, 6.5, 5.5, 9 ], "texture": "#texture" },
        "east":  { "uv": [ 4, 6.5, 5.5, 9 ], "texture": "#texture" }
    }
},
{
    "from": [ 7.75, 2.375, 7.125 ],
    "to": [ 8.25, 3.375, 7.625 ],
    "rotation": { "origin": [ 7.75, 3.375, 7.125 ], "axis": "z", "angle": -45 },
    "faces": {
        "down":  { "uv": [ 7, 6, 9, 8 ], "texture": "#texture" },
        "up":    { "uv": [ 7, 6, 9, 8 ], "texture": "#texture" },
        "north": { "uv": [ 9.5, 5, 11, 8 ], "texture": "#texture" },
        "south": { "uv": [ 9.5, 5, 11, 8 ], "texture": "#texture" },
        "west":  { "uv": [ 4, 6.5, 5.5, 9 ], "texture": "#texture" },
        "east":  { "uv": [ 4, 6.5, 5.5, 9 ], "texture": "#texture" }
    }
},
{
    "from": [ 8.25, 1.875, 7.125 ],
    "to": [ 8.75, 2.875, 7.625 ],
    "rotation": { "origin": [ 8.25, 2.875, 7.125 ], "axis": "z", "angle": -45 },
    "faces": {
        "down":  { "uv": [ 7, 6, 9, 8 ], "texture": "#texture" },
        "up":    { "uv": [ 7, 6, 9, 8 ], "texture": "#texture" },
        "north": { "uv": [ 9.5, 5, 11, 8 ], "texture": "#texture" },
        "south": { "uv": [ 9.5, 5, 11, 8 ], "texture": "#texture" },
        "west":  { "uv": [ 4, 6.5, 5.5, 9 ], "texture": "#texture" },
        "east":  { "uv": [ 4, 6.5, 5.5, 9 ], "texture": "#texture" }
    }
},
{
    "from": [ 8.75, 1.375, 7.125 ],
    "to": [ 9.25, 2.375, 7.625 ],
    "rotation": { "origin": [ 8.75, 2.375, 7.125 ], "axis": "z", "angle": -45 },
    "faces": {
        "down":  { "uv": [ 7, 6, 9, 8 ], "texture": "#texture" },
        "up":    { "uv": [ 7, 6, 9, 8 ], "texture": "#texture" },
        "north": { "uv": [ 9.5, 5, 11, 8 ], "texture": "#texture" },
        "south": { "uv": [ 9.5, 5, 11, 8 ], "texture": "#texture" },
        "west":  { "uv": [ 4, 6.5, 5.5, 9 ], "texture": "#texture" },
        "east":  { "uv": [ 4, 6.5, 5.5, 9 ], "texture": "#texture" }
    }
},
{
    "from": [ 9.25, 0.875, 7.125 ],
    "to": [ 9.75, 1.875, 7.625 ],
    "rotation": { "origin": [ 9.25, 1.875, 7.125 ], "axis": "z", "angle": -45 },
    "faces": {
        "down":  { "uv": [ 7, 6, 9, 8 ], "texture": "#texture" },
        "up":    { "uv": [ 7, 6, 9, 8 ], "texture": "#texture" },
        "north": { "uv": [ 9.5, 5, 11, 8 ], "texture": "#texture" },
        "south": { "uv": [ 9.5, 5, 11, 8 ], "texture": "#texture" },
        "west":  { "uv": [ 4, 6.5, 5.5, 9 ], "texture": "#texture" },
        "east":  { "uv": [ 4, 6.5, 5.5, 9 ], "texture": "#texture" }
    }
},
{
    "from": [ 9.75, 0.375, 7.125 ],
    "to": [ 10.25, 1.375, 7.625 ],
    "rotation": { "origin": [ 9.75, 1.375, 7.125 ], "axis": "z", "angle": -45 },
    "faces": {
        "down":  { "uv": [ 7, 6, 9, 8 ], "texture": "#texture" },
        "up":    { "uv": [ 7, 6, 9, 8 ], "texture": "#texture" },
        "north": { "uv": [ 9.5, 5, 11, 8 ], "texture": "#texture" },
        "south": { "uv": [ 9.5, 5, 11, 8 ], "texture": "#texture" },
        "west":  { "uv": [ 4, 6.5, 5.5, 9 ], "texture": "#texture" },
        "east":  { "uv": [ 4, 6.5, 5.5, 9 ], "texture": "#texture" }
    }
},
{
    "from": [ 10.5, 15, 6.875 ],
    "to": [ 11.5, 16, 7.875 ],
    "faces": {
        "down":  { "uv": [ 8.5, 2.5, 9.5, 3.5 ], "texture": "#texture" },
        "up":    { "uv": [ 8.5, 2.5, 9.5, 3.5 ], "texture": "#texture" },
        "north": { "uv": [ 8, 1.5, 9, 4 ], "texture": "#texture" },
        "south": { "uv": [ 8, 1.5, 9, 4 ], "texture": "#texture" },
        "west":  { "uv": [ 8.5, 2, 9.5, 4.5 ], "texture": "#texture" },
        "east":  { "uv": [ 8.5, 2, 9.5, 4.5 ], "texture": "#texture" }
    }
},
{
    "from": [ 10.5, 0.125, 6.875 ],
    "to": [ 11.5, 1.25, 7.875 ],
    "faces": {
        "down":  { "uv": [ 8.5, 2.5, 9.5, 3.5 ], "texture": "#texture" },
        "up":    { "uv": [ 8.5, 2.5, 9.5, 3.5 ], "texture": "#texture" },
        "north": { "uv": [ 8, 1.5, 9, 4 ], "texture": "#texture" },
        "south": { "uv": [ 8, 1.5, 9, 4 ], "texture": "#texture" },
        "west":  { "uv": [ 8.5, 2, 9.5, 4.5 ], "texture": "#texture" },
        "east":  { "uv": [ 8.5, 2, 9.5, 4.5 ], "texture": "#texture" }
    }
},
{
    "from": [ 9.5, 10.5, 7.375 ],
    "to": [ 12, 15, 7.4375 ],
    "faces": {
        "down":  { "uv": [ 8.5, 0, 9, 0.5 ], "texture": "#thunderbolt_string" },
        "up":    { "uv": [ 8.5, 0, 9, 0.5 ], "texture": "#thunderbolt_string" },
        "north": { "uv": [ 0, 1.5, 16, 13.5 ], "rotation": 90, "texture": "#thunderbolt_string" },
        "south": { "uv": [ 0, 1.5, 16, 13.5 ], "rotation": 90, "texture": "#thunderbolt_string" },
        "west":  { "uv": [ 11.5, 0, 11.5, 0 ], "texture": "#thunderbolt_string" },
        "east":  { "uv": [ 11.5, 0, 11.5, 0 ], "texture": "#thunderbolt_string" }
    }
},
{
    "from": [ 10.5, 15.5, 6.875 ],
    "to": [ 11.5, 16.5, 7.875 ],
    "rotation": { "origin": [ 10.5, 16.5, 6.875 ], "axis": "z", "angle": 45 },
    "faces": {
        "down":  { "uv": [ 8.5, 2.5, 9.5, 3.5 ], "texture": "#texture" },
        "up":    { "uv": [ 8.5, 2.5, 9.5, 3.5 ], "texture": "#texture" },
        "north": { "uv": [ 8, 1.5, 9, 4 ], "texture": "#texture" },
        "south": { "uv": [ 8, 1.5, 9, 4 ], "texture": "#texture" },
        "west":  { "uv": [ 8.5, 2, 9.5, 4.5 ], "texture": "#texture" },
        "east":  { "uv": [ 8.5, 2, 9.5, 4.5 ], "texture": "#texture" }
    }
},
{
    "from": [ 11.1875, 16.6875, 6.875 ],
    "to": [ 12.1875, 17.1875, 7.875 ],
    "faces": {
        "down":  { "uv": [ 8.5, 2.5, 9.5, 3.5 ], "texture": "#texture" },
        "up":    { "uv": [ 8.5, 2.5, 9.5, 3.5 ], "texture": "#texture" },
        "north": { "uv": [ 8, 1.5, 9, 4 ], "texture": "#texture" },
        "south": { "uv": [ 8, 1.5, 9, 4 ], "texture": "#texture" },
        "west":  { "uv": [ 8.5, 2, 9.5, 4.5 ], "texture": "#texture" },
        "east":  { "uv": [ 8.5, 2, 9.5, 4.5 ], "texture": "#texture" }
    }
},
{
    "from": [ 11.0625, 15.8125, 6.875 ],
    "to": [ 12.0625, 16.3125, 7.875 ],
    "rotation": { "origin": [ 11.0625, 16.3125, 6.875 ], "axis": "z", "angle": 45 },
    "faces": {
        "down":  { "uv": [ 8.5, 2.5, 9.5, 3.5 ], "texture": "#texture" },
        "up":    { "uv": [ 8.5, 2.5, 9.5, 3.5 ], "texture": "#texture" },
        "north": { "uv": [ 8, 1.5, 9, 4 ], "texture": "#texture" },
        "south": { "uv": [ 8, 1.5, 9, 4 ], "texture": "#texture" },
        "west":  { "uv": [ 8.5, 2, 9.5, 4.5 ], "texture": "#texture" },
        "east":  { "uv": [ 8.5, 2, 9.5, 4.5 ], "texture": "#texture" }
    }
},
{
    "from": [ 10.5, 15.5, 6.875 ],
    "to": [ 11.5, 16.5, 7.875 ],
    "rotation": { "origin": [ 10.5, 16.5, 6.875 ], "axis": "z", "angle": -45 },
    "faces": {
        "down":  { "uv": [ 8.5, 2.5, 9.5, 3.5 ], "texture": "#texture" },
        "up":    { "uv": [ 8.5, 2.5, 9.5, 3.5 ], "texture": "#texture" },
        "north": { "uv": [ 8, 1.5, 9, 4 ], "texture": "#texture" },
        "south": { "uv": [ 8, 1.5, 9, 4 ], "texture": "#texture" },
        "west":  { "uv": [ 8.5, 2, 9.5, 4.5 ], "texture": "#texture" },
        "east":  { "uv": [ 8.5, 2, 9.5, 4.5 ], "texture": "#texture" }
    }
},
{
    "from": [ 10.5, 14.125, 6.875 ],
    "to": [ 11.125, 15, 7.875 ],
    "faces": {
        "down":  { "uv": [ 8.5, 2.5, 9.5, 3.5 ], "texture": "#texture" },
        "up":    { "uv": [ 8.5, 2.5, 9.5, 3.5 ], "texture": "#texture" },
        "north": { "uv": [ 8, 1.5, 9, 4 ], "texture": "#texture" },
        "south": { "uv": [ 8, 1.5, 9, 4 ], "texture": "#texture" },
        "west":  { "uv": [ 8.5, 2, 9.5, 4.5 ], "texture": "#texture" },
        "east":  { "uv": [ 8.5, 2, 9.5, 4.5 ], "texture": "#texture" }
    }
},
{
    "from": [ 11, 14.25, 6.875 ],
    "to": [ 11.5625, 15.25, 7.875 ],
    "rotation": { "origin": [ 11, 15.25, 6.875 ], "axis": "z", "angle": -22.5 },
    "faces": {
        "down":  { "uv": [ 8.5, 2.5, 9.5, 3.5 ], "texture": "#texture" },
        "up":    { "uv": [ 8.5, 2.5, 9.5, 3.5 ], "texture": "#texture" },
        "north": { "uv": [ 8, 1.5, 9, 4 ], "texture": "#texture" },
        "south": { "uv": [ 8, 1.5, 9, 4 ], "texture": "#texture" },
        "west":  { "uv": [ 8.5, 2, 9.5, 4.5 ], "texture": "#texture" },
        "east":  { "uv": [ 8.5, 2, 9.5, 4.5 ], "texture": "#texture" }
    }
},
{
    "from": [ 10, -0.6875, 6.875 ],
    "to": [ 11, 0.3125, 7.875 ],
    "rotation": { "origin": [ 10, 0.3125, 6.875 ], "axis": "z", "angle": 45 },
    "faces": {
        "down":  { "uv": [ 8.5, 2.5, 9.5, 3.5 ], "texture": "#texture" },
        "up":    { "uv": [ 8.5, 2.5, 9.5, 3.5 ], "texture": "#texture" },
        "north": { "uv": [ 8, 1.5, 9, 4 ], "texture": "#texture" },
        "south": { "uv": [ 8, 1.5, 9, 4 ], "texture": "#texture" },
        "west":  { "uv": [ 8.5, 2, 9.5, 4.5 ], "texture": "#texture" },
        "east":  { "uv": [ 8.5, 2, 9.5, 4.5 ], "texture": "#texture" }
    }
},
{
    "from": [ 11.375, -0.6875, 6.875 ],
    "to": [ 12.375, 0.3125, 7.875 ],
    "rotation": { "origin": [ 11.375, 0.3125, 6.875 ], "axis": "z", "angle": -45 },
    "faces": {
        "down":  { "uv": [ 8.5, 2.5, 9.5, 3.5 ], "texture": "#texture" },
        "up":    { "uv": [ 8.5, 2.5, 9.5, 3.5 ], "texture": "#texture" },
        "north": { "uv": [ 8, 1.5, 9, 4 ], "texture": "#texture" },
        "south": { "uv": [ 8, 1.5, 9, 4 ], "texture": "#texture" },
        "west":  { "uv": [ 8.5, 2, 9.5, 4.5 ], "texture": "#texture" },
        "east":  { "uv": [ 8.5, 2, 9.5, 4.5 ], "texture": "#texture" }
    }
},
{
    "from": [ 10.5, 1.25, 6.875 ],
    "to": [ 11.125, 2.125, 7.875 ],
    "faces": {
        "down":  { "uv": [ 8.5, 2.5, 9.5, 3.5 ], "texture": "#texture" },
        "up":    { "uv": [ 8.5, 2.5, 9.5, 3.5 ], "texture": "#texture" },
        "north": { "uv": [ 8, 1.5, 9, 4 ], "texture": "#texture" },
        "south": { "uv": [ 8, 1.5, 9, 4 ], "texture": "#texture" },
        "west":  { "uv": [ 8.5, 2, 9.5, 4.5 ], "texture": "#texture" },
        "east":  { "uv": [ 8.5, 2, 9.5, 4.5 ], "texture": "#texture" }
    }
},
{
    "from": [ 10.625, 0.875, 6.875 ],
    "to": [ 11.1875, 1.875, 7.875 ],
    "rotation": { "origin": [ 10.625, 1.875, 6.875 ], "axis": "z", "angle": 22.5 },
    "faces": {
        "down":  { "uv": [ 8.5, 2.5, 9.5, 3.5 ], "texture": "#texture" },
        "up":    { "uv": [ 8.5, 2.5, 9.5, 3.5 ], "texture": "#texture" },
        "north": { "uv": [ 8, 1.5, 9, 4 ], "texture": "#texture" },
        "south": { "uv": [ 8, 1.5, 9, 4 ], "texture": "#texture" },
        "west":  { "uv": [ 8.5, 2, 9.5, 4.5 ], "texture": "#texture" },
        "east":  { "uv": [ 8.5, 2, 9.5, 4.5 ], "texture": "#texture" }
    }
},
{
    "from": [ 11.3125, -1.0625, 6.875 ],
    "to": [ 12.3125, -0.5625, 7.875 ],
    "faces": {
        "down":  { "uv": [ 8.5, 2.5, 9.5, 3.5 ], "texture": "#texture" },
        "up":    { "uv": [ 8.5, 2.5, 9.5, 3.5 ], "texture": "#texture" },
        "north": { "uv": [ 8, 1.5, 9, 4 ], "texture": "#texture" },
        "south": { "uv": [ 8, 1.5, 9, 4 ], "texture": "#texture" },
        "west":  { "uv": [ 8.5, 2, 9.5, 4.5 ], "texture": "#texture" },
        "east":  { "uv": [ 8.5, 2, 9.5, 4.5 ], "texture": "#texture" }
    }
},
{
    "from": [ 11.625, -0.375, 6.875 ],
    "to": [ 12.625, 0.125, 7.875 ],
    "rotation": { "origin": [ 11.625, 0.125, 6.875 ], "axis": "z", "angle": -45 },
    "faces": {
        "down":  { "uv": [ 8.5, 2.5, 9.5, 3.5 ], "texture": "#texture" },
        "up":    { "uv": [ 8.5, 2.5, 9.5, 3.5 ], "texture": "#texture" },
        "north": { "uv": [ 8, 1.5, 9, 4 ], "texture": "#texture" },
        "south": { "uv": [ 8, 1.5, 9, 4 ], "texture": "#texture" },
        "west":  { "uv": [ 8.5, 2, 9.5, 4.5 ], "texture": "#texture" },
        "east":  { "uv": [ 8.5, 2, 9.5, 4.5 ], "texture": "#texture" }
    }
},
{
    "from": [ 4.75, 10.25, 7.375 ],
    "to": [ 8.25, 13.75, 7.4375 ],
    "faces": {
        "down":  { "uv": [ 15.75, 0.1875, 10.75, 0.125 ], "texture": "#thunderbolt" },
        "up":    { "uv": [ 15.75, 0.1875, 10.75, 0.125 ], "texture": "#thunderbolt" },
        "north": { "uv": [ 3.5, 3, 12, 12.5 ], "texture": "#thunderbolt" },
        "south": { "uv": [ 12, 3, 3.5, 12.5 ], "texture": "#thunderbolt" },
        "west":  { "uv": [ 15.8125, 0.25, 15.875, 5.25 ], "texture": "#thunderbolt" },
        "east":  { "uv": [ 15.8125, 0.25, 15.875, 5.25 ], "texture": "#thunderbolt" }
    }
},
{
    "from": [ 9.5, 7.5, 7.375 ],
    "to": [ 12, 12, 7.4375 ],
    "faces": {
        "down":  { "uv": [ 8.5, 0, 9, 0.5 ], "texture": "#thunderbolt_string" },
        "up":    { "uv": [ 8.5, 0, 9, 0.5 ], "texture": "#thunderbolt_string" },
        "north": { "uv": [ 0, 1.5, 16, 13.5 ], "rotation": 90, "texture": "#thunderbolt_string" },
        "south": { "uv": [ 0, 1.5, 16, 13.5 ], "rotation": 90, "texture": "#thunderbolt_string" },
        "west":  { "uv": [ 11.5, 0, 11.5, 0 ], "texture": "#thunderbolt_string" },
        "east":  { "uv": [ 11.5, 0, 11.5, 0 ], "texture": "#thunderbolt_string" }
    }
},
{
    "from": [ 9.5, 5, 7.375 ],
    "to": [ 12, 9.5, 7.4375 ],
    "faces": {
        "down":  { "uv": [ 8.5, 0, 9, 0.5 ], "texture": "#thunderbolt_string" },
        "up":    { "uv": [ 8.5, 0, 9, 0.5 ], "texture": "#thunderbolt_string" },
        "north": { "uv": [ 0, 1.5, 16, 13.5 ], "rotation": 90, "texture": "#thunderbolt_string" },
        "south": { "uv": [ 0, 1.5, 16, 13.5 ], "rotation": 90, "texture": "#thunderbolt_string" },
        "west":  { "uv": [ 11.5, 0, 11.5, 0 ], "texture": "#thunderbolt_string" },
        "east":  { "uv": [ 11.5, 0, 11.5, 0 ], "texture": "#thunderbolt_string" }
    }
},
{
    "from": [ 9.5, 2.5, 7.375 ],
    "to": [ 12, 7, 7.4375 ],
    "faces": {
        "down":  { "uv": [ 8.5, 0, 9, 0.5 ], "texture": "#thunderbolt_string" },
        "up":    { "uv": [ 8.5, 0, 9, 0.5 ], "texture": "#thunderbolt_string" },
        "north": { "uv": [ 0, 1.5, 16, 13.5 ], "rotation": 90, "texture": "#thunderbolt_string" },
        "south": { "uv": [ 0, 1.5, 16, 13.5 ], "rotation": 90, "texture": "#thunderbolt_string" },
        "west":  { "uv": [ 11.5, 0, 11.5, 0 ], "texture": "#thunderbolt_string" },
        "east":  { "uv": [ 11.5, 0, 11.5, 0 ], "texture": "#thunderbolt_string" }
    }
},
{
    "from": [ 9.5, 0, 7.375 ],
    "to": [ 12, 4.5, 7.4375 ],
    "faces": {
        "down":  { "uv": [ 8.5, 0, 9, 0.5 ], "texture": "#thunderbolt_string" },
        "up":    { "uv": [ 8.5, 0, 9, 0.5 ], "texture": "#thunderbolt_string" },
        "north": { "uv": [ 0, 1.5, 16, 13.5 ], "rotation": 90, "texture": "#thunderbolt_string" },
        "south": { "uv": [ 0, 1.5, 16, 13.5 ], "rotation": 90, "texture": "#thunderbolt_string" },
        "west":  { "uv": [ 11.5, 0, 11.5, 0 ], "texture": "#thunderbolt_string" },
        "east":  { "uv": [ 11.5, 0, 11.5, 0 ], "texture": "#thunderbolt_string" }
    }
},
{
    "from": [ 5.25, 11, 7.375 ],
    "to": [ 8.75, 14.5, 7.4375 ],
    "faces": {
        "down":  { "uv": [ 15.75, 0.1875, 10.75, 0.125 ], "texture": "#thunderbolt" },
        "up":    { "uv": [ 15.75, 0.1875, 10.75, 0.125 ], "texture": "#thunderbolt" },
        "north": { "uv": [ 3.5, 3, 12, 12.5 ], "texture": "#thunderbolt" },
        "south": { "uv": [ 12, 3, 3.5, 12.5 ], "texture": "#thunderbolt" },
        "west":  { "uv": [ 15.8125, 0.25, 15.875, 5.25 ], "texture": "#thunderbolt" },
        "east":  { "uv": [ 15.8125, 0.25, 15.875, 5.25 ], "texture": "#thunderbolt" }
    }
},
{
    "from": [ 5.75, 11.75, 7.375 ],
    "to": [ 9.25, 15.25, 7.4375 ],
    "faces": {
        "down":  { "uv": [ 15.75, 0.1875, 10.75, 0.125 ], "texture": "#thunderbolt" },
        "up":    { "uv": [ 15.75, 0.1875, 10.75, 0.125 ], "texture": "#thunderbolt" },
        "north": { "uv": [ 3.5, 3, 12, 12.5 ], "texture": "#thunderbolt" },
        "south": { "uv": [ 12, 3, 3.5, 12.5 ], "texture": "#thunderbolt" },
        "west":  { "uv": [ 15.8125, 0.25, 15.875, 5.25 ], "texture": "#thunderbolt" },
        "east":  { "uv": [ 15.8125, 0.25, 15.875, 5.25 ], "texture": "#thunderbolt" }
    }
},
{
    "from": [ 6.25, 12.25, 7.375 ],
    "to": [ 9.75, 15.75, 7.4375 ],
    "faces": {
        "down":  { "uv": [ 15.75, 0.1875, 10.75, 0.125 ], "texture": "#thunderbolt" },
        "up":    { "uv": [ 15.75, 0.1875, 10.75, 0.125 ], "texture": "#thunderbolt" },
        "north": { "uv": [ 3.5, 3, 12, 12.5 ], "texture": "#thunderbolt" },
        "south": { "uv": [ 12, 3, 3.5, 12.5 ], "texture": "#thunderbolt" },
        "west":  { "uv": [ 15.8125, 0.25, 15.875, 5.25 ], "texture": "#thunderbolt" },
        "east":  { "uv": [ 15.8125, 0.25, 15.875, 5.25 ], "texture": "#thunderbolt" }
    }
},
{
    "from": [ 7, 13, 7.375 ],
    "to": [ 10.5, 16.5, 7.4375 ],
    "faces": {
        "down":  { "uv": [ 15.75, 0.1875, 10.75, 0.125 ], "texture": "#thunderbolt" },
        "up":    { "uv": [ 15.75, 0.1875, 10.75, 0.125 ], "texture": "#thunderbolt" },
        "north": { "uv": [ 3.5, 3, 12, 12.5 ], "texture": "#thunderbolt" },
        "south": { "uv": [ 12, 3, 3.5, 12.5 ], "texture": "#thunderbolt" },
        "west":  { "uv": [ 15.8125, 0.25, 15.875, 5.25 ], "texture": "#thunderbolt" },
        "east":  { "uv": [ 15.8125, 0.25, 15.875, 5.25 ], "texture": "#thunderbolt" }
    }
},
{
    "from": [ 7.75, 13.5, 7.375 ],
    "to": [ 11.25, 17, 7.4375 ],
    "faces": {
        "down":  { "uv": [ 15.75, 0.1875, 10.75, 0.125 ], "texture": "#thunderbolt" },
        "up":    { "uv": [ 15.75, 0.1875, 10.75, 0.125 ], "texture": "#thunderbolt" },
        "north": { "uv": [ 3.5, 3, 12, 12.5 ], "texture": "#thunderbolt" },
        "south": { "uv": [ 12, 3, 3.5, 12.5 ], "texture": "#thunderbolt" },
        "west":  { "uv": [ 15.8125, 0.25, 15.875, 5.25 ], "texture": "#thunderbolt" },
        "east":  { "uv": [ 15.8125, 0.25, 15.875, 5.25 ], "texture": "#thunderbolt" }
    }
},
{
    "from": [ 8.5, 13.75, 7.375 ],
    "to": [ 12, 17.25, 7.4375 ],
    "faces": {
        "down":  { "uv": [ 15.75, 0.1875, 10.75, 0.125 ], "texture": "#thunderbolt" },
        "up":    { "uv": [ 15.75, 0.1875, 10.75, 0.125 ], "texture": "#thunderbolt" },
        "north": { "uv": [ 3.5, 3, 12, 12.5 ], "texture": "#thunderbolt" },
        "south": { "uv": [ 12, 3, 3.5, 12.5 ], "texture": "#thunderbolt" },
        "west":  { "uv": [ 15.8125, 0.25, 15.875, 5.25 ], "texture": "#thunderbolt" },
        "east":  { "uv": [ 15.8125, 0.25, 15.875, 5.25 ], "texture": "#thunderbolt" }
    }
},
{
    "from": [ 5.25, 1.75, 7.375 ],
    "to": [ 8.75, 5.25, 7.4375 ],
    "faces": {
        "down":  { "uv": [ 15.75, 0.1875, 10.75, 0.125 ], "texture": "#thunderbolt" },
        "up":    { "uv": [ 15.75, 0.1875, 10.75, 0.125 ], "texture": "#thunderbolt" },
        "north": { "uv": [ 3.5, 3, 12, 12.5 ], "texture": "#thunderbolt" },
        "south": { "uv": [ 12, 3, 3.5, 12.5 ], "texture": "#thunderbolt" },
        "west":  { "uv": [ 15.8125, 0.25, 15.875, 5.25 ], "texture": "#thunderbolt" },
        "east":  { "uv": [ 15.8125, 0.25, 15.875, 5.25 ], "texture": "#thunderbolt" }
    }
},
{
    "from": [ 6, 1.25, 7.375 ],
    "to": [ 9.5, 4.75, 7.4375 ],
    "faces": {
        "down":  { "uv": [ 15.75, 0.1875, 10.75, 0.125 ], "texture": "#thunderbolt" },
        "up":    { "uv": [ 15.75, 0.1875, 10.75, 0.125 ], "texture": "#thunderbolt" },
        "north": { "uv": [ 3.5, 3, 12, 12.5 ], "texture": "#thunderbolt" },
        "south": { "uv": [ 12, 3, 3.5, 12.5 ], "texture": "#thunderbolt" },
        "west":  { "uv": [ 15.8125, 0.25, 15.875, 5.25 ], "texture": "#thunderbolt" },
        "east":  { "uv": [ 15.8125, 0.25, 15.875, 5.25 ], "texture": "#thunderbolt" }
    }
},
{
    "from": [ 6.5, 0.5, 7.375 ],
    "to": [ 10, 4, 7.4375 ],
    "faces": {
        "down":  { "uv": [ 15.75, 0.1875, 10.75, 0.125 ], "texture": "#thunderbolt" },
        "up":    { "uv": [ 15.75, 0.1875, 10.75, 0.125 ], "texture": "#thunderbolt" },
        "north": { "uv": [ 3.5, 3, 12, 12.5 ], "texture": "#thunderbolt" },
        "south": { "uv": [ 12, 3, 3.5, 12.5 ], "texture": "#thunderbolt" },
        "west":  { "uv": [ 15.8125, 0.25, 15.875, 5.25 ], "texture": "#thunderbolt" },
        "east":  { "uv": [ 15.8125, 0.25, 15.875, 5.25 ], "texture": "#thunderbolt" }
    }
},
{
    "from": [ 7, 0, 7.375 ],
    "to": [ 10.5, 3.5, 7.4375 ],
    "faces": {
        "down":  { "uv": [ 15.75, 0.1875, 10.75, 0.125 ], "texture": "#thunderbolt" },
        "up":    { "uv": [ 15.75, 0.1875, 10.75, 0.125 ], "texture": "#thunderbolt" },
        "north": { "uv": [ 3.5, 3, 12, 12.5 ], "texture": "#thunderbolt" },
        "south": { "uv": [ 12, 3, 3.5, 12.5 ], "texture": "#thunderbolt" },
        "west":  { "uv": [ 15.8125, 0.25, 15.875, 5.25 ], "texture": "#thunderbolt" },
        "east":  { "uv": [ 15.8125, 0.25, 15.875, 5.25 ], "texture": "#thunderbolt" }
    }
},
{
    "from": [ 7.5, -0.5, 7.375 ],
    "to": [ 11, 3, 7.4375 ],
    "faces": {
        "down":  { "uv": [ 15.75, 0.1875, 10.75, 0.125 ], "texture": "#thunderbolt" },
        "up":    { "uv": [ 15.75, 0.1875, 10.75, 0.125 ], "texture": "#thunderbolt" },
        "north": { "uv": [ 3.5, 3, 12, 12.5 ], "texture": "#thunderbolt" },
        "south": { "uv": [ 12, 3, 3.5, 12.5 ], "texture": "#thunderbolt" },
        "west":  { "uv": [ 15.8125, 0.25, 15.875, 5.25 ], "texture": "#thunderbolt" },
        "east":  { "uv": [ 15.8125, 0.25, 15.875, 5.25 ], "texture": "#thunderbolt" }
    }
},
{
    "from": [ 8.25, -1, 7.375 ],
    "to": [ 11.75, 2.5, 7.4375 ],
    "faces": {
        "down":  { "uv": [ 15.75, 0.1875, 10.75, 0.125 ], "texture": "#thunderbolt" },
        "up":    { "uv": [ 15.75, 0.1875, 10.75, 0.125 ], "texture": "#thunderbolt" },
        "north": { "uv": [ 3.5, 3, 12, 12.5 ], "texture": "#thunderbolt" },
        "south": { "uv": [ 12, 3, 3.5, 12.5 ], "texture": "#thunderbolt" },
        "west":  { "uv": [ 15.8125, 0.25, 15.875, 5.25 ], "texture": "#thunderbolt" },
        "east":  { "uv": [ 15.8125, 0.25, 15.875, 5.25 ], "texture": "#thunderbolt" }
    }
},
{
    "from": [ 4.75, 2.25, 7.375 ],
    "to": [ 8.25, 5.75, 7.4375 ],
    "faces": {
        "down":  { "uv": [ 15.75, 0.1875, 10.75, 0.125 ], "texture": "#thunderbolt" },
        "up":    { "uv": [ 15.75, 0.1875, 10.75, 0.125 ], "texture": "#thunderbolt" },
        "north": { "uv": [ 3.5, 3, 12, 12.5 ], "texture": "#thunderbolt" },
        "south": { "uv": [ 12, 3, 3.5, 12.5 ], "texture": "#thunderbolt" },
        "west":  { "uv": [ 15.8125, 0.25, 15.875, 5.25 ], "texture": "#thunderbolt" },
        "east":  { "uv": [ 15.8125, 0.25, 15.875, 5.25 ], "texture": "#thunderbolt" }
    }
}
],
"display": {
    "thirdperson_righthand": {
        "rotation": [ 0, -90, 0 ],
        "translation": [ -1.37, -2.5, 4 ],
        "scale": [ 1.75, 1.75, 1.75 ]
    },
    "thirdperson_lefthand": {
        "rotation": [ 0, 90, 0 ],
        "translation": [ -1.37, -2.5, 4 ],
        "scale": [ 1.75, 1.75, 1.75 ]
    },
    "ground": {
        "rotation": [ 0, 0, 0 ],
        "translation": [ 0, 4, 0 ],
        "scale": [ 0.5, 0.5, 0.5 ]
    },
    "fixed": {
        "rotation": [ 0, 0, 0 ],
        "translation": [ 0, 0, 0 ],
        "scale": [ 1, 1, 1 ]
    },
    "firstperson_righthand": {
        "rotation": [ 28, -80, 26 ],
        "translation": [ 0, 6, 0 ],
        "scale": [ 1, 1, 1 ]
    },
    "firstperson_lefthand": {
        "rotation": [ -26, 94, 28 ],
        "translation": [ 0.65, 6, 0 ],
        "scale": [ 1, 1, 1 ]
    },
    "gui": {
        "rotation": [ 0, 0, -45 ],
        "translation": [ -1, 1.5, 0 ],
        "scale": [ 1.25, 1.25, 1.25 ]
    }
}
}