{
"__comment": "Designed by FirecatHD",
"textures": {
    "texture": "items/wynn/weapons/bow/multielement_bow_all",
    "blade_glow": "items/wynn/weapons/dagger/blade_glow",
    "green-yellow_swirl": "items/wynn/weapons/bow/green-yellow_swirl",
    "red-blue_swirl": "items/wynn/weapons/bow/red-blue_swirl"
},
"elements": [ 
{
    "from": [ 4, 4, 7 ],
    "to": [ 5, 9.75, 8 ],
    "faces": {
        "down":  { "uv": [ 3.625, 13.375, 4.625, 14.375 ], "texture": "#texture" },
        "up":    { "uv": [ 3.625, 13.375, 4.625, 14.375 ], "texture": "#texture" },
        "north": { "uv": [ 6.5, 12.25, 7.375, 15.875 ], "texture": "#texture" },
        "south": { "uv": [ 6.5, 12.25, 7.375, 15.875 ], "texture": "#texture" },
        "west":  { "uv": [ 2.5, 12.25, 3.375, 15.875 ], "texture": "#texture" },
        "east":  { "uv": [ 2.5, 12.25, 3.375, 15.875 ], "texture": "#texture" }
    }
},
{
    "from": [ 5.4375, 9.4375, 7 ],
    "to": [ 6.4375, 13.1875, 8 ],
    "rotation": { "origin": [ 5.4375, 13.1875, 7 ], "axis": "z", "angle": -22.5 },
    "faces": {
        "down":  { "uv": [ 3.625, 13.375, 4.625, 14.375 ], "texture": "#texture" },
        "up":    { "uv": [ 3.625, 13.375, 4.625, 14.375 ], "texture": "#texture" },
        "north": { "uv": [ 6.5, 12.25, 7.375, 15.875 ], "texture": "#texture" },
        "south": { "uv": [ 6.5, 12.25, 7.375, 15.875 ], "texture": "#texture" },
        "west":  { "uv": [ 2.5, 12.25, 3.375, 15.875 ], "texture": "#texture" },
        "east":  { "uv": [ 2.5, 12.25, 3.375, 15.875 ], "texture": "#texture" }
    }
},
{
    "from": [ 8.0625, 12.0625, 7 ],
    "to": [ 9.0625, 15.8125, 8 ],
    "rotation": { "origin": [ 8.0625, 15.8125, 7 ], "axis": "z", "angle": -45 },
    "faces": {
        "down":  { "uv": [ 3.625, 13.375, 4.625, 14.375 ], "texture": "#texture" },
        "up":    { "uv": [ 3.625, 13.375, 4.625, 14.375 ], "texture": "#texture" },
        "north": { "uv": [ 6.5, 12.25, 7.375, 15.875 ], "texture": "#texture" },
        "south": { "uv": [ 6.5, 12.25, 7.375, 15.875 ], "texture": "#texture" },
        "west":  { "uv": [ 2.5, 12.25, 3.375, 15.875 ], "texture": "#texture" },
        "east":  { "uv": [ 2.5, 12.25, 3.375, 15.875 ], "texture": "#texture" }
    }
},
{
    "from": [ 4, 0.25, 7 ],
    "to": [ 5, 4, 8 ],
    "rotation": { "origin": [ 4, 4, 7 ], "axis": "z", "angle": 22.5 },
    "faces": {
        "down":  { "uv": [ 3.625, 13.375, 4.625, 14.375 ], "texture": "#texture" },
        "up":    { "uv": [ 3.625, 13.375, 4.625, 14.375 ], "texture": "#texture" },
        "north": { "uv": [ 6.5, 12.25, 7.375, 15.875 ], "texture": "#texture" },
        "south": { "uv": [ 6.5, 12.25, 7.375, 15.875 ], "texture": "#texture" },
        "west":  { "uv": [ 2.5, 12.25, 3.375, 15.875 ], "texture": "#texture" },
        "east":  { "uv": [ 2.5, 12.25, 3.375, 15.875 ], "texture": "#texture" }
    }
},
{
    "from": [ 5.375, -3.125, 7 ],
    "to": [ 6.375, 0.625, 8 ],
    "rotation": { "origin": [ 5.375, 0.625, 7 ], "axis": "z", "angle": 45 },
    "faces": {
        "down":  { "uv": [ 3.625, 13.375, 4.625, 14.375 ], "texture": "#texture" },
        "up":    { "uv": [ 3.625, 13.375, 4.625, 14.375 ], "texture": "#texture" },
        "north": { "uv": [ 6.5, 12.25, 7.375, 15.875 ], "texture": "#texture" },
        "south": { "uv": [ 6.5, 12.25, 7.375, 15.875 ], "texture": "#texture" },
        "west":  { "uv": [ 2.5, 12.25, 3.375, 15.875 ], "texture": "#texture" },
        "east":  { "uv": [ 2.5, 12.25, 3.375, 15.875 ], "texture": "#texture" }
    }
},
{
    "from": [ 8, 14.75, 7 ],
    "to": [ 11.25, 15.75, 8 ],
    "rotation": { "origin": [ 8, 15.75, 7 ], "axis": "z", "angle": 22.5 },
    "faces": {
        "down":  { "uv": [ 8, 12.5, 11.25, 13.5 ], "texture": "#texture" },
        "up":    { "uv": [ 8, 12.5, 11.25, 13.5 ], "texture": "#texture" },
        "north": { "uv": [ 12.25, 12.625, 15.5, 13.625 ], "texture": "#texture" },
        "south": { "uv": [ 12.25, 12.625, 15.5, 13.625 ], "texture": "#texture" },
        "west":  { "uv": [ 3.25, 12.625, 4.25, 13.625 ], "texture": "#texture" },
        "east":  { "uv": [ 3.25, 12.625, 4.25, 13.625 ], "texture": "#texture" }
    }
},
{
    "from": [ 8.375, -2.0625, 7 ],
    "to": [ 11.625, -1.0625, 8 ],
    "rotation": { "origin": [ 8.375, -1.0625, 7 ], "axis": "z", "angle": -22.5 },
    "faces": {
        "down":  { "uv": [ 8, 12.5, 11.25, 13.5 ], "texture": "#texture" },
        "up":    { "uv": [ 8, 12.5, 11.25, 13.5 ], "texture": "#texture" },
        "north": { "uv": [ 12.25, 12.625, 15.5, 13.625 ], "texture": "#texture" },
        "south": { "uv": [ 12.25, 12.625, 15.5, 13.625 ], "texture": "#texture" },
        "west":  { "uv": [ 3.25, 12.625, 4.25, 13.625 ], "texture": "#texture" },
        "east":  { "uv": [ 3.25, 12.625, 4.25, 13.625 ], "texture": "#texture" }
    }
},
{
    "from": [ 3.875, 8.9375, 6.75 ],
    "to": [ 5.375, 9.9375, 8.25 ],
    "faces": {
        "down":  { "uv": [ 12.875, 4.375, 14.375, 5.875 ], "texture": "#texture" },
        "up":    { "uv": [ 12.875, 4.375, 14.375, 5.875 ], "texture": "#texture" },
        "north": { "uv": [ 13.25, 5.5, 14.75, 6.5 ], "texture": "#texture" },
        "south": { "uv": [ 13.25, 5.5, 14.75, 6.5 ], "texture": "#texture" },
        "west":  { "uv": [ 12.375, 6.5, 13.875, 7.5 ], "texture": "#texture" },
        "east":  { "uv": [ 12.375, 6.5, 13.875, 7.5 ], "texture": "#texture" }
    }
},
{
    "from": [ 5.8125, 12.8125, 6.75 ],
    "to": [ 7.3125, 13.8125, 8.25 ],
    "rotation": { "origin": [ 5.8125, 13.8125, 6.75 ], "axis": "z", "angle": -45 },
    "faces": {
        "down":  { "uv": [ 2.625, 8.5, 4.125, 10 ], "texture": "#texture" },
        "up":    { "uv": [ 2.625, 8.5, 4.125, 10 ], "texture": "#texture" },
        "north": { "uv": [ 2.25, 8.5, 3.75, 9.5 ], "texture": "#texture" },
        "south": { "uv": [ 2.25, 8.5, 3.75, 9.5 ], "texture": "#texture" },
        "west":  { "uv": [ 1.375, 10, 2.875, 11 ], "texture": "#texture" },
        "east":  { "uv": [ 1.375, 10, 2.875, 11 ], "texture": "#texture" }
    }
},
{
    "from": [ 8, 14.5, 6.75 ],
    "to": [ 9, 16, 8.25 ],
    "rotation": { "origin": [ 8, 16, 6.75 ], "axis": "z", "angle": 22.5 },
    "faces": {
        "down":  { "uv": [ 8.5, 4.625, 9.5, 6.125 ], "texture": "#texture" },
        "up":    { "uv": [ 8.5, 4.625, 9.5, 6.125 ], "texture": "#texture" },
        "north": { "uv": [ 9.5, 4.625, 10.5, 6.125 ], "texture": "#texture" },
        "south": { "uv": [ 9.5, 4.625, 10.5, 6.125 ], "texture": "#texture" },
        "west":  { "uv": [ 8.375, 4.5, 9.875, 6 ], "texture": "#texture" },
        "east":  { "uv": [ 8.375, 4.5, 9.875, 6 ], "texture": "#texture" }
    }
},
{
    "from": [ 3.75, 4, 6.75 ],
    "to": [ 5.25, 5, 8.25 ],
    "faces": {
        "down":  { "uv": [ 12.875, 4.375, 14.375, 5.875 ], "texture": "#texture" },
        "up":    { "uv": [ 12.875, 4.375, 14.375, 5.875 ], "texture": "#texture" },
        "north": { "uv": [ 13.25, 5.5, 14.75, 6.5 ], "texture": "#texture" },
        "south": { "uv": [ 13.25, 5.5, 14.75, 6.5 ], "texture": "#texture" },
        "west":  { "uv": [ 12.375, 6.5, 13.875, 7.5 ], "texture": "#texture" },
        "east":  { "uv": [ 12.375, 6.5, 13.875, 7.5 ], "texture": "#texture" }
    }
},
{
    "from": [ 4.8125, 0.3125, 6.75 ],
    "to": [ 6.3125, 1.3125, 8.25 ],
    "rotation": { "origin": [ 4.8125, 1.3125, 6.75 ], "axis": "z", "angle": 22.5 },
    "faces": {
        "down":  { "uv": [ 7.25, 8.375, 8.75, 9.875 ], "texture": "#texture" },
        "up":    { "uv": [ 7.25, 8.375, 8.75, 9.875 ], "texture": "#texture" },
        "north": { "uv": [ 7.125, 9.625, 8.625, 10.625 ], "texture": "#texture" },
        "south": { "uv": [ 7.125, 9.625, 8.625, 10.625 ], "texture": "#texture" },
        "west":  { "uv": [ 9.25, 9.625, 10.75, 10.625 ], "texture": "#texture" },
        "east":  { "uv": [ 9.25, 9.625, 10.75, 10.625 ], "texture": "#texture" }
    }
},
{
    "from": [ 8.4375, -2.3125, 6.75 ],
    "to": [ 9.4375, -0.8125, 8.25 ],
    "rotation": { "origin": [ 8.4375, -0.8125, 6.75 ], "axis": "z", "angle": -22.5 },
    "faces": {
        "down":  { "uv": [ 13.5, 8.75, 14.5, 10.25 ], "texture": "#texture" },
        "up":    { "uv": [ 13.5, 8.75, 14.5, 10.25 ], "texture": "#texture" },
        "north": { "uv": [ 12.5, 8.5, 13.5, 10 ], "texture": "#texture" },
        "south": { "uv": [ 12.5, 8.5, 13.5, 10 ], "texture": "#texture" },
        "west":  { "uv": [ 13.875, 8.5, 15.375, 10 ], "texture": "#texture" },
        "east":  { "uv": [ 13.875, 8.5, 15.375, 10 ], "texture": "#texture" }
    }
},
{
    "from": [ 3.875, 8.375, 6.875 ],
    "to": [ 5.25, 8.75, 8.125 ],
    "faces": {
        "down":  { "uv": [ 1.5, 4.375, 2.625, 5.875 ], "texture": "#texture" },
        "up":    { "uv": [ 1.5, 4.375, 2.625, 5.875 ], "texture": "#texture" },
        "north": { "uv": [ 3.125, 4.75, 4.25, 6.25 ], "texture": "#texture" },
        "south": { "uv": [ 3.125, 4.75, 4.25, 6.25 ], "texture": "#texture" },
        "west":  { "uv": [ 3, 5.75, 4.5, 7.25 ], "texture": "#texture" },
        "east":  { "uv": [ 3, 5.75, 4.5, 7.25 ], "texture": "#texture" }
    }
},
{
    "from": [ 3.875, 7.75, 6.875 ],
    "to": [ 5.25, 8.125, 8.125 ],
    "faces": {
        "down":  { "uv": [ 1.5, 4.375, 2.625, 5.875 ], "texture": "#texture" },
        "up":    { "uv": [ 1.5, 4.375, 2.625, 5.875 ], "texture": "#texture" },
        "north": { "uv": [ 3.125, 4.75, 4.25, 6.25 ], "texture": "#texture" },
        "south": { "uv": [ 3.125, 4.75, 4.25, 6.25 ], "texture": "#texture" },
        "west":  { "uv": [ 3, 5.75, 4.5, 7.25 ], "texture": "#texture" },
        "east":  { "uv": [ 3, 5.75, 4.5, 7.25 ], "texture": "#texture" }
    }
},
{
    "from": [ 3.875, 7.125, 6.875 ],
    "to": [ 5.25, 7.5, 8.125 ],
    "faces": {
        "down":  { "uv": [ 1.5, 4.375, 2.625, 5.875 ], "texture": "#texture" },
        "up":    { "uv": [ 1.5, 4.375, 2.625, 5.875 ], "texture": "#texture" },
        "north": { "uv": [ 3.125, 4.75, 4.25, 6.25 ], "texture": "#texture" },
        "south": { "uv": [ 3.125, 4.75, 4.25, 6.25 ], "texture": "#texture" },
        "west":  { "uv": [ 3, 5.75, 4.5, 7.25 ], "texture": "#texture" },
        "east":  { "uv": [ 3, 5.75, 4.5, 7.25 ], "texture": "#texture" }
    }
},
{
    "from": [ 3.875, 6.5, 6.875 ],
    "to": [ 5.25, 6.875, 8.125 ],
    "faces": {
        "down":  { "uv": [ 1.5, 4.375, 2.625, 5.875 ], "texture": "#texture" },
        "up":    { "uv": [ 1.5, 4.375, 2.625, 5.875 ], "texture": "#texture" },
        "north": { "uv": [ 3.125, 4.75, 4.25, 6.25 ], "texture": "#texture" },
        "south": { "uv": [ 3.125, 4.75, 4.25, 6.25 ], "texture": "#texture" },
        "west":  { "uv": [ 3, 5.75, 4.5, 7.25 ], "texture": "#texture" },
        "east":  { "uv": [ 3, 5.75, 4.5, 7.25 ], "texture": "#texture" }
    }
},
{
    "from": [ 3.875, 5.875, 6.875 ],
    "to": [ 5.25, 6.25, 8.125 ],
    "faces": {
        "down":  { "uv": [ 1.5, 4.375, 2.625, 5.875 ], "texture": "#texture" },
        "up":    { "uv": [ 1.5, 4.375, 2.625, 5.875 ], "texture": "#texture" },
        "north": { "uv": [ 3.125, 4.75, 4.25, 6.25 ], "texture": "#texture" },
        "south": { "uv": [ 3.125, 4.75, 4.25, 6.25 ], "texture": "#texture" },
        "west":  { "uv": [ 3, 5.75, 4.5, 7.25 ], "texture": "#texture" },
        "east":  { "uv": [ 3, 5.75, 4.5, 7.25 ], "texture": "#texture" }
    }
},
{
    "from": [ 3.875, 5.25, 6.875 ],
    "to": [ 5.25, 5.625, 8.125 ],
    "faces": {
        "down":  { "uv": [ 1.5, 4.375, 2.625, 5.875 ], "texture": "#texture" },
        "up":    { "uv": [ 1.5, 4.375, 2.625, 5.875 ], "texture": "#texture" },
        "north": { "uv": [ 3.125, 4.75, 4.25, 6.25 ], "texture": "#texture" },
        "south": { "uv": [ 3.125, 4.75, 4.25, 6.25 ], "texture": "#texture" },
        "west":  { "uv": [ 3, 5.75, 4.5, 7.25 ], "texture": "#texture" },
        "east":  { "uv": [ 3, 5.75, 4.5, 7.25 ], "texture": "#texture" }
    }
},
{
    "from": [ 10.875, 15.625, 6.75 ],
    "to": [ 12, 17.125, 8.25 ],
    "faces": {
        "down":  { "uv": [ 1.5, 4.375, 2.625, 5.875 ], "texture": "#texture" },
        "up":    { "uv": [ 1.5, 4.375, 2.625, 5.875 ], "texture": "#texture" },
        "north": { "uv": [ 3.125, 4.75, 4.25, 6.25 ], "texture": "#texture" },
        "south": { "uv": [ 3.125, 4.75, 4.25, 6.25 ], "texture": "#texture" },
        "west":  { "uv": [ 3, 5.75, 4.5, 7.25 ], "texture": "#texture" },
        "east":  { "uv": [ 3, 5.75, 4.5, 7.25 ], "texture": "#texture" }
    }
},
{
    "from": [ 10.875, -3.375, 6.75 ],
    "to": [ 12, -1.875, 8.25 ],
    "faces": {
        "down":  { "uv": [ 1.5, 4.375, 2.625, 5.875 ], "texture": "#texture" },
        "up":    { "uv": [ 1.5, 4.375, 2.625, 5.875 ], "texture": "#texture" },
        "north": { "uv": [ 3.125, 4.75, 4.25, 6.25 ], "texture": "#texture" },
        "south": { "uv": [ 3.125, 4.75, 4.25, 6.25 ], "texture": "#texture" },
        "west":  { "uv": [ 3, 5.75, 4.5, 7.25 ], "texture": "#texture" },
        "east":  { "uv": [ 3, 5.75, 4.5, 7.25 ], "texture": "#texture" }
    }
},
{
    "from": [ 11.375, 15.75, 6.875 ],
    "to": [ 12.375, 17, 8.125 ],
    "faces": {
        "down":  { "uv": [ 1.5, 4.375, 2.625, 5.875 ], "texture": "#texture" },
        "up":    { "uv": [ 1.5, 4.375, 2.625, 5.875 ], "texture": "#texture" },
        "north": { "uv": [ 3.125, 4.75, 4.25, 6.25 ], "texture": "#texture" },
        "south": { "uv": [ 3.125, 4.75, 4.25, 6.25 ], "texture": "#texture" },
        "west":  { "uv": [ 3, 5.75, 4.5, 7.25 ], "texture": "#texture" },
        "east":  { "uv": [ 3, 5.75, 4.5, 7.25 ], "texture": "#texture" }
    }
},
{
    "from": [ 11.625, 15.875, 7 ],
    "to": [ 12.625, 16.875, 8 ],
    "faces": {
        "down":  { "uv": [ 1.5, 4.375, 2.625, 5.875 ], "texture": "#texture" },
        "up":    { "uv": [ 1.5, 4.375, 2.625, 5.875 ], "texture": "#texture" },
        "north": { "uv": [ 3.125, 4.75, 4.25, 6.25 ], "texture": "#texture" },
        "south": { "uv": [ 3.125, 4.75, 4.25, 6.25 ], "texture": "#texture" },
        "west":  { "uv": [ 3, 5.75, 4.5, 7.25 ], "texture": "#texture" },
        "east":  { "uv": [ 3, 5.75, 4.5, 7.25 ], "texture": "#texture" }
    }
},
{
    "from": [ 11.75, 16, 7.125 ],
    "to": [ 12.75, 16.75, 7.875 ],
    "faces": {
        "down":  { "uv": [ 1.5, 4.375, 2.625, 5.875 ], "texture": "#texture" },
        "up":    { "uv": [ 1.5, 4.375, 2.625, 5.875 ], "texture": "#texture" },
        "north": { "uv": [ 3.125, 4.75, 4.25, 6.25 ], "texture": "#texture" },
        "south": { "uv": [ 3.125, 4.75, 4.25, 6.25 ], "texture": "#texture" },
        "west":  { "uv": [ 3, 5.75, 4.5, 7.25 ], "texture": "#texture" },
        "east":  { "uv": [ 3, 5.75, 4.5, 7.25 ], "texture": "#texture" }
    }
},
{
    "from": [ 11.375, -3.25, 6.875 ],
    "to": [ 12.375, -2, 8.125 ],
    "faces": {
        "down":  { "uv": [ 1.5, 4.375, 2.625, 5.875 ], "texture": "#texture" },
        "up":    { "uv": [ 1.5, 4.375, 2.625, 5.875 ], "texture": "#texture" },
        "north": { "uv": [ 3.125, 4.75, 4.25, 6.25 ], "texture": "#texture" },
        "south": { "uv": [ 3.125, 4.75, 4.25, 6.25 ], "texture": "#texture" },
        "west":  { "uv": [ 3, 5.75, 4.5, 7.25 ], "texture": "#texture" },
        "east":  { "uv": [ 3, 5.75, 4.5, 7.25 ], "texture": "#texture" }
    }
},
{
    "from": [ 11.625, -3.125, 7 ],
    "to": [ 12.625, -2.125, 8 ],
    "faces": {
        "down":  { "uv": [ 1.5, 4.375, 2.625, 5.875 ], "texture": "#texture" },
        "up":    { "uv": [ 1.5, 4.375, 2.625, 5.875 ], "texture": "#texture" },
        "north": { "uv": [ 3.125, 4.75, 4.25, 6.25 ], "texture": "#texture" },
        "south": { "uv": [ 3.125, 4.75, 4.25, 6.25 ], "texture": "#texture" },
        "west":  { "uv": [ 3, 5.75, 4.5, 7.25 ], "texture": "#texture" },
        "east":  { "uv": [ 3, 5.75, 4.5, 7.25 ], "texture": "#texture" }
    }
},
{
    "from": [ 11.75, -3, 7.125 ],
    "to": [ 12.75, -2.25, 7.875 ],
    "faces": {
        "down":  { "uv": [ 1.5, 4.375, 2.625, 5.875 ], "texture": "#texture" },
        "up":    { "uv": [ 1.5, 4.375, 2.625, 5.875 ], "texture": "#texture" },
        "north": { "uv": [ 3.125, 4.75, 4.25, 6.25 ], "texture": "#texture" },
        "south": { "uv": [ 3.125, 4.75, 4.25, 6.25 ], "texture": "#texture" },
        "west":  { "uv": [ 3, 5.75, 4.5, 7.25 ], "texture": "#texture" },
        "east":  { "uv": [ 3, 5.75, 4.5, 7.25 ], "texture": "#texture" }
    }
},
{
    "from": [ 11.375, -2.375, 7.25 ],
    "to": [ 11.5, 15.75, 7.75 ],
    "faces": {
        "down":  { "uv": [ 4.375, 0.25, 4.625, 15.625 ], "texture": "#blade_glow" },
        "up":    { "uv": [ 4.375, 0.25, 4.625, 15.625 ], "texture": "#blade_glow" },
        "north": { "uv": [ 0.75, 0.375, 1, 15.125 ], "texture": "#blade_glow" },
        "south": { "uv": [ 0.75, 0.375, 1, 15.125 ], "texture": "#blade_glow" },
        "west":  { "uv": [ 4.625, 0.75, 5, 15.125 ], "texture": "#blade_glow" },
        "east":  { "uv": [ 4.625, 0.75, 5, 15.125 ], "texture": "#blade_glow" }
    }
},
{
    "from": [ 12.125, 16.5, 7.35 ],
    "to": [ 12.625, 18.125, 7.65 ],
    "rotation": { "origin": [ 12.125, 18.125, 7.35 ], "axis": "z", "angle": -45 },
    "faces": {
        "down":  { "uv": [ 1.5, 4.375, 2.625, 5.875 ], "texture": "#texture" },
        "up":    { "uv": [ 1.5, 4.375, 2.625, 5.875 ], "texture": "#texture" },
        "north": { "uv": [ 3.125, 4.75, 4.25, 6.25 ], "texture": "#texture" },
        "south": { "uv": [ 3.125, 4.75, 4.25, 6.25 ], "texture": "#texture" },
        "west":  { "uv": [ 3, 5.75, 4.5, 7.25 ], "texture": "#texture" },
        "east":  { "uv": [ 3, 5.75, 4.5, 7.25 ], "texture": "#texture" }
    }
},
{
    "from": [ 13.25, 16.25, 7.35 ],
    "to": [ 13.75, 18.25, 7.65 ],
    "rotation": { "origin": [ 13.25, 18.25, 7.35 ], "axis": "z", "angle": -45 },
    "faces": {
        "down":  { "uv": [ 1.5, 4.375, 2.625, 5.875 ], "texture": "#texture" },
        "up":    { "uv": [ 1.5, 4.375, 2.625, 5.875 ], "texture": "#texture" },
        "north": { "uv": [ 3.125, 4.75, 4.25, 6.25 ], "texture": "#texture" },
        "south": { "uv": [ 3.125, 4.75, 4.25, 6.25 ], "texture": "#texture" },
        "west":  { "uv": [ 3, 5.75, 4.5, 7.25 ], "texture": "#texture" },
        "east":  { "uv": [ 3, 5.75, 4.5, 7.25 ], "texture": "#texture" }
    }
},
{
    "from": [ 12.125, 15.625, 7.35 ],
    "to": [ 15, 16.125, 7.65 ],
    "rotation": { "origin": [ 12.125, 16.125, 7.35 ], "axis": "z", "angle": 45 },
    "faces": {
        "down":  { "uv": [ 1.5, 4.375, 2.625, 5.875 ], "texture": "#texture" },
        "up":    { "uv": [ 1.5, 4.375, 2.625, 5.875 ], "texture": "#texture" },
        "north": { "uv": [ 3.125, 4.75, 4.25, 6.25 ], "texture": "#texture" },
        "south": { "uv": [ 3.125, 4.75, 4.25, 6.25 ], "texture": "#texture" },
        "west":  { "uv": [ 3, 5.75, 4.5, 7.25 ], "texture": "#texture" },
        "east":  { "uv": [ 3, 5.75, 4.5, 7.25 ], "texture": "#texture" }
    }
},
{
    "from": [ 12, -4.875, 7.35 ],
    "to": [ 12.5, -3.25, 7.65 ],
    "rotation": { "origin": [ 12, -3.25, 7.35 ], "axis": "z", "angle": 45 },
    "faces": {
        "down":  { "uv": [ 1.5, 4.375, 2.625, 5.875 ], "texture": "#texture" },
        "up":    { "uv": [ 1.5, 4.375, 2.625, 5.875 ], "texture": "#texture" },
        "north": { "uv": [ 3.125, 4.75, 4.25, 6.25 ], "texture": "#texture" },
        "south": { "uv": [ 3.125, 4.75, 4.25, 6.25 ], "texture": "#texture" },
        "west":  { "uv": [ 3, 5.75, 4.5, 7.25 ], "texture": "#texture" },
        "east":  { "uv": [ 3, 5.75, 4.5, 7.25 ], "texture": "#texture" }
    }
},
{
    "from": [ 10.625, -4.75, 7.35 ],
    "to": [ 11.125, -2.75, 7.65 ],
    "rotation": { "origin": [ 10.625, -2.75, 7.35 ], "axis": "z", "angle": 45 },
    "faces": {
        "down":  { "uv": [ 1.5, 4.375, 2.625, 5.875 ], "texture": "#texture" },
        "up":    { "uv": [ 1.5, 4.375, 2.625, 5.875 ], "texture": "#texture" },
        "north": { "uv": [ 3.125, 4.75, 4.25, 6.25 ], "texture": "#texture" },
        "south": { "uv": [ 3.125, 4.75, 4.25, 6.25 ], "texture": "#texture" },
        "west":  { "uv": [ 3, 5.75, 4.5, 7.25 ], "texture": "#texture" },
        "east":  { "uv": [ 3, 5.75, 4.5, 7.25 ], "texture": "#texture" }
    }
},
{
    "from": [ 12.375, -2.5, 7.35 ],
    "to": [ 15.25, -2, 7.65 ],
    "rotation": { "origin": [ 12.375, -2, 7.35 ], "axis": "z", "angle": -45 },
    "faces": {
        "down":  { "uv": [ 1.5, 4.375, 2.625, 5.875 ], "texture": "#texture" },
        "up":    { "uv": [ 1.5, 4.375, 2.625, 5.875 ], "texture": "#texture" },
        "north": { "uv": [ 3.125, 4.75, 4.25, 6.25 ], "texture": "#texture" },
        "south": { "uv": [ 3.125, 4.75, 4.25, 6.25 ], "texture": "#texture" },
        "west":  { "uv": [ 3, 5.75, 4.5, 7.25 ], "texture": "#texture" },
        "east":  { "uv": [ 3, 5.75, 4.5, 7.25 ], "texture": "#texture" }
    }
},
{
    "from": [ 2, 3.875, 4 ],
    "to": [ 8.75, 4, 11 ],
    "rotation": { "origin": [ 2, 4, 4 ], "axis": "z", "angle": -22.5 },
    "faces": {
        "down":  { "uv": [ 16, 0, 0, 16 ], "rotation": 90, "texture": "#green-yellow_swirl" },
        "up":    { "uv": [ 0, 0, 16, 16 ], "rotation": 90, "texture": "#green-yellow_swirl" },
        "north": { "uv": [ 0, 0, 0, 0 ], "texture": "#green-yellow_swirl" },
        "south": { "uv": [ 0, 0, 0, 0 ], "texture": "#green-yellow_swirl" },
        "west":  { "uv": [ 0, 0, 0, 0 ], "texture": "#green-yellow_swirl" },
        "east":  { "uv": [ 0, 0, 0, 0 ], "texture": "#green-yellow_swirl" }
    }
},
{
    "from": [ 1.875, 9.625, 4 ],
    "to": [ 8.625, 9.75, 11 ],
    "rotation": { "origin": [ 1.875, 9.75, 4 ], "axis": "z", "angle": 22.5 },
    "faces": {
        "down":  { "uv": [ 16, 0, 0, 16 ], "rotation": 90, "texture": "#red-blue_swirl" },
        "up":    { "uv": [ 0, 0, 16, 16 ], "rotation": 90, "texture": "#red-blue_swirl" },
        "north": { "uv": [ 0, 0, 0, 0 ], "texture": "#red-blue_swirl" },
        "south": { "uv": [ 0, 0, 0, 0 ], "texture": "#red-blue_swirl" },
        "west":  { "uv": [ 0, 0, 0, 0 ], "texture": "#red-blue_swirl" },
        "east":  { "uv": [ 0, 0, 0, 0 ], "texture": "#red-blue_swirl" }
    }
}
],
"display": {
    "thirdperson_righthand": {
        "rotation": [ 0, -90, 0 ],
        "translation": [ -1, -0.5, 6 ],
        "scale": [ 1.25, 1.25, 1.25 ]
    },
    "thirdperson_lefthand": {
        "rotation": [ 0, 90, 0 ],
        "translation": [ -1, -0.5, 6 ],
        "scale": [ 1.25, 1.25, 1.25 ]
    },
    "ground": {
        "rotation": [ 0, 0, 0 ],
        "translation": [ 0, 4, 0 ],
        "scale": [ 0.5, 0.5, 0.5 ]
    },
    "fixed": {
        "rotation": [ 0, 0, 0 ],
        "translation": [ 0, 0, 0 ],
        "scale": [ 1, 1, 1 ]
    },
    "firstperson_righthand": {
        "rotation": [ 28, -80, 26 ],
        "translation": [ -1, 6, 0 ],
        "scale": [ 1, 1, 1 ]
    },
    "firstperson_lefthand": {
        "rotation": [ -26, 94, 28 ],
        "translation": [ -1, 6, 0 ],
        "scale": [ 1, 1, 1 ]
    },
    "gui": {
        "rotation": [ 0, 0, -45 ],
        "translation": [ -1, 3, 0 ],
        "scale": [ 0.8, 0.8, 0.8 ]
    }
}
}