{
    "parent": "item/handheld",
    "textures": {
        "layer0": "items/暮林"
    },
    "overrides": [
        {
            "predicate": {
                "pulling": 1
            },
            "model": "item/custom2/bow0_0"
        },
        {
            "predicate": {
                "pulling": 1,
                "pull": 0.65
            },
            "model": "item/custom2/bow0_1"
        },
        {
            "predicate": {
                "pulling": 1,
                "pull": 0.9
            },
            "model": "item/custom2/bow0_2"
        }
    ]
	
}
