{
"__comment": "Designed by MasterianoX",
"textures": {
    "particle": "items/wynn/weapons/sets/money_set/money_bow",
    "texture": "items/wynn/weapons/sets/money_set/money_bow"
},
"elements": [ 
{
    "from": [ 2, 11.5, 6.75 ],
    "to": [ 3, 12, 9.25 ],
    "faces": {
        "down":  { "uv": [ 2, 7, 3, 6.5 ], "texture": "#texture" },
        "up":    { "uv": [ 2, 6.5, 3, 7 ], "texture": "#texture" },
        "north": { "uv": [ 3, 6.5, 2, 7 ], "texture": "#texture" },
        "south": { "uv": [ 2, 6.5, 3, 7 ], "texture": "#texture" },
        "west":  { "uv": [ 2, 6.5, 2.5, 7 ], "texture": "#texture" },
        "east":  { "uv": [ 3, 6.5, 2.5, 7 ], "texture": "#texture" }
    }
},
{
    "from": [ 2, 6.5, 6.75 ],
    "to": [ 3, 7, 9.25 ],
    "faces": {
        "down":  { "uv": [ 2, 12.5, 3, 12 ], "texture": "#texture" },
        "up":    { "uv": [ 2, 12, 3, 12.5 ], "texture": "#texture" },
        "north": { "uv": [ 3, 12, 2, 12.5 ], "texture": "#texture" },
        "south": { "uv": [ 2, 12, 3, 12.5 ], "texture": "#texture" },
        "west":  { "uv": [ 2, 12, 2.5, 12.5 ], "texture": "#texture" },
        "east":  { "uv": [ 3, 12, 2.5, 12.5 ], "texture": "#texture" }
    }
},
{
    "from": [ 3, 14, 6.75 ],
    "to": [ 4.5, 15.5, 9.25 ],
    "faces": {
        "down":  { "uv": [ 3, 4.5, 4.5, 4 ], "texture": "#texture" },
        "up":    { "uv": [ 3, 3, 4.5, 3.5 ], "texture": "#texture" },
        "north": { "uv": [ 4.5, 3, 3, 4.5 ], "texture": "#texture" },
        "south": { "uv": [ 3, 3, 4.5, 4.5 ], "texture": "#texture" },
        "west":  { "uv": [ 3, 3, 3.5, 4.5 ], "texture": "#texture" },
        "east":  { "uv": [ 4.5, 3, 4, 4.5 ], "texture": "#texture" }
    }
},
{
    "from": [ 3, 3, 6.75 ],
    "to": [ 4.5, 4.5, 9.25 ],
    "faces": {
        "down":  { "uv": [ 6, 13, 7.5, 12.5 ], "texture": "#texture" },
        "up":    { "uv": [ 6, 11.5, 7.5, 12 ], "texture": "#texture" },
        "north": { "uv": [ 7.5, 11.5, 6, 13 ], "texture": "#texture" },
        "south": { "uv": [ 6, 11.5, 7.5, 13 ], "texture": "#texture" },
        "west":  { "uv": [ 6, 11.5, 6.5, 13 ], "texture": "#texture" },
        "east":  { "uv": [ 7.5, 11.5, 7, 13 ], "texture": "#texture" }
    }
},
{
    "from": [ 1.5, 12.5, 7 ],
    "to": [ 3.5, 14.5, 9 ],
    "faces": {
        "down":  { "uv": [ 1.5, 6, 3.5, 5.5 ], "texture": "#texture" },
        "up":    { "uv": [ 1.5, 4, 3.5, 4.5 ], "texture": "#texture" },
        "north": { "uv": [ 3.5, 4, 1.5, 6 ], "texture": "#texture" },
        "south": { "uv": [ 1.5, 4, 3.5, 6 ], "texture": "#texture" },
        "west":  { "uv": [ 1.5, 4, 2, 6 ], "texture": "#texture" },
        "east":  { "uv": [ 3.5, 4, 3, 6 ], "texture": "#texture" }
    }
},
{
    "from": [ 1.5, 11.5, 7 ],
    "to": [ 3.5, 12, 9 ],
    "faces": {
        "down":  { "uv": [ 1.5, 7, 3.5, 6.5 ], "texture": "#texture" },
        "up":    { "uv": [ 1.5, 6.5, 3.5, 7 ], "texture": "#texture" },
        "north": { "uv": [ 3.5, 6.5, 1.5, 7 ], "texture": "#texture" },
        "south": { "uv": [ 1.5, 6.5, 3.5, 7 ], "texture": "#texture" },
        "west":  { "uv": [ 1.5, 6.5, 2, 7 ], "texture": "#texture" },
        "east":  { "uv": [ 3.5, 6.5, 3, 7 ], "texture": "#texture" }
    }
},
{
    "from": [ 1.5, 6.5, 7 ],
    "to": [ 3.5, 7, 9 ],
    "faces": {
        "down":  { "uv": [ 1.5, 12.5, 3.5, 12 ], "texture": "#texture" },
        "up":    { "uv": [ 1.5, 12, 3.5, 12.5 ], "texture": "#texture" },
        "north": { "uv": [ 3.5, 12, 1.5, 12.5 ], "texture": "#texture" },
        "south": { "uv": [ 1.5, 12, 3.5, 12.5 ], "texture": "#texture" },
        "west":  { "uv": [ 1.5, 12, 2, 12.5 ], "texture": "#texture" },
        "east":  { "uv": [ 3.5, 12, 3, 12.5 ], "texture": "#texture" }
    }
},
{
    "from": [ 2, 14.5, 7 ],
    "to": [ 6.5, 15, 9 ],
    "faces": {
        "down":  { "uv": [ 2, 4, 6.5, 3.5 ], "texture": "#texture" },
        "up":    { "uv": [ 2, 3.5, 6.5, 4 ], "texture": "#texture" },
        "north": { "uv": [ 6.5, 3.5, 2, 4 ], "texture": "#texture" },
        "south": { "uv": [ 2, 3.5, 6.5, 4 ], "texture": "#texture" },
        "west":  { "uv": [ 2, 3.5, 2.5, 4 ], "texture": "#texture" },
        "east":  { "uv": [ 6.5, 3.5, 6, 4 ], "texture": "#texture" }
    }
},
{
    "from": [ 2, 12, 7 ],
    "to": [ 3, 12.5, 9 ],
    "faces": {
        "down":  { "uv": [ 2, 6.5, 3, 6 ], "texture": "#texture" },
        "up":    { "uv": [ 2, 6, 3, 6.5 ], "texture": "#texture" },
        "north": { "uv": [ 3, 6, 2, 6.5 ], "texture": "#texture" },
        "south": { "uv": [ 2, 6, 3, 6.5 ], "texture": "#texture" },
        "west":  { "uv": [ 2, 6, 2.5, 6.5 ], "texture": "#texture" },
        "east":  { "uv": [ 3, 6, 2.5, 6.5 ], "texture": "#texture" }
    }
},
{
    "from": [ 2, 11, 7 ],
    "to": [ 3, 11.5, 9 ],
    "faces": {
        "down":  { "uv": [ 2, 7.5, 3, 7 ], "texture": "#texture" },
        "up":    { "uv": [ 2, 7, 3, 7.5 ], "texture": "#texture" },
        "north": { "uv": [ 3, 7, 2, 7.5 ], "texture": "#texture" },
        "south": { "uv": [ 2, 7, 3, 7.5 ], "texture": "#texture" },
        "west":  { "uv": [ 2, 7, 2.5, 7.5 ], "texture": "#texture" },
        "east":  { "uv": [ 3, 7, 2.5, 7.5 ], "texture": "#texture" }
    }
},
{
    "from": [ 2, 7, 7 ],
    "to": [ 3, 7.5, 9 ],
    "faces": {
        "down":  { "uv": [ 2, 12, 3, 11.5 ], "texture": "#texture" },
        "up":    { "uv": [ 2, 11.5, 3, 12 ], "texture": "#texture" },
        "north": { "uv": [ 3, 11.5, 2, 12 ], "texture": "#texture" },
        "south": { "uv": [ 2, 11.5, 3, 12 ], "texture": "#texture" },
        "west":  { "uv": [ 2, 11.5, 2.5, 12 ], "texture": "#texture" },
        "east":  { "uv": [ 3, 11.5, 2.5, 12 ], "texture": "#texture" }
    }
},
{
    "from": [ 2.5, 15, 7 ],
    "to": [ 7.5, 15.5, 9 ],
    "faces": {
        "down":  { "uv": [ 2.5, 3.5, 7.5, 3 ], "texture": "#texture" },
        "up":    { "uv": [ 2.5, 3, 7.5, 3.5 ], "texture": "#texture" },
        "north": { "uv": [ 7.5, 3, 2.5, 3.5 ], "texture": "#texture" },
        "south": { "uv": [ 2.5, 3, 7.5, 3.5 ], "texture": "#texture" },
        "west":  { "uv": [ 2.5, 3, 3, 3.5 ], "texture": "#texture" },
        "east":  { "uv": [ 7.5, 3, 7, 3.5 ], "texture": "#texture" }
    }
},
{
    "from": [ 3.5, 15.5, 7 ],
    "to": [ 9.5, 16, 9 ],
    "faces": {
        "down":  { "uv": [ 3.5, 3, 9.5, 2.5 ], "texture": "#texture" },
        "up":    { "uv": [ 3.5, 2.5, 9.5, 3 ], "texture": "#texture" },
        "north": { "uv": [ 9.5, 2.5, 3.5, 3 ], "texture": "#texture" },
        "south": { "uv": [ 3.5, 2.5, 9.5, 3 ], "texture": "#texture" },
        "west":  { "uv": [ 3.5, 2.5, 4, 3 ], "texture": "#texture" },
        "east":  { "uv": [ 9.5, 2.5, 9, 3 ], "texture": "#texture" }
    }
},
{
    "from": [ 3.5, 13, 7 ],
    "to": [ 4, 14.5, 9 ],
    "faces": {
        "down":  { "uv": [ 3.5, 5.5, 4, 5 ], "texture": "#texture" },
        "up":    { "uv": [ 3.5, 4, 4, 4.5 ], "texture": "#texture" },
        "north": { "uv": [ 4, 4, 3.5, 5.5 ], "texture": "#texture" },
        "south": { "uv": [ 3.5, 4, 4, 5.5 ], "texture": "#texture" },
        "west":  { "uv": [ 3.5, 4, 4, 5.5 ], "texture": "#texture" },
        "east":  { "uv": [ 4, 4, 3.5, 5.5 ], "texture": "#texture" }
    }
},
{
    "from": [ 4, 13.5, 7 ],
    "to": [ 4.5, 14.5, 9 ],
    "faces": {
        "down":  { "uv": [ 4, 5, 4.5, 4.5 ], "texture": "#texture" },
        "up":    { "uv": [ 4, 4, 4.5, 4.5 ], "texture": "#texture" },
        "north": { "uv": [ 4.5, 4, 4, 5 ], "texture": "#texture" },
        "south": { "uv": [ 4, 4, 4.5, 5 ], "texture": "#texture" },
        "west":  { "uv": [ 4, 4, 4.5, 5 ], "texture": "#texture" },
        "east":  { "uv": [ 4.5, 4, 4, 5 ], "texture": "#texture" }
    }
},
{
    "from": [ 4.5, 16, 7 ],
    "to": [ 9.5, 16.5, 9 ],
    "faces": {
        "down":  { "uv": [ 4.5, 2.5, 9.5, 2 ], "texture": "#texture" },
        "up":    { "uv": [ 4.5, 2, 9.5, 2.5 ], "texture": "#texture" },
        "north": { "uv": [ 9.5, 2, 4.5, 2.5 ], "texture": "#texture" },
        "south": { "uv": [ 4.5, 2, 9.5, 2.5 ], "texture": "#texture" },
        "west":  { "uv": [ 4.5, 2, 5, 2.5 ], "texture": "#texture" },
        "east":  { "uv": [ 9.5, 2, 9, 2.5 ], "texture": "#texture" }
    }
},
{
    "from": [ 4.5, 14, 7 ],
    "to": [ 5.5, 14.5, 9 ],
    "faces": {
        "down":  { "uv": [ 4.5, 4.5, 5.5, 4 ], "texture": "#texture" },
        "up":    { "uv": [ 4.5, 4, 5.5, 4.5 ], "texture": "#texture" },
        "north": { "uv": [ 5.5, 4, 4.5, 4.5 ], "texture": "#texture" },
        "south": { "uv": [ 4.5, 4, 5.5, 4.5 ], "texture": "#texture" },
        "west":  { "uv": [ 4.5, 4, 5, 4.5 ], "texture": "#texture" },
        "east":  { "uv": [ 5.5, 4, 5, 4.5 ], "texture": "#texture" }
    }
},
{
    "from": [ 1.5, 4, 7 ],
    "to": [ 3.5, 6, 9 ],
    "faces": {
        "down":  { "uv": [ 4.5, 12, 6.5, 11.5 ], "texture": "#texture" },
        "up":    { "uv": [ 4.5, 10, 6.5, 10.5 ], "texture": "#texture" },
        "north": { "uv": [ 6.5, 10, 4.5, 12 ], "texture": "#texture" },
        "south": { "uv": [ 4.5, 10, 6.5, 12 ], "texture": "#texture" },
        "west":  { "uv": [ 4.5, 10, 5, 12 ], "texture": "#texture" },
        "east":  { "uv": [ 6.5, 10, 6, 12 ], "texture": "#texture" }
    }
},
{
    "from": [ 2, 3.5, 7 ],
    "to": [ 6.5, 4, 9 ],
    "faces": {
        "down":  { "uv": [ 5, 12.5, 9.5, 12 ], "texture": "#texture" },
        "up":    { "uv": [ 5, 12, 9.5, 12.5 ], "texture": "#texture" },
        "north": { "uv": [ 9.5, 12, 5, 12.5 ], "texture": "#texture" },
        "south": { "uv": [ 5, 12, 9.5, 12.5 ], "texture": "#texture" },
        "west":  { "uv": [ 5, 12, 5.5, 12.5 ], "texture": "#texture" },
        "east":  { "uv": [ 9.5, 12, 9, 12.5 ], "texture": "#texture" }
    }
},
{
    "from": [ 5.5, 16.5, 7 ],
    "to": [ 9, 17, 9 ],
    "faces": {
        "down":  { "uv": [ 5.5, 2, 9, 1.5 ], "texture": "#texture" },
        "up":    { "uv": [ 5.5, 1.5, 9, 2 ], "texture": "#texture" },
        "north": { "uv": [ 9, 1.5, 5.5, 2 ], "texture": "#texture" },
        "south": { "uv": [ 5.5, 1.5, 9, 2 ], "texture": "#texture" },
        "west":  { "uv": [ 5.5, 1.5, 6, 2 ], "texture": "#texture" },
        "east":  { "uv": [ 9, 1.5, 8.5, 2 ], "texture": "#texture" }
    }
},
{
    "from": [ 2.5, 3, 7 ],
    "to": [ 7.5, 3.5, 9 ],
    "faces": {
        "down":  { "uv": [ 5.5, 13, 10.5, 12.5 ], "texture": "#texture" },
        "up":    { "uv": [ 5.5, 12.5, 10.5, 13 ], "texture": "#texture" },
        "north": { "uv": [ 10.5, 12.5, 5.5, 13 ], "texture": "#texture" },
        "south": { "uv": [ 5.5, 12.5, 10.5, 13 ], "texture": "#texture" },
        "west":  { "uv": [ 5.5, 12.5, 6, 13 ], "texture": "#texture" },
        "east":  { "uv": [ 10.5, 12.5, 10, 13 ], "texture": "#texture" }
    }
},
{
    "from": [ 6.5, 17, 7 ],
    "to": [ 9.5, 17.5, 9 ],
    "faces": {
        "down":  { "uv": [ 6.5, 1.5, 9.5, 1 ], "texture": "#texture" },
        "up":    { "uv": [ 6.5, 1, 9.5, 1.5 ], "texture": "#texture" },
        "north": { "uv": [ 9.5, 1, 6.5, 1.5 ], "texture": "#texture" },
        "south": { "uv": [ 6.5, 1, 9.5, 1.5 ], "texture": "#texture" },
        "west":  { "uv": [ 6.5, 1, 7, 1.5 ], "texture": "#texture" },
        "east":  { "uv": [ 9.5, 1, 9, 1.5 ], "texture": "#texture" }
    }
},
{
    "from": [ 3.5, 4, 7 ],
    "to": [ 4, 5.5, 9 ],
    "faces": {
        "down":  { "uv": [ 6.5, 12, 7, 11.5 ], "texture": "#texture" },
        "up":    { "uv": [ 6.5, 10.5, 7, 11 ], "texture": "#texture" },
        "north": { "uv": [ 7, 10.5, 6.5, 12 ], "texture": "#texture" },
        "south": { "uv": [ 6.5, 10.5, 7, 12 ], "texture": "#texture" },
        "west":  { "uv": [ 6.5, 10.5, 7, 12 ], "texture": "#texture" },
        "east":  { "uv": [ 7, 10.5, 6.5, 12 ], "texture": "#texture" }
    }
},
{
    "from": [ 3.5, 2.5, 7 ],
    "to": [ 9.5, 3, 9 ],
    "faces": {
        "down":  { "uv": [ 6.5, 13.5, 12.5, 13 ], "texture": "#texture" },
        "up":    { "uv": [ 6.5, 13, 12.5, 13.5 ], "texture": "#texture" },
        "north": { "uv": [ 12.5, 13, 6.5, 13.5 ], "texture": "#texture" },
        "south": { "uv": [ 6.5, 13, 12.5, 13.5 ], "texture": "#texture" },
        "west":  { "uv": [ 6.5, 13, 7, 13.5 ], "texture": "#texture" },
        "east":  { "uv": [ 12.5, 13, 12, 13.5 ], "texture": "#texture" }
    }
},
{
    "from": [ 7, 17.5, 7 ],
    "to": [ 10, 18, 9 ],
    "faces": {
        "down":  { "uv": [ 7, 1, 10, 0.5 ], "texture": "#texture" },
        "up":    { "uv": [ 7, 0.5, 10, 1 ], "texture": "#texture" },
        "north": { "uv": [ 10, 0.5, 7, 1 ], "texture": "#texture" },
        "south": { "uv": [ 7, 0.5, 10, 1 ], "texture": "#texture" },
        "west":  { "uv": [ 7, 0.5, 7.5, 1 ], "texture": "#texture" },
        "east":  { "uv": [ 10, 0.5, 9.5, 1 ], "texture": "#texture" }
    }
},
{
    "from": [ 4, 4, 7 ],
    "to": [ 4.5, 5, 9 ],
    "faces": {
        "down":  { "uv": [ 7, 12, 7.5, 11.5 ], "texture": "#texture" },
        "up":    { "uv": [ 7, 11, 7.5, 11.5 ], "texture": "#texture" },
        "north": { "uv": [ 7.5, 11, 7, 12 ], "texture": "#texture" },
        "south": { "uv": [ 7, 11, 7.5, 12 ], "texture": "#texture" },
        "west":  { "uv": [ 7, 11, 7.5, 12 ], "texture": "#texture" },
        "east":  { "uv": [ 7.5, 11, 7, 12 ], "texture": "#texture" }
    }
},
{
    "from": [ 4.5, 4, 7 ],
    "to": [ 5.5, 4.5, 9 ],
    "faces": {
        "down":  { "uv": [ 7.5, 12, 8.5, 11.5 ], "texture": "#texture" },
        "up":    { "uv": [ 7.5, 11.5, 8.5, 12 ], "texture": "#texture" },
        "north": { "uv": [ 8.5, 11.5, 7.5, 12 ], "texture": "#texture" },
        "south": { "uv": [ 7.5, 11.5, 8.5, 12 ], "texture": "#texture" },
        "west":  { "uv": [ 7.5, 11.5, 8, 12 ], "texture": "#texture" },
        "east":  { "uv": [ 8.5, 11.5, 8, 12 ], "texture": "#texture" }
    }
},
{
    "from": [ 4.5, 2, 7 ],
    "to": [ 9.5, 2.5, 9 ],
    "faces": {
        "down":  { "uv": [ 7.5, 14, 12.5, 13.5 ], "texture": "#texture" },
        "up":    { "uv": [ 7.5, 13.5, 12.5, 14 ], "texture": "#texture" },
        "north": { "uv": [ 12.5, 13.5, 7.5, 14 ], "texture": "#texture" },
        "south": { "uv": [ 7.5, 13.5, 12.5, 14 ], "texture": "#texture" },
        "west":  { "uv": [ 7.5, 13.5, 8, 14 ], "texture": "#texture" },
        "east":  { "uv": [ 12.5, 13.5, 12, 14 ], "texture": "#texture" }
    }
},
{
    "from": [ 8.5, 15, 7 ],
    "to": [ 9, 15.5, 9 ],
    "faces": {
        "down":  { "uv": [ 8.5, 3.5, 9, 3 ], "texture": "#texture" },
        "up":    { "uv": [ 8.5, 3, 9, 3.5 ], "texture": "#texture" },
        "north": { "uv": [ 9, 3, 8.5, 3.5 ], "texture": "#texture" },
        "south": { "uv": [ 8.5, 3, 9, 3.5 ], "texture": "#texture" },
        "west":  { "uv": [ 8.5, 3, 9, 3.5 ], "texture": "#texture" },
        "east":  { "uv": [ 9, 3, 8.5, 3.5 ], "texture": "#texture" }
    }
},
{
    "from": [ 5.5, 1.5, 7 ],
    "to": [ 9, 2, 9 ],
    "faces": {
        "down":  { "uv": [ 8.5, 14.5, 12, 14 ], "texture": "#texture" },
        "up":    { "uv": [ 8.5, 14, 12, 14.5 ], "texture": "#texture" },
        "north": { "uv": [ 12, 14, 8.5, 14.5 ], "texture": "#texture" },
        "south": { "uv": [ 8.5, 14, 12, 14.5 ], "texture": "#texture" },
        "west":  { "uv": [ 8.5, 14, 9, 14.5 ], "texture": "#texture" },
        "east":  { "uv": [ 12, 14, 11.5, 14.5 ], "texture": "#texture" }
    }
},
{
    "from": [ 6.5, 1, 7 ],
    "to": [ 9.5, 1.5, 9 ],
    "faces": {
        "down":  { "uv": [ 9.5, 15, 12.5, 14.5 ], "texture": "#texture" },
        "up":    { "uv": [ 9.5, 14.5, 12.5, 15 ], "texture": "#texture" },
        "north": { "uv": [ 12.5, 14.5, 9.5, 15 ], "texture": "#texture" },
        "south": { "uv": [ 9.5, 14.5, 12.5, 15 ], "texture": "#texture" },
        "west":  { "uv": [ 9.5, 14.5, 10, 15 ], "texture": "#texture" },
        "east":  { "uv": [ 12.5, 14.5, 12, 15 ], "texture": "#texture" }
    }
},
{
    "from": [ 7, 0.5, 7 ],
    "to": [ 10, 1, 9 ],
    "faces": {
        "down":  { "uv": [ 10, 15.5, 13, 15 ], "texture": "#texture" },
        "up":    { "uv": [ 10, 15, 13, 15.5 ], "texture": "#texture" },
        "north": { "uv": [ 13, 15, 10, 15.5 ], "texture": "#texture" },
        "south": { "uv": [ 10, 15, 13, 15.5 ], "texture": "#texture" },
        "west":  { "uv": [ 10, 15, 10.5, 15.5 ], "texture": "#texture" },
        "east":  { "uv": [ 13, 15, 12.5, 15.5 ], "texture": "#texture" }
    }
},
{
    "from": [ 8.5, 3, 7 ],
    "to": [ 9, 3.5, 9 ],
    "faces": {
        "down":  { "uv": [ 11.5, 13, 12, 12.5 ], "texture": "#texture" },
        "up":    { "uv": [ 11.5, 12.5, 12, 13 ], "texture": "#texture" },
        "north": { "uv": [ 12, 12.5, 11.5, 13 ], "texture": "#texture" },
        "south": { "uv": [ 11.5, 12.5, 12, 13 ], "texture": "#texture" },
        "west":  { "uv": [ 11.5, 12.5, 12, 13 ], "texture": "#texture" },
        "east":  { "uv": [ 12, 12.5, 11.5, 13 ], "texture": "#texture" }
    }
},
{
    "from": [ 1, 12.5, 7.5 ],
    "to": [ 4, 14.5, 8.5 ],
    "faces": {
        "down":  { "uv": [ 1, 6, 4, 5.5 ], "texture": "#texture" },
        "up":    { "uv": [ 1, 4, 4, 4.5 ], "texture": "#texture" },
        "north": { "uv": [ 4, 4, 1, 6 ], "texture": "#texture" },
        "south": { "uv": [ 1, 4, 4, 6 ], "texture": "#texture" },
        "west":  { "uv": [ 1, 4, 1.5, 6 ], "texture": "#texture" },
        "east":  { "uv": [ 4, 4, 3.5, 6 ], "texture": "#texture" }
    }
},
{
    "from": [ 1.25, 11.5, 7.5 ],
    "to": [ 3.75, 12, 8.5 ],
    "faces": {
        "down":  { "uv": [ 1, 7, 4, 6.5 ], "texture": "#texture" },
        "up":    { "uv": [ 1, 6.5, 4, 7 ], "texture": "#texture" },
        "north": { "uv": [ 4, 6.5, 1, 7 ], "texture": "#texture" },
        "south": { "uv": [ 1, 6.5, 4, 7 ], "texture": "#texture" },
        "west":  { "uv": [ 1, 6.5, 1.5, 7 ], "texture": "#texture" },
        "east":  { "uv": [ 4, 6.5, 3.5, 7 ], "texture": "#texture" }
    }
},
{
    "from": [ 1.25, 6.5, 7.5 ],
    "to": [ 3.75, 7, 8.5 ],
    "faces": {
        "down":  { "uv": [ 1, 12.5, 4, 12 ], "texture": "#texture" },
        "up":    { "uv": [ 1, 12, 4, 12.5 ], "texture": "#texture" },
        "north": { "uv": [ 4, 12, 1, 12.5 ], "texture": "#texture" },
        "south": { "uv": [ 1, 12, 4, 12.5 ], "texture": "#texture" },
        "west":  { "uv": [ 1, 12, 1.5, 12.5 ], "texture": "#texture" },
        "east":  { "uv": [ 4, 12, 3.5, 12.5 ], "texture": "#texture" }
    }
},
{
    "from": [ 1.5, 14.5, 7.5 ],
    "to": [ 7.5, 15, 8.5 ],
    "faces": {
        "down":  { "uv": [ 1.5, 4, 7.5, 3.5 ], "texture": "#texture" },
        "up":    { "uv": [ 1.5, 3.5, 7.5, 4 ], "texture": "#texture" },
        "north": { "uv": [ 7.5, 3.5, 1.5, 4 ], "texture": "#texture" },
        "south": { "uv": [ 1.5, 3.5, 7.5, 4 ], "texture": "#texture" },
        "west":  { "uv": [ 1.5, 3.5, 2, 4 ], "texture": "#texture" },
        "east":  { "uv": [ 7.5, 3.5, 7, 4 ], "texture": "#texture" }
    }
},
{
    "from": [ 1.5, 12, 7.5 ],
    "to": [ 3.5, 12.5, 8.5 ],
    "faces": {
        "down":  { "uv": [ 1.5, 6.5, 3.5, 6 ], "texture": "#texture" },
        "up":    { "uv": [ 1.5, 6, 3.5, 6.5 ], "texture": "#texture" },
        "north": { "uv": [ 3.5, 6, 1.5, 6.5 ], "texture": "#texture" },
        "south": { "uv": [ 1.5, 6, 3.5, 6.5 ], "texture": "#texture" },
        "west":  { "uv": [ 1.5, 6, 2, 6.5 ], "texture": "#texture" },
        "east":  { "uv": [ 3.5, 6, 3, 6.5 ], "texture": "#texture" }
    }
},
{
    "from": [ 1.5, 11, 7.5 ],
    "to": [ 3.5, 11.5, 8.5 ],
    "faces": {
        "down":  { "uv": [ 1.5, 7.5, 3.5, 7 ], "texture": "#texture" },
        "up":    { "uv": [ 1.5, 7, 3.5, 7.5 ], "texture": "#texture" },
        "north": { "uv": [ 3.5, 7, 1.5, 7.5 ], "texture": "#texture" },
        "south": { "uv": [ 1.5, 7, 3.5, 7.5 ], "texture": "#texture" },
        "west":  { "uv": [ 1.5, 7, 2, 7.5 ], "texture": "#texture" },
        "east":  { "uv": [ 3.5, 7, 3, 7.5 ], "texture": "#texture" }
    }
},
{
    "from": [ 1.5, 8, 7 ],
    "to": [ 3.5, 10.5, 9 ],
    "faces": {
        "down":  { "uv": [ 1.5, 10.5, 3.5, 10 ], "texture": "#texture" },
        "up":    { "uv": [ 1.5, 8, 3.5, 8.5 ], "texture": "#texture" },
        "north": { "uv": [ 1.5, 8, 3.5, 10.5 ], "texture": "#texture" },
        "south": { "uv": [ 1.5, 8, 3.5, 10.5 ], "texture": "#texture" },
        "west":  { "uv": [ 3.5, 8, 1.5, 10.5 ], "texture": "#texture" },
        "east":  { "uv": [ 3.5, 8, 1.5, 10.5 ], "texture": "#texture" }
    }
},
{
    "from": [ 1.5, 7, 7.5 ],
    "to": [ 3.5, 7.5, 8.5 ],
    "faces": {
        "down":  { "uv": [ 1.5, 12, 3.5, 11.5 ], "texture": "#texture" },
        "up":    { "uv": [ 1.5, 11.5, 3.5, 12 ], "texture": "#texture" },
        "north": { "uv": [ 3.5, 11.5, 1.5, 12 ], "texture": "#texture" },
        "south": { "uv": [ 1.5, 11.5, 3.5, 12 ], "texture": "#texture" },
        "west":  { "uv": [ 1.5, 11.5, 2, 12 ], "texture": "#texture" },
        "east":  { "uv": [ 3.5, 11.5, 3, 12 ], "texture": "#texture" }
    }
},
{
    "from": [ 2, 15, 7.5 ],
    "to": [ 9.5, 15.5, 8.5 ],
    "faces": {
        "down":  { "uv": [ 2, 3.5, 9.5, 3 ], "texture": "#texture" },
        "up":    { "uv": [ 2, 3, 9.5, 3.5 ], "texture": "#texture" },
        "north": { "uv": [ 9.5, 3, 2, 3.5 ], "texture": "#texture" },
        "south": { "uv": [ 2, 3, 9.5, 3.5 ], "texture": "#texture" },
        "west":  { "uv": [ 2, 3, 2.5, 3.5 ], "texture": "#texture" },
        "east":  { "uv": [ 9.5, 3, 9, 3.5 ], "texture": "#texture" }
    }
},
{
    "from": [ 2, 10.5, 7.5 ],
    "to": [ 3, 11, 8.5 ],
    "faces": {
        "down":  { "uv": [ 2, 8, 3, 7.5 ], "texture": "#texture" },
        "up":    { "uv": [ 2, 7.5, 3, 8 ], "texture": "#texture" },
        "north": { "uv": [ 3, 7.5, 2, 8 ], "texture": "#texture" },
        "south": { "uv": [ 2, 7.5, 3, 8 ], "texture": "#texture" },
        "west":  { "uv": [ 2, 7.5, 2.5, 8 ], "texture": "#texture" },
        "east":  { "uv": [ 3, 7.5, 2.5, 8 ], "texture": "#texture" }
    }
},
{
    "from": [ 2, 7.5, 7.5 ],
    "to": [ 3, 8, 8.5 ],
    "faces": {
        "down":  { "uv": [ 2, 11, 3, 10.5 ], "texture": "#texture" },
        "up":    { "uv": [ 2, 10.5, 3, 11 ], "texture": "#texture" },
        "north": { "uv": [ 3, 10.5, 2, 11 ], "texture": "#texture" },
        "south": { "uv": [ 2, 10.5, 3, 11 ], "texture": "#texture" },
        "west":  { "uv": [ 2, 10.5, 2.5, 11 ], "texture": "#texture" },
        "east":  { "uv": [ 3, 10.5, 2.5, 11 ], "texture": "#texture" }
    }
},
{
    "from": [ 2.5, 15.5, 7.5 ],
    "to": [ 12, 16, 8.5 ],
    "faces": {
        "down":  { "uv": [ 2.5, 3, 12, 2.5 ], "texture": "#texture" },
        "up":    { "uv": [ 2.5, 2.5, 12, 3 ], "texture": "#texture" },
        "north": { "uv": [ 12, 2.5, 2.5, 3 ], "texture": "#texture" },
        "south": { "uv": [ 2.5, 2.5, 12, 3 ], "texture": "#texture" },
        "west":  { "uv": [ 2.5, 2.5, 3, 3 ], "texture": "#texture" },
        "east":  { "uv": [ 12, 2.5, 11.5, 3 ], "texture": "#texture" }
    }
},
{
    "from": [ 3.5, 16, 7.5 ],
    "to": [ 13, 16.5, 8.5 ],
    "faces": {
        "down":  { "uv": [ 3.5, 2.5, 13, 2 ], "texture": "#texture" },
        "up":    { "uv": [ 3.5, 2, 13, 2.5 ], "texture": "#texture" },
        "north": { "uv": [ 13, 2, 3.5, 2.5 ], "texture": "#texture" },
        "south": { "uv": [ 3.5, 2, 13, 2.5 ], "texture": "#texture" },
        "west":  { "uv": [ 3.5, 2, 4, 2.5 ], "texture": "#texture" },
        "east":  { "uv": [ 13, 2, 12.5, 2.5 ], "texture": "#texture" }
    }
},
{
    "from": [ 4, 13, 7.5 ],
    "to": [ 4.5, 14.5, 8.5 ],
    "faces": {
        "down":  { "uv": [ 4, 5.5, 4.5, 5 ], "texture": "#texture" },
        "up":    { "uv": [ 4, 4, 4.5, 4.5 ], "texture": "#texture" },
        "north": { "uv": [ 4.5, 4, 4, 5.5 ], "texture": "#texture" },
        "south": { "uv": [ 4, 4, 4.5, 5.5 ], "texture": "#texture" },
        "west":  { "uv": [ 4, 4, 4.5, 5.5 ], "texture": "#texture" },
        "east":  { "uv": [ 4.5, 4, 4, 5.5 ], "texture": "#texture" }
    }
},
{
    "from": [ 1, 4, 7.5 ],
    "to": [ 4, 6, 8.5 ],
    "faces": {
        "down":  { "uv": [ 4, 12, 7, 11.5 ], "texture": "#texture" },
        "up":    { "uv": [ 4, 10, 7, 10.5 ], "texture": "#texture" },
        "north": { "uv": [ 7, 10, 4, 12 ], "texture": "#texture" },
        "south": { "uv": [ 4, 10, 7, 12 ], "texture": "#texture" },
        "west":  { "uv": [ 4, 10, 4.5, 12 ], "texture": "#texture" },
        "east":  { "uv": [ 7, 10, 6.5, 12 ], "texture": "#texture" }
    }
},
{
    "from": [ 4.5, 16.5, 7.5 ],
    "to": [ 9.5, 17, 8.5 ],
    "faces": {
        "down":  { "uv": [ 4.5, 2, 9.5, 1.5 ], "texture": "#texture" },
        "up":    { "uv": [ 4.5, 1.5, 9.5, 2 ], "texture": "#texture" },
        "north": { "uv": [ 9.5, 1.5, 4.5, 2 ], "texture": "#texture" },
        "south": { "uv": [ 4.5, 1.5, 9.5, 2 ], "texture": "#texture" },
        "west":  { "uv": [ 4.5, 1.5, 5, 2 ], "texture": "#texture" },
        "east":  { "uv": [ 9.5, 1.5, 9, 2 ], "texture": "#texture" }
    }
},
{
    "from": [ 4.5, 13.5, 7.5 ],
    "to": [ 5.5, 14.5, 8.5 ],
    "faces": {
        "down":  { "uv": [ 4.5, 5, 5.5, 4.5 ], "texture": "#texture" },
        "up":    { "uv": [ 4.5, 4, 5.5, 4.5 ], "texture": "#texture" },
        "north": { "uv": [ 5.5, 4, 4.5, 5 ], "texture": "#texture" },
        "south": { "uv": [ 4.5, 4, 5.5, 5 ], "texture": "#texture" },
        "west":  { "uv": [ 4.5, 4, 5, 5 ], "texture": "#texture" },
        "east":  { "uv": [ 5.5, 4, 5, 5 ], "texture": "#texture" }
    }
},
{
    "from": [ 1.5, 6, 7.5 ],
    "to": [ 3.5, 6.5, 8.5 ],
    "faces": {
        "down":  { "uv": [ 4.5, 10, 6.5, 9.5 ], "texture": "#texture" },
        "up":    { "uv": [ 4.5, 9.5, 6.5, 10 ], "texture": "#texture" },
        "north": { "uv": [ 6.5, 9.5, 4.5, 10 ], "texture": "#texture" },
        "south": { "uv": [ 4.5, 9.5, 6.5, 10 ], "texture": "#texture" },
        "west":  { "uv": [ 4.5, 9.5, 5, 10 ], "texture": "#texture" },
        "east":  { "uv": [ 6.5, 9.5, 6, 10 ], "texture": "#texture" }
    }
},
{
    "from": [ 1.5, 3.5, 7.5 ],
    "to": [ 7.5, 4, 8.5 ],
    "faces": {
        "down":  { "uv": [ 4.5, 12.5, 10.5, 12 ], "texture": "#texture" },
        "up":    { "uv": [ 4.5, 12, 10.5, 12.5 ], "texture": "#texture" },
        "north": { "uv": [ 10.5, 12, 4.5, 12.5 ], "texture": "#texture" },
        "south": { "uv": [ 4.5, 12, 10.5, 12.5 ], "texture": "#texture" },
        "west":  { "uv": [ 4.5, 12, 5, 12.5 ], "texture": "#texture" },
        "east":  { "uv": [ 10.5, 12, 10, 12.5 ], "texture": "#texture" }
    }
},
{
    "from": [ 2, 3, 7.5 ],
    "to": [ 9.5, 3.5, 8.5 ],
    "faces": {
        "down":  { "uv": [ 5, 13, 12.5, 12.5 ], "texture": "#texture" },
        "up":    { "uv": [ 5, 12.5, 12.5, 13 ], "texture": "#texture" },
        "north": { "uv": [ 12.5, 12.5, 5, 13 ], "texture": "#texture" },
        "south": { "uv": [ 5, 12.5, 12.5, 13 ], "texture": "#texture" },
        "west":  { "uv": [ 5, 12.5, 5.5, 13 ], "texture": "#texture" },
        "east":  { "uv": [ 12.5, 12.5, 12, 13 ], "texture": "#texture" }
    }
},
{
    "from": [ 5.5, 17, 7.5 ],
    "to": [ 11.5, 17.5, 8.5 ],
    "faces": {
        "down":  { "uv": [ 5.5, 1.5, 11.5, 1 ], "texture": "#texture" },
        "up":    { "uv": [ 5.5, 1, 11.5, 1.5 ], "texture": "#texture" },
        "north": { "uv": [ 11.5, 1, 5.5, 1.5 ], "texture": "#texture" },
        "south": { "uv": [ 5.5, 1, 11.5, 1.5 ], "texture": "#texture" },
        "west":  { "uv": [ 5.5, 1, 6, 1.5 ], "texture": "#texture" },
        "east":  { "uv": [ 11.5, 1, 11, 1.5 ], "texture": "#texture" }
    }
},
{
    "from": [ 5.5, 14, 7.5 ],
    "to": [ 6.5, 14.5, 8.5 ],
    "faces": {
        "down":  { "uv": [ 5.5, 4.5, 6.5, 4 ], "texture": "#texture" },
        "up":    { "uv": [ 5.5, 4, 6.5, 4.5 ], "texture": "#texture" },
        "north": { "uv": [ 6.5, 4, 5.5, 4.5 ], "texture": "#texture" },
        "south": { "uv": [ 5.5, 4, 6.5, 4.5 ], "texture": "#texture" },
        "west":  { "uv": [ 5.5, 4, 6, 4.5 ], "texture": "#texture" },
        "east":  { "uv": [ 6.5, 4, 6, 4.5 ], "texture": "#texture" }
    }
},
{
    "from": [ 2.5, 2.5, 7.5 ],
    "to": [ 12, 3, 8.5 ],
    "faces": {
        "down":  { "uv": [ 5.5, 13.5, 15, 13 ], "texture": "#texture" },
        "up":    { "uv": [ 5.5, 13, 15, 13.5 ], "texture": "#texture" },
        "north": { "uv": [ 15, 13, 5.5, 13.5 ], "texture": "#texture" },
        "south": { "uv": [ 5.5, 13, 15, 13.5 ], "texture": "#texture" },
        "west":  { "uv": [ 5.5, 13, 6, 13.5 ], "texture": "#texture" },
        "east":  { "uv": [ 15, 13, 14.5, 13.5 ], "texture": "#texture" }
    }
},
{
    "from": [ 6.5, 17.5, 7.5 ],
    "to": [ 12.5, 18, 8.5 ],
    "faces": {
        "down":  { "uv": [ 6.5, 1, 12.5, 0.5 ], "texture": "#texture" },
        "up":    { "uv": [ 6.5, 0.5, 12.5, 1 ], "texture": "#texture" },
        "north": { "uv": [ 12.5, 0.5, 6.5, 1 ], "texture": "#texture" },
        "south": { "uv": [ 6.5, 0.5, 12.5, 1 ], "texture": "#texture" },
        "west":  { "uv": [ 6.5, 0.5, 7, 1 ], "texture": "#texture" },
        "east":  { "uv": [ 12.5, 0.5, 12, 1 ], "texture": "#texture" }
    }
},
{
    "from": [ 3.5, 2, 7.5 ],
    "to": [ 13, 2.5, 8.5 ],
    "faces": {
        "down":  { "uv": [ 6.5, 14, 16, 13.5 ], "texture": "#texture" },
        "up":    { "uv": [ 6.5, 13.5, 16, 14 ], "texture": "#texture" },
        "north": { "uv": [ 16, 13.5, 6.5, 14 ], "texture": "#texture" },
        "south": { "uv": [ 6.5, 13.5, 16, 14 ], "texture": "#texture" },
        "west":  { "uv": [ 6.5, 13.5, 7, 14 ], "texture": "#texture" },
        "east":  { "uv": [ 16, 13.5, 15.5, 14 ], "texture": "#texture" }
    }
},
{
    "from": [ 7, 18, 7.5 ],
    "to": [ 10, 18.5, 8.5 ],
    "faces": {
        "down":  { "uv": [ 7, 0.5, 10, 0 ], "texture": "#texture" },
        "up":    { "uv": [ 7, 0, 10, 0.5 ], "texture": "#texture" },
        "north": { "uv": [ 10, 0, 7, 0.5 ], "texture": "#texture" },
        "south": { "uv": [ 7, 0, 10, 0.5 ], "texture": "#texture" },
        "west":  { "uv": [ 7, 0, 7.5, 0.5 ], "texture": "#texture" },
        "east":  { "uv": [ 10, 0, 9.5, 0.5 ], "texture": "#texture" }
    }
},
{
    "from": [ 4, 4, 7.5 ],
    "to": [ 4.5, 5.5, 8.5 ],
    "faces": {
        "down":  { "uv": [ 7, 12, 7.5, 11.5 ], "texture": "#texture" },
        "up":    { "uv": [ 7, 10.5, 7.5, 11 ], "texture": "#texture" },
        "north": { "uv": [ 7.5, 10.5, 7, 12 ], "texture": "#texture" },
        "south": { "uv": [ 7, 10.5, 7.5, 12 ], "texture": "#texture" },
        "west":  { "uv": [ 7, 10.5, 7.5, 12 ], "texture": "#texture" },
        "east":  { "uv": [ 7.5, 10.5, 7, 12 ], "texture": "#texture" }
    }
},
{
    "from": [ 4.5, 4, 7.5 ],
    "to": [ 5.5, 5, 8.5 ],
    "faces": {
        "down":  { "uv": [ 7.5, 12, 8.5, 11.5 ], "texture": "#texture" },
        "up":    { "uv": [ 7.5, 11, 8.5, 11.5 ], "texture": "#texture" },
        "north": { "uv": [ 8.5, 11, 7.5, 12 ], "texture": "#texture" },
        "south": { "uv": [ 7.5, 11, 8.5, 12 ], "texture": "#texture" },
        "west":  { "uv": [ 7.5, 11, 8, 12 ], "texture": "#texture" },
        "east":  { "uv": [ 8.5, 11, 8, 12 ], "texture": "#texture" }
    }
},
{
    "from": [ 4.5, 1.5, 7.5 ],
    "to": [ 9.5, 2, 8.5 ],
    "faces": {
        "down":  { "uv": [ 7.5, 14.5, 12.5, 14 ], "texture": "#texture" },
        "up":    { "uv": [ 7.5, 14, 12.5, 14.5 ], "texture": "#texture" },
        "north": { "uv": [ 12.5, 14, 7.5, 14.5 ], "texture": "#texture" },
        "south": { "uv": [ 7.5, 14, 12.5, 14.5 ], "texture": "#texture" },
        "west":  { "uv": [ 7.5, 14, 8, 14.5 ], "texture": "#texture" },
        "east":  { "uv": [ 12.5, 14, 12, 14.5 ], "texture": "#texture" }
    }
},
{
    "from": [ 8.5, 14.5, 7.5 ],
    "to": [ 11.5, 15, 8.5 ],
    "faces": {
        "down":  { "uv": [ 8.5, 4, 11.5, 3.5 ], "texture": "#texture" },
        "up":    { "uv": [ 8.5, 3.5, 11.5, 4 ], "texture": "#texture" },
        "north": { "uv": [ 11.5, 3.5, 8.5, 4 ], "texture": "#texture" },
        "south": { "uv": [ 8.5, 3.5, 11.5, 4 ], "texture": "#texture" },
        "west":  { "uv": [ 8.5, 3.5, 9, 4 ], "texture": "#texture" },
        "east":  { "uv": [ 11.5, 3.5, 11, 4 ], "texture": "#texture" }
    }
},
{
    "from": [ 5.5, 4, 7.5 ],
    "to": [ 6.5, 4.5, 8.5 ],
    "faces": {
        "down":  { "uv": [ 8.5, 12, 9.5, 11.5 ], "texture": "#texture" },
        "up":    { "uv": [ 8.5, 11.5, 9.5, 12 ], "texture": "#texture" },
        "north": { "uv": [ 9.5, 11.5, 8.5, 12 ], "texture": "#texture" },
        "south": { "uv": [ 8.5, 11.5, 9.5, 12 ], "texture": "#texture" },
        "west":  { "uv": [ 8.5, 11.5, 9, 12 ], "texture": "#texture" },
        "east":  { "uv": [ 9.5, 11.5, 9, 12 ], "texture": "#texture" }
    }
},
{
    "from": [ 5.5, 1, 7.5 ],
    "to": [ 11.5, 1.5, 8.5 ],
    "faces": {
        "down":  { "uv": [ 8.5, 15, 14.5, 14.5 ], "texture": "#texture" },
        "up":    { "uv": [ 8.5, 14.5, 14.5, 15 ], "texture": "#texture" },
        "north": { "uv": [ 14.5, 14.5, 8.5, 15 ], "texture": "#texture" },
        "south": { "uv": [ 8.5, 14.5, 14.5, 15 ], "texture": "#texture" },
        "west":  { "uv": [ 8.5, 14.5, 9, 15 ], "texture": "#texture" },
        "east":  { "uv": [ 14.5, 14.5, 14, 15 ], "texture": "#texture" }
    }
},
{
    "from": [ 6.5, 0.5, 7.5 ],
    "to": [ 12.5, 1, 8.5 ],
    "faces": {
        "down":  { "uv": [ 9.5, 15.5, 15.5, 15 ], "texture": "#texture" },
        "up":    { "uv": [ 9.5, 15, 15.5, 15.5 ], "texture": "#texture" },
        "north": { "uv": [ 15.5, 15, 9.5, 15.5 ], "texture": "#texture" },
        "south": { "uv": [ 9.5, 15, 15.5, 15.5 ], "texture": "#texture" },
        "west":  { "uv": [ 9.5, 15, 10, 15.5 ], "texture": "#texture" },
        "east":  { "uv": [ 15.5, 15, 15, 15.5 ], "texture": "#texture" }
    }
},
{
    "from": [ 7, 0, 7.5 ],
    "to": [ 10, 0.5, 8.5 ],
    "faces": {
        "down":  { "uv": [ 10, 16, 13, 15.5 ], "texture": "#texture" },
        "up":    { "uv": [ 10, 15.5, 13, 16 ], "texture": "#texture" },
        "north": { "uv": [ 13, 15.5, 10, 16 ], "texture": "#texture" },
        "south": { "uv": [ 10, 15.5, 13, 16 ], "texture": "#texture" },
        "west":  { "uv": [ 10, 15.5, 10.5, 16 ], "texture": "#texture" },
        "east":  { "uv": [ 13, 15.5, 12.5, 16 ], "texture": "#texture" }
    }
},
{
    "from": [ 8.5, 3.5, 7.5 ],
    "to": [ 11.5, 4, 8.5 ],
    "faces": {
        "down":  { "uv": [ 11.5, 12.5, 14.5, 12 ], "texture": "#texture" },
        "up":    { "uv": [ 11.5, 12, 14.5, 12.5 ], "texture": "#texture" },
        "north": { "uv": [ 14.5, 12, 11.5, 12.5 ], "texture": "#texture" },
        "south": { "uv": [ 11.5, 12, 14.5, 12.5 ], "texture": "#texture" },
        "west":  { "uv": [ 11.5, 12, 12, 12.5 ], "texture": "#texture" },
        "east":  { "uv": [ 14.5, 12, 14, 12.5 ], "texture": "#texture" }
    }
},
{
    "from": [ 7.5, 3.5, 7.75 ],
    "to": [ 8, 15, 8.25 ],
    "faces": {
        "down":  { "uv": [ 15.5, 11, 16, 11.5 ], "texture": "#texture" },
        "up":    { "uv": [ 15.5, 0, 16, 0.5 ], "texture": "#texture" },
        "north": { "uv": [ 15.5, 0, 16, 11.5 ], "texture": "#texture" },
        "south": { "uv": [ 15.5, 0, 16, 11.5 ], "texture": "#texture" },
        "west":  { "uv": [ 15.5, 0, 16, 11.5 ], "texture": "#texture" },
        "east":  { "uv": [ 15.5, 0, 16, 11.5 ], "texture": "#texture" }
    }
}
],
"display": {
    "thirdperson_righthand": {
        "rotation": [ 0, -90, 0 ],
        "translation": [ 0, -2.65, 8.5 ],
        "scale": [ 1.5, 1.5, 1.5 ]
    },
    "thirdperson_lefthand": {
        "rotation": [ 0, 90, 0 ],
        "translation": [ 0, -2.65, 8.5 ],
        "scale": [ 1.5, 1.5, 1.5 ]
    },
    "ground": {
        "rotation": [ 0, 0, -45 ],
        "translation": [ 0, 5.29, 0 ],
        "scale": [ 0.5, 0.5, 0.5 ]
    },
    "fixed": {
        "rotation": [ 0, 0, -45 ],
        "translation": [ -0.76, -0.94, 0.19 ],
        "scale": [ 1, 1, 1 ]
    },
    "firstperson_righthand": {
        "rotation": [ 0, -85, 0 ],
        "translation": [ 0, 2.65, 3.02 ],
        "scale": [ 1, 1, 1 ]
    },
    "firstperson_lefthand": {
        "rotation": [ 0, 89, 0 ],
        "translation": [ 0, 2.65, 1.7 ],
        "scale": [ 1, 1, 1 ]
    },
    "gui": {
        "rotation": [ 0, 180, -45 ],
        "translation": [ 0.38, -0.57, 0 ],
        "scale": [ 0.75, 0.75, 0.75 ]
    }
}
}