{
	"__comment": "Designed by Zeibo with Cubik Studio - https://cubik.studio",
	"textures": {
		"bow_pulling_1_1": "item/bow02_pulling_1",
		"bow_pulling_1": "item/bow02_pulling_1"
	},
	"elements": [ 	 
		{
			"__comment": "Box2",
			"from": [ 14, 11.5, 7.375 ],
			"to": [ 14.25, 11.75, 7.625 ],
			"faces": {
				"down": { "uv": [ 4.5, 14.25, 4.25, 14 ], "texture": "#bow_pulling_1_1", "rotation": 90 },
				"up": { "uv": [ 4.5, 14.25, 4.25, 14 ], "texture": "#bow_pulling_1_1", "rotation": 90 },
				"north": { "uv": [ 4.5, 14.25, 4.25, 14 ], "texture": "#bow_pulling_1_1", "rotation": 270 },
				"south": { "uv": [ 4.25, 14.25, 4.5, 14 ], "texture": "#bow_pulling_1_1", "rotation": 90 },
				"west": { "uv": [ 4.25, 14.25, 4.5, 14 ], "texture": "#bow_pulling_1_1", "rotation": 90 },
				"east": { "uv": [ 4.5, 14.25, 4.25, 14 ], "texture": "#bow_pulling_1_1", "rotation": 270 }
			}
		},
		{
			"__comment": "Box3",
			"from": [ 13.75, 11.25, 7.375 ],
			"to": [ 14, 11.5, 7.625 ],
			"faces": {
				"down": { "uv": [ 5, 14, 4.75, 13.75 ], "texture": "#bow_pulling_1_1", "rotation": 90 },
				"up": { "uv": [ 4.75, 14, 4.5, 13.75 ], "texture": "#bow_pulling_1_1", "rotation": 90 },
				"north": { "uv": [ 5, 14, 4.5, 13.75 ], "texture": "#bow_pulling_1_1", "rotation": 270 },
				"south": { "uv": [ 4.5, 14, 5, 13.75 ], "texture": "#bow_pulling_1_1", "rotation": 90 },
				"west": { "uv": [ 4.5, 14, 5, 13.75 ], "texture": "#bow_pulling_1_1", "rotation": 90 },
				"east": { "uv": [ 5, 14, 4.5, 13.75 ], "texture": "#bow_pulling_1_1", "rotation": 270 }
			}
		},
		{
			"__comment": "Box4",
			"from": [ 13.5, 10.75, 7.375 ],
			"to": [ 13.75, 11, 7.625 ],
			"faces": {
				"down": { "uv": [ 5.5, 13.75, 5.25, 13.5 ], "texture": "#bow_pulling_1_1", "rotation": 90 },
				"up": { "uv": [ 5.25, 13.75, 5, 13.5 ], "texture": "#bow_pulling_1_1", "rotation": 90 },
				"north": { "uv": [ 5.5, 13.75, 5, 13.5 ], "texture": "#bow_pulling_1_1", "rotation": 270 },
				"south": { "uv": [ 5, 13.75, 5.5, 13.5 ], "texture": "#bow_pulling_1_1", "rotation": 90 },
				"west": { "uv": [ 5, 13.75, 5.5, 13.5 ], "texture": "#bow_pulling_1_1", "rotation": 90 },
				"east": { "uv": [ 5.5, 13.75, 5, 13.5 ], "texture": "#bow_pulling_1_1", "rotation": 270 }
			}
		},
		{
			"__comment": "Box5",
			"from": [ 13.25, 10.25, 7.375 ],
			"to": [ 13.5, 10.5, 7.625 ],
			"faces": {
				"down": { "uv": [ 5.75, 13.5, 5.5, 13.25 ], "texture": "#bow_pulling_1_1", "rotation": 90 },
				"up": { "uv": [ 5.75, 13.5, 5.5, 13.25 ], "texture": "#bow_pulling_1_1", "rotation": 90 },
				"north": { "uv": [ 5.75, 13.5, 5.5, 13.25 ], "texture": "#bow_pulling_1_1", "rotation": 270 },
				"south": { "uv": [ 5.5, 13.5, 5.75, 13.25 ], "texture": "#bow_pulling_1_1", "rotation": 90 },
				"west": { "uv": [ 5.5, 13.5, 5.75, 13.25 ], "texture": "#bow_pulling_1_1", "rotation": 90 },
				"east": { "uv": [ 5.75, 13.5, 5.5, 13.25 ], "texture": "#bow_pulling_1_1", "rotation": 270 }
			}
		},
		{
			"__comment": "Box6",
			"from": [ 13, 10, 7.375 ],
			"to": [ 13.25, 10.25, 7.625 ],
			"faces": {
				"down": { "uv": [ 6.25, 13.25, 6, 13 ], "texture": "#bow_pulling_1_1", "rotation": 90 },
				"up": { "uv": [ 6, 13.25, 5.75, 13 ], "texture": "#bow_pulling_1_1", "rotation": 90 },
				"north": { "uv": [ 6.25, 13.25, 5.75, 13 ], "texture": "#bow_pulling_1_1", "rotation": 270 },
				"south": { "uv": [ 5.75, 13.25, 6.25, 13 ], "texture": "#bow_pulling_1_1", "rotation": 90 },
				"west": { "uv": [ 5.75, 13.25, 6.25, 13 ], "texture": "#bow_pulling_1_1", "rotation": 90 },
				"east": { "uv": [ 6.25, 13.25, 5.75, 13 ], "texture": "#bow_pulling_1_1", "rotation": 270 }
			}
		},
		{
			"__comment": "Box7",
			"from": [ 12.75, 9.5, 7.375 ],
			"to": [ 13, 9.75, 7.625 ],
			"faces": {
				"down": { "uv": [ 6.5, 13, 6.25, 12.75 ], "texture": "#bow_pulling_1_1", "rotation": 90 },
				"up": { "uv": [ 6.5, 13, 6.25, 12.75 ], "texture": "#bow_pulling_1_1", "rotation": 90 },
				"north": { "uv": [ 6.5, 13, 6.25, 12.75 ], "texture": "#bow_pulling_1_1", "rotation": 270 },
				"south": { "uv": [ 6.25, 13, 6.5, 12.75 ], "texture": "#bow_pulling_1_1", "rotation": 90 },
				"west": { "uv": [ 6.25, 13, 6.5, 12.75 ], "texture": "#bow_pulling_1_1", "rotation": 90 },
				"east": { "uv": [ 6.5, 13, 6.25, 12.75 ], "texture": "#bow_pulling_1_1", "rotation": 270 }
			}
		},
		{
			"__comment": "Box8",
			"from": [ 12.5, 9.25, 7.375 ],
			"to": [ 12.75, 9.5, 7.625 ],
			"faces": {
				"down": { "uv": [ 7, 12.75, 6.75, 12.5 ], "texture": "#bow_pulling_1_1", "rotation": 90 },
				"up": { "uv": [ 6.75, 12.75, 6.5, 12.5 ], "texture": "#bow_pulling_1_1", "rotation": 90 },
				"north": { "uv": [ 7, 12.75, 6.5, 12.5 ], "texture": "#bow_pulling_1_1", "rotation": 270 },
				"south": { "uv": [ 6.5, 12.75, 7, 12.5 ], "texture": "#bow_pulling_1_1", "rotation": 90 },
				"west": { "uv": [ 6.5, 12.75, 7, 12.5 ], "texture": "#bow_pulling_1_1", "rotation": 90 },
				"east": { "uv": [ 7, 12.75, 6.5, 12.5 ], "texture": "#bow_pulling_1_1", "rotation": 270 }
			}
		},
		{
			"__comment": "Box9",
			"from": [ 12.25, 8.75, 7.375 ],
			"to": [ 12.5, 9, 7.625 ],
			"faces": {
				"down": { "uv": [ 7.5, 12.5, 7.25, 12.25 ], "texture": "#bow_pulling_1_1", "rotation": 90 },
				"up": { "uv": [ 7.25, 12.5, 7, 12.25 ], "texture": "#bow_pulling_1_1", "rotation": 90 },
				"north": { "uv": [ 7.5, 12.5, 7, 12.25 ], "texture": "#bow_pulling_1_1", "rotation": 270 },
				"south": { "uv": [ 7, 12.5, 7.5, 12.25 ], "texture": "#bow_pulling_1_1", "rotation": 90 },
				"west": { "uv": [ 7, 12.5, 7.5, 12.25 ], "texture": "#bow_pulling_1_1", "rotation": 90 },
				"east": { "uv": [ 7.5, 12.5, 7, 12.25 ], "texture": "#bow_pulling_1_1", "rotation": 270 }
			}
		},
		{
			"__comment": "Box10",
			"from": [ 12, 8.25, 7.375 ],
			"to": [ 12.25, 8.5, 7.625 ],
			"faces": {
				"down": { "uv": [ 7.75, 12.25, 7.5, 12 ], "texture": "#bow_pulling_1_1", "rotation": 90 },
				"up": { "uv": [ 7.75, 12.25, 7.5, 12 ], "texture": "#bow_pulling_1_1", "rotation": 90 },
				"north": { "uv": [ 7.75, 12.25, 7.5, 12 ], "texture": "#bow_pulling_1_1", "rotation": 270 },
				"south": { "uv": [ 7.5, 12.25, 7.75, 12 ], "texture": "#bow_pulling_1_1", "rotation": 90 },
				"west": { "uv": [ 7.5, 12.25, 7.75, 12 ], "texture": "#bow_pulling_1_1", "rotation": 90 },
				"east": { "uv": [ 7.75, 12.25, 7.5, 12 ], "texture": "#bow_pulling_1_1", "rotation": 270 }
			}
		},
		{
			"__comment": "Box11",
			"from": [ 11.75, 8, 7.375 ],
			"to": [ 12, 8.25, 7.625 ],
			"faces": {
				"down": { "uv": [ 8.25, 12, 8, 11.75 ], "texture": "#bow_pulling_1_1", "rotation": 90 },
				"up": { "uv": [ 8, 12, 7.75, 11.75 ], "texture": "#bow_pulling_1_1", "rotation": 90 },
				"north": { "uv": [ 8.25, 12, 7.75, 11.75 ], "texture": "#bow_pulling_1_1", "rotation": 270 },
				"south": { "uv": [ 7.75, 12, 8.25, 11.75 ], "texture": "#bow_pulling_1_1", "rotation": 90 },
				"west": { "uv": [ 7.75, 12, 8.25, 11.75 ], "texture": "#bow_pulling_1_1", "rotation": 90 },
				"east": { "uv": [ 8.25, 12, 7.75, 11.75 ], "texture": "#bow_pulling_1_1", "rotation": 270 }
			}
		},
		{
			"__comment": "Box12",
			"from": [ 11.5, 7.5, 7.375 ],
			"to": [ 11.75, 7.75, 7.625 ],
			"faces": {
				"down": { "uv": [ 8.5, 11.75, 8.25, 11.5 ], "texture": "#bow_pulling_1_1", "rotation": 90 },
				"up": { "uv": [ 8.5, 11.75, 8.25, 11.5 ], "texture": "#bow_pulling_1_1", "rotation": 90 },
				"north": { "uv": [ 8.5, 11.75, 8.25, 11.5 ], "texture": "#bow_pulling_1_1", "rotation": 270 },
				"south": { "uv": [ 8.25, 11.75, 8.5, 11.5 ], "texture": "#bow_pulling_1_1", "rotation": 90 },
				"west": { "uv": [ 8.25, 11.75, 8.5, 11.5 ], "texture": "#bow_pulling_1_1", "rotation": 90 },
				"east": { "uv": [ 8.5, 11.75, 8.25, 11.5 ], "texture": "#bow_pulling_1_1", "rotation": 270 }
			}
		},
		{
			"__comment": "Box13",
			"from": [ 11.25, 7.25, 7.375 ],
			"to": [ 11.5, 7.5, 7.625 ],
			"faces": {
				"down": { "uv": [ 9, 11.5, 8.75, 11.25 ], "texture": "#bow_pulling_1_1", "rotation": 90 },
				"up": { "uv": [ 8.75, 11.5, 8.5, 11.25 ], "texture": "#bow_pulling_1_1", "rotation": 90 },
				"north": { "uv": [ 9, 11.5, 8.5, 11.25 ], "texture": "#bow_pulling_1_1", "rotation": 270 },
				"south": { "uv": [ 8.5, 11.5, 9, 11.25 ], "texture": "#bow_pulling_1_1", "rotation": 90 },
				"west": { "uv": [ 8.5, 11.5, 9, 11.25 ], "texture": "#bow_pulling_1_1", "rotation": 90 },
				"east": { "uv": [ 9, 11.5, 8.5, 11.25 ], "texture": "#bow_pulling_1_1", "rotation": 270 }
			}
		},
		{
			"__comment": "Box14",
			"from": [ 11, 6.75, 7.375 ],
			"to": [ 11.25, 7, 7.625 ],
			"faces": {
				"down": { "uv": [ 9.5, 11.25, 9.25, 11 ], "texture": "#bow_pulling_1_1", "rotation": 90 },
				"up": { "uv": [ 9.25, 11.25, 9, 11 ], "texture": "#bow_pulling_1_1", "rotation": 90 },
				"north": { "uv": [ 9.5, 11.25, 9, 11 ], "texture": "#bow_pulling_1_1", "rotation": 270 },
				"south": { "uv": [ 9, 11.25, 9.5, 11 ], "texture": "#bow_pulling_1_1", "rotation": 90 },
				"west": { "uv": [ 9, 11.25, 9.5, 11 ], "texture": "#bow_pulling_1_1", "rotation": 90 },
				"east": { "uv": [ 9.5, 11.25, 9, 11 ], "texture": "#bow_pulling_1_1", "rotation": 270 }
			}
		},
		{
			"__comment": "Box15",
			"from": [ 10.75, 6.25, 7.375 ],
			"to": [ 11, 6.5, 7.625 ],
			"faces": {
				"down": { "uv": [ 9.75, 11, 9.5, 10.75 ], "texture": "#bow_pulling_1_1", "rotation": 90 },
				"up": { "uv": [ 9.75, 11, 9.5, 10.75 ], "texture": "#bow_pulling_1_1", "rotation": 90 },
				"north": { "uv": [ 9.75, 11, 9.5, 10.75 ], "texture": "#bow_pulling_1_1", "rotation": 270 },
				"south": { "uv": [ 9.5, 11, 9.75, 10.75 ], "texture": "#bow_pulling_1_1", "rotation": 90 },
				"west": { "uv": [ 9.5, 11, 9.75, 10.75 ], "texture": "#bow_pulling_1_1", "rotation": 90 },
				"east": { "uv": [ 9.75, 11, 9.5, 10.75 ], "texture": "#bow_pulling_1_1", "rotation": 270 }
			}
		},
		{
			"__comment": "Box16",
			"from": [ 10.5, 6, 7.375 ],
			"to": [ 10.75, 6.25, 7.625 ],
			"faces": {
				"down": { "uv": [ 10.25, 10.75, 10, 10.5 ], "texture": "#bow_pulling_1_1", "rotation": 90 },
				"up": { "uv": [ 10, 10.75, 9.75, 10.5 ], "texture": "#bow_pulling_1_1", "rotation": 90 },
				"north": { "uv": [ 10.25, 10.75, 9.75, 10.5 ], "texture": "#bow_pulling_1_1", "rotation": 270 },
				"south": { "uv": [ 9.75, 10.75, 10.25, 10.5 ], "texture": "#bow_pulling_1_1", "rotation": 90 },
				"west": { "uv": [ 9.75, 10.75, 10.25, 10.5 ], "texture": "#bow_pulling_1_1", "rotation": 90 },
				"east": { "uv": [ 10.25, 10.75, 9.75, 10.5 ], "texture": "#bow_pulling_1_1", "rotation": 270 }
			}
		},
		{
			"__comment": "Box17",
			"from": [ 10.25, 5.5, 7.375 ],
			"to": [ 10.5, 5.75, 7.625 ],
			"faces": {
				"down": { "uv": [ 10.5, 10.5, 10.25, 10.25 ], "texture": "#bow_pulling_1_1", "rotation": 90 },
				"up": { "uv": [ 10.5, 10.5, 10.25, 10.25 ], "texture": "#bow_pulling_1_1", "rotation": 90 },
				"north": { "uv": [ 10.5, 10.5, 10.25, 10.25 ], "texture": "#bow_pulling_1_1", "rotation": 270 },
				"south": { "uv": [ 10.25, 10.5, 10.5, 10.25 ], "texture": "#bow_pulling_1_1", "rotation": 90 },
				"west": { "uv": [ 10.25, 10.5, 10.5, 10.25 ], "texture": "#bow_pulling_1_1", "rotation": 90 },
				"east": { "uv": [ 10.5, 10.5, 10.25, 10.25 ], "texture": "#bow_pulling_1_1", "rotation": 270 }
			}
		},
		{
			"__comment": "Box19",
			"from": [ 9.75, 5, 7.375 ],
			"to": [ 10, 5.25, 7.625 ],
			"faces": {
				"down": { "uv": [ 11, 10, 10.75, 9.75 ], "texture": "#bow_pulling_1_1", "rotation": 90 },
				"up": { "uv": [ 11, 10, 10.75, 9.75 ], "texture": "#bow_pulling_1_1", "rotation": 90 },
				"north": { "uv": [ 11, 10, 10.75, 9.75 ], "texture": "#bow_pulling_1_1", "rotation": 270 },
				"south": { "uv": [ 10.75, 10, 11, 9.75 ], "texture": "#bow_pulling_1_1", "rotation": 90 },
				"west": { "uv": [ 10.75, 10, 11, 9.75 ], "texture": "#bow_pulling_1_1", "rotation": 90 },
				"east": { "uv": [ 11, 10, 10.75, 9.75 ], "texture": "#bow_pulling_1_1", "rotation": 270 }
			}
		},
		{
			"__comment": "Box20",
			"from": [ 9.25, 4.75, 7.375 ],
			"to": [ 9.5, 5, 7.625 ],
			"faces": {
				"down": { "uv": [ 11.25, 9.75, 11, 9.25 ], "texture": "#bow_pulling_1_1", "rotation": 90 },
				"up": { "uv": [ 11.25, 9.75, 11, 9.25 ], "texture": "#bow_pulling_1_1", "rotation": 90 },
				"north": { "uv": [ 11.25, 9.75, 11, 9.25 ], "texture": "#bow_pulling_1_1", "rotation": 270 },
				"south": { "uv": [ 11, 9.75, 11.25, 9.25 ], "texture": "#bow_pulling_1_1", "rotation": 90 },
				"west": { "uv": [ 11, 9.5, 11.25, 9.25 ], "texture": "#bow_pulling_1_1", "rotation": 90 },
				"east": { "uv": [ 11.25, 9.75, 11, 9.5 ], "texture": "#bow_pulling_1_1", "rotation": 270 }
			}
		},
		{
			"__comment": "Box21",
			"from": [ 8.75, 4.5, 7.375 ],
			"to": [ 9, 4.75, 7.625 ],
			"faces": {
				"down": { "uv": [ 11.5, 9.25, 11.25, 8.75 ], "texture": "#bow_pulling_1_1", "rotation": 90 },
				"up": { "uv": [ 11.5, 9.25, 11.25, 8.75 ], "texture": "#bow_pulling_1_1", "rotation": 90 },
				"north": { "uv": [ 11.5, 9.25, 11.25, 8.75 ], "texture": "#bow_pulling_1_1", "rotation": 270 },
				"south": { "uv": [ 11.25, 9.25, 11.5, 8.75 ], "texture": "#bow_pulling_1_1", "rotation": 90 },
				"west": { "uv": [ 11.25, 9, 11.5, 8.75 ], "texture": "#bow_pulling_1_1", "rotation": 90 },
				"east": { "uv": [ 11.5, 9.25, 11.25, 9 ], "texture": "#bow_pulling_1_1", "rotation": 270 }
			}
		},
		{
			"__comment": "Box22",
			"from": [ 8.5, 4.25, 7.375 ],
			"to": [ 8.75, 4.5, 7.625 ],
			"faces": {
				"down": { "uv": [ 11.75, 8.75, 11.5, 8.5 ], "texture": "#bow_pulling_1_1", "rotation": 90 },
				"up": { "uv": [ 11.75, 8.75, 11.5, 8.5 ], "texture": "#bow_pulling_1_1", "rotation": 90 },
				"north": { "uv": [ 11.75, 8.75, 11.5, 8.5 ], "texture": "#bow_pulling_1_1", "rotation": 270 },
				"south": { "uv": [ 11.5, 8.75, 11.75, 8.5 ], "texture": "#bow_pulling_1_1", "rotation": 90 },
				"west": { "uv": [ 11.5, 8.75, 11.75, 8.5 ], "texture": "#bow_pulling_1_1", "rotation": 90 },
				"east": { "uv": [ 11.75, 8.75, 11.5, 8.5 ], "texture": "#bow_pulling_1_1", "rotation": 270 }
			}
		},
		{
			"__comment": "Box23",
			"from": [ 8, 4, 7.375 ],
			"to": [ 8.25, 4.25, 7.625 ],
			"faces": {
				"down": { "uv": [ 12, 8.5, 11.75, 8 ], "texture": "#bow_pulling_1_1", "rotation": 90 },
				"up": { "uv": [ 12, 8.5, 11.75, 8 ], "texture": "#bow_pulling_1_1", "rotation": 90 },
				"north": { "uv": [ 12, 8.5, 11.75, 8 ], "texture": "#bow_pulling_1_1", "rotation": 270 },
				"south": { "uv": [ 11.75, 8.5, 12, 8 ], "texture": "#bow_pulling_1_1", "rotation": 90 },
				"west": { "uv": [ 11.75, 8.25, 12, 8 ], "texture": "#bow_pulling_1_1", "rotation": 90 },
				"east": { "uv": [ 12, 8.5, 11.75, 8.25 ], "texture": "#bow_pulling_1_1", "rotation": 270 }
			}
		},
		{
			"__comment": "Box24",
			"from": [ 7.5, 3.75, 7.375 ],
			"to": [ 7.75, 4, 7.625 ],
			"faces": {
				"down": { "uv": [ 12.25, 8, 12, 7.5 ], "texture": "#bow_pulling_1_1", "rotation": 90 },
				"up": { "uv": [ 12.25, 8, 12, 7.5 ], "texture": "#bow_pulling_1_1", "rotation": 90 },
				"north": { "uv": [ 12.25, 8, 12, 7.5 ], "texture": "#bow_pulling_1_1", "rotation": 270 },
				"south": { "uv": [ 12, 8, 12.25, 7.5 ], "texture": "#bow_pulling_1_1", "rotation": 90 },
				"west": { "uv": [ 12, 7.75, 12.25, 7.5 ], "texture": "#bow_pulling_1_1", "rotation": 90 },
				"east": { "uv": [ 12.25, 8, 12, 7.75 ], "texture": "#bow_pulling_1_1", "rotation": 270 }
			}
		},
		{
			"__comment": "Box25",
			"from": [ 7.25, 3.5, 7.375 ],
			"to": [ 7.5, 3.75, 7.625 ],
			"faces": {
				"down": { "uv": [ 12.5, 7.5, 12.25, 7.25 ], "texture": "#bow_pulling_1_1", "rotation": 90 },
				"up": { "uv": [ 12.5, 7.5, 12.25, 7.25 ], "texture": "#bow_pulling_1_1", "rotation": 90 },
				"north": { "uv": [ 12.5, 7.5, 12.25, 7.25 ], "texture": "#bow_pulling_1_1", "rotation": 270 },
				"south": { "uv": [ 12.25, 7.5, 12.5, 7.25 ], "texture": "#bow_pulling_1_1", "rotation": 90 },
				"west": { "uv": [ 12.25, 7.5, 12.5, 7.25 ], "texture": "#bow_pulling_1_1", "rotation": 90 },
				"east": { "uv": [ 12.5, 7.5, 12.25, 7.25 ], "texture": "#bow_pulling_1_1", "rotation": 270 }
			}
		},
		{
			"__comment": "Box26",
			"from": [ 6.75, 3.25, 7.375 ],
			"to": [ 7, 3.5, 7.625 ],
			"faces": {
				"down": { "uv": [ 12.75, 7.25, 12.5, 6.75 ], "texture": "#bow_pulling_1_1", "rotation": 90 },
				"up": { "uv": [ 12.75, 7.25, 12.5, 6.75 ], "texture": "#bow_pulling_1_1", "rotation": 90 },
				"north": { "uv": [ 12.75, 7.25, 12.5, 6.75 ], "texture": "#bow_pulling_1_1", "rotation": 270 },
				"south": { "uv": [ 12.5, 7.25, 12.75, 6.75 ], "texture": "#bow_pulling_1_1", "rotation": 90 },
				"west": { "uv": [ 12.5, 7, 12.75, 6.75 ], "texture": "#bow_pulling_1_1", "rotation": 90 },
				"east": { "uv": [ 12.75, 7.25, 12.5, 7 ], "texture": "#bow_pulling_1_1", "rotation": 270 }
			}
		},
		{
			"__comment": "Box27",
			"from": [ 6.25, 3, 7.375 ],
			"to": [ 6.5, 3.25, 7.625 ],
			"faces": {
				"down": { "uv": [ 13, 6.75, 12.75, 6.25 ], "texture": "#bow_pulling_1_1", "rotation": 90 },
				"up": { "uv": [ 13, 6.75, 12.75, 6.25 ], "texture": "#bow_pulling_1_1", "rotation": 90 },
				"north": { "uv": [ 13, 6.75, 12.75, 6.25 ], "texture": "#bow_pulling_1_1", "rotation": 270 },
				"south": { "uv": [ 12.75, 6.75, 13, 6.25 ], "texture": "#bow_pulling_1_1", "rotation": 90 },
				"west": { "uv": [ 12.75, 6.5, 13, 6.25 ], "texture": "#bow_pulling_1_1", "rotation": 90 },
				"east": { "uv": [ 13, 6.75, 12.75, 6.5 ], "texture": "#bow_pulling_1_1", "rotation": 270 }
			}
		},
		{
			"__comment": "Box28",
			"from": [ 6, 2.75, 7.375 ],
			"to": [ 6.25, 3, 7.625 ],
			"faces": {
				"down": { "uv": [ 13.25, 6.25, 13, 6 ], "texture": "#bow_pulling_1_1", "rotation": 90 },
				"up": { "uv": [ 13.25, 6.25, 13, 6 ], "texture": "#bow_pulling_1_1", "rotation": 90 },
				"north": { "uv": [ 13.25, 6.25, 13, 6 ], "texture": "#bow_pulling_1_1", "rotation": 270 },
				"south": { "uv": [ 13, 6.25, 13.25, 6 ], "texture": "#bow_pulling_1_1", "rotation": 90 },
				"west": { "uv": [ 13, 6.25, 13.25, 6 ], "texture": "#bow_pulling_1_1", "rotation": 90 },
				"east": { "uv": [ 13.25, 6.25, 13, 6 ], "texture": "#bow_pulling_1_1", "rotation": 270 }
			}
		},
		{
			"__comment": "Box29",
			"from": [ 5.5, 2.5, 7.375 ],
			"to": [ 5.75, 2.75, 7.625 ],
			"faces": {
				"down": { "uv": [ 13.5, 6, 13.25, 5.5 ], "texture": "#bow_pulling_1_1", "rotation": 90 },
				"up": { "uv": [ 13.5, 6, 13.25, 5.5 ], "texture": "#bow_pulling_1_1", "rotation": 90 },
				"north": { "uv": [ 13.5, 6, 13.25, 5.5 ], "texture": "#bow_pulling_1_1", "rotation": 270 },
				"south": { "uv": [ 13.25, 6, 13.5, 5.5 ], "texture": "#bow_pulling_1_1", "rotation": 90 },
				"west": { "uv": [ 13.25, 5.75, 13.5, 5.5 ], "texture": "#bow_pulling_1_1", "rotation": 90 },
				"east": { "uv": [ 13.5, 6, 13.25, 5.75 ], "texture": "#bow_pulling_1_1", "rotation": 270 }
			}
		},
		{
			"__comment": "Box30",
			"from": [ 5.25, 2.25, 7.375 ],
			"to": [ 5.5, 2.5, 7.625 ],
			"faces": {
				"down": { "uv": [ 13.75, 5.5, 13.5, 5.25 ], "texture": "#bow_pulling_1_1", "rotation": 90 },
				"up": { "uv": [ 13.75, 5.5, 13.5, 5.25 ], "texture": "#bow_pulling_1_1", "rotation": 90 },
				"north": { "uv": [ 13.75, 5.5, 13.5, 5.25 ], "texture": "#bow_pulling_1_1", "rotation": 270 },
				"south": { "uv": [ 13.5, 5.5, 13.75, 5.25 ], "texture": "#bow_pulling_1_1", "rotation": 90 },
				"west": { "uv": [ 13.5, 5.5, 13.75, 5.25 ], "texture": "#bow_pulling_1_1", "rotation": 90 },
				"east": { "uv": [ 13.75, 5.5, 13.5, 5.25 ], "texture": "#bow_pulling_1_1", "rotation": 270 }
			}
		},
		{
			"__comment": "Box31",
			"from": [ 4.75, 2, 7.375 ],
			"to": [ 5, 2.25, 7.625 ],
			"faces": {
				"down": { "uv": [ 14, 5.25, 13.75, 4.75 ], "texture": "#bow_pulling_1_1", "rotation": 90 },
				"up": { "uv": [ 14, 5.25, 13.75, 4.75 ], "texture": "#bow_pulling_1_1", "rotation": 90 },
				"north": { "uv": [ 14, 5.25, 13.75, 4.75 ], "texture": "#bow_pulling_1_1", "rotation": 270 },
				"south": { "uv": [ 13.75, 5.25, 14, 4.75 ], "texture": "#bow_pulling_1_1", "rotation": 90 },
				"west": { "uv": [ 13.75, 5, 14, 4.75 ], "texture": "#bow_pulling_1_1", "rotation": 90 },
				"east": { "uv": [ 14, 5.25, 13.75, 5 ], "texture": "#bow_pulling_1_1", "rotation": 270 }
			}
		},
		{
			"__comment": "Box32",
			"from": [ 4.25, 1.75, 7.375 ],
			"to": [ 4.5, 2, 7.625 ],
			"faces": {
				"down": { "uv": [ 14.25, 4.75, 14, 4.25 ], "texture": "#bow_pulling_1_1", "rotation": 90 },
				"up": { "uv": [ 14.25, 4.75, 14, 4.25 ], "texture": "#bow_pulling_1_1", "rotation": 90 },
				"north": { "uv": [ 14.25, 4.75, 14, 4.25 ], "texture": "#bow_pulling_1_1", "rotation": 270 },
				"south": { "uv": [ 14, 4.75, 14.25, 4.25 ], "texture": "#bow_pulling_1_1", "rotation": 90 },
				"west": { "uv": [ 14, 4.5, 14.25, 4.25 ], "texture": "#bow_pulling_1_1", "rotation": 90 },
				"east": { "uv": [ 14.25, 4.75, 14, 4.5 ], "texture": "#bow_pulling_1_1", "rotation": 270 }
			}
		},
		{
			"__comment": "Box33",
			"from": [ 4, 1.5, 7.375 ],
			"to": [ 4.25, 1.75, 7.625 ],
			"faces": {
				"down": { "uv": [ 14.5, 4.25, 14.25, 4 ], "texture": "#bow_pulling_1_1", "rotation": 90 },
				"up": { "uv": [ 14.5, 4.25, 14.25, 4 ], "texture": "#bow_pulling_1_1", "rotation": 90 },
				"north": { "uv": [ 14.5, 4.25, 14.25, 4 ], "texture": "#bow_pulling_1_1", "rotation": 270 },
				"south": { "uv": [ 14.25, 4.25, 14.5, 4 ], "texture": "#bow_pulling_1_1", "rotation": 90 },
				"west": { "uv": [ 14.25, 4.25, 14.5, 4 ], "texture": "#bow_pulling_1_1", "rotation": 90 },
				"east": { "uv": [ 14.5, 4.25, 14.25, 4 ], "texture": "#bow_pulling_1_1", "rotation": 270 }
			}
		},
		{
			"__comment": "Box34",
			"from": [ 3.75, 1.375, 7.375 ],
			"to": [ 4, 1.625, 7.625 ],
			"faces": {
				"down": { "uv": [ 14.75, 4, 14.5, 3.5 ], "texture": "#bow_pulling_1_1", "rotation": 90 },
				"up": { "uv": [ 14.75, 4, 14.5, 3.5 ], "texture": "#bow_pulling_1_1", "rotation": 90 },
				"north": { "uv": [ 14.75, 4, 14.5, 3.5 ], "texture": "#bow_pulling_1_1", "rotation": 270 },
				"south": { "uv": [ 14.5, 4, 14.75, 3.5 ], "texture": "#bow_pulling_1_1", "rotation": 90 },
				"west": { "uv": [ 14.5, 3.75, 14.75, 3.5 ], "texture": "#bow_pulling_1_1", "rotation": 90 },
				"east": { "uv": [ 14.75, 4, 14.5, 3.75 ], "texture": "#bow_pulling_1_1", "rotation": 270 }
			}
		},
		{
			"__comment": "Box32",
			"from": [ 4.5, 1.875, 7.375 ],
			"to": [ 4.75, 2.125, 7.625 ],
			"faces": {
				"down": { "uv": [ 14.25, 4.75, 14, 4.25 ], "texture": "#bow_pulling_1_1", "rotation": 90 },
				"up": { "uv": [ 14.25, 4.75, 14, 4.25 ], "texture": "#bow_pulling_1_1", "rotation": 90 },
				"north": { "uv": [ 14.25, 4.75, 14, 4.25 ], "texture": "#bow_pulling_1_1", "rotation": 270 },
				"south": { "uv": [ 14, 4.75, 14.25, 4.25 ], "texture": "#bow_pulling_1_1", "rotation": 90 },
				"west": { "uv": [ 14, 4.5, 14.25, 4.25 ], "texture": "#bow_pulling_1_1", "rotation": 90 },
				"east": { "uv": [ 14.25, 4.75, 14, 4.5 ], "texture": "#bow_pulling_1_1", "rotation": 270 }
			}
		},
		{
			"__comment": "Box31",
			"from": [ 5, 2.125, 7.375 ],
			"to": [ 5.25, 2.375, 7.625 ],
			"faces": {
				"down": { "uv": [ 14, 5.25, 13.75, 4.75 ], "texture": "#bow_pulling_1_1", "rotation": 90 },
				"up": { "uv": [ 14, 5.25, 13.75, 4.75 ], "texture": "#bow_pulling_1_1", "rotation": 90 },
				"north": { "uv": [ 14, 5.25, 13.75, 4.75 ], "texture": "#bow_pulling_1_1", "rotation": 270 },
				"south": { "uv": [ 13.75, 5.25, 14, 4.75 ], "texture": "#bow_pulling_1_1", "rotation": 90 },
				"west": { "uv": [ 13.75, 5, 14, 4.75 ], "texture": "#bow_pulling_1_1", "rotation": 90 },
				"east": { "uv": [ 14, 5.25, 13.75, 5 ], "texture": "#bow_pulling_1_1", "rotation": 270 }
			}
		},
		{
			"__comment": "Box29",
			"from": [ 5.75, 2.625, 7.375 ],
			"to": [ 6, 2.875, 7.625 ],
			"faces": {
				"down": { "uv": [ 13.5, 6, 13.25, 5.5 ], "texture": "#bow_pulling_1_1", "rotation": 90 },
				"up": { "uv": [ 13.5, 6, 13.25, 5.5 ], "texture": "#bow_pulling_1_1", "rotation": 90 },
				"north": { "uv": [ 13.5, 6, 13.25, 5.5 ], "texture": "#bow_pulling_1_1", "rotation": 270 },
				"south": { "uv": [ 13.25, 6, 13.5, 5.5 ], "texture": "#bow_pulling_1_1", "rotation": 90 },
				"west": { "uv": [ 13.25, 5.75, 13.5, 5.5 ], "texture": "#bow_pulling_1_1", "rotation": 90 },
				"east": { "uv": [ 13.5, 6, 13.25, 5.75 ], "texture": "#bow_pulling_1_1", "rotation": 270 }
			}
		},
		{
			"__comment": "Box27",
			"from": [ 6.5, 3.125, 7.375 ],
			"to": [ 6.75, 3.375, 7.625 ],
			"faces": {
				"down": { "uv": [ 13, 6.75, 12.75, 6.25 ], "texture": "#bow_pulling_1_1", "rotation": 90 },
				"up": { "uv": [ 13, 6.75, 12.75, 6.25 ], "texture": "#bow_pulling_1_1", "rotation": 90 },
				"north": { "uv": [ 13, 6.75, 12.75, 6.25 ], "texture": "#bow_pulling_1_1", "rotation": 270 },
				"south": { "uv": [ 12.75, 6.75, 13, 6.25 ], "texture": "#bow_pulling_1_1", "rotation": 90 },
				"west": { "uv": [ 12.75, 6.5, 13, 6.25 ], "texture": "#bow_pulling_1_1", "rotation": 90 },
				"east": { "uv": [ 13, 6.75, 12.75, 6.5 ], "texture": "#bow_pulling_1_1", "rotation": 270 }
			}
		},
		{
			"__comment": "Box26",
			"from": [ 7, 3.375, 7.375 ],
			"to": [ 7.25, 3.625, 7.625 ],
			"faces": {
				"down": { "uv": [ 12.75, 7.25, 12.5, 6.75 ], "texture": "#bow_pulling_1_1", "rotation": 90 },
				"up": { "uv": [ 12.75, 7.25, 12.5, 6.75 ], "texture": "#bow_pulling_1_1", "rotation": 90 },
				"north": { "uv": [ 12.75, 7.25, 12.5, 6.75 ], "texture": "#bow_pulling_1_1", "rotation": 270 },
				"south": { "uv": [ 12.5, 7.25, 12.75, 6.75 ], "texture": "#bow_pulling_1_1", "rotation": 90 },
				"west": { "uv": [ 12.5, 7, 12.75, 6.75 ], "texture": "#bow_pulling_1_1", "rotation": 90 },
				"east": { "uv": [ 12.75, 7.25, 12.5, 7 ], "texture": "#bow_pulling_1_1", "rotation": 270 }
			}
		},
		{
			"__comment": "Box24",
			"from": [ 7.75, 3.875, 7.375 ],
			"to": [ 8, 4.125, 7.625 ],
			"faces": {
				"down": { "uv": [ 12.25, 8, 12, 7.5 ], "texture": "#bow_pulling_1_1", "rotation": 90 },
				"up": { "uv": [ 12.25, 8, 12, 7.5 ], "texture": "#bow_pulling_1_1", "rotation": 90 },
				"north": { "uv": [ 12.25, 8, 12, 7.5 ], "texture": "#bow_pulling_1_1", "rotation": 270 },
				"south": { "uv": [ 12, 8, 12.25, 7.5 ], "texture": "#bow_pulling_1_1", "rotation": 90 },
				"west": { "uv": [ 12, 7.75, 12.25, 7.5 ], "texture": "#bow_pulling_1_1", "rotation": 90 },
				"east": { "uv": [ 12.25, 8, 12, 7.75 ], "texture": "#bow_pulling_1_1", "rotation": 270 }
			}
		},
		{
			"__comment": "Box23",
			"from": [ 8.25, 4.125, 7.375 ],
			"to": [ 8.5, 4.375, 7.625 ],
			"faces": {
				"down": { "uv": [ 12, 8.5, 11.75, 8 ], "texture": "#bow_pulling_1_1", "rotation": 90 },
				"up": { "uv": [ 12, 8.5, 11.75, 8 ], "texture": "#bow_pulling_1_1", "rotation": 90 },
				"north": { "uv": [ 12, 8.5, 11.75, 8 ], "texture": "#bow_pulling_1_1", "rotation": 270 },
				"south": { "uv": [ 11.75, 8.5, 12, 8 ], "texture": "#bow_pulling_1_1", "rotation": 90 },
				"west": { "uv": [ 11.75, 8.25, 12, 8 ], "texture": "#bow_pulling_1_1", "rotation": 90 },
				"east": { "uv": [ 12, 8.5, 11.75, 8.25 ], "texture": "#bow_pulling_1_1", "rotation": 270 }
			}
		},
		{
			"__comment": "Box21",
			"from": [ 9, 4.625, 7.375 ],
			"to": [ 9.25, 4.875, 7.625 ],
			"faces": {
				"down": { "uv": [ 11.5, 9.25, 11.25, 8.75 ], "texture": "#bow_pulling_1_1", "rotation": 90 },
				"up": { "uv": [ 11.5, 9.25, 11.25, 8.75 ], "texture": "#bow_pulling_1_1", "rotation": 90 },
				"north": { "uv": [ 11.5, 9.25, 11.25, 8.75 ], "texture": "#bow_pulling_1_1", "rotation": 270 },
				"south": { "uv": [ 11.25, 9.25, 11.5, 8.75 ], "texture": "#bow_pulling_1_1", "rotation": 90 },
				"west": { "uv": [ 11.25, 9, 11.5, 8.75 ], "texture": "#bow_pulling_1_1", "rotation": 90 },
				"east": { "uv": [ 11.5, 9.25, 11.25, 9 ], "texture": "#bow_pulling_1_1", "rotation": 270 }
			}
		},
		{
			"__comment": "Box20",
			"from": [ 9.5, 4.875, 7.375 ],
			"to": [ 9.75, 5.125, 7.625 ],
			"faces": {
				"down": { "uv": [ 11.25, 9.75, 11, 9.25 ], "texture": "#bow_pulling_1_1", "rotation": 90 },
				"up": { "uv": [ 11.25, 9.75, 11, 9.25 ], "texture": "#bow_pulling_1_1", "rotation": 90 },
				"north": { "uv": [ 11.25, 9.75, 11, 9.25 ], "texture": "#bow_pulling_1_1", "rotation": 270 },
				"south": { "uv": [ 11, 9.75, 11.25, 9.25 ], "texture": "#bow_pulling_1_1", "rotation": 90 },
				"west": { "uv": [ 11, 9.5, 11.25, 9.25 ], "texture": "#bow_pulling_1_1", "rotation": 90 },
				"east": { "uv": [ 11.25, 9.75, 11, 9.5 ], "texture": "#bow_pulling_1_1", "rotation": 270 }
			}
		},
		{
			"__comment": "Box17",
			"from": [ 10.375, 5.75, 7.375 ],
			"to": [ 10.625, 6, 7.625 ],
			"faces": {
				"down": { "uv": [ 10.5, 10.5, 10.25, 10.25 ], "texture": "#bow_pulling_1_1", "rotation": 90 },
				"up": { "uv": [ 10.5, 10.5, 10.25, 10.25 ], "texture": "#bow_pulling_1_1", "rotation": 90 },
				"north": { "uv": [ 10.5, 10.5, 10.25, 10.25 ], "texture": "#bow_pulling_1_1", "rotation": 270 },
				"south": { "uv": [ 10.25, 10.5, 10.5, 10.25 ], "texture": "#bow_pulling_1_1", "rotation": 90 },
				"west": { "uv": [ 10.25, 10.5, 10.5, 10.25 ], "texture": "#bow_pulling_1_1", "rotation": 90 },
				"east": { "uv": [ 10.5, 10.5, 10.25, 10.25 ], "texture": "#bow_pulling_1_1", "rotation": 270 }
			}
		},
		{
			"__comment": "Box15",
			"from": [ 10.875, 6.5, 7.375 ],
			"to": [ 11.125, 6.75, 7.625 ],
			"faces": {
				"down": { "uv": [ 9.75, 11, 9.5, 10.75 ], "texture": "#bow_pulling_1_1", "rotation": 90 },
				"up": { "uv": [ 9.75, 11, 9.5, 10.75 ], "texture": "#bow_pulling_1_1", "rotation": 90 },
				"north": { "uv": [ 9.75, 11, 9.5, 10.75 ], "texture": "#bow_pulling_1_1", "rotation": 270 },
				"south": { "uv": [ 9.5, 11, 9.75, 10.75 ], "texture": "#bow_pulling_1_1", "rotation": 90 },
				"west": { "uv": [ 9.5, 11, 9.75, 10.75 ], "texture": "#bow_pulling_1_1", "rotation": 90 },
				"east": { "uv": [ 9.75, 11, 9.5, 10.75 ], "texture": "#bow_pulling_1_1", "rotation": 270 }
			}
		},
		{
			"__comment": "Box14",
			"from": [ 11.125, 7, 7.375 ],
			"to": [ 11.375, 7.25, 7.625 ],
			"faces": {
				"down": { "uv": [ 9.5, 11.25, 9.25, 11 ], "texture": "#bow_pulling_1_1", "rotation": 90 },
				"up": { "uv": [ 9.25, 11.25, 9, 11 ], "texture": "#bow_pulling_1_1", "rotation": 90 },
				"north": { "uv": [ 9.5, 11.25, 9, 11 ], "texture": "#bow_pulling_1_1", "rotation": 270 },
				"south": { "uv": [ 9, 11.25, 9.5, 11 ], "texture": "#bow_pulling_1_1", "rotation": 90 },
				"west": { "uv": [ 9, 11.25, 9.5, 11 ], "texture": "#bow_pulling_1_1", "rotation": 90 },
				"east": { "uv": [ 9.5, 11.25, 9, 11 ], "texture": "#bow_pulling_1_1", "rotation": 270 }
			}
		},
		{
			"__comment": "Box12",
			"from": [ 11.625, 7.75, 7.375 ],
			"to": [ 11.875, 8, 7.625 ],
			"faces": {
				"down": { "uv": [ 8.5, 11.75, 8.25, 11.5 ], "texture": "#bow_pulling_1_1", "rotation": 90 },
				"up": { "uv": [ 8.5, 11.75, 8.25, 11.5 ], "texture": "#bow_pulling_1_1", "rotation": 90 },
				"north": { "uv": [ 8.5, 11.75, 8.25, 11.5 ], "texture": "#bow_pulling_1_1", "rotation": 270 },
				"south": { "uv": [ 8.25, 11.75, 8.5, 11.5 ], "texture": "#bow_pulling_1_1", "rotation": 90 },
				"west": { "uv": [ 8.25, 11.75, 8.5, 11.5 ], "texture": "#bow_pulling_1_1", "rotation": 90 },
				"east": { "uv": [ 8.5, 11.75, 8.25, 11.5 ], "texture": "#bow_pulling_1_1", "rotation": 270 }
			}
		},
		{
			"__comment": "Box10",
			"from": [ 12.125, 8.5, 7.375 ],
			"to": [ 12.375, 8.75, 7.625 ],
			"faces": {
				"down": { "uv": [ 7.75, 12.25, 7.5, 12 ], "texture": "#bow_pulling_1_1", "rotation": 90 },
				"up": { "uv": [ 7.75, 12.25, 7.5, 12 ], "texture": "#bow_pulling_1_1", "rotation": 90 },
				"north": { "uv": [ 7.75, 12.25, 7.5, 12 ], "texture": "#bow_pulling_1_1", "rotation": 270 },
				"south": { "uv": [ 7.5, 12.25, 7.75, 12 ], "texture": "#bow_pulling_1_1", "rotation": 90 },
				"west": { "uv": [ 7.5, 12.25, 7.75, 12 ], "texture": "#bow_pulling_1_1", "rotation": 90 },
				"east": { "uv": [ 7.75, 12.25, 7.5, 12 ], "texture": "#bow_pulling_1_1", "rotation": 270 }
			}
		},
		{
			"__comment": "Box9",
			"from": [ 12.375, 9, 7.375 ],
			"to": [ 12.625, 9.25, 7.625 ],
			"faces": {
				"down": { "uv": [ 7.5, 12.5, 7.25, 12.25 ], "texture": "#bow_pulling_1_1", "rotation": 90 },
				"up": { "uv": [ 7.25, 12.5, 7, 12.25 ], "texture": "#bow_pulling_1_1", "rotation": 90 },
				"north": { "uv": [ 7.5, 12.5, 7, 12.25 ], "texture": "#bow_pulling_1_1", "rotation": 270 },
				"south": { "uv": [ 7, 12.5, 7.5, 12.25 ], "texture": "#bow_pulling_1_1", "rotation": 90 },
				"west": { "uv": [ 7, 12.5, 7.5, 12.25 ], "texture": "#bow_pulling_1_1", "rotation": 90 },
				"east": { "uv": [ 7.5, 12.5, 7, 12.25 ], "texture": "#bow_pulling_1_1", "rotation": 270 }
			}
		},
		{
			"__comment": "Box7",
			"from": [ 12.875, 9.75, 7.375 ],
			"to": [ 13.125, 10, 7.625 ],
			"faces": {
				"down": { "uv": [ 6.5, 13, 6.25, 12.75 ], "texture": "#bow_pulling_1_1", "rotation": 90 },
				"up": { "uv": [ 6.5, 13, 6.25, 12.75 ], "texture": "#bow_pulling_1_1", "rotation": 90 },
				"north": { "uv": [ 6.5, 13, 6.25, 12.75 ], "texture": "#bow_pulling_1_1", "rotation": 270 },
				"south": { "uv": [ 6.25, 13, 6.5, 12.75 ], "texture": "#bow_pulling_1_1", "rotation": 90 },
				"west": { "uv": [ 6.25, 13, 6.5, 12.75 ], "texture": "#bow_pulling_1_1", "rotation": 90 },
				"east": { "uv": [ 6.5, 13, 6.25, 12.75 ], "texture": "#bow_pulling_1_1", "rotation": 270 }
			}
		},
		{
			"__comment": "Box5",
			"from": [ 13.375, 10.5, 7.375 ],
			"to": [ 13.625, 10.75, 7.625 ],
			"faces": {
				"down": { "uv": [ 5.75, 13.5, 5.5, 13.25 ], "texture": "#bow_pulling_1_1", "rotation": 90 },
				"up": { "uv": [ 5.75, 13.5, 5.5, 13.25 ], "texture": "#bow_pulling_1_1", "rotation": 90 },
				"north": { "uv": [ 5.75, 13.5, 5.5, 13.25 ], "texture": "#bow_pulling_1_1", "rotation": 270 },
				"south": { "uv": [ 5.5, 13.5, 5.75, 13.25 ], "texture": "#bow_pulling_1_1", "rotation": 90 },
				"west": { "uv": [ 5.5, 13.5, 5.75, 13.25 ], "texture": "#bow_pulling_1_1", "rotation": 90 },
				"east": { "uv": [ 5.75, 13.5, 5.5, 13.25 ], "texture": "#bow_pulling_1_1", "rotation": 270 }
			}
		},
		{
			"__comment": "Box4",
			"from": [ 13.625, 11, 7.375 ],
			"to": [ 13.875, 11.25, 7.625 ],
			"faces": {
				"down": { "uv": [ 5.5, 13.75, 5.25, 13.5 ], "texture": "#bow_pulling_1_1", "rotation": 90 },
				"up": { "uv": [ 5.25, 13.75, 5, 13.5 ], "texture": "#bow_pulling_1_1", "rotation": 90 },
				"north": { "uv": [ 5.5, 13.75, 5, 13.5 ], "texture": "#bow_pulling_1_1", "rotation": 270 },
				"south": { "uv": [ 5, 13.75, 5.5, 13.5 ], "texture": "#bow_pulling_1_1", "rotation": 90 },
				"west": { "uv": [ 5, 13.75, 5.5, 13.5 ], "texture": "#bow_pulling_1_1", "rotation": 90 },
				"east": { "uv": [ 5.5, 13.75, 5, 13.5 ], "texture": "#bow_pulling_1_1", "rotation": 270 }
			}
		},
		{
			"__comment": "Box2",
			"from": [ 14.125, 11.75, 7.375 ],
			"to": [ 14.375, 12, 7.625 ],
			"faces": {
				"down": { "uv": [ 4.5, 14.25, 4.25, 14 ], "texture": "#bow_pulling_1_1", "rotation": 90 },
				"up": { "uv": [ 4.5, 14.25, 4.25, 14 ], "texture": "#bow_pulling_1_1", "rotation": 90 },
				"north": { "uv": [ 4.5, 14.25, 4.25, 14 ], "texture": "#bow_pulling_1_1", "rotation": 270 },
				"south": { "uv": [ 4.25, 14.25, 4.5, 14 ], "texture": "#bow_pulling_1_1", "rotation": 90 },
				"west": { "uv": [ 4.25, 14.25, 4.5, 14 ], "texture": "#bow_pulling_1_1", "rotation": 90 },
				"east": { "uv": [ 4.5, 14.25, 4.25, 14 ], "texture": "#bow_pulling_1_1", "rotation": 270 }
			}
		},
		{
			"__comment": "Box55",
			"from": [ 7.75, 13.25, 7 ],
			"to": [ 8.75, 14.75, 8 ],
			"faces": {
				"down": { "uv": [ 2.75, 8.75, 2.5, 7.75 ], "texture": "#bow_pulling_1", "rotation": 90 },
				"up": { "uv": [ 1.5, 8.75, 1.25, 7.75 ], "texture": "#bow_pulling_1", "rotation": 90 },
				"north": { "uv": [ 2.75, 8.75, 1.25, 7.75 ], "texture": "#bow_pulling_1", "rotation": 270 },
				"south": { "uv": [ 1.25, 8.75, 2.75, 7.75 ], "texture": "#bow_pulling_1", "rotation": 90 },
				"west": { "uv": [ 1.25, 8, 2.75, 7.75 ], "texture": "#bow_pulling_1", "rotation": 90 },
				"east": { "uv": [ 2.75, 8.75, 1.25, 8.5 ], "texture": "#bow_pulling_1", "rotation": 270 }
			}
		},
		{
			"__comment": "Box56",
			"from": [ 8.75, 13.5, 7 ],
			"to": [ 10.25, 14.75, 8 ],
			"faces": {
				"down": { "uv": [ 2.5, 10.25, 2.25, 8.75 ], "texture": "#bow_pulling_1", "rotation": 90 },
				"up": { "uv": [ 1.5, 10.25, 1.25, 8.75 ], "texture": "#bow_pulling_1", "rotation": 90 },
				"north": { "uv": [ 2.5, 10.25, 1.25, 8.75 ], "texture": "#bow_pulling_1", "rotation": 270 },
				"south": { "uv": [ 1.25, 10.25, 2.5, 8.75 ], "texture": "#bow_pulling_1", "rotation": 90 },
				"west": { "uv": [ 1.25, 9, 2.5, 8.75 ], "texture": "#bow_pulling_1", "rotation": 90 },
				"east": { "uv": [ 2.5, 10.25, 1.25, 10 ], "texture": "#bow_pulling_1", "rotation": 270 }
			}
		},
		{
			"__comment": "Box57",
			"from": [ 6, 12.25, 7 ],
			"to": [ 6.5, 14.5, 8 ],
			"faces": {
				"down": { "uv": [ 3.75, 6.5, 3.5, 6 ], "texture": "#bow_pulling_1", "rotation": 90 },
				"up": { "uv": [ 1.75, 6.5, 1.5, 6 ], "texture": "#bow_pulling_1", "rotation": 90 },
				"north": { "uv": [ 3.75, 6.5, 1.5, 6 ], "texture": "#bow_pulling_1", "rotation": 270 },
				"south": { "uv": [ 1.5, 6.5, 3.75, 6 ], "texture": "#bow_pulling_1", "rotation": 90 },
				"west": { "uv": [ 1.5, 6.25, 3.75, 6 ], "texture": "#bow_pulling_1", "rotation": 90 },
				"east": { "uv": [ 3.75, 6.5, 1.5, 6.25 ], "texture": "#bow_pulling_1", "rotation": 270 }
			}
		},
		{
			"__comment": "Box58",
			"from": [ 6.5, 12.5, 7 ],
			"to": [ 6.75, 14.5, 8 ],
			"faces": {
				"down": { "uv": [ 3.5, 6.75, 3.25, 6.5 ], "texture": "#bow_pulling_1", "rotation": 90 },
				"up": { "uv": [ 1.75, 6.75, 1.5, 6.5 ], "texture": "#bow_pulling_1", "rotation": 90 },
				"north": { "uv": [ 3.5, 6.75, 1.5, 6.5 ], "texture": "#bow_pulling_1", "rotation": 270 },
				"south": { "uv": [ 1.5, 6.75, 3.5, 6.5 ], "texture": "#bow_pulling_1", "rotation": 90 },
				"west": { "uv": [ 1.5, 6.75, 3.5, 6.5 ], "texture": "#bow_pulling_1", "rotation": 90 },
				"east": { "uv": [ 3.5, 6.75, 1.5, 6.5 ], "texture": "#bow_pulling_1", "rotation": 270 }
			}
		},
		{
			"__comment": "Box59",
			"from": [ 6.75, 12.75, 7 ],
			"to": [ 7.25, 14.5, 8 ],
			"faces": {
				"down": { "uv": [ 3.25, 7.25, 3, 6.75 ], "texture": "#bow_pulling_1", "rotation": 90 },
				"up": { "uv": [ 1.75, 7.25, 1.5, 6.75 ], "texture": "#bow_pulling_1", "rotation": 90 },
				"north": { "uv": [ 3.25, 7.25, 1.5, 6.75 ], "texture": "#bow_pulling_1", "rotation": 270 },
				"south": { "uv": [ 1.5, 7.25, 3.25, 6.75 ], "texture": "#bow_pulling_1", "rotation": 90 },
				"west": { "uv": [ 1.5, 7, 3.25, 6.75 ], "texture": "#bow_pulling_1", "rotation": 90 },
				"east": { "uv": [ 3.25, 7.25, 1.5, 7 ], "texture": "#bow_pulling_1", "rotation": 270 }
			}
		},
		{
			"__comment": "Box60",
			"from": [ 7.25, 13, 7 ],
			"to": [ 7.5, 14.5, 8 ],
			"faces": {
				"down": { "uv": [ 3, 7.5, 2.75, 7.25 ], "texture": "#bow_pulling_1", "rotation": 90 },
				"up": { "uv": [ 1.75, 7.5, 1.5, 7.25 ], "texture": "#bow_pulling_1", "rotation": 90 },
				"north": { "uv": [ 3, 7.5, 1.5, 7.25 ], "texture": "#bow_pulling_1", "rotation": 270 },
				"south": { "uv": [ 1.5, 7.5, 3, 7.25 ], "texture": "#bow_pulling_1", "rotation": 90 },
				"west": { "uv": [ 1.5, 7.5, 3, 7.25 ], "texture": "#bow_pulling_1", "rotation": 90 },
				"east": { "uv": [ 3, 7.5, 1.5, 7.25 ], "texture": "#bow_pulling_1", "rotation": 270 }
			}
		},
		{
			"__comment": "Box61",
			"from": [ 7.5, 13.25, 7 ],
			"to": [ 7.75, 14.5, 8 ],
			"faces": {
				"down": { "uv": [ 2.75, 7.75, 2.5, 7.5 ], "texture": "#bow_pulling_1", "rotation": 90 },
				"up": { "uv": [ 1.75, 7.75, 1.5, 7.5 ], "texture": "#bow_pulling_1", "rotation": 90 },
				"north": { "uv": [ 2.75, 7.75, 1.5, 7.5 ], "texture": "#bow_pulling_1", "rotation": 270 },
				"south": { "uv": [ 1.5, 7.75, 2.75, 7.5 ], "texture": "#bow_pulling_1", "rotation": 90 },
				"west": { "uv": [ 1.5, 7.75, 2.75, 7.5 ], "texture": "#bow_pulling_1", "rotation": 90 },
				"east": { "uv": [ 2.75, 7.75, 1.5, 7.5 ], "texture": "#bow_pulling_1", "rotation": 270 }
			}
		},
		{
			"__comment": "Box62",
			"from": [ 10.25, 13.5, 7 ],
			"to": [ 11.25, 14.5, 8 ],
			"faces": {
				"down": { "uv": [ 2.5, 11.25, 2.25, 10.25 ], "texture": "#bow_pulling_1", "rotation": 90 },
				"up": { "uv": [ 1.75, 11.25, 1.5, 10.25 ], "texture": "#bow_pulling_1", "rotation": 90 },
				"north": { "uv": [ 2.5, 11.25, 1.5, 10.25 ], "texture": "#bow_pulling_1", "rotation": 270 },
				"south": { "uv": [ 1.5, 11.25, 2.5, 10.25 ], "texture": "#bow_pulling_1", "rotation": 90 },
				"west": { "uv": [ 1.5, 10.5, 2.5, 10.25 ], "texture": "#bow_pulling_1", "rotation": 90 },
				"east": { "uv": [ 2.5, 11.25, 1.5, 11 ], "texture": "#bow_pulling_1", "rotation": 270 }
			}
		},
		{
			"__comment": "Box63",
			"from": [ 5.75, 12.25, 7 ],
			"to": [ 6, 14.25, 8 ],
			"faces": {
				"down": { "uv": [ 3.75, 6, 3.5, 5.75 ], "texture": "#bow_pulling_1", "rotation": 90 },
				"up": { "uv": [ 2, 6, 1.75, 5.75 ], "texture": "#bow_pulling_1", "rotation": 90 },
				"north": { "uv": [ 3.75, 6, 1.75, 5.75 ], "texture": "#bow_pulling_1", "rotation": 270 },
				"south": { "uv": [ 1.75, 6, 3.75, 5.75 ], "texture": "#bow_pulling_1", "rotation": 90 },
				"west": { "uv": [ 1.75, 6, 3.75, 5.75 ], "texture": "#bow_pulling_1", "rotation": 90 },
				"east": { "uv": [ 3.75, 6, 1.75, 5.75 ], "texture": "#bow_pulling_1", "rotation": 270 }
			}
		},
		{
			"__comment": "Box64",
			"from": [ 11.25, 13, 7 ],
			"to": [ 11.75, 14.25, 8 ],
			"faces": {
				"down": { "uv": [ 3, 11.75, 2.75, 11.25 ], "texture": "#bow_pulling_1", "rotation": 90 },
				"up": { "uv": [ 2, 11.75, 1.75, 11.25 ], "texture": "#bow_pulling_1", "rotation": 90 },
				"north": { "uv": [ 3, 11.75, 1.75, 11.25 ], "texture": "#bow_pulling_1", "rotation": 270 },
				"south": { "uv": [ 1.75, 11.75, 3, 11.25 ], "texture": "#bow_pulling_1", "rotation": 90 },
				"west": { "uv": [ 1.75, 11.5, 3, 11.25 ], "texture": "#bow_pulling_1", "rotation": 90 },
				"east": { "uv": [ 3, 11.75, 1.75, 11.5 ], "texture": "#bow_pulling_1", "rotation": 270 }
			}
		},
		{
			"__comment": "Box65",
			"from": [ 1.75, 12.75, 7 ],
			"to": [ 2.5, 14, 8 ],
			"faces": {
				"down": { "uv": [ 3.25, 2.5, 3, 1.75 ], "texture": "#bow_pulling_1", "rotation": 90 },
				"up": { "uv": [ 2.25, 2.5, 2, 1.75 ], "texture": "#bow_pulling_1", "rotation": 90 },
				"north": { "uv": [ 3.25, 2.5, 2, 1.75 ], "texture": "#bow_pulling_1", "rotation": 270 },
				"south": { "uv": [ 2, 2.5, 3.25, 1.75 ], "texture": "#bow_pulling_1", "rotation": 90 },
				"west": { "uv": [ 2, 2, 3.25, 1.75 ], "texture": "#bow_pulling_1", "rotation": 90 },
				"east": { "uv": [ 3.25, 2.5, 2, 2.25 ], "texture": "#bow_pulling_1", "rotation": 270 }
			}
		},
		{
			"__comment": "Box66",
			"from": [ 5.25, 11.75, 7 ],
			"to": [ 5.5, 14, 8 ],
			"faces": {
				"down": { "uv": [ 4.25, 5.5, 4, 5.25 ], "texture": "#bow_pulling_1", "rotation": 90 },
				"up": { "uv": [ 2.25, 5.5, 2, 5.25 ], "texture": "#bow_pulling_1", "rotation": 90 },
				"north": { "uv": [ 4.25, 5.5, 2, 5.25 ], "texture": "#bow_pulling_1", "rotation": 270 },
				"south": { "uv": [ 2, 5.5, 4.25, 5.25 ], "texture": "#bow_pulling_1", "rotation": 90 },
				"west": { "uv": [ 2, 5.5, 4.25, 5.25 ], "texture": "#bow_pulling_1", "rotation": 90 },
				"east": { "uv": [ 4.25, 5.5, 2, 5.25 ], "texture": "#bow_pulling_1", "rotation": 270 }
			}
		},
		{
			"__comment": "Box67",
			"from": [ 5.5, 12, 7 ],
			"to": [ 5.75, 14, 8 ],
			"faces": {
				"down": { "uv": [ 4, 5.75, 3.75, 5.5 ], "texture": "#bow_pulling_1", "rotation": 90 },
				"up": { "uv": [ 2.25, 5.75, 2, 5.5 ], "texture": "#bow_pulling_1", "rotation": 90 },
				"north": { "uv": [ 4, 5.75, 2, 5.5 ], "texture": "#bow_pulling_1", "rotation": 270 },
				"south": { "uv": [ 2, 5.75, 4, 5.5 ], "texture": "#bow_pulling_1", "rotation": 90 },
				"west": { "uv": [ 2, 5.75, 4, 5.5 ], "texture": "#bow_pulling_1", "rotation": 90 },
				"east": { "uv": [ 4, 5.75, 2, 5.5 ], "texture": "#bow_pulling_1", "rotation": 270 }
			}
		},
		{
			"__comment": "Box68",
			"from": [ 11.75, 12.75, 7 ],
			"to": [ 12.25, 14, 8 ],
			"faces": {
				"down": { "uv": [ 3.25, 12.25, 3, 11.75 ], "texture": "#bow_pulling_1", "rotation": 90 },
				"up": { "uv": [ 2.25, 12.25, 2, 11.75 ], "texture": "#bow_pulling_1", "rotation": 90 },
				"north": { "uv": [ 3.25, 12.25, 2, 11.75 ], "texture": "#bow_pulling_1", "rotation": 270 },
				"south": { "uv": [ 2, 12.25, 3.25, 11.75 ], "texture": "#bow_pulling_1", "rotation": 90 },
				"west": { "uv": [ 2, 12, 3.25, 11.75 ], "texture": "#bow_pulling_1", "rotation": 90 },
				"east": { "uv": [ 3.25, 12.25, 2, 12 ], "texture": "#bow_pulling_1", "rotation": 270 }
			}
		},
		{
			"__comment": "Box69",
			"from": [ 1.5, 13.25, 7 ],
			"to": [ 3, 13.75, 8 ],
			"faces": {
				"down": { "uv": [ 2.75, 3, 2.5, 1.5 ], "texture": "#bow_pulling_1", "rotation": 90 },
				"up": { "uv": [ 2.5, 3, 2.25, 1.5 ], "texture": "#bow_pulling_1", "rotation": 90 },
				"north": { "uv": [ 2.75, 3, 2.25, 1.5 ], "texture": "#bow_pulling_1", "rotation": 270 },
				"south": { "uv": [ 2.25, 3, 2.75, 1.5 ], "texture": "#bow_pulling_1", "rotation": 90 },
				"west": { "uv": [ 2.25, 1.75, 2.75, 1.5 ], "texture": "#bow_pulling_1", "rotation": 90 },
				"east": { "uv": [ 2.75, 3, 2.25, 2.75 ], "texture": "#bow_pulling_1", "rotation": 270 }
			}
		},
		{
			"__comment": "Box70",
			"from": [ 12.25, 12.75, 7 ],
			"to": [ 12.75, 13.75, 8 ],
			"faces": {
				"down": { "uv": [ 3.25, 12.75, 3, 12.25 ], "texture": "#bow_pulling_1", "rotation": 90 },
				"up": { "uv": [ 2.5, 12.75, 2.25, 12.25 ], "texture": "#bow_pulling_1", "rotation": 90 },
				"north": { "uv": [ 3.25, 12.75, 2.25, 12.25 ], "texture": "#bow_pulling_1", "rotation": 270 },
				"south": { "uv": [ 2.25, 12.75, 3.25, 12.25 ], "texture": "#bow_pulling_1", "rotation": 90 },
				"west": { "uv": [ 2.25, 12.5, 3.25, 12.25 ], "texture": "#bow_pulling_1", "rotation": 90 },
				"east": { "uv": [ 3.25, 12.75, 2.25, 12.5 ], "texture": "#bow_pulling_1", "rotation": 270 }
			}
		},
		{
			"__comment": "Box71",
			"from": [ 3, 12.25, 7 ],
			"to": [ 3.25, 13.5, 8 ],
			"faces": {
				"down": { "uv": [ 3.75, 3.25, 3.5, 3 ], "texture": "#bow_pulling_1", "rotation": 90 },
				"up": { "uv": [ 2.75, 3.25, 2.5, 3 ], "texture": "#bow_pulling_1", "rotation": 90 },
				"north": { "uv": [ 3.75, 3.25, 2.5, 3 ], "texture": "#bow_pulling_1", "rotation": 270 },
				"south": { "uv": [ 2.5, 3.25, 3.75, 3 ], "texture": "#bow_pulling_1", "rotation": 90 },
				"west": { "uv": [ 2.5, 3.25, 3.75, 3 ], "texture": "#bow_pulling_1", "rotation": 90 },
				"east": { "uv": [ 3.75, 3.25, 2.5, 3 ], "texture": "#bow_pulling_1", "rotation": 270 }
			}
		},
		{
			"__comment": "Box72",
			"from": [ 5, 11.5, 7 ],
			"to": [ 5.25, 13.5, 8 ],
			"faces": {
				"down": { "uv": [ 4.5, 5.25, 4.25, 5 ], "texture": "#bow_pulling_1", "rotation": 90 },
				"up": { "uv": [ 2.75, 5.25, 2.5, 5 ], "texture": "#bow_pulling_1", "rotation": 90 },
				"north": { "uv": [ 4.5, 5.25, 2.5, 5 ], "texture": "#bow_pulling_1", "rotation": 270 },
				"south": { "uv": [ 2.5, 5.25, 4.5, 5 ], "texture": "#bow_pulling_1", "rotation": 90 },
				"west": { "uv": [ 2.5, 5.25, 4.5, 5 ], "texture": "#bow_pulling_1", "rotation": 90 },
				"east": { "uv": [ 4.5, 5.25, 2.5, 5 ], "texture": "#bow_pulling_1", "rotation": 270 }
			}
		},
		{
			"__comment": "Box73",
			"from": [ 10.5, 13.25, 7 ],
			"to": [ 13.25, 13.5, 8 ],
			"faces": {
				"down": { "uv": [ 2.75, 13.25, 2.5, 10.5 ], "texture": "#bow_pulling_1", "rotation": 90 },
				"up": { "uv": [ 2.75, 13.25, 2.5, 10.5 ], "texture": "#bow_pulling_1", "rotation": 90 },
				"north": { "uv": [ 2.75, 13.25, 2.5, 10.5 ], "texture": "#bow_pulling_1", "rotation": 270 },
				"south": { "uv": [ 2.5, 13.25, 2.75, 10.5 ], "texture": "#bow_pulling_1", "rotation": 90 },
				"west": { "uv": [ 2.5, 10.75, 2.75, 10.5 ], "texture": "#bow_pulling_1", "rotation": 90 },
				"east": { "uv": [ 2.75, 13.25, 2.5, 13 ], "texture": "#bow_pulling_1", "rotation": 270 }
			}
		},
		{
			"__comment": "Box74",
			"from": [ 2.5, 12.5, 7 ],
			"to": [ 3, 13.25, 8 ],
			"faces": {
				"down": { "uv": [ 3.5, 3, 3.25, 2.5 ], "texture": "#bow_pulling_1", "rotation": 90 },
				"up": { "uv": [ 3, 3, 2.75, 2.5 ], "texture": "#bow_pulling_1", "rotation": 90 },
				"north": { "uv": [ 3.5, 3, 2.75, 2.5 ], "texture": "#bow_pulling_1", "rotation": 270 },
				"south": { "uv": [ 2.75, 3, 3.5, 2.5 ], "texture": "#bow_pulling_1", "rotation": 90 },
				"west": { "uv": [ 2.75, 2.75, 3.5, 2.5 ], "texture": "#bow_pulling_1", "rotation": 90 },
				"east": { "uv": [ 3.5, 3, 2.75, 2.75 ], "texture": "#bow_pulling_1", "rotation": 270 }
			}
		},
		{
			"__comment": "Box75",
			"from": [ 3.25, 13, 7 ],
			"to": [ 3.5, 13.25, 8 ],
			"faces": {
				"down": { "uv": [ 3, 3.5, 2.75, 3.25 ], "texture": "#bow_pulling_1", "rotation": 90 },
				"up": { "uv": [ 3, 3.5, 2.75, 3.25 ], "texture": "#bow_pulling_1", "rotation": 90 },
				"north": { "uv": [ 3, 3.5, 2.75, 3.25 ], "texture": "#bow_pulling_1", "rotation": 270 },
				"south": { "uv": [ 2.75, 3.5, 3, 3.25 ], "texture": "#bow_pulling_1", "rotation": 90 },
				"west": { "uv": [ 2.75, 3.5, 3, 3.25 ], "texture": "#bow_pulling_1", "rotation": 90 },
				"east": { "uv": [ 3, 3.5, 2.75, 3.25 ], "texture": "#bow_pulling_1", "rotation": 270 }
			}
		},
		{
			"__comment": "Box76",
			"from": [ 12.75, 12.25, 7 ],
			"to": [ 13.5, 13.25, 8 ],
			"faces": {
				"down": { "uv": [ 3.75, 13.5, 3.5, 12.75 ], "texture": "#bow_pulling_1", "rotation": 90 },
				"up": { "uv": [ 3, 13.5, 2.75, 12.75 ], "texture": "#bow_pulling_1", "rotation": 90 },
				"north": { "uv": [ 3.75, 13.5, 2.75, 12.75 ], "texture": "#bow_pulling_1", "rotation": 270 },
				"south": { "uv": [ 2.75, 13.5, 3.75, 12.75 ], "texture": "#bow_pulling_1", "rotation": 90 },
				"west": { "uv": [ 2.75, 13, 3.75, 12.75 ], "texture": "#bow_pulling_1", "rotation": 90 },
				"east": { "uv": [ 3.75, 13.5, 2.75, 13.25 ], "texture": "#bow_pulling_1", "rotation": 270 }
			}
		},
		{
			"__comment": "Box77",
			"from": [ 13.5, 12, 7 ],
			"to": [ 14, 13, 8 ],
			"faces": {
				"down": { "uv": [ 4, 14, 3.75, 13.5 ], "texture": "#bow_pulling_1", "rotation": 90 },
				"up": { "uv": [ 3.25, 14, 3, 13.5 ], "texture": "#bow_pulling_1", "rotation": 90 },
				"north": { "uv": [ 4, 14, 3, 13.5 ], "texture": "#bow_pulling_1", "rotation": 270 },
				"south": { "uv": [ 3, 14, 4, 13.5 ], "texture": "#bow_pulling_1", "rotation": 90 },
				"west": { "uv": [ 3, 13.75, 4, 13.5 ], "texture": "#bow_pulling_1", "rotation": 90 },
				"east": { "uv": [ 4, 14, 3, 13.75 ], "texture": "#bow_pulling_1", "rotation": 270 }
			}
		},
		{
			"__comment": "Box78",
			"from": [ 2, 12.5, 7 ],
			"to": [ 2.5, 12.75, 8 ],
			"faces": {
				"down": { "uv": [ 3.5, 2.5, 3.25, 2 ], "texture": "#bow_pulling_1", "rotation": 90 },
				"up": { "uv": [ 3.5, 2.5, 3.25, 2 ], "texture": "#bow_pulling_1", "rotation": 90 },
				"north": { "uv": [ 3.5, 2.5, 3.25, 2 ], "texture": "#bow_pulling_1", "rotation": 270 },
				"south": { "uv": [ 3.25, 2.5, 3.5, 2 ], "texture": "#bow_pulling_1", "rotation": 90 },
				"west": { "uv": [ 3.25, 2.25, 3.5, 2 ], "texture": "#bow_pulling_1", "rotation": 90 },
				"east": { "uv": [ 3.5, 2.5, 3.25, 2.25 ], "texture": "#bow_pulling_1", "rotation": 270 }
			}
		},
		{
			"__comment": "Box79",
			"from": [ 4.75, 11.25, 7 ],
			"to": [ 5, 12.75, 8 ],
			"faces": {
				"down": { "uv": [ 4.75, 5, 4.5, 4.75 ], "texture": "#bow_pulling_1", "rotation": 90 },
				"up": { "uv": [ 3.5, 5, 3.25, 4.75 ], "texture": "#bow_pulling_1", "rotation": 90 },
				"north": { "uv": [ 4.75, 5, 3.25, 4.75 ], "texture": "#bow_pulling_1", "rotation": 270 },
				"south": { "uv": [ 3.25, 5, 4.75, 4.75 ], "texture": "#bow_pulling_1", "rotation": 90 },
				"west": { "uv": [ 3.25, 5, 4.75, 4.75 ], "texture": "#bow_pulling_1", "rotation": 90 },
				"east": { "uv": [ 4.75, 5, 3.25, 4.75 ], "texture": "#bow_pulling_1", "rotation": 270 }
			}
		},
		{
			"__comment": "Box80",
			"from": [ 12.5, 12.5, 7 ],
			"to": [ 14.25, 12.75, 8 ],
			"faces": {
				"down": { "uv": [ 3.5, 14.25, 3.25, 12.5 ], "texture": "#bow_pulling_1", "rotation": 90 },
				"up": { "uv": [ 3.5, 14.25, 3.25, 12.5 ], "texture": "#bow_pulling_1", "rotation": 90 },
				"north": { "uv": [ 3.5, 14.25, 3.25, 12.5 ], "texture": "#bow_pulling_1", "rotation": 270 },
				"south": { "uv": [ 3.25, 14.25, 3.5, 12.5 ], "texture": "#bow_pulling_1", "rotation": 90 },
				"west": { "uv": [ 3.25, 12.75, 3.5, 12.5 ], "texture": "#bow_pulling_1", "rotation": 90 },
				"east": { "uv": [ 3.5, 14.25, 3.25, 14 ], "texture": "#bow_pulling_1", "rotation": 270 }
			}
		},
		{
			"__comment": "Box81",
			"from": [ 2.25, 12.25, 7 ],
			"to": [ 2.5, 12.5, 8 ],
			"faces": {
				"down": { "uv": [ 3.75, 2.5, 3.5, 2.25 ], "texture": "#bow_pulling_1", "rotation": 90 },
				"up": { "uv": [ 3.75, 2.5, 3.5, 2.25 ], "texture": "#bow_pulling_1", "rotation": 90 },
				"north": { "uv": [ 3.75, 2.5, 3.5, 2.25 ], "texture": "#bow_pulling_1", "rotation": 270 },
				"south": { "uv": [ 3.5, 2.5, 3.75, 2.25 ], "texture": "#bow_pulling_1", "rotation": 90 },
				"west": { "uv": [ 3.5, 2.5, 3.75, 2.25 ], "texture": "#bow_pulling_1", "rotation": 90 },
				"east": { "uv": [ 3.75, 2.5, 3.5, 2.25 ], "texture": "#bow_pulling_1", "rotation": 270 }
			}
		},
		{
			"__comment": "Box82",
			"from": [ 3.25, 12, 7 ],
			"to": [ 3.5, 12.5, 8 ],
			"faces": {
				"down": { "uv": [ 4, 3.5, 3.75, 3.25 ], "texture": "#bow_pulling_1", "rotation": 90 },
				"up": { "uv": [ 3.75, 3.5, 3.5, 3.25 ], "texture": "#bow_pulling_1", "rotation": 90 },
				"north": { "uv": [ 4, 3.5, 3.5, 3.25 ], "texture": "#bow_pulling_1", "rotation": 270 },
				"south": { "uv": [ 3.5, 3.5, 4, 3.25 ], "texture": "#bow_pulling_1", "rotation": 90 },
				"west": { "uv": [ 3.5, 3.5, 4, 3.25 ], "texture": "#bow_pulling_1", "rotation": 90 },
				"east": { "uv": [ 4, 3.5, 3.5, 3.25 ], "texture": "#bow_pulling_1", "rotation": 270 }
			}
		},
		{
			"__comment": "Box83",
			"from": [ 4.5, 10.75, 7 ],
			"to": [ 4.75, 12.5, 8 ],
			"faces": {
				"down": { "uv": [ 5.25, 4.75, 5, 4.5 ], "texture": "#bow_pulling_1", "rotation": 90 },
				"up": { "uv": [ 3.75, 4.75, 3.5, 4.5 ], "texture": "#bow_pulling_1", "rotation": 90 },
				"north": { "uv": [ 5.25, 4.75, 3.5, 4.5 ], "texture": "#bow_pulling_1", "rotation": 270 },
				"south": { "uv": [ 3.5, 4.75, 5.25, 4.5 ], "texture": "#bow_pulling_1", "rotation": 90 },
				"west": { "uv": [ 3.5, 4.75, 5.25, 4.5 ], "texture": "#bow_pulling_1", "rotation": 90 },
				"east": { "uv": [ 5.25, 4.75, 3.5, 4.5 ], "texture": "#bow_pulling_1", "rotation": 270 }
			}
		},
		{
			"__comment": "Box84",
			"from": [ 14, 12, 7 ],
			"to": [ 14.5, 12.5, 8 ],
			"faces": {
				"down": { "uv": [ 4, 14.5, 3.75, 14 ], "texture": "#bow_pulling_1", "rotation": 90 },
				"up": { "uv": [ 3.75, 14.5, 3.5, 14 ], "texture": "#bow_pulling_1", "rotation": 90 },
				"north": { "uv": [ 4, 14.5, 3.5, 14 ], "texture": "#bow_pulling_1", "rotation": 270 },
				"south": { "uv": [ 3.5, 14.5, 4, 14 ], "texture": "#bow_pulling_1", "rotation": 90 },
				"west": { "uv": [ 3.5, 14.25, 4, 14 ], "texture": "#bow_pulling_1", "rotation": 90 },
				"east": { "uv": [ 4, 14.5, 3.5, 14.25 ], "texture": "#bow_pulling_1", "rotation": 270 }
			}
		},
		{
			"__comment": "Box85",
			"from": [ 3.5, 11.75, 7 ],
			"to": [ 3.75, 12.25, 8 ],
			"faces": {
				"down": { "uv": [ 4.25, 3.75, 4, 3.5 ], "texture": "#bow_pulling_1", "rotation": 90 },
				"up": { "uv": [ 4, 3.75, 3.75, 3.5 ], "texture": "#bow_pulling_1", "rotation": 90 },
				"north": { "uv": [ 4.25, 3.75, 3.75, 3.5 ], "texture": "#bow_pulling_1", "rotation": 270 },
				"south": { "uv": [ 3.75, 3.75, 4.25, 3.5 ], "texture": "#bow_pulling_1", "rotation": 90 },
				"west": { "uv": [ 3.75, 3.75, 4.25, 3.5 ], "texture": "#bow_pulling_1", "rotation": 90 },
				"east": { "uv": [ 4.25, 3.75, 3.75, 3.5 ], "texture": "#bow_pulling_1", "rotation": 270 }
			}
		},
		{
			"__comment": "Box86",
			"from": [ 4.25, 10.75, 7 ],
			"to": [ 4.5, 12.25, 8 ],
			"faces": {
				"down": { "uv": [ 5.25, 4.5, 5, 4.25 ], "texture": "#bow_pulling_1", "rotation": 90 },
				"up": { "uv": [ 4, 4.5, 3.75, 4.25 ], "texture": "#bow_pulling_1", "rotation": 90 },
				"north": { "uv": [ 5.25, 4.5, 3.75, 4.25 ], "texture": "#bow_pulling_1", "rotation": 270 },
				"south": { "uv": [ 3.75, 4.5, 5.25, 4.25 ], "texture": "#bow_pulling_1", "rotation": 90 },
				"west": { "uv": [ 3.75, 4.5, 5.25, 4.25 ], "texture": "#bow_pulling_1", "rotation": 90 },
				"east": { "uv": [ 5.25, 4.5, 3.75, 4.25 ], "texture": "#bow_pulling_1", "rotation": 270 }
			}
		},
		{
			"__comment": "Box87",
			"from": [ 3.75, 10.25, 7 ],
			"to": [ 4, 12, 8 ],
			"faces": {
				"down": { "uv": [ 5.75, 4, 5.5, 3.75 ], "texture": "#bow_pulling_1", "rotation": 90 },
				"up": { "uv": [ 4.25, 4, 4, 3.75 ], "texture": "#bow_pulling_1", "rotation": 90 },
				"north": { "uv": [ 5.75, 4, 4, 3.75 ], "texture": "#bow_pulling_1", "rotation": 270 },
				"south": { "uv": [ 4, 4, 5.75, 3.75 ], "texture": "#bow_pulling_1", "rotation": 90 },
				"west": { "uv": [ 4, 4, 5.75, 3.75 ], "texture": "#bow_pulling_1", "rotation": 90 },
				"east": { "uv": [ 5.75, 4, 4, 3.75 ], "texture": "#bow_pulling_1", "rotation": 270 }
			}
		},
		{
			"__comment": "Box88",
			"from": [ 4, 10.5, 7 ],
			"to": [ 4.25, 12, 8 ],
			"faces": {
				"down": { "uv": [ 5.5, 4.25, 5.25, 4 ], "texture": "#bow_pulling_1", "rotation": 90 },
				"up": { "uv": [ 4.25, 4.25, 4, 4 ], "texture": "#bow_pulling_1", "rotation": 90 },
				"north": { "uv": [ 5.5, 4.25, 4, 4 ], "texture": "#bow_pulling_1", "rotation": 270 },
				"south": { "uv": [ 4, 4.25, 5.5, 4 ], "texture": "#bow_pulling_1", "rotation": 90 },
				"west": { "uv": [ 4, 4.25, 5.5, 4 ], "texture": "#bow_pulling_1", "rotation": 90 },
				"east": { "uv": [ 5.5, 4.25, 4, 4 ], "texture": "#bow_pulling_1", "rotation": 270 }
			}
		},
		{
			"__comment": "Box89",
			"from": [ 3.5, 9.25, 7 ],
			"to": [ 3.75, 11.5, 8 ],
			"faces": {
				"down": { "uv": [ 6.75, 3.75, 6.5, 3.5 ], "texture": "#bow_pulling_1", "rotation": 90 },
				"up": { "uv": [ 4.75, 3.75, 4.5, 3.5 ], "texture": "#bow_pulling_1", "rotation": 90 },
				"north": { "uv": [ 6.75, 3.75, 4.5, 3.5 ], "texture": "#bow_pulling_1", "rotation": 270 },
				"south": { "uv": [ 4.5, 3.75, 6.75, 3.5 ], "texture": "#bow_pulling_1", "rotation": 90 },
				"west": { "uv": [ 4.5, 3.75, 6.75, 3.5 ], "texture": "#bow_pulling_1", "rotation": 90 },
				"east": { "uv": [ 6.75, 3.75, 4.5, 3.5 ], "texture": "#bow_pulling_1", "rotation": 270 }
			}
		},
		{
			"__comment": "Box90",
			"from": [ 3.25, 9, 7 ],
			"to": [ 3.5, 11.25, 8 ],
			"faces": {
				"down": { "uv": [ 7, 3.5, 6.75, 3.25 ], "texture": "#bow_pulling_1", "rotation": 90 },
				"up": { "uv": [ 5, 3.5, 4.75, 3.25 ], "texture": "#bow_pulling_1", "rotation": 90 },
				"north": { "uv": [ 7, 3.5, 4.75, 3.25 ], "texture": "#bow_pulling_1", "rotation": 270 },
				"south": { "uv": [ 4.75, 3.5, 7, 3.25 ], "texture": "#bow_pulling_1", "rotation": 90 },
				"west": { "uv": [ 4.75, 3.5, 7, 3.25 ], "texture": "#bow_pulling_1", "rotation": 90 },
				"east": { "uv": [ 7, 3.5, 4.75, 3.25 ], "texture": "#bow_pulling_1", "rotation": 270 }
			}
		},
		{
			"__comment": "Box91",
			"from": [ 3, 9, 7 ],
			"to": [ 3.25, 11, 8 ],
			"faces": {
				"down": { "uv": [ 7, 3.25, 6.75, 3 ], "texture": "#bow_pulling_1", "rotation": 90 },
				"up": { "uv": [ 5.25, 3.25, 5, 3 ], "texture": "#bow_pulling_1", "rotation": 90 },
				"north": { "uv": [ 7, 3.25, 5, 3 ], "texture": "#bow_pulling_1", "rotation": 270 },
				"south": { "uv": [ 5, 3.25, 7, 3 ], "texture": "#bow_pulling_1", "rotation": 90 },
				"west": { "uv": [ 5, 3.25, 7, 3 ], "texture": "#bow_pulling_1", "rotation": 90 },
				"east": { "uv": [ 7, 3.25, 5, 3 ], "texture": "#bow_pulling_1", "rotation": 270 }
			}
		},
		{
			"__comment": "Box92",
			"from": [ 4.75, 10.5, 7 ],
			"to": [ 5, 11, 8 ],
			"faces": {
				"down": { "uv": [ 5.5, 5, 5.25, 4.75 ], "texture": "#bow_pulling_1", "rotation": 90 },
				"up": { "uv": [ 5.25, 5, 5, 4.75 ], "texture": "#bow_pulling_1", "rotation": 90 },
				"north": { "uv": [ 5.5, 5, 5, 4.75 ], "texture": "#bow_pulling_1", "rotation": 270 },
				"south": { "uv": [ 5, 5, 5.5, 4.75 ], "texture": "#bow_pulling_1", "rotation": 90 },
				"west": { "uv": [ 5, 5, 5.5, 4.75 ], "texture": "#bow_pulling_1", "rotation": 90 },
				"east": { "uv": [ 5.5, 5, 5, 4.75 ], "texture": "#bow_pulling_1", "rotation": 270 }
			}
		},
		{
			"__comment": "Box93",
			"from": [ 2.5, 8.25, 7 ],
			"to": [ 2.75, 10.75, 8 ],
			"faces": {
				"down": { "uv": [ 7.75, 2.75, 7.5, 2.5 ], "texture": "#bow_pulling_1", "rotation": 90 },
				"up": { "uv": [ 5.5, 2.75, 5.25, 2.5 ], "texture": "#bow_pulling_1", "rotation": 90 },
				"north": { "uv": [ 7.75, 2.75, 5.25, 2.5 ], "texture": "#bow_pulling_1", "rotation": 270 },
				"south": { "uv": [ 5.25, 2.75, 7.75, 2.5 ], "texture": "#bow_pulling_1", "rotation": 90 },
				"west": { "uv": [ 5.25, 2.75, 7.75, 2.5 ], "texture": "#bow_pulling_1", "rotation": 90 },
				"east": { "uv": [ 7.75, 2.75, 5.25, 2.5 ], "texture": "#bow_pulling_1", "rotation": 270 }
			}
		},
		{
			"__comment": "Box94",
			"from": [ 2.75, 8.5, 7 ],
			"to": [ 3, 10.75, 8 ],
			"faces": {
				"down": { "uv": [ 7.5, 3, 7.25, 2.75 ], "texture": "#bow_pulling_1", "rotation": 90 },
				"up": { "uv": [ 5.5, 3, 5.25, 2.75 ], "texture": "#bow_pulling_1", "rotation": 90 },
				"north": { "uv": [ 7.5, 3, 5.25, 2.75 ], "texture": "#bow_pulling_1", "rotation": 270 },
				"south": { "uv": [ 5.25, 3, 7.5, 2.75 ], "texture": "#bow_pulling_1", "rotation": 90 },
				"west": { "uv": [ 5.25, 3, 7.5, 2.75 ], "texture": "#bow_pulling_1", "rotation": 90 },
				"east": { "uv": [ 7.5, 3, 5.25, 2.75 ], "texture": "#bow_pulling_1", "rotation": 270 }
			}
		},
		{
			"__comment": "Box95",
			"from": [ 5, 10.25, 7 ],
			"to": [ 5.25, 10.75, 8 ],
			"faces": {
				"down": { "uv": [ 5.75, 5.25, 5.5, 5 ], "texture": "#bow_pulling_1", "rotation": 90 },
				"up": { "uv": [ 5.5, 5.25, 5.25, 5 ], "texture": "#bow_pulling_1", "rotation": 90 },
				"north": { "uv": [ 5.75, 5.25, 5.25, 5 ], "texture": "#bow_pulling_1", "rotation": 270 },
				"south": { "uv": [ 5.25, 5.25, 5.75, 5 ], "texture": "#bow_pulling_1", "rotation": 90 },
				"west": { "uv": [ 5.25, 5.25, 5.75, 5 ], "texture": "#bow_pulling_1", "rotation": 90 },
				"east": { "uv": [ 5.75, 5.25, 5.25, 5 ], "texture": "#bow_pulling_1", "rotation": 270 }
			}
		},
		{
			"__comment": "Box96",
			"from": [ 2, 3, 7 ],
			"to": [ 2.25, 10.5, 8 ],
			"faces": {
				"down": { "uv": [ 13, 2.25, 12.75, 2 ], "texture": "#bow_pulling_1", "rotation": 90 },
				"up": { "uv": [ 5.75, 2.25, 5.5, 2 ], "texture": "#bow_pulling_1", "rotation": 90 },
				"north": { "uv": [ 13, 2.25, 5.5, 2 ], "texture": "#bow_pulling_1", "rotation": 270 },
				"south": { "uv": [ 5.5, 2.25, 13, 2 ], "texture": "#bow_pulling_1", "rotation": 90 },
				"west": { "uv": [ 5.5, 2.25, 13, 2 ], "texture": "#bow_pulling_1", "rotation": 90 },
				"east": { "uv": [ 13, 2.25, 5.5, 2 ], "texture": "#bow_pulling_1", "rotation": 270 }
			}
		},
		{
			"__comment": "Box97",
			"from": [ 2.25, 7, 7 ],
			"to": [ 2.5, 10.5, 8 ],
			"faces": {
				"down": { "uv": [ 9, 2.5, 8.75, 2.25 ], "texture": "#bow_pulling_1", "rotation": 90 },
				"up": { "uv": [ 5.75, 2.5, 5.5, 2.25 ], "texture": "#bow_pulling_1", "rotation": 90 },
				"north": { "uv": [ 9, 2.5, 5.5, 2.25 ], "texture": "#bow_pulling_1", "rotation": 270 },
				"south": { "uv": [ 5.5, 2.5, 9, 2.25 ], "texture": "#bow_pulling_1", "rotation": 90 },
				"west": { "uv": [ 5.5, 2.5, 9, 2.25 ], "texture": "#bow_pulling_1", "rotation": 90 },
				"east": { "uv": [ 9, 2.5, 5.5, 2.25 ], "texture": "#bow_pulling_1", "rotation": 270 }
			}
		},
		{
			"__comment": "Box98",
			"from": [ 5.25, 10, 7 ],
			"to": [ 5.5, 10.5, 8 ],
			"faces": {
				"down": { "uv": [ 6, 5.5, 5.75, 5.25 ], "texture": "#bow_pulling_1", "rotation": 90 },
				"up": { "uv": [ 5.75, 5.5, 5.5, 5.25 ], "texture": "#bow_pulling_1", "rotation": 90 },
				"north": { "uv": [ 6, 5.5, 5.5, 5.25 ], "texture": "#bow_pulling_1", "rotation": 270 },
				"south": { "uv": [ 5.5, 5.5, 6, 5.25 ], "texture": "#bow_pulling_1", "rotation": 90 },
				"west": { "uv": [ 5.5, 5.5, 6, 5.25 ], "texture": "#bow_pulling_1", "rotation": 90 },
				"east": { "uv": [ 6, 5.5, 5.5, 5.25 ], "texture": "#bow_pulling_1", "rotation": 270 }
			}
		},
		{
			"__comment": "Box99",
			"from": [ 5.5, 9.75, 7 ],
			"to": [ 5.75, 10.25, 8 ],
			"faces": {
				"down": { "uv": [ 6.25, 5.75, 6, 5.5 ], "texture": "#bow_pulling_1", "rotation": 90 },
				"up": { "uv": [ 6, 5.75, 5.75, 5.5 ], "texture": "#bow_pulling_1", "rotation": 90 },
				"north": { "uv": [ 6.25, 5.75, 5.75, 5.5 ], "texture": "#bow_pulling_1", "rotation": 270 },
				"south": { "uv": [ 5.75, 5.75, 6.25, 5.5 ], "texture": "#bow_pulling_1", "rotation": 90 },
				"west": { "uv": [ 5.75, 5.75, 6.25, 5.5 ], "texture": "#bow_pulling_1", "rotation": 90 },
				"east": { "uv": [ 6.25, 5.75, 5.75, 5.5 ], "texture": "#bow_pulling_1", "rotation": 270 }
			}
		},
		{
			"__comment": "Box100",
			"from": [ 1.5, 4, 7 ],
			"to": [ 2, 10, 8 ],
			"faces": {
				"down": { "uv": [ 12, 2, 11.75, 1.5 ], "texture": "#bow_pulling_1", "rotation": 90 },
				"up": { "uv": [ 6.25, 2, 6, 1.5 ], "texture": "#bow_pulling_1", "rotation": 90 },
				"north": { "uv": [ 12, 2, 6, 1.5 ], "texture": "#bow_pulling_1", "rotation": 270 },
				"south": { "uv": [ 6, 2, 12, 1.5 ], "texture": "#bow_pulling_1", "rotation": 90 },
				"west": { "uv": [ 6, 1.75, 12, 1.5 ], "texture": "#bow_pulling_1", "rotation": 90 },
				"east": { "uv": [ 12, 2, 6, 1.75 ], "texture": "#bow_pulling_1", "rotation": 270 }
			}
		},
		{
			"__comment": "Box101",
			"from": [ 5.75, 9.5, 7 ],
			"to": [ 6, 10, 8 ],
			"faces": {
				"down": { "uv": [ 6.5, 6, 6.25, 5.75 ], "texture": "#bow_pulling_1", "rotation": 90 },
				"up": { "uv": [ 6.25, 6, 6, 5.75 ], "texture": "#bow_pulling_1", "rotation": 90 },
				"north": { "uv": [ 6.5, 6, 6, 5.75 ], "texture": "#bow_pulling_1", "rotation": 270 },
				"south": { "uv": [ 6, 6, 6.5, 5.75 ], "texture": "#bow_pulling_1", "rotation": 90 },
				"west": { "uv": [ 6, 6, 6.5, 5.75 ], "texture": "#bow_pulling_1", "rotation": 90 },
				"east": { "uv": [ 6.5, 6, 6, 5.75 ], "texture": "#bow_pulling_1", "rotation": 270 }
			}
		},
		{
			"__comment": "Box102",
			"from": [ 1.25, 4.5, 7 ],
			"to": [ 1.5, 9.75, 8 ],
			"faces": {
				"down": { "uv": [ 11.5, 1.5, 11.25, 1.25 ], "texture": "#bow_pulling_1", "rotation": 90 },
				"up": { "uv": [ 6.5, 1.5, 6.25, 1.25 ], "texture": "#bow_pulling_1", "rotation": 90 },
				"north": { "uv": [ 11.5, 1.5, 6.25, 1.25 ], "texture": "#bow_pulling_1", "rotation": 270 },
				"south": { "uv": [ 6.25, 1.5, 11.5, 1.25 ], "texture": "#bow_pulling_1", "rotation": 90 },
				"west": { "uv": [ 6.25, 1.5, 11.5, 1.25 ], "texture": "#bow_pulling_1", "rotation": 90 },
				"east": { "uv": [ 11.5, 1.5, 6.25, 1.25 ], "texture": "#bow_pulling_1", "rotation": 270 }
			}
		},
		{
			"__comment": "Box103",
			"from": [ 6, 9.25, 7 ],
			"to": [ 6.25, 9.75, 8 ],
			"faces": {
				"down": { "uv": [ 6.75, 6.25, 6.5, 6 ], "texture": "#bow_pulling_1", "rotation": 90 },
				"up": { "uv": [ 6.5, 6.25, 6.25, 6 ], "texture": "#bow_pulling_1", "rotation": 90 },
				"north": { "uv": [ 6.75, 6.25, 6.25, 6 ], "texture": "#bow_pulling_1", "rotation": 270 },
				"south": { "uv": [ 6.25, 6.25, 6.75, 6 ], "texture": "#bow_pulling_1", "rotation": 90 },
				"west": { "uv": [ 6.25, 6.25, 6.75, 6 ], "texture": "#bow_pulling_1", "rotation": 90 },
				"east": { "uv": [ 6.75, 6.25, 6.25, 6 ], "texture": "#bow_pulling_1", "rotation": 270 }
			}
		},
		{
			"__comment": "Box104",
			"from": [ 6.25, 9, 7 ],
			"to": [ 6.5, 9.5, 8 ],
			"faces": {
				"down": { "uv": [ 7, 6.5, 6.75, 6.25 ], "texture": "#bow_pulling_1", "rotation": 90 },
				"up": { "uv": [ 6.75, 6.5, 6.5, 6.25 ], "texture": "#bow_pulling_1", "rotation": 90 },
				"north": { "uv": [ 7, 6.5, 6.5, 6.25 ], "texture": "#bow_pulling_1", "rotation": 270 },
				"south": { "uv": [ 6.5, 6.5, 7, 6.25 ], "texture": "#bow_pulling_1", "rotation": 90 },
				"west": { "uv": [ 6.5, 6.5, 7, 6.25 ], "texture": "#bow_pulling_1", "rotation": 90 },
				"east": { "uv": [ 7, 6.5, 6.5, 6.25 ], "texture": "#bow_pulling_1", "rotation": 270 }
			}
		},
		{
			"__comment": "Box105",
			"from": [ 6.5, 8.75, 7 ],
			"to": [ 6.75, 9.25, 8 ],
			"faces": {
				"down": { "uv": [ 7.25, 6.75, 7, 6.5 ], "texture": "#bow_pulling_1", "rotation": 90 },
				"up": { "uv": [ 7, 6.75, 6.75, 6.5 ], "texture": "#bow_pulling_1", "rotation": 90 },
				"north": { "uv": [ 7.25, 6.75, 6.75, 6.5 ], "texture": "#bow_pulling_1", "rotation": 270 },
				"south": { "uv": [ 6.75, 6.75, 7.25, 6.5 ], "texture": "#bow_pulling_1", "rotation": 90 },
				"west": { "uv": [ 6.75, 6.75, 7.25, 6.5 ], "texture": "#bow_pulling_1", "rotation": 90 },
				"east": { "uv": [ 7.25, 6.75, 6.75, 6.5 ], "texture": "#bow_pulling_1", "rotation": 270 }
			}
		},
		{
			"__comment": "Box106",
			"from": [ 6.75, 8.5, 7 ],
			"to": [ 7, 9, 8 ],
			"faces": {
				"down": { "uv": [ 7.5, 7, 7.25, 6.75 ], "texture": "#bow_pulling_1", "rotation": 90 },
				"up": { "uv": [ 7.25, 7, 7, 6.75 ], "texture": "#bow_pulling_1", "rotation": 90 },
				"north": { "uv": [ 7.5, 7, 7, 6.75 ], "texture": "#bow_pulling_1", "rotation": 270 },
				"south": { "uv": [ 7, 7, 7.5, 6.75 ], "texture": "#bow_pulling_1", "rotation": 90 },
				"west": { "uv": [ 7, 7, 7.5, 6.75 ], "texture": "#bow_pulling_1", "rotation": 90 },
				"east": { "uv": [ 7.5, 7, 7, 6.75 ], "texture": "#bow_pulling_1", "rotation": 270 }
			}
		},
		{
			"__comment": "Box107",
			"from": [ 7, 8.25, 7 ],
			"to": [ 7.25, 8.75, 8 ],
			"faces": {
				"down": { "uv": [ 7.75, 7.25, 7.5, 7 ], "texture": "#bow_pulling_1", "rotation": 90 },
				"up": { "uv": [ 7.5, 7.25, 7.25, 7 ], "texture": "#bow_pulling_1", "rotation": 90 },
				"north": { "uv": [ 7.75, 7.25, 7.25, 7 ], "texture": "#bow_pulling_1", "rotation": 270 },
				"south": { "uv": [ 7.25, 7.25, 7.75, 7 ], "texture": "#bow_pulling_1", "rotation": 90 },
				"west": { "uv": [ 7.25, 7.25, 7.75, 7 ], "texture": "#bow_pulling_1", "rotation": 90 },
				"east": { "uv": [ 7.75, 7.25, 7.25, 7 ], "texture": "#bow_pulling_1", "rotation": 270 }
			}
		},
		{
			"__comment": "Box108",
			"from": [ 7.25, 8, 7 ],
			"to": [ 7.5, 8.5, 8 ],
			"faces": {
				"down": { "uv": [ 8, 7.5, 7.75, 7.25 ], "texture": "#bow_pulling_1", "rotation": 90 },
				"up": { "uv": [ 7.75, 7.5, 7.5, 7.25 ], "texture": "#bow_pulling_1", "rotation": 90 },
				"north": { "uv": [ 8, 7.5, 7.5, 7.25 ], "texture": "#bow_pulling_1", "rotation": 270 },
				"south": { "uv": [ 7.5, 7.5, 8, 7.25 ], "texture": "#bow_pulling_1", "rotation": 90 },
				"west": { "uv": [ 7.5, 7.5, 8, 7.25 ], "texture": "#bow_pulling_1", "rotation": 90 },
				"east": { "uv": [ 8, 7.5, 7.5, 7.25 ], "texture": "#bow_pulling_1", "rotation": 270 }
			}
		},
		{
			"__comment": "Box109",
			"from": [ 7.5, 7.75, 7 ],
			"to": [ 7.75, 8.25, 8 ],
			"faces": {
				"down": { "uv": [ 8.25, 7.75, 8, 7.5 ], "texture": "#bow_pulling_1", "rotation": 90 },
				"up": { "uv": [ 8, 7.75, 7.75, 7.5 ], "texture": "#bow_pulling_1", "rotation": 90 },
				"north": { "uv": [ 8.25, 7.75, 7.75, 7.5 ], "texture": "#bow_pulling_1", "rotation": 270 },
				"south": { "uv": [ 7.75, 7.75, 8.25, 7.5 ], "texture": "#bow_pulling_1", "rotation": 90 },
				"west": { "uv": [ 7.75, 7.75, 8.25, 7.5 ], "texture": "#bow_pulling_1", "rotation": 90 },
				"east": { "uv": [ 8.25, 7.75, 7.75, 7.5 ], "texture": "#bow_pulling_1", "rotation": 270 }
			}
		},
		{
			"__comment": "Box110",
			"from": [ 1, 5.5, 7 ],
			"to": [ 1.25, 8, 8 ],
			"faces": {
				"down": { "uv": [ 10.5, 1.25, 10.25, 1 ], "texture": "#bow_pulling_1", "rotation": 90 },
				"up": { "uv": [ 8.25, 1.25, 8, 1 ], "texture": "#bow_pulling_1", "rotation": 90 },
				"north": { "uv": [ 10.5, 1.25, 8, 1 ], "texture": "#bow_pulling_1", "rotation": 270 },
				"south": { "uv": [ 8, 1.25, 10.5, 1 ], "texture": "#bow_pulling_1", "rotation": 90 },
				"west": { "uv": [ 8, 1.25, 10.5, 1 ], "texture": "#bow_pulling_1", "rotation": 90 },
				"east": { "uv": [ 10.5, 1.25, 8, 1 ], "texture": "#bow_pulling_1", "rotation": 270 }
			}
		},
		{
			"__comment": "Box111",
			"from": [ 7.75, 7.5, 7 ],
			"to": [ 8, 8, 8 ],
			"faces": {
				"down": { "uv": [ 8.5, 8, 8.25, 7.75 ], "texture": "#bow_pulling_1", "rotation": 90 },
				"up": { "uv": [ 8.25, 8, 8, 7.75 ], "texture": "#bow_pulling_1", "rotation": 90 },
				"north": { "uv": [ 8.5, 8, 8, 7.75 ], "texture": "#bow_pulling_1", "rotation": 270 },
				"south": { "uv": [ 8, 8, 8.5, 7.75 ], "texture": "#bow_pulling_1", "rotation": 90 },
				"west": { "uv": [ 8, 8, 8.5, 7.75 ], "texture": "#bow_pulling_1", "rotation": 90 },
				"east": { "uv": [ 8.5, 8, 8, 7.75 ], "texture": "#bow_pulling_1", "rotation": 270 }
			}
		},
		{
			"__comment": "Box112",
			"from": [ 8, 7.25, 7 ],
			"to": [ 8.25, 7.75, 8 ],
			"faces": {
				"down": { "uv": [ 8.75, 8.25, 8.5, 8 ], "texture": "#bow_pulling_1", "rotation": 90 },
				"up": { "uv": [ 8.5, 8.25, 8.25, 8 ], "texture": "#bow_pulling_1", "rotation": 90 },
				"north": { "uv": [ 8.75, 8.25, 8.25, 8 ], "texture": "#bow_pulling_1", "rotation": 270 },
				"south": { "uv": [ 8.25, 8.25, 8.75, 8 ], "texture": "#bow_pulling_1", "rotation": 90 },
				"west": { "uv": [ 8.25, 8.25, 8.75, 8 ], "texture": "#bow_pulling_1", "rotation": 90 },
				"east": { "uv": [ 8.75, 8.25, 8.25, 8 ], "texture": "#bow_pulling_1", "rotation": 270 }
			}
		},
		{
			"__comment": "Box113",
			"from": [ 8.25, 7, 7 ],
			"to": [ 8.5, 7.5, 8 ],
			"faces": {
				"down": { "uv": [ 9, 8.5, 8.75, 8.25 ], "texture": "#bow_pulling_1", "rotation": 90 },
				"up": { "uv": [ 8.75, 8.5, 8.5, 8.25 ], "texture": "#bow_pulling_1", "rotation": 90 },
				"north": { "uv": [ 9, 8.5, 8.5, 8.25 ], "texture": "#bow_pulling_1", "rotation": 270 },
				"south": { "uv": [ 8.5, 8.5, 9, 8.25 ], "texture": "#bow_pulling_1", "rotation": 90 },
				"west": { "uv": [ 8.5, 8.5, 9, 8.25 ], "texture": "#bow_pulling_1", "rotation": 90 },
				"east": { "uv": [ 9, 8.5, 8.5, 8.25 ], "texture": "#bow_pulling_1", "rotation": 270 }
			}
		},
		{
			"__comment": "Box114",
			"from": [ 8.5, 6.75, 7 ],
			"to": [ 8.75, 7.25, 8 ],
			"faces": {
				"down": { "uv": [ 9.25, 8.75, 9, 8.5 ], "texture": "#bow_pulling_1", "rotation": 90 },
				"up": { "uv": [ 9, 8.75, 8.75, 8.5 ], "texture": "#bow_pulling_1", "rotation": 90 },
				"north": { "uv": [ 9.25, 8.75, 8.75, 8.5 ], "texture": "#bow_pulling_1", "rotation": 270 },
				"south": { "uv": [ 8.75, 8.75, 9.25, 8.5 ], "texture": "#bow_pulling_1", "rotation": 90 },
				"west": { "uv": [ 8.75, 8.75, 9.25, 8.5 ], "texture": "#bow_pulling_1", "rotation": 90 },
				"east": { "uv": [ 9.25, 8.75, 8.75, 8.5 ], "texture": "#bow_pulling_1", "rotation": 270 }
			}
		},
		{
			"__comment": "Box115",
			"from": [ 8.75, 6.5, 7 ],
			"to": [ 9, 7, 8 ],
			"faces": {
				"down": { "uv": [ 9.5, 9, 9.25, 8.75 ], "texture": "#bow_pulling_1", "rotation": 90 },
				"up": { "uv": [ 9.25, 9, 9, 8.75 ], "texture": "#bow_pulling_1", "rotation": 90 },
				"north": { "uv": [ 9.5, 9, 9, 8.75 ], "texture": "#bow_pulling_1", "rotation": 270 },
				"south": { "uv": [ 9, 9, 9.5, 8.75 ], "texture": "#bow_pulling_1", "rotation": 90 },
				"west": { "uv": [ 9, 9, 9.5, 8.75 ], "texture": "#bow_pulling_1", "rotation": 90 },
				"east": { "uv": [ 9.5, 9, 9, 8.75 ], "texture": "#bow_pulling_1", "rotation": 270 }
			}
		},
		{
			"__comment": "Box116",
			"from": [ 9, 6.25, 7 ],
			"to": [ 9.25, 6.75, 8 ],
			"faces": {
				"down": { "uv": [ 9.75, 9.25, 9.5, 9 ], "texture": "#bow_pulling_1", "rotation": 90 },
				"up": { "uv": [ 9.5, 9.25, 9.25, 9 ], "texture": "#bow_pulling_1", "rotation": 90 },
				"north": { "uv": [ 9.75, 9.25, 9.25, 9 ], "texture": "#bow_pulling_1", "rotation": 270 },
				"south": { "uv": [ 9.25, 9.25, 9.75, 9 ], "texture": "#bow_pulling_1", "rotation": 90 },
				"west": { "uv": [ 9.25, 9.25, 9.75, 9 ], "texture": "#bow_pulling_1", "rotation": 90 },
				"east": { "uv": [ 9.75, 9.25, 9.25, 9 ], "texture": "#bow_pulling_1", "rotation": 270 }
			}
		},
		{
			"__comment": "Box117",
			"from": [ 9.25, 6, 7 ],
			"to": [ 9.5, 6.5, 8 ],
			"faces": {
				"down": { "uv": [ 10, 9.5, 9.75, 9.25 ], "texture": "#bow_pulling_1", "rotation": 90 },
				"up": { "uv": [ 9.75, 9.5, 9.5, 9.25 ], "texture": "#bow_pulling_1", "rotation": 90 },
				"north": { "uv": [ 10, 9.5, 9.5, 9.25 ], "texture": "#bow_pulling_1", "rotation": 270 },
				"south": { "uv": [ 9.5, 9.5, 10, 9.25 ], "texture": "#bow_pulling_1", "rotation": 90 },
				"west": { "uv": [ 9.5, 9.5, 10, 9.25 ], "texture": "#bow_pulling_1", "rotation": 90 },
				"east": { "uv": [ 10, 9.5, 9.5, 9.25 ], "texture": "#bow_pulling_1", "rotation": 270 }
			}
		},
		{
			"__comment": "Box118",
			"from": [ 9.5, 5.75, 7 ],
			"to": [ 9.75, 6.25, 8 ],
			"faces": {
				"down": { "uv": [ 10.25, 9.75, 10, 9.5 ], "texture": "#bow_pulling_1", "rotation": 90 },
				"up": { "uv": [ 10, 9.75, 9.75, 9.5 ], "texture": "#bow_pulling_1", "rotation": 90 },
				"north": { "uv": [ 10.25, 9.75, 9.75, 9.5 ], "texture": "#bow_pulling_1", "rotation": 270 },
				"south": { "uv": [ 9.75, 9.75, 10.25, 9.5 ], "texture": "#bow_pulling_1", "rotation": 90 },
				"west": { "uv": [ 9.75, 9.75, 10.25, 9.5 ], "texture": "#bow_pulling_1", "rotation": 90 },
				"east": { "uv": [ 10.25, 9.75, 9.75, 9.5 ], "texture": "#bow_pulling_1", "rotation": 270 }
			}
		},
		{
			"__comment": "Box119",
			"from": [ 9.75, 5.5, 7 ],
			"to": [ 10, 6, 8 ],
			"faces": {
				"down": { "uv": [ 10.5, 10, 10.25, 9.75 ], "texture": "#bow_pulling_1", "rotation": 90 },
				"up": { "uv": [ 10.25, 10, 10, 9.75 ], "texture": "#bow_pulling_1", "rotation": 90 },
				"north": { "uv": [ 10.5, 10, 10, 9.75 ], "texture": "#bow_pulling_1", "rotation": 270 },
				"south": { "uv": [ 10, 10, 10.5, 9.75 ], "texture": "#bow_pulling_1", "rotation": 90 },
				"west": { "uv": [ 10, 10, 10.5, 9.75 ], "texture": "#bow_pulling_1", "rotation": 90 },
				"east": { "uv": [ 10.5, 10, 10, 9.75 ], "texture": "#bow_pulling_1", "rotation": 270 }
			}
		},
		{
			"__comment": "Box120",
			"from": [ 10, 5.25, 7 ],
			"to": [ 10.25, 5.75, 8 ],
			"faces": {
				"down": { "uv": [ 10.75, 10.25, 10.5, 10 ], "texture": "#bow_pulling_1", "rotation": 90 },
				"up": { "uv": [ 10.5, 10.25, 10.25, 10 ], "texture": "#bow_pulling_1", "rotation": 90 },
				"north": { "uv": [ 10.75, 10.25, 10.25, 10 ], "texture": "#bow_pulling_1", "rotation": 270 },
				"south": { "uv": [ 10.25, 10.25, 10.75, 10 ], "texture": "#bow_pulling_1", "rotation": 90 },
				"west": { "uv": [ 10.25, 10.25, 10.75, 10 ], "texture": "#bow_pulling_1", "rotation": 90 },
				"east": { "uv": [ 10.75, 10.25, 10.25, 10 ], "texture": "#bow_pulling_1", "rotation": 270 }
			}
		},
		{
			"__comment": "Box121",
			"from": [ 2.25, 2.5, 7 ],
			"to": [ 2.5, 5.25, 8 ],
			"faces": {
				"down": { "uv": [ 13.5, 2.5, 13.25, 2.25 ], "texture": "#bow_pulling_1", "rotation": 90 },
				"up": { "uv": [ 11, 2.5, 10.75, 2.25 ], "texture": "#bow_pulling_1", "rotation": 90 },
				"north": { "uv": [ 13.5, 2.5, 10.75, 2.25 ], "texture": "#bow_pulling_1", "rotation": 270 },
				"south": { "uv": [ 10.75, 2.5, 13.5, 2.25 ], "texture": "#bow_pulling_1", "rotation": 90 },
				"west": { "uv": [ 10.75, 2.5, 13.5, 2.25 ], "texture": "#bow_pulling_1", "rotation": 90 },
				"east": { "uv": [ 13.5, 2.5, 10.75, 2.25 ], "texture": "#bow_pulling_1", "rotation": 270 }
			}
		},
		{
			"__comment": "Box122",
			"from": [ 2.5, 2.25, 7 ],
			"to": [ 2.75, 4.5, 8 ],
			"faces": {
				"down": { "uv": [ 13.75, 2.75, 13.5, 2.5 ], "texture": "#bow_pulling_1", "rotation": 90 },
				"up": { "uv": [ 11.75, 2.75, 11.5, 2.5 ], "texture": "#bow_pulling_1", "rotation": 90 },
				"north": { "uv": [ 13.75, 2.75, 11.5, 2.5 ], "texture": "#bow_pulling_1", "rotation": 270 },
				"south": { "uv": [ 11.5, 2.75, 13.75, 2.5 ], "texture": "#bow_pulling_1", "rotation": 90 },
				"west": { "uv": [ 11.5, 2.75, 13.75, 2.5 ], "texture": "#bow_pulling_1", "rotation": 90 },
				"east": { "uv": [ 13.75, 2.75, 11.5, 2.5 ], "texture": "#bow_pulling_1", "rotation": 270 }
			}
		},
		{
			"__comment": "Box123",
			"from": [ 1.75, 3.5, 7 ],
			"to": [ 3, 4, 8 ],
			"faces": {
				"down": { "uv": [ 12.5, 3, 12.25, 1.75 ], "texture": "#bow_pulling_1", "rotation": 90 },
				"up": { "uv": [ 12.25, 3, 12, 1.75 ], "texture": "#bow_pulling_1", "rotation": 90 },
				"north": { "uv": [ 12.5, 3, 12, 1.75 ], "texture": "#bow_pulling_1", "rotation": 270 },
				"south": { "uv": [ 12, 3, 12.5, 1.75 ], "texture": "#bow_pulling_1", "rotation": 90 },
				"west": { "uv": [ 12, 2, 12.5, 1.75 ], "texture": "#bow_pulling_1", "rotation": 90 },
				"east": { "uv": [ 12.5, 3, 12, 2.75 ], "texture": "#bow_pulling_1", "rotation": 270 }
			}
		},
		{
			"__comment": "Box124",
			"from": [ 2.75, 1.75, 7 ],
			"to": [ 3, 3.5, 8 ],
			"faces": {
				"down": { "uv": [ 14.25, 3, 14, 2.75 ], "texture": "#bow_pulling_1", "rotation": 90 },
				"up": { "uv": [ 12.75, 3, 12.5, 2.75 ], "texture": "#bow_pulling_1", "rotation": 90 },
				"north": { "uv": [ 14.25, 3, 12.5, 2.75 ], "texture": "#bow_pulling_1", "rotation": 270 },
				"south": { "uv": [ 12.5, 3, 14.25, 2.75 ], "texture": "#bow_pulling_1", "rotation": 90 },
				"west": { "uv": [ 12.5, 3, 14.25, 2.75 ], "texture": "#bow_pulling_1", "rotation": 90 },
				"east": { "uv": [ 14.25, 3, 12.5, 2.75 ], "texture": "#bow_pulling_1", "rotation": 270 }
			}
		},
		{
			"__comment": "Box125",
			"from": [ 3, 1.5, 7 ],
			"to": [ 3.25, 3.25, 8 ],
			"faces": {
				"down": { "uv": [ 14.5, 3.25, 14.25, 3 ], "texture": "#bow_pulling_1", "rotation": 90 },
				"up": { "uv": [ 13, 3.25, 12.75, 3 ], "texture": "#bow_pulling_1", "rotation": 90 },
				"north": { "uv": [ 14.5, 3.25, 12.75, 3 ], "texture": "#bow_pulling_1", "rotation": 270 },
				"south": { "uv": [ 12.75, 3.25, 14.5, 3 ], "texture": "#bow_pulling_1", "rotation": 90 },
				"west": { "uv": [ 12.75, 3.25, 14.5, 3 ], "texture": "#bow_pulling_1", "rotation": 90 },
				"east": { "uv": [ 14.5, 3.25, 12.75, 3 ], "texture": "#bow_pulling_1", "rotation": 270 }
			}
		},
		{
			"__comment": "Box126",
			"from": [ 3.25, 1.25, 7 ],
			"to": [ 3.5, 3, 8 ],
			"faces": {
				"down": { "uv": [ 14.75, 3.5, 14.5, 3.25 ], "texture": "#bow_pulling_1", "rotation": 90 },
				"up": { "uv": [ 13.25, 3.5, 13, 3.25 ], "texture": "#bow_pulling_1", "rotation": 90 },
				"north": { "uv": [ 14.75, 3.5, 13, 3.25 ], "texture": "#bow_pulling_1", "rotation": 270 },
				"south": { "uv": [ 13, 3.5, 14.75, 3.25 ], "texture": "#bow_pulling_1", "rotation": 90 },
				"west": { "uv": [ 13, 3.5, 14.75, 3.25 ], "texture": "#bow_pulling_1", "rotation": 90 },
				"east": { "uv": [ 14.75, 3.5, 13, 3.25 ], "texture": "#bow_pulling_1", "rotation": 270 }
			}
		},
		{
			"__comment": "Box127",
			"from": [ 3.5, 1.25, 7 ],
			"to": [ 3.75, 2.25, 8 ],
			"faces": {
				"down": { "uv": [ 14.75, 3.75, 14.5, 3.5 ], "texture": "#bow_pulling_1", "rotation": 90 },
				"up": { "uv": [ 14, 3.75, 13.75, 3.5 ], "texture": "#bow_pulling_1", "rotation": 90 },
				"north": { "uv": [ 14.75, 3.75, 13.75, 3.5 ], "texture": "#bow_pulling_1", "rotation": 270 },
				"south": { "uv": [ 13.75, 3.75, 14.75, 3.5 ], "texture": "#bow_pulling_1", "rotation": 90 },
				"west": { "uv": [ 13.75, 3.75, 14.75, 3.5 ], "texture": "#bow_pulling_1", "rotation": 90 },
				"east": { "uv": [ 14.75, 3.75, 13.75, 3.5 ], "texture": "#bow_pulling_1", "rotation": 270 }
			}
		}
	],
	"display": {
		"thirdperson_righthand": {
			"rotation":  [ -45, -94, 0 ],
			"translation":  [ -2.086, -2.086, 5.5652 ],
			"scale":  [ 1.2, 1.2, 1 ]
		},
		"firstperson_righthand": {
			"rotation":  [ -8, -87, 25 ],
			"translation":  [ 2.0869, 7, 0 ],
			"scale":  [ 1.4, 1.4, 1 ]
		},
		"gui": {
			"rotation":  [ 22, 27, 0 ],
			"translation":  [ 0, 0, 16 ],
			"scale":  [ 1.2, 1.2, 1 ]
		},
		"ground": {
			"rotation":  [ 0, 0, -25 ],
			"translation":  [ 0, 4.8695, 0 ],
			"scale":  [ 1.2, 1.2, 1 ]
		},
		"fixed": {
			"scale":  [ 1.2, 1.2, 1 ]
		}
	}
}