{
	"__comment": "Designed by Zeibo with Cubik Studio - https://cubik.studio",
	"textures": {
		"particle": "weapons/particle",
		"texture": "weapons/texture",
		"texture1": "weapons/texture1",
		"texture2": "weapons/texture2",
		"texture3": "weapons/texture3",
		"texture4": "weapons/texture4",
		"texture5": "staff/water"
	},
	"elements": [ 	 
		{
			"__comment": "Box1",
			"from": [ 5.5, 1, 14 ],
			"to": [ 7.5, 1.5, 25.5 ],
			"faces": {
				"down": { "uv": [ 5.5, 0, 7.5, 2 ], "texture": "#texture" },
				"up": { "uv": [ 5.5, 14, 7.5, 16 ], "texture": "#texture" },
				"north": { "uv": [ 8.5, 14.5, 10.5, 15 ], "texture": "#texture" },
				"south": { "uv": [ 5.5, 14.5, 7.5, 15 ], "texture": "#texture" },
				"west": { "uv": [ 14, 14.5, 16, 15 ], "texture": "#texture" },
				"east": { "uv": [ 0, 14.5, 2, 15 ], "texture": "#texture" }
			}
		},
		{
			"__comment": "Box1",
			"from": [ 4.5, 11, 14 ],
			"to": [ 5.5, 11.5, 25.5 ],
			"faces": {
				"down": { "uv": [ 4.5, 0, 5.5, 2 ], "texture": "#texture" },
				"up": { "uv": [ 4.5, 14, 5.5, 16 ], "texture": "#texture" },
				"north": { "uv": [ 10.5, 4.5, 11.5, 5 ], "texture": "#texture" },
				"south": { "uv": [ 4.5, 4.5, 5.5, 5 ], "texture": "#texture" },
				"west": { "uv": [ 14, 4.5, 16, 5 ], "texture": "#texture" },
				"east": { "uv": [ 0, 4.5, 2, 5 ], "texture": "#texture" }
			}
		},
		{
			"__comment": "Box1",
			"from": [ 7.5, 11, 14 ],
			"to": [ 8.5, 11.5, 25.5 ],
			"faces": {
				"down": { "uv": [ 7.5, 0, 8.5, 2 ], "texture": "#texture" },
				"up": { "uv": [ 7.5, 14, 8.5, 16 ], "texture": "#texture" },
				"north": { "uv": [ 7.5, 4.5, 8.5, 5 ], "texture": "#texture" },
				"south": { "uv": [ 7.5, 4.5, 8.5, 5 ], "texture": "#texture" },
				"west": { "uv": [ 14, 4.5, 16, 5 ], "texture": "#texture" },
				"east": { "uv": [ 0, 4.5, 2, 5 ], "texture": "#texture" }
			}
		},
		{
			"__comment": "Box1",
			"from": [ 8.5, 10.5, 14 ],
			"to": [ 9.5, 11, 25.5 ],
			"faces": {
				"down": { "uv": [ 8.5, 0, 9.5, 2 ], "texture": "#texture" },
				"up": { "uv": [ 8.5, 14, 9.5, 16 ], "texture": "#texture" },
				"north": { "uv": [ 6.5, 5, 7.5, 5.5 ], "texture": "#texture" },
				"south": { "uv": [ 8.5, 5, 9.5, 5.5 ], "texture": "#texture" },
				"west": { "uv": [ 14, 5, 16, 5.5 ], "texture": "#texture" },
				"east": { "uv": [ 0, 5, 2, 5.5 ], "texture": "#texture" }
			}
		},
		{
			"__comment": "Box1",
			"from": [ 3.5, 10.5, 14 ],
			"to": [ 4.5, 11, 25.5 ],
			"faces": {
				"down": { "uv": [ 3.5, 0, 4.5, 2 ], "texture": "#texture" },
				"up": { "uv": [ 3.5, 14, 4.5, 16 ], "texture": "#texture" },
				"north": { "uv": [ 11.5, 5, 12.5, 5.5 ], "texture": "#texture" },
				"south": { "uv": [ 3.5, 5, 4.5, 5.5 ], "texture": "#texture" },
				"west": { "uv": [ 14, 5, 16, 5.5 ], "texture": "#texture" },
				"east": { "uv": [ 0, 5, 2, 5.5 ], "texture": "#texture" }
			}
		},
		{
			"__comment": "Box1",
			"from": [ 3, 10, 14 ],
			"to": [ 3.5, 10.5, 25.5 ],
			"faces": {
				"down": { "uv": [ 3, 0, 3.5, 2 ], "texture": "#texture" },
				"up": { "uv": [ 3, 14, 3.5, 16 ], "texture": "#texture" },
				"north": { "uv": [ 12.5, 5.5, 13, 6 ], "texture": "#texture" },
				"south": { "uv": [ 3, 5.5, 3.5, 6 ], "texture": "#texture" },
				"west": { "uv": [ 14, 5.5, 16, 6 ], "texture": "#texture" },
				"east": { "uv": [ 0, 5.5, 2, 6 ], "texture": "#texture" }
			}
		},
		{
			"__comment": "Box1",
			"from": [ 2.5, 9.5, 14 ],
			"to": [ 3, 10, 25.5 ],
			"faces": {
				"down": { "uv": [ 2.5, 0, 3, 2 ], "texture": "#texture" },
				"up": { "uv": [ 2.5, 14, 3, 16 ], "texture": "#texture" },
				"north": { "uv": [ 13, 6, 13.5, 6.5 ], "texture": "#texture" },
				"south": { "uv": [ 2.5, 6, 3, 6.5 ], "texture": "#texture" },
				"west": { "uv": [ 14, 6, 16, 6.5 ], "texture": "#texture" },
				"east": { "uv": [ 0, 6, 2, 6.5 ], "texture": "#texture" }
			}
		},
		{
			"__comment": "Box1",
			"from": [ 9.5, 10, 14 ],
			"to": [ 10, 10.5, 25.5 ],
			"faces": {
				"down": { "uv": [ 9.5, 0, 10, 2 ], "texture": "#texture" },
				"up": { "uv": [ 9.5, 14, 10, 16 ], "texture": "#texture" },
				"north": { "uv": [ 6, 5.5, 6.5, 6 ], "texture": "#texture" },
				"south": { "uv": [ 9.5, 5.5, 10, 6 ], "texture": "#texture" },
				"west": { "uv": [ 14, 5.5, 16, 6 ], "texture": "#texture" },
				"east": { "uv": [ 0, 5.5, 2, 6 ], "texture": "#texture" }
			}
		},
		{
			"__comment": "Box1",
			"from": [ 10, 9.5, 14 ],
			"to": [ 10.5, 10, 25.5 ],
			"faces": {
				"down": { "uv": [ 10, 0, 10.5, 2 ], "texture": "#texture" },
				"up": { "uv": [ 10, 14, 10.5, 16 ], "texture": "#texture" },
				"north": { "uv": [ 5.5, 6, 6, 6.5 ], "texture": "#texture" },
				"south": { "uv": [ 10, 6, 10.5, 6.5 ], "texture": "#texture" },
				"west": { "uv": [ 14, 6, 16, 6.5 ], "texture": "#texture" },
				"east": { "uv": [ 0, 6, 2, 6.5 ], "texture": "#texture" }
			}
		},
		{
			"__comment": "Box1",
			"from": [ 11.5, 5.5, 14 ],
			"to": [ 12, 7.5, 25.5 ],
			"faces": {
				"down": { "uv": [ 6.5, 6.5, 16, 7 ], "texture": "#texture", "rotation": 90 },
				"up": { "uv": [ 9.5, 7, 0, 6.5 ], "texture": "#texture", "rotation": 270 },
				"north": { "uv": [ 1.5, 6.5, 4.5, 7 ], "texture": "#texture", "rotation": 270 },
				"south": { "uv": [ 11.5, 6.5, 14.5, 7 ], "texture": "#texture", "rotation": 90 },
				"west": { "uv": [ 11.5, 6.5, 14.5, 16 ], "texture": "#texture", "rotation": 90 },
				"east": { "uv": [ 14.5, 9.5, 11.5, 0 ], "texture": "#texture", "rotation": 270 }
			}
		},
		{
			"__comment": "Box1",
			"from": [ 1, 5.5, 14 ],
			"to": [ 1.5, 7.5, 25.5 ],
			"faces": {
				"down": { "uv": [ 6.5, 6.5, 16, 7 ], "texture": "#texture", "rotation": 90 },
				"up": { "uv": [ 9.5, 7, 0, 6.5 ], "texture": "#texture", "rotation": 270 },
				"north": { "uv": [ 1.5, 6.5, 4.5, 7 ], "texture": "#texture", "rotation": 270 },
				"south": { "uv": [ 11.5, 6.5, 14.5, 7 ], "texture": "#texture", "rotation": 90 },
				"west": { "uv": [ 11.5, 6.5, 14.5, 16 ], "texture": "#texture", "rotation": 90 },
				"east": { "uv": [ 14.5, 9.5, 11.5, 0 ], "texture": "#texture", "rotation": 270 }
			}
		},
		{
			"__comment": "Box1",
			"from": [ 10.5, 8.5, 14 ],
			"to": [ 11, 9.5, 25.5 ],
			"faces": {
				"down": { "uv": [ 10.5, 0, 11, 2 ], "texture": "#texture" },
				"up": { "uv": [ 10.5, 14, 11, 16 ], "texture": "#texture" },
				"north": { "uv": [ 5, 6.5, 5.5, 7.5 ], "texture": "#texture" },
				"south": { "uv": [ 10.5, 6.5, 11, 7.5 ], "texture": "#texture" },
				"west": { "uv": [ 14, 6.5, 16, 7.5 ], "texture": "#texture" },
				"east": { "uv": [ 0, 6.5, 2, 7.5 ], "texture": "#texture" }
			}
		},
		{
			"__comment": "Box1",
			"from": [ 11, 7.5, 14 ],
			"to": [ 11.5, 8.5, 25.5 ],
			"faces": {
				"down": { "uv": [ 11, 0, 11.5, 2 ], "texture": "#texture" },
				"up": { "uv": [ 11, 14, 11.5, 16 ], "texture": "#texture" },
				"north": { "uv": [ 4.5, 7.5, 5, 8.5 ], "texture": "#texture" },
				"south": { "uv": [ 11, 7.5, 11.5, 8.5 ], "texture": "#texture" },
				"west": { "uv": [ 14, 7.5, 16, 8.5 ], "texture": "#texture" },
				"east": { "uv": [ 0, 7.5, 2, 8.5 ], "texture": "#texture" }
			}
		},
		{
			"__comment": "Box1",
			"from": [ 2, 8.5, 14 ],
			"to": [ 2.5, 9.5, 25.5 ],
			"faces": {
				"down": { "uv": [ 2, 0, 2.5, 2 ], "texture": "#texture" },
				"up": { "uv": [ 2, 14, 2.5, 16 ], "texture": "#texture" },
				"north": { "uv": [ 13.5, 6.5, 14, 7.5 ], "texture": "#texture" },
				"south": { "uv": [ 2, 6.5, 2.5, 7.5 ], "texture": "#texture" },
				"west": { "uv": [ 14, 6.5, 16, 7.5 ], "texture": "#texture" },
				"east": { "uv": [ 0, 6.5, 2, 7.5 ], "texture": "#texture" }
			}
		},
		{
			"__comment": "Box1",
			"from": [ 1.5, 7.5, 14 ],
			"to": [ 2, 8.5, 25.5 ],
			"faces": {
				"down": { "uv": [ 1.5, 0, 2, 2 ], "texture": "#texture" },
				"up": { "uv": [ 1.5, 14, 2, 16 ], "texture": "#texture" },
				"north": { "uv": [ 14, 7.5, 14.5, 8.5 ], "texture": "#texture" },
				"south": { "uv": [ 1.5, 7.5, 2, 8.5 ], "texture": "#texture" },
				"west": { "uv": [ 14, 7.5, 16, 8.5 ], "texture": "#texture" },
				"east": { "uv": [ 0, 7.5, 2, 8.5 ], "texture": "#texture" }
			}
		},
		{
			"__comment": "Box1",
			"from": [ 11, 4.5, 14 ],
			"to": [ 11.5, 5.5, 25.5 ],
			"faces": {
				"down": { "uv": [ 11, 0, 11.5, 2 ], "texture": "#texture" },
				"up": { "uv": [ 11, 14, 11.5, 16 ], "texture": "#texture" },
				"north": { "uv": [ 4.5, 10.5, 5, 11.5 ], "texture": "#texture" },
				"south": { "uv": [ 11, 10.5, 11.5, 11.5 ], "texture": "#texture" },
				"west": { "uv": [ 14, 10.5, 16, 11.5 ], "texture": "#texture" },
				"east": { "uv": [ 0, 10.5, 2, 11.5 ], "texture": "#texture" }
			}
		},
		{
			"__comment": "Box1",
			"from": [ 10.5, 3.5, 14 ],
			"to": [ 11, 4.5, 25.5 ],
			"faces": {
				"down": { "uv": [ 10.5, 0, 11, 2 ], "texture": "#texture" },
				"up": { "uv": [ 10.5, 14, 11, 16 ], "texture": "#texture" },
				"north": { "uv": [ 5, 11.5, 5.5, 12.5 ], "texture": "#texture" },
				"south": { "uv": [ 10.5, 11.5, 11, 12.5 ], "texture": "#texture" },
				"west": { "uv": [ 14, 11.5, 16, 12.5 ], "texture": "#texture" },
				"east": { "uv": [ 0, 11.5, 2, 12.5 ], "texture": "#texture" }
			}
		},
		{
			"__comment": "Box1",
			"from": [ 1.5, 4.5, 14 ],
			"to": [ 2, 5.5, 25.5 ],
			"faces": {
				"down": { "uv": [ 1.5, 0, 2, 2 ], "texture": "#texture" },
				"up": { "uv": [ 1.5, 14, 2, 16 ], "texture": "#texture" },
				"north": { "uv": [ 14, 10.5, 14.5, 11.5 ], "texture": "#texture" },
				"south": { "uv": [ 1.5, 10.5, 2, 11.5 ], "texture": "#texture" },
				"west": { "uv": [ 14, 10.5, 16, 11.5 ], "texture": "#texture" },
				"east": { "uv": [ 0, 10.5, 2, 11.5 ], "texture": "#texture" }
			}
		},
		{
			"__comment": "Box1",
			"from": [ 2, 3.5, 14 ],
			"to": [ 2.5, 4.5, 25.5 ],
			"faces": {
				"down": { "uv": [ 2, 0, 2.5, 2 ], "texture": "#texture" },
				"up": { "uv": [ 2, 14, 2.5, 16 ], "texture": "#texture" },
				"north": { "uv": [ 13.5, 11.5, 14, 12.5 ], "texture": "#texture" },
				"south": { "uv": [ 2, 11.5, 2.5, 12.5 ], "texture": "#texture" },
				"west": { "uv": [ 14, 11.5, 16, 12.5 ], "texture": "#texture" },
				"east": { "uv": [ 0, 11.5, 2, 12.5 ], "texture": "#texture" }
			}
		},
		{
			"__comment": "Box1",
			"from": [ 2.5, 3, 14 ],
			"to": [ 3, 3.5, 25.5 ],
			"faces": {
				"down": { "uv": [ 2.5, 0, 3, 2 ], "texture": "#texture" },
				"up": { "uv": [ 2.5, 14, 3, 16 ], "texture": "#texture" },
				"north": { "uv": [ 13, 12.5, 13.5, 13 ], "texture": "#texture" },
				"south": { "uv": [ 2.5, 12.5, 3, 13 ], "texture": "#texture" },
				"west": { "uv": [ 14, 12.5, 16, 13 ], "texture": "#texture" },
				"east": { "uv": [ 0, 12.5, 2, 13 ], "texture": "#texture" }
			}
		},
		{
			"__comment": "Box1",
			"from": [ 3, 2.5, 14 ],
			"to": [ 3.5, 3, 25.5 ],
			"faces": {
				"down": { "uv": [ 3, 0, 3.5, 2 ], "texture": "#texture" },
				"up": { "uv": [ 3, 14, 3.5, 16 ], "texture": "#texture" },
				"north": { "uv": [ 12.5, 13, 13, 13.5 ], "texture": "#texture" },
				"south": { "uv": [ 3, 13, 3.5, 13.5 ], "texture": "#texture" },
				"west": { "uv": [ 14, 13, 16, 13.5 ], "texture": "#texture" },
				"east": { "uv": [ 0, 13, 2, 13.5 ], "texture": "#texture" }
			}
		},
		{
			"__comment": "Box1",
			"from": [ 10, 3, 14 ],
			"to": [ 10.5, 3.5, 25.5 ],
			"faces": {
				"down": { "uv": [ 10, 0, 10.5, 2 ], "texture": "#texture" },
				"up": { "uv": [ 10, 14, 10.5, 16 ], "texture": "#texture" },
				"north": { "uv": [ 5.5, 12.5, 6, 13 ], "texture": "#texture" },
				"south": { "uv": [ 10, 12.5, 10.5, 13 ], "texture": "#texture" },
				"west": { "uv": [ 14, 12.5, 16, 13 ], "texture": "#texture" },
				"east": { "uv": [ 0, 12.5, 2, 13 ], "texture": "#texture" }
			}
		},
		{
			"__comment": "Box1",
			"from": [ 9.5, 2.5, 14 ],
			"to": [ 10, 3, 25.5 ],
			"faces": {
				"down": { "uv": [ 9.5, 0, 10, 2 ], "texture": "#texture" },
				"up": { "uv": [ 9.5, 14, 10, 16 ], "texture": "#texture" },
				"north": { "uv": [ 6, 13, 6.5, 13.5 ], "texture": "#texture" },
				"south": { "uv": [ 9.5, 13, 10, 13.5 ], "texture": "#texture" },
				"west": { "uv": [ 14, 13, 16, 13.5 ], "texture": "#texture" },
				"east": { "uv": [ 0, 13, 2, 13.5 ], "texture": "#texture" }
			}
		},
		{
			"__comment": "Box1",
			"from": [ 8.5, 2, 14 ],
			"to": [ 9.5, 2.5, 25.5 ],
			"faces": {
				"down": { "uv": [ 8.5, 0, 9.5, 2 ], "texture": "#texture" },
				"up": { "uv": [ 8.5, 14, 9.5, 16 ], "texture": "#texture" },
				"north": { "uv": [ 6.5, 13.5, 7.5, 14 ], "texture": "#texture" },
				"south": { "uv": [ 8.5, 13.5, 9.5, 14 ], "texture": "#texture" },
				"west": { "uv": [ 14, 13.5, 16, 14 ], "texture": "#texture" },
				"east": { "uv": [ 0, 13.5, 2, 14 ], "texture": "#texture" }
			}
		},
		{
			"__comment": "Box1",
			"from": [ 7.5, 1.5, 14 ],
			"to": [ 8.5, 2, 25.5 ],
			"faces": {
				"down": { "uv": [ 7.5, 0, 8.5, 2 ], "texture": "#texture" },
				"up": { "uv": [ 7.5, 14, 8.5, 16 ], "texture": "#texture" },
				"north": { "uv": [ 7.5, 14, 8.5, 14.5 ], "texture": "#texture" },
				"south": { "uv": [ 7.5, 14, 8.5, 14.5 ], "texture": "#texture" },
				"west": { "uv": [ 14, 14, 16, 14.5 ], "texture": "#texture" },
				"east": { "uv": [ 0, 14, 2, 14.5 ], "texture": "#texture" }
			}
		},
		{
			"__comment": "Box1",
			"from": [ 3.5, 2, 14 ],
			"to": [ 4.5, 2.5, 25.5 ],
			"faces": {
				"down": { "uv": [ 3.5, 0, 4.5, 2 ], "texture": "#texture" },
				"up": { "uv": [ 3.5, 14, 4.5, 16 ], "texture": "#texture" },
				"north": { "uv": [ 11.5, 13.5, 12.5, 14 ], "texture": "#texture" },
				"south": { "uv": [ 3.5, 13.5, 4.5, 14 ], "texture": "#texture" },
				"west": { "uv": [ 14, 13.5, 16, 14 ], "texture": "#texture" },
				"east": { "uv": [ 0, 13.5, 2, 14 ], "texture": "#texture" }
			}
		},
		{
			"__comment": "Box1",
			"from": [ 4.5, 1.5, 14 ],
			"to": [ 5.5, 2, 25.5 ],
			"faces": {
				"down": { "uv": [ 4.5, 0, 5.5, 2 ], "texture": "#texture" },
				"up": { "uv": [ 4.5, 14, 5.5, 16 ], "texture": "#texture" },
				"north": { "uv": [ 10.5, 14, 11.5, 14.5 ], "texture": "#texture" },
				"south": { "uv": [ 4.5, 14, 5.5, 14.5 ], "texture": "#texture" },
				"west": { "uv": [ 14, 14, 16, 14.5 ], "texture": "#texture" },
				"east": { "uv": [ 0, 14, 2, 14.5 ], "texture": "#texture" }
			}
		},
		{
			"__comment": "Box1",
			"from": [ 5.5, 11.5, 14 ],
			"to": [ 7.5, 12, 25.5 ],
			"faces": {
				"down": { "uv": [ 5.5, 0, 7.5, 2 ], "texture": "#texture" },
				"up": { "uv": [ 5.5, 14, 7.5, 16 ], "texture": "#texture" },
				"north": { "uv": [ 8.5, 4, 10.5, 4.5 ], "texture": "#texture" },
				"south": { "uv": [ 5.5, 4, 7.5, 4.5 ], "texture": "#texture" },
				"west": { "uv": [ 14, 4, 16, 4.5 ], "texture": "#texture" },
				"east": { "uv": [ 0, 4, 2, 4.5 ], "texture": "#texture" }
			}
		},
		{
			"__comment": "Box30",
			"from": [ 3, 12.5, 12.625 ],
			"to": [ 10, 13.5, 26.625 ],
			"faces": {
				"down": { "uv": [ 3, 0, 10, 3.375 ], "texture": "#texture1" },
				"up": { "uv": [ 3, 12.625, 10, 16 ], "texture": "#texture1" },
				"north": { "uv": [ 6, 2.5, 13, 3.5 ], "texture": "#texture1" },
				"south": { "uv": [ 3, 2.5, 10, 3.5 ], "texture": "#texture1" },
				"west": { "uv": [ 12.625, 2.5, 16, 3.5 ], "texture": "#texture1" },
				"east": { "uv": [ 0, 2.5, 3.375, 3.5 ], "texture": "#texture1" }
			}
		},
		{
			"__comment": "Box30",
			"from": [ 0.375, 9.25, 12.5 ],
			"to": [ 5.375, 10.25, 26.5 ],
			"rotation": { "origin": [ 0.375, 9.25, 12.5 ], "axis": "z", "angle": 45 },
			"faces": {
				"down": { "uv": [ 0, 5.5, 2.5, 16 ], "texture": "#texture1" },
				"up": { "uv": [ 0, 0, 2.5, 10.5 ], "texture": "#texture1" },
				"north": { "uv": [ 13.5, 4, 16, 5 ], "texture": "#texture1" },
				"south": { "uv": [ 0, 4, 2.5, 5 ], "texture": "#texture1" },
				"west": { "uv": [ 0, 4, 10.5, 5 ], "texture": "#texture1" },
				"east": { "uv": [ 5.5, 4, 16, 5 ], "texture": "#texture1" }
			}
		},
		{
			"__comment": "Box30",
			"from": [ 9.125, 12.75, 12.5 ],
			"to": [ 14.125, 13.75, 26.5 ],
			"rotation": { "origin": [ 9.125, 12.75, 12.5 ], "axis": "z", "angle": -45 },
			"faces": {
				"down": { "uv": [ 0, 5.5, 2.5, 16 ], "texture": "#texture1" },
				"up": { "uv": [ 0, 0, 2.5, 10.5 ], "texture": "#texture1" },
				"north": { "uv": [ 13.5, 4, 16, 5 ], "texture": "#texture1" },
				"south": { "uv": [ 0, 4, 2.5, 5 ], "texture": "#texture1" },
				"west": { "uv": [ 0, 4, 10.5, 5 ], "texture": "#texture1" },
				"east": { "uv": [ 5.5, 4, 16, 5 ], "texture": "#texture1" }
			}
		},
		{
			"__comment": "Box30",
			"from": [ 0, -0.25, 12.5 ],
			"to": [ 1, 4.25, 26.5 ],
			"rotation": { "origin": [ 0, 4.25, 12.5 ], "axis": "z", "angle": 22.5 },
			"faces": {
				"down": { "uv": [ 5.5, 10, 16, 11 ], "texture": "#texture1", "rotation": 90 },
				"up": { "uv": [ 10.5, 11, 0, 10 ], "texture": "#texture1", "rotation": 270 },
				"north": { "uv": [ 13.5, 10, 16, 11 ], "texture": "#texture1", "rotation": 270 },
				"south": { "uv": [ 0, 10, 2.5, 11 ], "texture": "#texture1", "rotation": 90 },
				"west": { "uv": [ 0, 5.5, 2.5, 16 ], "texture": "#texture1", "rotation": 90 },
				"east": { "uv": [ 2.5, 10.5, 0, 0 ], "texture": "#texture1", "rotation": 270 }
			}
		},
		{
			"__comment": "Box30",
			"from": [ 12.5, 0.125, 12.5 ],
			"to": [ 13.5, 4.625, 26.5 ],
			"rotation": { "origin": [ 12.5, 4.625, 12.5 ], "axis": "z", "angle": -22.5 },
			"faces": {
				"down": { "uv": [ 5.5, 10, 16, 11 ], "texture": "#texture1", "rotation": 90 },
				"up": { "uv": [ 10.5, 11, 0, 10 ], "texture": "#texture1", "rotation": 270 },
				"north": { "uv": [ 13.5, 10, 16, 11 ], "texture": "#texture1", "rotation": 270 },
				"south": { "uv": [ 0, 10, 2.5, 11 ], "texture": "#texture1", "rotation": 90 },
				"west": { "uv": [ 0, 5.5, 2.5, 16 ], "texture": "#texture1", "rotation": 90 },
				"east": { "uv": [ 2.5, 10.5, 0, 0 ], "texture": "#texture1", "rotation": 270 }
			}
		},
		{
			"__comment": "Box30",
			"from": [ 1.1892, 0.7049, 25.75 ],
			"to": [ 4.1892, 3.7049, 26.75 ],
			"rotation": { "origin": [ 2.25, 3.625, 25.75 ], "axis": "z", "angle": -45 },
			"faces": {
				"down": { "uv": [ 5.5, 10, 16, 11 ], "texture": "#texture1", "rotation": 90 },
				"up": { "uv": [ 10.5, 11, 0, 10 ], "texture": "#texture1", "rotation": 270 },
				"north": { "uv": [ 13.5, 10, 16, 11 ], "texture": "#texture1", "rotation": 270 },
				"south": { "uv": [ 0, 10, 2.5, 11 ], "texture": "#texture1", "rotation": 90 },
				"west": { "uv": [ 0, 5.5, 2.5, 16 ], "texture": "#texture1", "rotation": 90 },
				"east": { "uv": [ 2.5, 10.5, 0, 0 ], "texture": "#texture1", "rotation": 270 }
			}
		},
		{
			"__comment": "Box30",
			"from": [ 9.189199, 0.0799, 25.75 ],
			"to": [ 12.1892, 3.0799, 26.75 ],
			"rotation": { "origin": [ 10.25, 3, 25.75 ], "axis": "z", "angle": 45 },
			"faces": {
				"down": { "uv": [ 5.5, 10, 16, 11 ], "texture": "#texture1", "rotation": 90 },
				"up": { "uv": [ 10.5, 11, 0, 10 ], "texture": "#texture1", "rotation": 270 },
				"north": { "uv": [ 13.5, 10, 16, 11 ], "texture": "#texture1", "rotation": 270 },
				"south": { "uv": [ 0, 10, 2.5, 11 ], "texture": "#texture1", "rotation": 90 },
				"west": { "uv": [ 0, 5.5, 2.5, 16 ], "texture": "#texture1", "rotation": 90 },
				"east": { "uv": [ 2.5, 10.5, 0, 0 ], "texture": "#texture1", "rotation": 270 }
			}
		},
		{
			"__comment": "Box30",
			"from": [ 1.625, 0.125, 12.5 ],
			"to": [ 11.625, 0.625, 26.5 ],
			"faces": {
				"down": { "uv": [ 1.625, 0, 11.625, 3.5 ], "texture": "#texture1" },
				"up": { "uv": [ 1.625, 12.5, 11.625, 16 ], "texture": "#texture1" },
				"north": { "uv": [ 4.375, 15.375, 14.375, 15.875 ], "texture": "#texture1" },
				"south": { "uv": [ 1.625, 15.375, 11.625, 15.875 ], "texture": "#texture1" },
				"west": { "uv": [ 12.5, 15.375, 16, 15.875 ], "texture": "#texture1" },
				"east": { "uv": [ 0, 15.375, 3.5, 15.875 ], "texture": "#texture1" }
			}
		},
		{
			"__comment": "Box40",
			"from": [ 1.5, 4.5, 13.5 ],
			"to": [ 11.5, 8.5, 14 ],
			"faces": {
				"down": { "uv": [ 1.5, 2, 11.5, 2.5 ], "texture": "#texture2" },
				"up": { "uv": [ 1.5, 13.5, 11.5, 14 ], "texture": "#texture2" },
				"north": { "uv": [ 4.5, 7.5, 14.5, 11.5 ], "texture": "#texture2" },
				"south": { "uv": [ 1.5, 7.5, 11.5, 11.5 ], "texture": "#texture2" },
				"west": { "uv": [ 13.5, 7.5, 14, 11.5 ], "texture": "#texture2" },
				"east": { "uv": [ 2, 7.5, 2.5, 11.5 ], "texture": "#texture2" }
			}
		},
		{
			"__comment": "Box40",
			"from": [ 2.5, 8.5, 13.5 ],
			"to": [ 10.5, 10, 14 ],
			"faces": {
				"down": { "uv": [ 2.5, 2, 10.5, 2.5 ], "texture": "#texture2" },
				"up": { "uv": [ 2.5, 13.5, 10.5, 14 ], "texture": "#texture2" },
				"north": { "uv": [ 5.5, 6, 13.5, 7.5 ], "texture": "#texture2" },
				"south": { "uv": [ 2.5, 6, 10.5, 7.5 ], "texture": "#texture2" },
				"west": { "uv": [ 13.5, 6, 14, 7.5 ], "texture": "#texture2" },
				"east": { "uv": [ 2, 6, 2.5, 7.5 ], "texture": "#texture2" }
			}
		},
		{
			"__comment": "Box40",
			"from": [ 2.5, 3, 13.5 ],
			"to": [ 10.5, 4.5, 14 ],
			"faces": {
				"down": { "uv": [ 2.5, 2, 10.5, 2.5 ], "texture": "#texture2" },
				"up": { "uv": [ 2.5, 13.5, 10.5, 14 ], "texture": "#texture2" },
				"north": { "uv": [ 5.5, 11.5, 13.5, 13 ], "texture": "#texture2" },
				"south": { "uv": [ 2.5, 11.5, 10.5, 13 ], "texture": "#texture2" },
				"west": { "uv": [ 13.5, 11.5, 14, 13 ], "texture": "#texture2" },
				"east": { "uv": [ 2, 11.5, 2.5, 13 ], "texture": "#texture2" }
			}
		},
		{
			"__comment": "Box40",
			"from": [ 3.5, 2, 13.5 ],
			"to": [ 9.5, 3, 14 ],
			"faces": {
				"down": { "uv": [ 3.5, 2, 9.5, 2.5 ], "texture": "#texture2" },
				"up": { "uv": [ 3.5, 13.5, 9.5, 14 ], "texture": "#texture2" },
				"north": { "uv": [ 6.5, 13, 12.5, 14 ], "texture": "#texture2" },
				"south": { "uv": [ 3.5, 13, 9.5, 14 ], "texture": "#texture2" },
				"west": { "uv": [ 13.5, 13, 14, 14 ], "texture": "#texture2" },
				"east": { "uv": [ 2, 13, 2.5, 14 ], "texture": "#texture2" }
			}
		},
		{
			"__comment": "Box40",
			"from": [ 3.5, 10, 13.5 ],
			"to": [ 9.5, 11, 14 ],
			"faces": {
				"down": { "uv": [ 3.5, 2, 9.5, 2.5 ], "texture": "#texture2" },
				"up": { "uv": [ 3.5, 13.5, 9.5, 14 ], "texture": "#texture2" },
				"north": { "uv": [ 6.5, 5, 12.5, 6 ], "texture": "#texture2" },
				"south": { "uv": [ 3.5, 5, 9.5, 6 ], "texture": "#texture2" },
				"west": { "uv": [ 13.5, 5, 14, 6 ], "texture": "#texture2" },
				"east": { "uv": [ 2, 5, 2.5, 6 ], "texture": "#texture2" }
			}
		},
		{
			"__comment": "Box40",
			"from": [ 4.5, 11, 13.5 ],
			"to": [ 8.5, 11.5, 14 ],
			"faces": {
				"down": { "uv": [ 4.5, 2, 8.5, 2.5 ], "texture": "#texture2" },
				"up": { "uv": [ 4.5, 13.5, 8.5, 14 ], "texture": "#texture2" },
				"north": { "uv": [ 7.5, 4.5, 11.5, 5 ], "texture": "#texture2" },
				"south": { "uv": [ 4.5, 4.5, 8.5, 5 ], "texture": "#texture2" },
				"west": { "uv": [ 13.5, 4.5, 14, 5 ], "texture": "#texture2" },
				"east": { "uv": [ 2, 4.5, 2.5, 5 ], "texture": "#texture2" }
			}
		},
		{
			"__comment": "Box40",
			"from": [ 4.5, 1.5, 13.5 ],
			"to": [ 8.5, 2, 14 ],
			"faces": {
				"down": { "uv": [ 4.5, 2, 8.5, 2.5 ], "texture": "#texture2" },
				"up": { "uv": [ 4.5, 13.5, 8.5, 14 ], "texture": "#texture2" },
				"north": { "uv": [ 7.5, 14, 11.5, 14.5 ], "texture": "#texture2" },
				"south": { "uv": [ 4.5, 14, 8.5, 14.5 ], "texture": "#texture2" },
				"west": { "uv": [ 13.5, 14, 14, 14.5 ], "texture": "#texture2" },
				"east": { "uv": [ 2, 14, 2.5, 14.5 ], "texture": "#texture2" }
			}
		},
		{
			"__comment": "Box47",
			"from": [ -3.375, 6.5, 8.375 ],
			"to": [ 10.125, 20.5, 13.875 ],
			"rotation": { "origin": [ -3.375, 6.5, 8.375 ], "axis": "z", "angle": -45 },
			"faces": {
				"down": { "uv": [ 0, 12.5, 13.5, 16 ], "texture": "#texture3" },
				"up": { "uv": [ 0, 0, 13.5, 3.5 ], "texture": "#texture3" },
				"north": { "uv": [ 2.5, 2, 16, 16 ], "texture": "#texture3" },
				"south": { "uv": [ 0, 2, 13.5, 16 ], "texture": "#texture3" },
				"west": { "uv": [ 0, 2, 3.5, 16 ], "texture": "#texture3" },
				"east": { "uv": [ 12.5, 2, 16, 16 ], "texture": "#texture3" }
			}
		},
		{
			"__comment": "Box47",
			"from": [ -5.5, 1, 8.875 ],
			"to": [ 10.5, 17, 13.375 ],
			"rotation": { "origin": [ 10.5, 17, 8.875 ], "axis": "z", "angle": 22.5 },
			"faces": {
				"down": { "uv": [ 13.5, 3.5, 0, 0 ], "texture": "#texture3" },
				"up": { "uv": [ 13.5, 16, 0, 12.5 ], "texture": "#texture3" },
				"north": { "uv": [ 2.5, 2, 16, 16 ], "texture": "#texture3", "rotation": 180 },
				"south": { "uv": [ 0, 2, 13.5, 16 ], "texture": "#texture3", "rotation": 180 },
				"west": { "uv": [ 12.5, 2, 16, 16 ], "texture": "#texture3", "rotation": 180 },
				"east": { "uv": [ 0, 2, 3.5, 16 ], "texture": "#texture3", "rotation": 180 }
			}
		},
		{
			"__comment": "Box47",
			"from": [ -5.4999, -4.0001, 9 ],
			"to": [ 10.5001, 11.9999, 13.5 ],
			"rotation": { "origin": [ 10.5, -4, 9 ], "axis": "z", "angle": -22.5 },
			"faces": {
				"down": { "uv": [ 0, 2, 3.5, 16 ], "texture": "#texture3", "rotation": 270 },
				"up": { "uv": [ 16, 16, 12.5, 2 ], "texture": "#texture3", "rotation": 90 },
				"north": { "uv": [ 2.5, 2, 16, 16 ], "texture": "#texture3", "rotation": 90 },
				"south": { "uv": [ 0, 2, 13.5, 16 ], "texture": "#texture3", "rotation": 270 },
				"west": { "uv": [ 13.5, 3.5, 0, 0 ], "texture": "#texture3", "rotation": 90 },
				"east": { "uv": [ 0, 12.5, 13.5, 16 ], "texture": "#texture3", "rotation": 270 }
			}
		},
		{
			"__comment": "Box47",
			"from": [ 3.25, 3.375, -1 ],
			"to": [ 9.75, 9.875, 9.5 ],
			"faces": {
				"down": { "uv": [ 3.25, 6.5, 9.75, 16 ], "texture": "#texture2" },
				"up": { "uv": [ 3.25, 0, 9.75, 9.5 ], "texture": "#texture2" },
				"north": { "uv": [ 6.25, 6.125, 12.75, 12.625 ], "texture": "#texture2" },
				"south": { "uv": [ 3.25, 6.125, 9.75, 12.625 ], "texture": "#texture2" },
				"west": { "uv": [ 0, 6.125, 9.5, 12.625 ], "texture": "#texture2" },
				"east": { "uv": [ 6.5, 6.125, 16, 12.625 ], "texture": "#texture2" }
			}
		},
		{
			"__comment": "Box47",
			"from": [ 4.5, 2.125, -0.875 ],
			"to": [ 8.5, 11.125, 10.625 ],
			"faces": {
				"down": { "uv": [ 4.5, 5.375, 8.5, 16 ], "texture": "#texture2" },
				"up": { "uv": [ 4.5, 0, 8.5, 10.625 ], "texture": "#texture2" },
				"north": { "uv": [ 7.5, 4.875, 11.5, 13.875 ], "texture": "#texture2" },
				"south": { "uv": [ 4.5, 4.875, 8.5, 13.875 ], "texture": "#texture2" },
				"west": { "uv": [ 0, 4.875, 10.625, 13.875 ], "texture": "#texture2" },
				"east": { "uv": [ 5.375, 4.875, 16, 13.875 ], "texture": "#texture2" }
			}
		},
		{
			"__comment": "Box47",
			"from": [ 2, 4.625, -0.875 ],
			"to": [ 11, 9.125, 11.125 ],
			"faces": {
				"down": { "uv": [ 2, 4.875, 11, 16 ], "texture": "#texture2" },
				"up": { "uv": [ 2, 0, 11, 11.125 ], "texture": "#texture2" },
				"north": { "uv": [ 5, 6.875, 14, 11.375 ], "texture": "#texture2" },
				"south": { "uv": [ 2, 6.875, 11, 11.375 ], "texture": "#texture2" },
				"west": { "uv": [ 0, 6.875, 11.125, 11.375 ], "texture": "#texture2" },
				"east": { "uv": [ 4.875, 6.875, 16, 11.375 ], "texture": "#texture2" }
			}
		},
		{
			"__comment": "Box50",
			"from": [ -0.5, -0.125, -15.375 ],
			"to": [ 13.5, 11.875, -0.375 ],
			"faces": {
				"down": { "uv": [ 0, 0.375, 13.5, 15.375 ], "texture": "#texture1" },
				"up": { "uv": [ 0, 0.625, 13.5, 15.625 ], "texture": "#texture1" },
				"north": { "uv": [ 2.5, 4.125, 16, 16 ], "texture": "#texture1" },
				"south": { "uv": [ 0, 4.125, 13.5, 16 ], "texture": "#texture1" },
				"west": { "uv": [ 0.625, 4.125, 15.625, 16 ], "texture": "#texture1" },
				"east": { "uv": [ 0.375, 4.125, 15.375, 16 ], "texture": "#texture1" }
			}
		},
		{
			"__comment": "Box50",
			"from": [ -4.875, 7.5, -15.5 ],
			"to": [ 0.625, 19, 0 ],
			"rotation": { "origin": [ -4.875, 7.5, -15.5 ], "axis": "z", "angle": -45 },
			"faces": {
				"down": { "uv": [ 9.5, 0.375, 15, 15.375 ], "texture": "#texture4" },
				"up": { "uv": [ 9.5, 0.625, 15, 15.625 ], "texture": "#texture4" },
				"north": { "uv": [ 1, 0, 6.5, 8.5 ], "texture": "#texture4" },
				"south": { "uv": [ 9.5, 0, 15, 8.5 ], "texture": "#texture4" },
				"west": { "uv": [ 0.625, 0, 15.625, 8.5 ], "texture": "#texture4" },
				"east": { "uv": [ 0.375, 0, 15.375, 8.5 ], "texture": "#texture4" }
			}
		},
		{
			"__comment": "Box50",
			"from": [ 1.375, -2.75, -15.5 ],
			"to": [ 6.875, 8.75, -0.5 ],
			"rotation": { "origin": [ 1.375, -2.75, -15.5 ], "axis": "z", "angle": 45 },
			"faces": {
				"down": { "uv": [ 9.5, 0.375, 15, 15.375 ], "texture": "#texture4" },
				"up": { "uv": [ 9.5, 0.625, 15, 15.625 ], "texture": "#texture4" },
				"north": { "uv": [ 1, 0, 6.5, 8.5 ], "texture": "#texture4" },
				"south": { "uv": [ 9.5, 0, 15, 8.5 ], "texture": "#texture4" },
				"west": { "uv": [ 0.625, 0, 15.625, 8.5 ], "texture": "#texture4" },
				"east": { "uv": [ 0.375, 0, 15.375, 8.5 ], "texture": "#texture4" }
			}
		},
		{
			"__comment": "Box50",
			"from": [ 2.625, 10.375, -15.75 ],
			"to": [ 15.125, 12.375, 0.25 ],
			"faces": {
				"down": { "uv": [ 2.625, 15.75, 15.125, 16 ], "texture": "#texture4" },
				"up": { "uv": [ 2.625, 0, 15.125, 0.25 ], "texture": "#texture4" },
				"north": { "uv": [ 0.875, 3.625, 13.375, 5.625 ], "texture": "#texture4" },
				"south": { "uv": [ 2.625, 3.625, 15.125, 5.625 ], "texture": "#texture4" },
				"west": { "uv": [ 0, 3.625, 0.25, 5.625 ], "texture": "#texture4" },
				"east": { "uv": [ 15.75, 3.625, 16, 5.625 ], "texture": "#texture4" }
			}
		},
		{
			"__comment": "Box50",
			"from": [ 13.25, 10.5, -15.75 ],
			"to": [ 16.75, 11.5, 0.25 ],
			"faces": {
				"down": { "uv": [ 13.25, 15.75, 16, 16 ], "texture": "#texture4" },
				"up": { "uv": [ 13.25, 0, 16, 0.25 ], "texture": "#texture4" },
				"north": { "uv": [ 0, 4.5, 2.75, 5.5 ], "texture": "#texture4" },
				"south": { "uv": [ 13.25, 4.5, 16, 5.5 ], "texture": "#texture4" },
				"west": { "uv": [ 0, 4.5, 0.25, 5.5 ], "texture": "#texture4" },
				"east": { "uv": [ 15.75, 4.5, 16, 5.5 ], "texture": "#texture4" }
			}
		},
		{
			"__comment": "Box55",
			"from": [ 5.75, 8.625, 6.875 ],
			"to": [ 7.25, 12.625, 8.875 ],
			"rotation": { "origin": [ 5.75, 8.625, 6.875 ], "axis": "x", "angle": -22.5 },
			"faces": {
				"down": { "uv": [ 14, 0, 15.5, 2 ], "texture": "#texture" },
				"up": { "uv": [ 14, 14, 15.5, 16 ], "texture": "#texture" },
				"north": { "uv": [ 0.5, 8.25, 2, 12.25 ], "texture": "#texture" },
				"south": { "uv": [ 14, 8.25, 15.5, 12.25 ], "texture": "#texture" },
				"west": { "uv": [ 14, 8.25, 16, 12.25 ], "texture": "#texture" },
				"east": { "uv": [ 0, 8.25, 2, 12.25 ], "texture": "#texture" }
			}
		},
		{
			"__comment": "Box55",
			"from": [ 6, 12.25, 5.125 ],
			"to": [ 7.5, 16.25, 7.125 ],
			"rotation": { "origin": [ 6, 12.25, 5.125 ], "axis": "x", "angle": 0 },
			"faces": {
				"down": { "uv": [ 14, 0, 15.5, 2 ], "texture": "#texture" },
				"up": { "uv": [ 14, 14, 15.5, 16 ], "texture": "#texture" },
				"north": { "uv": [ 0.5, 8.25, 2, 12.25 ], "texture": "#texture" },
				"south": { "uv": [ 14, 8.25, 15.5, 12.25 ], "texture": "#texture" },
				"west": { "uv": [ 14, 8.25, 16, 12.25 ], "texture": "#texture" },
				"east": { "uv": [ 0, 8.25, 2, 12.25 ], "texture": "#texture" }
			}
		},
		{
			"__comment": "Box55",
			"from": [ 6, 16.5, 1 ],
			"to": [ 7.5, 18.5, 7.5 ],
			"rotation": { "origin": [ 6, 18.5, 1 ], "axis": "x", "angle": 22.5 },
			"faces": {
				"down": { "uv": [ 14, 8.25, 15.5, 12.25 ], "texture": "#texture" },
				"up": { "uv": [ 2, 12.25, 0.5, 8.25 ], "texture": "#texture" },
				"north": { "uv": [ 15.5, 2, 14, 0 ], "texture": "#texture" },
				"south": { "uv": [ 14, 14, 15.5, 16 ], "texture": "#texture" },
				"west": { "uv": [ 14, 8.25, 16, 12.25 ], "texture": "#texture", "rotation": 90 },
				"east": { "uv": [ 0, 8.25, 2, 12.25 ], "texture": "#texture", "rotation": 270 }
			}
		},
		{
			"__comment": "Box55",
			"from": [ 6, 16.375, -4.75 ],
			"to": [ 7.5, 18.375, 1.75 ],
			"faces": {
				"down": { "uv": [ 14, 8.25, 15.5, 12.25 ], "texture": "#texture" },
				"up": { "uv": [ 2, 12.25, 0.5, 8.25 ], "texture": "#texture" },
				"north": { "uv": [ 15.5, 2, 14, 0 ], "texture": "#texture" },
				"south": { "uv": [ 14, 14, 15.5, 16 ], "texture": "#texture" },
				"west": { "uv": [ 14, 8.25, 16, 12.25 ], "texture": "#texture", "rotation": 90 },
				"east": { "uv": [ 0, 8.25, 2, 12.25 ], "texture": "#texture", "rotation": 270 }
			}
		},
		{
			"__comment": "Box55",
			"from": [ 6, 12.4483, -13.3752 ],
			"to": [ 7.5, 14.4483, -3.375199 ],
			"rotation": { "origin": [ 6, 14.5, -13.5 ], "axis": "x", "angle": -22.5 },
			"faces": {
				"down": { "uv": [ 14, 8.25, 15.5, 12.25 ], "texture": "#texture" },
				"up": { "uv": [ 2, 12.25, 0.5, 8.25 ], "texture": "#texture" },
				"north": { "uv": [ 15.5, 2, 14, 0 ], "texture": "#texture" },
				"south": { "uv": [ 14, 14, 15.5, 16 ], "texture": "#texture" },
				"west": { "uv": [ 14, 8.25, 16, 12.25 ], "texture": "#texture", "rotation": 90 },
				"east": { "uv": [ 0, 8.25, 2, 12.25 ], "texture": "#texture", "rotation": 270 }
			}
		},
		{
			"__comment": "PlaneZ60",
			"from": [ 0, 4.5, 21.75 ],
			"to": [ 7, 9, 21.751 ],
			"faces": {
				"north": { "uv": [ 3.5, 7.5, 12, 16 ], "texture": "#texture5" },
				"south": { "uv": [ 3.5, 7.5, 12, 16 ], "texture": "#texture5" }
			}
		},
		{
			"__comment": "PlaneZ60",
			"from": [ 3.5, 6.5, 20.875 ],
			"to": [ 10.5, 11, 20.876 ],
			"faces": {
				"north": { "uv": [ 3.5, 7.5, 12, 16 ], "texture": "#texture5" },
				"south": { "uv": [ 3.5, 7.5, 12, 16 ], "texture": "#texture5" }
			}
		},
		{
			"__comment": "PlaneZ60",
			"from": [ 4.5, 3.5, 20.125 ],
			"to": [ 11.5, 8, 20.126 ],
			"faces": {
				"north": { "uv": [ 3.5, 7.5, 12, 16 ], "texture": "#texture5" },
				"south": { "uv": [ 3.5, 7.5, 12, 16 ], "texture": "#texture5" }
			}
		},
		{
			"__comment": "PlaneZ60",
			"from": [ 4.5, 3.5, 16 ],
			"to": [ 11.5, 8, 16.001 ],
			"faces": {
				"north": { "uv": [ 3.5, 7.5, 12, 16 ], "texture": "#texture5" },
				"south": { "uv": [ 3.5, 7.5, 12, 16 ], "texture": "#texture5" }
			}
		},
		{
			"__comment": "PlaneZ60",
			"from": [ 2, 1.5, 20.5 ],
			"to": [ 9, 6, 20.501 ],
			"faces": {
				"north": { "uv": [ 3.5, 7.5, 12, 16 ], "texture": "#texture5" },
				"south": { "uv": [ 3.5, 7.5, 12, 16 ], "texture": "#texture5" }
			}
		}
	],
	"display": {
		"thirdperson_righthand": {
			"rotation":  [ 83, 180, 0 ],
			"translation":  [ 0, 0, -2.781 ],
			"scale":  [ 0.7, 0.7, 0.7 ]
		},
		"firstperson_righthand": {
			"rotation":  [ 2, 180, 0 ],
			"translation":  [ 13.217, 1.3913, 0 ],
			"scale":  [ 0.7, 0.7, 0.7 ]
		},
		"gui": {
			"rotation":  [ 43, 136, -2 ],
			"translation":  [ 0.6956, 2.7826, 0 ],
			"scale":  [ 0.6, 0.6, 0.6 ]
		},
		"ground": {
			"rotation":  [ -11, 0, 0 ],
			"translation":  [ 0, 8.3478, 0 ],
			"scale":  [ 0.7, 0.7, 0.7 ]
		},
		"fixed": {
			"rotation":  [ 0, -90, 0 ],
			"translation":  [ -4.869, 0.6956, 0 ]
		}
	}
}