{
	"__comment": "Designed by Zeibo with Cubik Studio - https://cubik.studio",
	"textures": {
		"particle": "blocks/e_particle",
		"texture": "blocks/e_texture",
		"wood_dagger": "weapons/stone_dagger"
	},
	"elements": [ 	 
		{
			"__comment": "Box1",
			"from": [ 0, 8, 14 ],
			"to": [ 3.5, 9, 14.5 ],
			"faces": {
				"down": { "uv": [ 0, 14.5, 3.5, 14 ], "texture": "#wood_dagger" },
				"up": { "uv": [ 0, 14, 3.5, 14.5 ], "texture": "#wood_dagger" },
				"north": { "uv": [ 3.5, 14, 0, 14.5 ], "texture": "#wood_dagger" },
				"south": { "uv": [ 0, 14, 3.5, 14.5 ], "texture": "#wood_dagger" },
				"west": { "uv": [ 0, 14, 0.5, 14.5 ], "texture": "#wood_dagger", "rotation": 270 },
				"east": { "uv": [ 3.5, 14.5, 3, 14 ], "texture": "#wood_dagger", "rotation": 270 }
			}
		},
		{
			"__comment": "Box2",
			"from": [ 0, 8, 14.5 ],
			"to": [ 3, 9, 15 ],
			"faces": {
				"down": { "uv": [ 0, 15, 3, 14.5 ], "texture": "#wood_dagger" },
				"up": { "uv": [ 0, 14.5, 3, 15 ], "texture": "#wood_dagger" },
				"north": { "uv": [ 3, 14.5, 0, 15 ], "texture": "#wood_dagger" },
				"south": { "uv": [ 0, 14.5, 3, 15 ], "texture": "#wood_dagger" },
				"west": { "uv": [ 0, 14.5, 0.5, 15 ], "texture": "#wood_dagger", "rotation": 270 },
				"east": { "uv": [ 3, 15, 2.5, 14.5 ], "texture": "#wood_dagger", "rotation": 270 }
			}
		},
		{
			"__comment": "Box3",
			"from": [ 0, 8, 15 ],
			"to": [ 2.5, 9, 15.5 ],
			"faces": {
				"down": { "uv": [ 0, 15.5, 2.5, 15 ], "texture": "#wood_dagger" },
				"up": { "uv": [ 0, 15, 2.5, 15.5 ], "texture": "#wood_dagger" },
				"north": { "uv": [ 2.5, 15, 0, 15.5 ], "texture": "#wood_dagger" },
				"south": { "uv": [ 0, 15, 2.5, 15.5 ], "texture": "#wood_dagger" },
				"west": { "uv": [ 0, 15, 0.5, 15.5 ], "texture": "#wood_dagger", "rotation": 270 },
				"east": { "uv": [ 2.5, 15.5, 2, 15 ], "texture": "#wood_dagger", "rotation": 270 }
			}
		},
		{
			"__comment": "Box4",
			"from": [ 0, 8, 15.5 ],
			"to": [ 2, 9, 16 ],
			"faces": {
				"down": { "uv": [ 0, 16, 2, 15.5 ], "texture": "#wood_dagger" },
				"up": { "uv": [ 0, 15.5, 2, 16 ], "texture": "#wood_dagger" },
				"north": { "uv": [ 2, 15.5, 0, 16 ], "texture": "#wood_dagger" },
				"south": { "uv": [ 0, 15.5, 2, 16 ], "texture": "#wood_dagger" },
				"west": { "uv": [ 0, 15.5, 0.5, 16 ], "texture": "#wood_dagger", "rotation": 270 },
				"east": { "uv": [ 2, 16, 1.5, 15.5 ], "texture": "#wood_dagger", "rotation": 270 }
			}
		},
		{
			"__comment": "Box5",
			"from": [ 0.5, 8, 13.5 ],
			"to": [ 4, 9, 14 ],
			"faces": {
				"down": { "uv": [ 0.5, 14, 4, 13.5 ], "texture": "#wood_dagger" },
				"up": { "uv": [ 0.5, 13.5, 4, 14 ], "texture": "#wood_dagger" },
				"north": { "uv": [ 4, 13.5, 0.5, 14 ], "texture": "#wood_dagger" },
				"south": { "uv": [ 0.5, 13.5, 4, 14 ], "texture": "#wood_dagger" },
				"west": { "uv": [ 0.5, 13.5, 1, 14 ], "texture": "#wood_dagger", "rotation": 270 },
				"east": { "uv": [ 4, 14, 3.5, 13.5 ], "texture": "#wood_dagger", "rotation": 270 }
			}
		},
		{
			"__comment": "Box6",
			"from": [ 1, 8, 13 ],
			"to": [ 8.5, 9, 13.5 ],
			"faces": {
				"down": { "uv": [ 1, 13.5, 8.5, 13 ], "texture": "#wood_dagger" },
				"up": { "uv": [ 1, 13, 8.5, 13.5 ], "texture": "#wood_dagger" },
				"north": { "uv": [ 8.5, 13, 1, 13.5 ], "texture": "#wood_dagger" },
				"south": { "uv": [ 1, 13, 8.5, 13.5 ], "texture": "#wood_dagger" },
				"west": { "uv": [ 1, 13, 1.5, 13.5 ], "texture": "#wood_dagger", "rotation": 270 },
				"east": { "uv": [ 8.5, 13.5, 8, 13 ], "texture": "#wood_dagger", "rotation": 270 }
			}
		},
		{
			"__comment": "Box7",
			"from": [ 1.5, 8, 12.5 ],
			"to": [ 9, 9, 13 ],
			"faces": {
				"down": { "uv": [ 1.5, 13, 9, 12.5 ], "texture": "#wood_dagger" },
				"up": { "uv": [ 1.5, 12.5, 9, 13 ], "texture": "#wood_dagger" },
				"north": { "uv": [ 9, 12.5, 1.5, 13 ], "texture": "#wood_dagger" },
				"south": { "uv": [ 1.5, 12.5, 9, 13 ], "texture": "#wood_dagger" },
				"west": { "uv": [ 1.5, 12.5, 2, 13 ], "texture": "#wood_dagger", "rotation": 270 },
				"east": { "uv": [ 9, 13, 8.5, 12.5 ], "texture": "#wood_dagger", "rotation": 270 }
			}
		},
		{
			"__comment": "Box8",
			"from": [ 2, 8, 8 ],
			"to": [ 3.5, 9, 11 ],
			"faces": {
				"down": { "uv": [ 2, 11, 3.5, 8 ], "texture": "#wood_dagger" },
				"up": { "uv": [ 2, 8, 3.5, 11 ], "texture": "#wood_dagger" },
				"north": { "uv": [ 3.5, 8, 2, 8.5 ], "texture": "#wood_dagger" },
				"south": { "uv": [ 2, 10.5, 3.5, 11 ], "texture": "#wood_dagger" },
				"west": { "uv": [ 2, 8, 2.5, 11 ], "texture": "#wood_dagger", "rotation": 270 },
				"east": { "uv": [ 3.5, 11, 3, 8 ], "texture": "#wood_dagger", "rotation": 270 }
			}
		},
		{
			"__comment": "Box9",
			"from": [ 2, 8, 12 ],
			"to": [ 7, 9, 12.5 ],
			"faces": {
				"down": { "uv": [ 2, 12.5, 7, 12 ], "texture": "#wood_dagger" },
				"up": { "uv": [ 2, 12, 7, 12.5 ], "texture": "#wood_dagger" },
				"north": { "uv": [ 7, 12, 2, 12.5 ], "texture": "#wood_dagger" },
				"south": { "uv": [ 2, 12, 7, 12.5 ], "texture": "#wood_dagger" },
				"west": { "uv": [ 2, 12, 2.5, 12.5 ], "texture": "#wood_dagger", "rotation": 270 },
				"east": { "uv": [ 7, 12.5, 6.5, 12 ], "texture": "#wood_dagger", "rotation": 270 }
			}
		},
		{
			"__comment": "Box10",
			"from": [ 2.5, 8, 7.5 ],
			"to": [ 3.5, 9, 12 ],
			"faces": {
				"down": { "uv": [ 2.5, 12, 3.5, 7.5 ], "texture": "#wood_dagger" },
				"up": { "uv": [ 2.5, 7.5, 3.5, 12 ], "texture": "#wood_dagger" },
				"north": { "uv": [ 3.5, 7.5, 2.5, 8 ], "texture": "#wood_dagger" },
				"south": { "uv": [ 2.5, 11.5, 3.5, 12 ], "texture": "#wood_dagger" },
				"west": { "uv": [ 2.5, 7.5, 3, 12 ], "texture": "#wood_dagger", "rotation": 270 },
				"east": { "uv": [ 3.5, 12, 3, 7.5 ], "texture": "#wood_dagger", "rotation": 270 }
			}
		},
		{
			"__comment": "Box11",
			"from": [ 3, 8, 7 ],
			"to": [ 3.5, 9, 7.5 ],
			"faces": {
				"down": { "uv": [ 3, 7.5, 3.5, 7 ], "texture": "#wood_dagger" },
				"up": { "uv": [ 3, 7, 3.5, 7.5 ], "texture": "#wood_dagger" },
				"north": { "uv": [ 3.5, 7, 3, 7.5 ], "texture": "#wood_dagger" },
				"south": { "uv": [ 3, 7, 3.5, 7.5 ], "texture": "#wood_dagger" },
				"west": { "uv": [ 3, 7, 3.5, 7.5 ], "texture": "#wood_dagger", "rotation": 270 },
				"east": { "uv": [ 3.5, 7.5, 3, 7 ], "texture": "#wood_dagger", "rotation": 270 }
			}
		},
		{
			"__comment": "Box12",
			"from": [ 3.5, 8, 9 ],
			"to": [ 4, 9, 12 ],
			"faces": {
				"down": { "uv": [ 3.5, 12, 4, 9 ], "texture": "#wood_dagger" },
				"up": { "uv": [ 3.5, 9, 4, 12 ], "texture": "#wood_dagger" },
				"north": { "uv": [ 4, 9, 3.5, 9.5 ], "texture": "#wood_dagger" },
				"south": { "uv": [ 3.5, 11.5, 4, 12 ], "texture": "#wood_dagger" },
				"west": { "uv": [ 3.5, 9, 4, 12 ], "texture": "#wood_dagger", "rotation": 270 },
				"east": { "uv": [ 4, 12, 3.5, 9 ], "texture": "#wood_dagger", "rotation": 270 }
			}
		},
		{
			"__comment": "Box13",
			"from": [ 4, 8, 9.5 ],
			"to": [ 8.5, 9, 10 ],
			"faces": {
				"down": { "uv": [ 4, 10, 8.5, 9.5 ], "texture": "#wood_dagger" },
				"up": { "uv": [ 4, 9.5, 8.5, 10 ], "texture": "#wood_dagger" },
				"north": { "uv": [ 8.5, 9.5, 4, 10 ], "texture": "#wood_dagger" },
				"south": { "uv": [ 4, 9.5, 8.5, 10 ], "texture": "#wood_dagger" },
				"west": { "uv": [ 4, 9.5, 4.5, 10 ], "texture": "#wood_dagger", "rotation": 270 },
				"east": { "uv": [ 8.5, 10, 8, 9.5 ], "texture": "#wood_dagger", "rotation": 270 }
			}
		},
		{
			"__comment": "Box14",
			"from": [ 4, 8, 10 ],
			"to": [ 8, 9, 10.5 ],
			"faces": {
				"down": { "uv": [ 4, 10.5, 8, 10 ], "texture": "#wood_dagger" },
				"up": { "uv": [ 4, 10, 8, 10.5 ], "texture": "#wood_dagger" },
				"north": { "uv": [ 8, 10, 4, 10.5 ], "texture": "#wood_dagger" },
				"south": { "uv": [ 4, 10, 8, 10.5 ], "texture": "#wood_dagger" },
				"west": { "uv": [ 4, 10, 4.5, 10.5 ], "texture": "#wood_dagger", "rotation": 270 },
				"east": { "uv": [ 8, 10.5, 7.5, 10 ], "texture": "#wood_dagger", "rotation": 270 }
			}
		},
		{
			"__comment": "Box15",
			"from": [ 4, 8, 10.5 ],
			"to": [ 7.5, 9, 11 ],
			"faces": {
				"down": { "uv": [ 4, 11, 7.5, 10.5 ], "texture": "#wood_dagger" },
				"up": { "uv": [ 4, 10.5, 7.5, 11 ], "texture": "#wood_dagger" },
				"north": { "uv": [ 7.5, 10.5, 4, 11 ], "texture": "#wood_dagger" },
				"south": { "uv": [ 4, 10.5, 7.5, 11 ], "texture": "#wood_dagger" },
				"west": { "uv": [ 4, 10.5, 4.5, 11 ], "texture": "#wood_dagger", "rotation": 270 },
				"east": { "uv": [ 7.5, 11, 7, 10.5 ], "texture": "#wood_dagger", "rotation": 270 }
			}
		},
		{
			"__comment": "Box16",
			"from": [ 4, 8, 11 ],
			"to": [ 7, 9, 11.5 ],
			"faces": {
				"down": { "uv": [ 4, 11.5, 7, 11 ], "texture": "#wood_dagger" },
				"up": { "uv": [ 4, 11, 7, 11.5 ], "texture": "#wood_dagger" },
				"north": { "uv": [ 7, 11, 4, 11.5 ], "texture": "#wood_dagger" },
				"south": { "uv": [ 4, 11, 7, 11.5 ], "texture": "#wood_dagger" },
				"west": { "uv": [ 4, 11, 4.5, 11.5 ], "texture": "#wood_dagger", "rotation": 270 },
				"east": { "uv": [ 7, 11.5, 6.5, 11 ], "texture": "#wood_dagger", "rotation": 270 }
			}
		},
		{
			"__comment": "Box17",
			"from": [ 4, 8, 11.5 ],
			"to": [ 6.5, 9, 12 ],
			"faces": {
				"down": { "uv": [ 4, 12, 6.5, 11.5 ], "texture": "#wood_dagger" },
				"up": { "uv": [ 4, 11.5, 6.5, 12 ], "texture": "#wood_dagger" },
				"north": { "uv": [ 6.5, 11.5, 4, 12 ], "texture": "#wood_dagger" },
				"south": { "uv": [ 4, 11.5, 6.5, 12 ], "texture": "#wood_dagger" },
				"west": { "uv": [ 4, 11.5, 4.5, 12 ], "texture": "#wood_dagger", "rotation": 270 },
				"east": { "uv": [ 6.5, 12, 6, 11.5 ], "texture": "#wood_dagger", "rotation": 270 }
			}
		},
		{
			"__comment": "Box18",
			"from": [ 4.5, 8, 9 ],
			"to": [ 9, 9, 9.5 ],
			"faces": {
				"down": { "uv": [ 4.5, 9.5, 9, 9 ], "texture": "#wood_dagger" },
				"up": { "uv": [ 4.5, 9, 9, 9.5 ], "texture": "#wood_dagger" },
				"north": { "uv": [ 9, 9, 4.5, 9.5 ], "texture": "#wood_dagger" },
				"south": { "uv": [ 4.5, 9, 9, 9.5 ], "texture": "#wood_dagger" },
				"west": { "uv": [ 4.5, 9, 5, 9.5 ], "texture": "#wood_dagger", "rotation": 270 },
				"east": { "uv": [ 9, 9.5, 8.5, 9 ], "texture": "#wood_dagger", "rotation": 270 }
			}
		},
		{
			"__comment": "Box19",
			"from": [ 5, 8, 8.5 ],
			"to": [ 9.5, 9, 9 ],
			"faces": {
				"down": { "uv": [ 5, 9, 9.5, 8.5 ], "texture": "#wood_dagger" },
				"up": { "uv": [ 5, 8.5, 9.5, 9 ], "texture": "#wood_dagger" },
				"north": { "uv": [ 9.5, 8.5, 5, 9 ], "texture": "#wood_dagger" },
				"south": { "uv": [ 5, 8.5, 9.5, 9 ], "texture": "#wood_dagger" },
				"west": { "uv": [ 5, 8.5, 5.5, 9 ], "texture": "#wood_dagger", "rotation": 270 },
				"east": { "uv": [ 9.5, 9, 9, 8.5 ], "texture": "#wood_dagger", "rotation": 270 }
			}
		},
		{
			"__comment": "Box20",
			"from": [ 5, 8, 13.5 ],
			"to": [ 8, 9, 14 ],
			"faces": {
				"down": { "uv": [ 5, 14, 8, 13.5 ], "texture": "#wood_dagger" },
				"up": { "uv": [ 5, 13.5, 8, 14 ], "texture": "#wood_dagger" },
				"north": { "uv": [ 8, 13.5, 5, 14 ], "texture": "#wood_dagger" },
				"south": { "uv": [ 5, 13.5, 8, 14 ], "texture": "#wood_dagger" },
				"west": { "uv": [ 5, 13.5, 5.5, 14 ], "texture": "#wood_dagger", "rotation": 270 },
				"east": { "uv": [ 8, 14, 7.5, 13.5 ], "texture": "#wood_dagger", "rotation": 270 }
			}
		},
		{
			"__comment": "Box21",
			"from": [ 5.5, 8, 8 ],
			"to": [ 10, 9, 8.5 ],
			"faces": {
				"down": { "uv": [ 5.5, 8.5, 10, 8 ], "texture": "#wood_dagger" },
				"up": { "uv": [ 5.5, 8, 10, 8.5 ], "texture": "#wood_dagger" },
				"north": { "uv": [ 10, 8, 5.5, 8.5 ], "texture": "#wood_dagger" },
				"south": { "uv": [ 5.5, 8, 10, 8.5 ], "texture": "#wood_dagger" },
				"west": { "uv": [ 5.5, 8, 6, 8.5 ], "texture": "#wood_dagger", "rotation": 270 },
				"east": { "uv": [ 10, 8.5, 9.5, 8 ], "texture": "#wood_dagger", "rotation": 270 }
			}
		},
		{
			"__comment": "Box22",
			"from": [ 6, 8, 7.5 ],
			"to": [ 10.5, 9, 8 ],
			"faces": {
				"down": { "uv": [ 6, 8, 10.5, 7.5 ], "texture": "#wood_dagger" },
				"up": { "uv": [ 6, 7.5, 10.5, 8 ], "texture": "#wood_dagger" },
				"north": { "uv": [ 10.5, 7.5, 6, 8 ], "texture": "#wood_dagger" },
				"south": { "uv": [ 6, 7.5, 10.5, 8 ], "texture": "#wood_dagger" },
				"west": { "uv": [ 6, 7.5, 6.5, 8 ], "texture": "#wood_dagger", "rotation": 270 },
				"east": { "uv": [ 10.5, 8, 10, 7.5 ], "texture": "#wood_dagger", "rotation": 270 }
			}
		},
		{
			"__comment": "Box23",
			"from": [ 6.5, 8, 7 ],
			"to": [ 11, 9, 7.5 ],
			"faces": {
				"down": { "uv": [ 6.5, 7.5, 11, 7 ], "texture": "#wood_dagger" },
				"up": { "uv": [ 6.5, 7, 11, 7.5 ], "texture": "#wood_dagger" },
				"north": { "uv": [ 11, 7, 6.5, 7.5 ], "texture": "#wood_dagger" },
				"south": { "uv": [ 6.5, 7, 11, 7.5 ], "texture": "#wood_dagger" },
				"west": { "uv": [ 6.5, 7, 7, 7.5 ], "texture": "#wood_dagger", "rotation": 270 },
				"east": { "uv": [ 11, 7.5, 10.5, 7 ], "texture": "#wood_dagger", "rotation": 270 }
			}
		},
		{
			"__comment": "Box24",
			"from": [ 7, 8, 6.5 ],
			"to": [ 11.5, 9, 7 ],
			"faces": {
				"down": { "uv": [ 7, 7, 11.5, 6.5 ], "texture": "#wood_dagger" },
				"up": { "uv": [ 7, 6.5, 11.5, 7 ], "texture": "#wood_dagger" },
				"north": { "uv": [ 11.5, 6.5, 7, 7 ], "texture": "#wood_dagger" },
				"south": { "uv": [ 7, 6.5, 11.5, 7 ], "texture": "#wood_dagger" },
				"west": { "uv": [ 7, 6.5, 7.5, 7 ], "texture": "#wood_dagger", "rotation": 270 },
				"east": { "uv": [ 11.5, 7, 11, 6.5 ], "texture": "#wood_dagger", "rotation": 270 }
			}
		},
		{
			"__comment": "Box25",
			"from": [ 7.5, 8, 6 ],
			"to": [ 11.5, 9, 6.5 ],
			"faces": {
				"down": { "uv": [ 7.5, 6.5, 11.5, 6 ], "texture": "#wood_dagger" },
				"up": { "uv": [ 7.5, 6, 11.5, 6.5 ], "texture": "#wood_dagger" },
				"north": { "uv": [ 11.5, 6, 7.5, 6.5 ], "texture": "#wood_dagger" },
				"south": { "uv": [ 7.5, 6, 11.5, 6.5 ], "texture": "#wood_dagger" },
				"west": { "uv": [ 7.5, 6, 8, 6.5 ], "texture": "#wood_dagger", "rotation": 270 },
				"east": { "uv": [ 11.5, 6.5, 11, 6 ], "texture": "#wood_dagger", "rotation": 270 }
			}
		},
		{
			"__comment": "Box26",
			"from": [ 8, 8, 5.5 ],
			"to": [ 11.5, 9, 6 ],
			"faces": {
				"down": { "uv": [ 8, 6, 11.5, 5.5 ], "texture": "#wood_dagger" },
				"up": { "uv": [ 8, 5.5, 11.5, 6 ], "texture": "#wood_dagger" },
				"north": { "uv": [ 11.5, 5.5, 8, 6 ], "texture": "#wood_dagger" },
				"south": { "uv": [ 8, 5.5, 11.5, 6 ], "texture": "#wood_dagger" },
				"west": { "uv": [ 8, 5.5, 8.5, 6 ], "texture": "#wood_dagger", "rotation": 270 },
				"east": { "uv": [ 11.5, 6, 11, 5.5 ], "texture": "#wood_dagger", "rotation": 270 }
			}
		},
		{
			"__comment": "Box27",
			"from": [ 8.5, 8, 5 ],
			"to": [ 11.5, 9, 5.5 ],
			"faces": {
				"down": { "uv": [ 8.5, 5.5, 11.5, 5 ], "texture": "#wood_dagger" },
				"up": { "uv": [ 8.5, 5, 11.5, 5.5 ], "texture": "#wood_dagger" },
				"north": { "uv": [ 11.5, 5, 8.5, 5.5 ], "texture": "#wood_dagger" },
				"south": { "uv": [ 8.5, 5, 11.5, 5.5 ], "texture": "#wood_dagger" },
				"west": { "uv": [ 8.5, 5, 9, 5.5 ], "texture": "#wood_dagger", "rotation": 270 },
				"east": { "uv": [ 11.5, 5.5, 11, 5 ], "texture": "#wood_dagger", "rotation": 270 }
			}
		},
		{
			"__comment": "Box28",
			"from": [ 9, 8, 4.5 ],
			"to": [ 11.5, 9, 5 ],
			"faces": {
				"down": { "uv": [ 9, 5, 11.5, 4.5 ], "texture": "#wood_dagger" },
				"up": { "uv": [ 9, 4.5, 11.5, 5 ], "texture": "#wood_dagger" },
				"north": { "uv": [ 11.5, 4.5, 9, 5 ], "texture": "#wood_dagger" },
				"south": { "uv": [ 9, 4.5, 11.5, 5 ], "texture": "#wood_dagger" },
				"west": { "uv": [ 9, 4.5, 9.5, 5 ], "texture": "#wood_dagger", "rotation": 270 },
				"east": { "uv": [ 11.5, 5, 11, 4.5 ], "texture": "#wood_dagger", "rotation": 270 }
			}
		}
	],
	"display": {
		"thirdperson_righthand": {
			"rotation":  [ -103, -22, 85 ],
			"translation":  [ 2.7826, -6.956, -2.782 ],
			"scale":  [ 0.9, 0.9, 0.9 ]
		},
		"firstperson_righthand": {
			"rotation":  [ 20, -13, 103 ],
			"translation":  [ -2.779, 4.8715, 3.4782 ],
			"scale":  [ 0.7, 0.7, 0.7 ]
		},
		"gui": {
			"rotation":  [ 104, 0, 0 ],
			"translation":  [ 2, 2.5, 0 ]
		},
		"ground": {
			"rotation":  [ 74, -23, 0 ],
			"translation":  [ 0, 10.434, 0 ]
		},
		"fixed": {
			"rotation":  [ 90, 0, 180 ],
			"translation":  [ -2, 1.8, 0 ]
		}
	}
}