{
	"__comment": "Designed by Zeibo with Cubik Studio - https://cubik.studio",
	"textures": {
		"particle": "blocks/e_particle",
		"texture": "weapons/magic_book_a_01",
		"texture1": "weapons/magic_book_b_01",
		"texture2": "weapons/magic_book_c_01",
		"texture3": "mobs/succubus/succubus_mc"
	},
	"elements": [ 	 
		{
			"__comment": "Box1",
			"from": [ 8.5, 2, 2.125 ],
			"to": [ 20, 14.5, 2.625 ],
			"rotation": { "origin": [ 8.5, 2, 2.625 ], "axis": "y", "angle": -22.5 },
			"faces": {
				"down": { "uv": [ 0, 15.5, 16, 16 ], "texture": "#texture", "rotation": 180 },
				"up": { "uv": [ 0, 0, 16, 0.5 ], "texture": "#texture" },
				"north": { "uv": [ 0, 0, 16, 16 ], "texture": "#texture" },
				"south": { "uv": [ 0, 0, 16, 16 ], "texture": "#texture" },
				"west": { "uv": [ 15.5, 0, 16, 16 ], "texture": "#texture" },
				"east": { "uv": [ 0, 0, 0.5, 16 ], "texture": "#texture" }
			}
		},
		{
			"__comment": "Box1",
			"from": [ -5.375, 2, 2.25 ],
			"to": [ 6.125, 14.5, 2.75 ],
			"rotation": { "origin": [ 6.125, 2, 2.25 ], "axis": "y", "angle": 22.5 },
			"faces": {
				"down": { "uv": [ 0, 15.5, 16, 16 ], "texture": "#texture" },
				"up": { "uv": [ 0, 0, 16, 0.5 ], "texture": "#texture", "rotation": 180 },
				"north": { "uv": [ 0, 0, 16, 16 ], "texture": "#texture" },
				"south": { "uv": [ 0, 0, 16, 16 ], "texture": "#texture" },
				"west": { "uv": [ 0, 0, 0.5, 16 ], "texture": "#texture" },
				"east": { "uv": [ 15.5, 0, 16, 16 ], "texture": "#texture" }
			}
		},
		{
			"__comment": "Box1",
			"from": [ 7.5, 2.25, 2.125 ],
			"to": [ 18.5, 14.25, 3.125 ],
			"rotation": { "origin": [ 7.5, 2.25, 3.125 ], "axis": "y", "angle": -22.5 },
			"faces": {
				"down": { "uv": [ 4.5, 16, 16, 0 ], "texture": "#texture1", "rotation": 270 },
				"up": { "uv": [ 4.5, 16, 16, 0 ], "texture": "#texture1", "rotation": 90 },
				"north": { "uv": [ 0, 16, 16, 0 ], "texture": "#texture2", "rotation": 180 },
				"south": { "uv": [ 0, 16, 16, 0 ], "texture": "#texture2", "rotation": 180 },
				"west": { "uv": [ 4.5, 16, 16, 0 ], "texture": "#texture1", "rotation": 180 },
				"east": { "uv": [ 4.5, 16, 16, 0 ], "texture": "#texture1", "rotation": 180 }
			}
		},
		{
			"__comment": "Box1",
			"from": [ -3.875, 2.25, 2.25 ],
			"to": [ 7.125, 14.25, 3.25 ],
			"rotation": { "origin": [ 7.125, 2.25, 2.25 ], "axis": "y", "angle": 22.5 },
			"faces": {
				"down": { "uv": [ 4.5, 16, 16, 0 ], "texture": "#texture1", "rotation": 90 },
				"up": { "uv": [ 4.5, 16, 16, 0 ], "texture": "#texture1", "rotation": 270 },
				"north": { "uv": [ 0, 16, 16, 0 ], "texture": "#texture2", "rotation": 180 },
				"south": { "uv": [ 0, 16, 16, 0 ], "texture": "#texture2", "rotation": 180 },
				"west": { "uv": [ 4.5, 16, 16, 0 ], "texture": "#texture1", "rotation": 180 },
				"east": { "uv": [ 4.5, 16, 16, 0 ], "texture": "#texture1", "rotation": 180 }
			}
		},
		{
			"__comment": "Box6",
			"from": [ 6, 2, 2.125 ],
			"to": [ 9, 14.5, 2.625 ],
			"faces": {
				"down": { "uv": [ 0, 0, 4.5, 16 ], "texture": "#texture1" },
				"up": { "uv": [ 0, 0, 4.5, 16 ], "texture": "#texture1" },
				"north": { "uv": [ 0, 0, 4.5, 16 ], "texture": "#texture1" },
				"south": { "uv": [ 0, 0, 4.5, 16 ], "texture": "#texture1" },
				"west": { "uv": [ 0, 0, 4.5, 16 ], "texture": "#texture1" },
				"east": { "uv": [ 0, 0, 4.5, 16 ], "texture": "#texture1" }
			}
		},
		{
			"__comment": "PlaneZ6",
			"from": [ 4.25, 5.25, 10 ],
			"to": [ 10.25, 10.75, 10.001 ],
			"faces": {
				"north": { "uv": [ 0, 0, 16, 16 ], "texture": "#texture3" },
				"south": { "uv": [ 0, 0, 16, 16 ], "texture": "#texture3" }
			}
		}
	],
	"display": {
		"thirdperson_righthand": {
			"rotation":  [ -46, 0, 0 ],
			"translation":  [ 0.6956, 9.0434, 1.3929 ],
			"scale":  [ 0.7, 0.7, 0.7 ]
		},
		"firstperson_righthand": {
			"rotation":  [ -72, -14, -1 ],
			"translation":  [ 4.1753, 11.828, -4.869 ]
		},
		"gui": {
			"rotation":  [ 36, 48, -51 ],
			"translation":  [ 0, 0, 9.7391 ]
		},
		"ground": {
			"rotation":  [ -47, 56, 0 ],
			"translation":  [ 0, 4.1739, 0 ]
		},
		"fixed": {
			"rotation":  [ 0, -90, 0 ]
		}
	}
}