{
	"__comment": "Designed by Zeibo with Cubik Studio - https://cubik.studio",
	"textures": {
		"texture": "staff/y_e",
		"texture1": "block/oak_planks"
	},
	"elements": [ 	 
		{
			"__comment": "A",
			"from": [ -6.5, 6.25, -5.25 ],
			"to": [ -2.5, 10.25, -5.249 ],
			"faces": {
				"north": { "uv": [ 0, 0, 16, 16 ], "texture": "#texture" },
				"south": { "uv": [ 0, 0, 16, 16 ], "texture": "#texture" }
			}
		},
		{
			"__comment": "A1",
			"from": [ -4.5, 6.25, -7.25 ],
			"to": [ -4.499, 10.25, -3.25 ],
			"faces": {
				"west": { "uv": [ 0, 0, 16, 16 ], "texture": "#texture" },
				"east": { "uv": [ 0, 0, 16, 16 ], "texture": "#texture" }
			}
		},
		{
			"__comment": "A2",
			"from": [ -6, 6.25, -6.75 ],
			"to": [ -3, 6.75, -3.75 ],
			"faces": {
				"down": { "uv": [ 10, 3.75, 13, 6.75 ], "texture": "#texture1" },
				"up": { "uv": [ 10, 9.25, 13, 12.25 ], "texture": "#texture1" },
				"north": { "uv": [ 3, 9.25, 6, 9.75 ], "texture": "#texture1" },
				"south": { "uv": [ 10, 9.25, 13, 9.75 ], "texture": "#texture1" },
				"west": { "uv": [ 9.25, 9.25, 12.25, 9.75 ], "texture": "#texture1" },
				"east": { "uv": [ 3.75, 9.25, 6.75, 9.75 ], "texture": "#texture1" }
			}
		},
		{
			"__comment": "A3",
			"from": [ -6, 9.25, -6.75 ],
			"to": [ -3, 9.75, -3.75 ],
			"faces": {
				"down": { "uv": [ 10, 3.75, 13, 6.75 ], "texture": "#texture1" },
				"up": { "uv": [ 10, 9.25, 13, 12.25 ], "texture": "#texture1" },
				"north": { "uv": [ 3, 6.25, 6, 6.75 ], "texture": "#texture1" },
				"south": { "uv": [ 10, 6.25, 13, 6.75 ], "texture": "#texture1" },
				"west": { "uv": [ 9.25, 6.25, 12.25, 6.75 ], "texture": "#texture1" },
				"east": { "uv": [ 3.75, 6.25, 6.75, 6.75 ], "texture": "#texture1" }
			}
		},
		{
			"__comment": "A4",
			"from": [ -5.5, 8.75, -6.75 ],
			"to": [ -3.5, 9.25, -3.75 ],
			"faces": {
				"down": { "uv": [ 10.5, 3.75, 12.5, 6.75 ], "texture": "#texture1" },
				"up": { "uv": [ 10.5, 9.25, 12.5, 12.25 ], "texture": "#texture1" },
				"north": { "uv": [ 3.5, 6.75, 5.5, 7.25 ], "texture": "#texture1" },
				"south": { "uv": [ 10.5, 6.75, 12.5, 7.25 ], "texture": "#texture1" },
				"west": { "uv": [ 9.25, 6.75, 12.25, 7.25 ], "texture": "#texture1" },
				"east": { "uv": [ 3.75, 6.75, 6.75, 7.25 ], "texture": "#texture1" }
			}
		},
		{
			"__comment": "A5",
			"from": [ -5.5, 6.75, -6.75 ],
			"to": [ -3.5, 7.25, -3.75 ],
			"faces": {
				"down": { "uv": [ 10.5, 3.75, 12.5, 6.75 ], "texture": "#texture1" },
				"up": { "uv": [ 10.5, 9.25, 12.5, 12.25 ], "texture": "#texture1" },
				"north": { "uv": [ 3.5, 8.75, 5.5, 9.25 ], "texture": "#texture1" },
				"south": { "uv": [ 10.5, 8.75, 12.5, 9.25 ], "texture": "#texture1" },
				"west": { "uv": [ 9.25, 8.75, 12.25, 9.25 ], "texture": "#texture1" },
				"east": { "uv": [ 3.75, 8.75, 6.75, 9.25 ], "texture": "#texture1" }
			}
		},
		{
			"__comment": "A6",
			"from": [ -5.25, 5.25, -5.25 ],
			"to": [ -3.75, 6.75, -3.75 ],
			"rotation": { "origin": [ -5.25, 5.25, -5.25 ], "axis": "x", "angle": -45 },
			"faces": {
				"down": { "uv": [ 1.5, 8.5, 3, 10 ], "texture": "#texture1" },
				"up": { "uv": [ 1.5, 6, 3, 7.5 ], "texture": "#texture1" },
				"north": { "uv": [ 13, 15, 14.5, 16 ], "texture": "#texture1" },
				"south": { "uv": [ 1.5, 15, 3, 16 ], "texture": "#texture1" },
				"west": { "uv": [ 6, 15, 7.5, 16 ], "texture": "#texture1" },
				"east": { "uv": [ 8.5, 15, 10, 16 ], "texture": "#texture1" }
			}
		},
		{
			"__comment": "A7",
			"from": [ -5.25, 8.75, -5.25 ],
			"to": [ -3.75, 10.25, -3.75 ],
			"rotation": { "origin": [ -5.25, 8.75, -5.25 ], "axis": "x", "angle": -45 },
			"faces": {
				"down": { "uv": [ 1.5, 8.5, 3, 10 ], "texture": "#texture1" },
				"up": { "uv": [ 1.5, 6, 3, 7.5 ], "texture": "#texture1" },
				"north": { "uv": [ 13, 15, 14.5, 16 ], "texture": "#texture1" },
				"south": { "uv": [ 1.5, 15, 3, 16 ], "texture": "#texture1" },
				"west": { "uv": [ 6, 15, 7.5, 16 ], "texture": "#texture1" },
				"east": { "uv": [ 8.5, 15, 10, 16 ], "texture": "#texture1" }
			}
		},
		{
			"__comment": "A8",
			"from": [ -7.5, 7.25, -6.75 ],
			"to": [ -6.5, 8.75, -3.75 ],
			"faces": {
				"down": { "uv": [ 8.5, 3.75, 9.5, 6.75 ], "texture": "#texture1" },
				"up": { "uv": [ 8.5, 9.25, 9.5, 12.25 ], "texture": "#texture1" },
				"north": { "uv": [ 6.5, 7.25, 7.5, 8.75 ], "texture": "#texture1" },
				"south": { "uv": [ 8.5, 7.25, 9.5, 8.75 ], "texture": "#texture1" },
				"west": { "uv": [ 9.25, 7.25, 12.25, 8.75 ], "texture": "#texture1" },
				"east": { "uv": [ 3.75, 7.25, 6.75, 8.75 ], "texture": "#texture1" }
			}
		},
		{
			"__comment": "A9",
			"from": [ -2.5, 7.25, -6.75 ],
			"to": [ -1.5, 8.75, -3.75 ],
			"faces": {
				"down": { "uv": [ 13.5, 3.75, 14.5, 6.75 ], "texture": "#texture1" },
				"up": { "uv": [ 13.5, 9.25, 14.5, 12.25 ], "texture": "#texture1" },
				"north": { "uv": [ 1.5, 7.25, 2.5, 8.75 ], "texture": "#texture1" },
				"south": { "uv": [ 13.5, 7.25, 14.5, 8.75 ], "texture": "#texture1" },
				"west": { "uv": [ 9.25, 7.25, 12.25, 8.75 ], "texture": "#texture1" },
				"east": { "uv": [ 3.75, 7.25, 6.75, 8.75 ], "texture": "#texture1" }
			}
		},
		{
			"__comment": "A10",
			"from": [ -8.5, 7.5, -6 ],
			"to": [ -7.5, 8.5, -4.5 ],
			"faces": {
				"down": { "uv": [ 7.5, 4.5, 8.5, 6 ], "texture": "#texture1" },
				"up": { "uv": [ 7.5, 10, 8.5, 11.5 ], "texture": "#texture1" },
				"north": { "uv": [ 7.5, 7.5, 8.5, 8.5 ], "texture": "#texture1" },
				"south": { "uv": [ 7.5, 7.5, 8.5, 8.5 ], "texture": "#texture1" },
				"west": { "uv": [ 10, 7.5, 11.5, 8.5 ], "texture": "#texture1" },
				"east": { "uv": [ 4.5, 7.5, 6, 8.5 ], "texture": "#texture1" }
			}
		},
		{
			"__comment": "A11",
			"from": [ -1.5, 7.5, -6 ],
			"to": [ -0.5, 8.5, -4.5 ],
			"faces": {
				"down": { "uv": [ 14.5, 4.5, 15.5, 6 ], "texture": "#texture1" },
				"up": { "uv": [ 14.5, 10, 15.5, 11.5 ], "texture": "#texture1" },
				"north": { "uv": [ 0.5, 7.5, 1.5, 8.5 ], "texture": "#texture1" },
				"south": { "uv": [ 14.5, 7.5, 15.5, 8.5 ], "texture": "#texture1" },
				"west": { "uv": [ 10, 7.5, 11.5, 8.5 ], "texture": "#texture1" },
				"east": { "uv": [ 4.5, 7.5, 6, 8.5 ], "texture": "#texture1" }
			}
		},
		{
			"__comment": "A12",
			"from": [ -11, 7.75, -5.5 ],
			"to": [ -8.5, 8.25, -5 ],
			"faces": {
				"down": { "uv": [ 5, 5, 7.5, 5.5 ], "texture": "#texture1" },
				"up": { "uv": [ 5, 10.5, 7.5, 11 ], "texture": "#texture1" },
				"north": { "uv": [ 8.5, 7.75, 11, 8.25 ], "texture": "#texture1" },
				"south": { "uv": [ 5, 7.75, 7.5, 8.25 ], "texture": "#texture1" },
				"west": { "uv": [ 10.5, 7.75, 11, 8.25 ], "texture": "#texture1" },
				"east": { "uv": [ 5, 7.75, 5.5, 8.25 ], "texture": "#texture1" }
			}
		},
		{
			"__comment": "A13",
			"from": [ -0.5, 7.75, -5.5 ],
			"to": [ 2, 8.25, -5 ],
			"faces": {
				"down": { "uv": [ 0, 5, 2, 5.5 ], "texture": "#texture1" },
				"up": { "uv": [ 0, 10.5, 2, 11 ], "texture": "#texture1" },
				"north": { "uv": [ 14, 7.75, 16, 8.25 ], "texture": "#texture1" },
				"south": { "uv": [ 0, 7.75, 2, 8.25 ], "texture": "#texture1" },
				"west": { "uv": [ 10.5, 7.75, 11, 8.25 ], "texture": "#texture1" },
				"east": { "uv": [ 5, 7.75, 5.5, 8.25 ], "texture": "#texture1" }
			}
		},
		{
			"__comment": "A14",
			"from": [ -6, 7.25, -8.25 ],
			"to": [ -3, 8.75, -7.25 ],
			"faces": {
				"down": { "uv": [ 3.5, 7, 4.5, 10 ], "texture": "#texture1", "rotation": 270 },
				"up": { "uv": [ 3.5, 6, 4.5, 9 ], "texture": "#texture1", "rotation": 90 },
				"north": { "uv": [ 6, 13.5, 9, 15 ], "texture": "#texture1" },
				"south": { "uv": [ 7, 13.5, 10, 15 ], "texture": "#texture1" },
				"west": { "uv": [ 3.5, 13.5, 4.5, 15 ], "texture": "#texture1" },
				"east": { "uv": [ 11.5, 13.5, 12.5, 15 ], "texture": "#texture1" }
			}
		},
		{
			"__comment": "A15",
			"from": [ -6, 7.25, -3.25 ],
			"to": [ -3, 8.75, -2.25 ],
			"faces": {
				"down": { "uv": [ 8.5, 7, 9.5, 10 ], "texture": "#texture1", "rotation": 270 },
				"up": { "uv": [ 8.5, 6, 9.5, 9 ], "texture": "#texture1", "rotation": 90 },
				"north": { "uv": [ 6, 13.5, 9, 15 ], "texture": "#texture1" },
				"south": { "uv": [ 7, 13.5, 10, 15 ], "texture": "#texture1" },
				"west": { "uv": [ 8.5, 13.5, 9.5, 15 ], "texture": "#texture1" },
				"east": { "uv": [ 6.5, 13.5, 7.5, 15 ], "texture": "#texture1" }
			}
		},
		{
			"__comment": "A16",
			"from": [ -5.25, 7.5, -9.25 ],
			"to": [ -3.75, 8.5, -8.25 ],
			"faces": {
				"down": { "uv": [ 2.5, 7.75, 3.5, 9.25 ], "texture": "#texture1", "rotation": 270 },
				"up": { "uv": [ 2.5, 6.75, 3.5, 8.25 ], "texture": "#texture1", "rotation": 90 },
				"north": { "uv": [ 6.75, 13.75, 8.25, 14.75 ], "texture": "#texture1" },
				"south": { "uv": [ 7.75, 13.75, 9.25, 14.75 ], "texture": "#texture1" },
				"west": { "uv": [ 2.5, 13.75, 3.5, 14.75 ], "texture": "#texture1" },
				"east": { "uv": [ 12.5, 13.75, 13.5, 14.75 ], "texture": "#texture1" }
			}
		},
		{
			"__comment": "A17",
			"from": [ -5.25, 7.5, -2.25 ],
			"to": [ -3.75, 8.5, -1.25 ],
			"faces": {
				"down": { "uv": [ 9.5, 7.75, 10.5, 9.25 ], "texture": "#texture1", "rotation": 270 },
				"up": { "uv": [ 9.5, 6.75, 10.5, 8.25 ], "texture": "#texture1", "rotation": 90 },
				"north": { "uv": [ 6.75, 13.75, 8.25, 14.75 ], "texture": "#texture1" },
				"south": { "uv": [ 7.75, 13.75, 9.25, 14.75 ], "texture": "#texture1" },
				"west": { "uv": [ 9.5, 13.75, 10.5, 14.75 ], "texture": "#texture1" },
				"east": { "uv": [ 5.5, 13.75, 6.5, 14.75 ], "texture": "#texture1" }
			}
		},
		{
			"__comment": "A18",
			"from": [ -4.75, 7.75, -11.75 ],
			"to": [ -4.25, 8.25, -9.25 ],
			"faces": {
				"down": { "uv": [ 0, 8.25, 2.5, 8.75 ], "texture": "#texture1", "rotation": 270 },
				"up": { "uv": [ 0, 7.25, 2.5, 7.75 ], "texture": "#texture1", "rotation": 90 },
				"north": { "uv": [ 7.25, 14, 7.75, 14.5 ], "texture": "#texture1" },
				"south": { "uv": [ 8.25, 14, 8.75, 14.5 ], "texture": "#texture1" },
				"west": { "uv": [ 0, 14, 2.5, 14.5 ], "texture": "#texture1" },
				"east": { "uv": [ 13.5, 14, 16, 14.5 ], "texture": "#texture1" }
			}
		},
		{
			"__comment": "A19",
			"from": [ -4.75, 7.75, -1.25 ],
			"to": [ -4.25, 8.25, 1.25 ],
			"faces": {
				"down": { "uv": [ 10.5, 8.25, 13, 8.75 ], "texture": "#texture1", "rotation": 270 },
				"up": { "uv": [ 10.5, 7.25, 13, 7.75 ], "texture": "#texture1", "rotation": 90 },
				"north": { "uv": [ 7.25, 14, 7.75, 14.5 ], "texture": "#texture1" },
				"south": { "uv": [ 8.25, 14, 8.75, 14.5 ], "texture": "#texture1" },
				"west": { "uv": [ 10.5, 14, 13, 14.5 ], "texture": "#texture1" },
				"east": { "uv": [ 3, 14, 5.5, 14.5 ], "texture": "#texture1" }
			}
		},
		{
			"__comment": "B",
			"from": [ 18.25, 6.25, -3.5 ],
			"to": [ 22.25, 10.25, -3.499 ],
			"faces": {
				"north": { "uv": [ 0, 0, 16, 16 ], "texture": "#texture" },
				"south": { "uv": [ 0, 0, 16, 16 ], "texture": "#texture" }
			}
		},
		{
			"__comment": "B1",
			"from": [ 20.25, 6.25, -5.5 ],
			"to": [ 20.251, 10.25, -1.5 ],
			"faces": {
				"west": { "uv": [ 0, 0, 16, 16 ], "texture": "#texture" },
				"east": { "uv": [ 0, 0, 16, 16 ], "texture": "#texture" }
			}
		},
		{
			"__comment": "B2",
			"from": [ 18.75, 6.25, -5 ],
			"to": [ 21.75, 6.75, -2 ],
			"faces": {
				"down": { "uv": [ 2.75, 2, 5.75, 5 ], "texture": "#texture1" },
				"up": { "uv": [ 2.75, 11, 5.75, 14 ], "texture": "#texture1" },
				"north": { "uv": [ 10.25, 9.25, 13.25, 9.75 ], "texture": "#texture1" },
				"south": { "uv": [ 2.75, 9.25, 5.75, 9.75 ], "texture": "#texture1" },
				"west": { "uv": [ 11, 9.25, 14, 9.75 ], "texture": "#texture1" },
				"east": { "uv": [ 2, 9.25, 5, 9.75 ], "texture": "#texture1" }
			}
		},
		{
			"__comment": "B3",
			"from": [ 18.75, 9.25, -5 ],
			"to": [ 21.75, 9.75, -2 ],
			"faces": {
				"down": { "uv": [ 2.75, 2, 5.75, 5 ], "texture": "#texture1" },
				"up": { "uv": [ 2.75, 11, 5.75, 14 ], "texture": "#texture1" },
				"north": { "uv": [ 10.25, 6.25, 13.25, 6.75 ], "texture": "#texture1" },
				"south": { "uv": [ 2.75, 6.25, 5.75, 6.75 ], "texture": "#texture1" },
				"west": { "uv": [ 11, 6.25, 14, 6.75 ], "texture": "#texture1" },
				"east": { "uv": [ 2, 6.25, 5, 6.75 ], "texture": "#texture1" }
			}
		},
		{
			"__comment": "B4",
			"from": [ 19.25, 8.75, -5 ],
			"to": [ 21.25, 9.25, -2 ],
			"faces": {
				"down": { "uv": [ 3.25, 2, 5.25, 5 ], "texture": "#texture1" },
				"up": { "uv": [ 3.25, 11, 5.25, 14 ], "texture": "#texture1" },
				"north": { "uv": [ 10.75, 6.75, 12.75, 7.25 ], "texture": "#texture1" },
				"south": { "uv": [ 3.25, 6.75, 5.25, 7.25 ], "texture": "#texture1" },
				"west": { "uv": [ 11, 6.75, 14, 7.25 ], "texture": "#texture1" },
				"east": { "uv": [ 2, 6.75, 5, 7.25 ], "texture": "#texture1" }
			}
		},
		{
			"__comment": "B5",
			"from": [ 19.25, 6.75, -5 ],
			"to": [ 21.25, 7.25, -2 ],
			"faces": {
				"down": { "uv": [ 3.25, 2, 5.25, 5 ], "texture": "#texture1" },
				"up": { "uv": [ 3.25, 11, 5.25, 14 ], "texture": "#texture1" },
				"north": { "uv": [ 10.75, 8.75, 12.75, 9.25 ], "texture": "#texture1" },
				"south": { "uv": [ 3.25, 8.75, 5.25, 9.25 ], "texture": "#texture1" },
				"west": { "uv": [ 11, 8.75, 14, 9.25 ], "texture": "#texture1" },
				"east": { "uv": [ 2, 8.75, 5, 9.25 ], "texture": "#texture1" }
			}
		},
		{
			"__comment": "B6",
			"from": [ 19.5, 5.25, -3.5 ],
			"to": [ 21, 6.75, -2 ],
			"rotation": { "origin": [ 19.5, 5.25, -3.5 ], "axis": "x", "angle": -45 },
			"faces": {
				"down": { "uv": [ 1.5, 8.5, 3, 10 ], "texture": "#texture1" },
				"up": { "uv": [ 1.5, 6, 3, 7.5 ], "texture": "#texture1" },
				"north": { "uv": [ 13, 15, 14.5, 16 ], "texture": "#texture1" },
				"south": { "uv": [ 1.5, 15, 3, 16 ], "texture": "#texture1" },
				"west": { "uv": [ 6, 15, 7.5, 16 ], "texture": "#texture1" },
				"east": { "uv": [ 8.5, 15, 10, 16 ], "texture": "#texture1" }
			}
		},
		{
			"__comment": "B7",
			"from": [ 19.5, 8.75, -3.5 ],
			"to": [ 21, 10.25, -2 ],
			"rotation": { "origin": [ 19.5, 8.75, -3.5 ], "axis": "x", "angle": -45 },
			"faces": {
				"down": { "uv": [ 1.5, 8.5, 3, 10 ], "texture": "#texture1" },
				"up": { "uv": [ 1.5, 6, 3, 7.5 ], "texture": "#texture1" },
				"north": { "uv": [ 13, 15, 14.5, 16 ], "texture": "#texture1" },
				"south": { "uv": [ 1.5, 15, 3, 16 ], "texture": "#texture1" },
				"west": { "uv": [ 6, 15, 7.5, 16 ], "texture": "#texture1" },
				"east": { "uv": [ 8.5, 15, 10, 16 ], "texture": "#texture1" }
			}
		},
		{
			"__comment": "B8",
			"from": [ 17.25, 7.25, -5 ],
			"to": [ 18.25, 8.75, -2 ],
			"faces": {
				"down": { "uv": [ 1.25, 2, 2.25, 5 ], "texture": "#texture1" },
				"up": { "uv": [ 1.25, 11, 2.25, 14 ], "texture": "#texture1" },
				"north": { "uv": [ 13.75, 7.25, 14.75, 8.75 ], "texture": "#texture1" },
				"south": { "uv": [ 1.25, 7.25, 2.25, 8.75 ], "texture": "#texture1" },
				"west": { "uv": [ 11, 7.25, 14, 8.75 ], "texture": "#texture1" },
				"east": { "uv": [ 2, 7.25, 5, 8.75 ], "texture": "#texture1" }
			}
		},
		{
			"__comment": "B9",
			"from": [ 22.25, 7.25, -5 ],
			"to": [ 23.25, 8.75, -2 ],
			"faces": {
				"down": { "uv": [ 6.25, 2, 7.25, 5 ], "texture": "#texture1" },
				"up": { "uv": [ 6.25, 11, 7.25, 14 ], "texture": "#texture1" },
				"north": { "uv": [ 8.75, 7.25, 9.75, 8.75 ], "texture": "#texture1" },
				"south": { "uv": [ 6.25, 7.25, 7.25, 8.75 ], "texture": "#texture1" },
				"west": { "uv": [ 11, 7.25, 14, 8.75 ], "texture": "#texture1" },
				"east": { "uv": [ 2, 7.25, 5, 8.75 ], "texture": "#texture1" }
			}
		},
		{
			"__comment": "B10",
			"from": [ 16.25, 7.5, -4.25 ],
			"to": [ 17.25, 8.5, -2.75 ],
			"faces": {
				"down": { "uv": [ 0.25, 2.75, 1.25, 4.25 ], "texture": "#texture1" },
				"up": { "uv": [ 0.25, 11.75, 1.25, 13.25 ], "texture": "#texture1" },
				"north": { "uv": [ 14.75, 7.5, 15.75, 8.5 ], "texture": "#texture1" },
				"south": { "uv": [ 0.25, 7.5, 1.25, 8.5 ], "texture": "#texture1" },
				"west": { "uv": [ 11.75, 7.5, 13.25, 8.5 ], "texture": "#texture1" },
				"east": { "uv": [ 2.75, 7.5, 4.25, 8.5 ], "texture": "#texture1" }
			}
		},
		{
			"__comment": "B11",
			"from": [ 23.25, 7.5, -4.25 ],
			"to": [ 24.25, 8.5, -2.75 ],
			"faces": {
				"down": { "uv": [ 7.25, 2.75, 8.25, 4.25 ], "texture": "#texture1" },
				"up": { "uv": [ 7.25, 11.75, 8.25, 13.25 ], "texture": "#texture1" },
				"north": { "uv": [ 7.75, 7.5, 8.75, 8.5 ], "texture": "#texture1" },
				"south": { "uv": [ 7.25, 7.5, 8.25, 8.5 ], "texture": "#texture1" },
				"west": { "uv": [ 11.75, 7.5, 13.25, 8.5 ], "texture": "#texture1" },
				"east": { "uv": [ 2.75, 7.5, 4.25, 8.5 ], "texture": "#texture1" }
			}
		},
		{
			"__comment": "B12",
			"from": [ 13.75, 7.75, -3.75 ],
			"to": [ 16.25, 8.25, -3.25 ],
			"faces": {
				"down": { "uv": [ 13.75, 3.25, 16, 3.75 ], "texture": "#texture1" },
				"up": { "uv": [ 13.75, 12.25, 16, 12.75 ], "texture": "#texture1" },
				"north": { "uv": [ 0, 7.75, 2.25, 8.25 ], "texture": "#texture1" },
				"south": { "uv": [ 13.75, 7.75, 16, 8.25 ], "texture": "#texture1" },
				"west": { "uv": [ 12.25, 7.75, 12.75, 8.25 ], "texture": "#texture1" },
				"east": { "uv": [ 3.25, 7.75, 3.75, 8.25 ], "texture": "#texture1" }
			}
		},
		{
			"__comment": "B13",
			"from": [ 24.25, 7.75, -3.75 ],
			"to": [ 26.75, 8.25, -3.25 ],
			"faces": {
				"down": { "uv": [ 8.25, 3.25, 10.75, 3.75 ], "texture": "#texture1" },
				"up": { "uv": [ 8.25, 12.25, 10.75, 12.75 ], "texture": "#texture1" },
				"north": { "uv": [ 5.25, 7.75, 7.75, 8.25 ], "texture": "#texture1" },
				"south": { "uv": [ 8.25, 7.75, 10.75, 8.25 ], "texture": "#texture1" },
				"west": { "uv": [ 12.25, 7.75, 12.75, 8.25 ], "texture": "#texture1" },
				"east": { "uv": [ 3.25, 7.75, 3.75, 8.25 ], "texture": "#texture1" }
			}
		},
		{
			"__comment": "B14",
			"from": [ 18.75, 7.25, -6.5 ],
			"to": [ 21.75, 8.75, -5.5 ],
			"faces": {
				"down": { "uv": [ 3.5, 7, 4.5, 10 ], "texture": "#texture1", "rotation": 270 },
				"up": { "uv": [ 3.5, 6, 4.5, 9 ], "texture": "#texture1", "rotation": 90 },
				"north": { "uv": [ 6, 13.5, 9, 15 ], "texture": "#texture1" },
				"south": { "uv": [ 7, 13.5, 10, 15 ], "texture": "#texture1" },
				"west": { "uv": [ 3.5, 13.5, 4.5, 15 ], "texture": "#texture1" },
				"east": { "uv": [ 11.5, 13.5, 12.5, 15 ], "texture": "#texture1" }
			}
		},
		{
			"__comment": "B15",
			"from": [ 18.75, 7.25, -1.5 ],
			"to": [ 21.75, 8.75, -0.5 ],
			"faces": {
				"down": { "uv": [ 8.5, 7, 9.5, 10 ], "texture": "#texture1", "rotation": 270 },
				"up": { "uv": [ 8.5, 6, 9.5, 9 ], "texture": "#texture1", "rotation": 90 },
				"north": { "uv": [ 6, 13.5, 9, 15 ], "texture": "#texture1" },
				"south": { "uv": [ 7, 13.5, 10, 15 ], "texture": "#texture1" },
				"west": { "uv": [ 8.5, 13.5, 9.5, 15 ], "texture": "#texture1" },
				"east": { "uv": [ 6.5, 13.5, 7.5, 15 ], "texture": "#texture1" }
			}
		},
		{
			"__comment": "B16",
			"from": [ 19.5, 7.5, -7.5 ],
			"to": [ 21, 8.5, -6.5 ],
			"faces": {
				"down": { "uv": [ 2.5, 7.75, 3.5, 9.25 ], "texture": "#texture1", "rotation": 270 },
				"up": { "uv": [ 2.5, 6.75, 3.5, 8.25 ], "texture": "#texture1", "rotation": 90 },
				"north": { "uv": [ 6.75, 13.75, 8.25, 14.75 ], "texture": "#texture1" },
				"south": { "uv": [ 7.75, 13.75, 9.25, 14.75 ], "texture": "#texture1" },
				"west": { "uv": [ 2.5, 13.75, 3.5, 14.75 ], "texture": "#texture1" },
				"east": { "uv": [ 12.5, 13.75, 13.5, 14.75 ], "texture": "#texture1" }
			}
		},
		{
			"__comment": "B17",
			"from": [ 19.5, 7.5, -0.5 ],
			"to": [ 21, 8.5, 0.5 ],
			"faces": {
				"down": { "uv": [ 9.5, 7.75, 10.5, 9.25 ], "texture": "#texture1", "rotation": 270 },
				"up": { "uv": [ 9.5, 6.75, 10.5, 8.25 ], "texture": "#texture1", "rotation": 90 },
				"north": { "uv": [ 6.75, 13.75, 8.25, 14.75 ], "texture": "#texture1" },
				"south": { "uv": [ 7.75, 13.75, 9.25, 14.75 ], "texture": "#texture1" },
				"west": { "uv": [ 9.5, 13.75, 10.5, 14.75 ], "texture": "#texture1" },
				"east": { "uv": [ 5.5, 13.75, 6.5, 14.75 ], "texture": "#texture1" }
			}
		},
		{
			"__comment": "B18",
			"from": [ 20, 7.75, -10 ],
			"to": [ 20.5, 8.25, -7.5 ],
			"faces": {
				"down": { "uv": [ 0, 8.25, 2.5, 8.75 ], "texture": "#texture1", "rotation": 270 },
				"up": { "uv": [ 0, 7.25, 2.5, 7.75 ], "texture": "#texture1", "rotation": 90 },
				"north": { "uv": [ 7.25, 14, 7.75, 14.5 ], "texture": "#texture1" },
				"south": { "uv": [ 8.25, 14, 8.75, 14.5 ], "texture": "#texture1" },
				"west": { "uv": [ 0, 14, 2.5, 14.5 ], "texture": "#texture1" },
				"east": { "uv": [ 13.5, 14, 16, 14.5 ], "texture": "#texture1" }
			}
		},
		{
			"__comment": "B19",
			"from": [ 20, 7.75, 0.5 ],
			"to": [ 20.5, 8.25, 3 ],
			"faces": {
				"down": { "uv": [ 10.5, 8.25, 13, 8.75 ], "texture": "#texture1", "rotation": 270 },
				"up": { "uv": [ 10.5, 7.25, 13, 7.75 ], "texture": "#texture1", "rotation": 90 },
				"north": { "uv": [ 7.25, 14, 7.75, 14.5 ], "texture": "#texture1" },
				"south": { "uv": [ 8.25, 14, 8.75, 14.5 ], "texture": "#texture1" },
				"west": { "uv": [ 10.5, 14, 13, 14.5 ], "texture": "#texture1" },
				"east": { "uv": [ 3, 14, 5.5, 14.5 ], "texture": "#texture1" }
			}
		},
		{
			"__comment": "C",
			"from": [ -6.125, 6.25, 21.25 ],
			"to": [ -2.125, 10.25, 21.251 ],
			"faces": {
				"north": { "uv": [ 0, 0, 16, 16 ], "texture": "#texture" },
				"south": { "uv": [ 0, 0, 16, 16 ], "texture": "#texture" }
			}
		},
		{
			"__comment": "C1",
			"from": [ -4.125, 6.25, 19.25 ],
			"to": [ -4.124, 10.25, 23.25 ],
			"faces": {
				"west": { "uv": [ 0, 0, 16, 16 ], "texture": "#texture" },
				"east": { "uv": [ 0, 0, 16, 16 ], "texture": "#texture" }
			}
		},
		{
			"__comment": "C2",
			"from": [ -5.625, 6.25, 19.75 ],
			"to": [ -2.625, 6.75, 22.75 ],
			"faces": {
				"down": { "uv": [ 10.375, 9.25, 13.375, 12.25 ], "texture": "#texture1" },
				"up": { "uv": [ 10.375, 3.75, 13.375, 6.75 ], "texture": "#texture1" },
				"north": { "uv": [ 2.625, 9.25, 5.625, 9.75 ], "texture": "#texture1" },
				"south": { "uv": [ 10.375, 9.25, 13.375, 9.75 ], "texture": "#texture1" },
				"west": { "uv": [ 3.75, 9.25, 6.75, 9.75 ], "texture": "#texture1" },
				"east": { "uv": [ 9.25, 9.25, 12.25, 9.75 ], "texture": "#texture1" }
			}
		},
		{
			"__comment": "C3",
			"from": [ -5.625, 9.25, 19.75 ],
			"to": [ -2.625, 9.75, 22.75 ],
			"faces": {
				"down": { "uv": [ 10.375, 9.25, 13.375, 12.25 ], "texture": "#texture1" },
				"up": { "uv": [ 10.375, 3.75, 13.375, 6.75 ], "texture": "#texture1" },
				"north": { "uv": [ 2.625, 6.25, 5.625, 6.75 ], "texture": "#texture1" },
				"south": { "uv": [ 10.375, 6.25, 13.375, 6.75 ], "texture": "#texture1" },
				"west": { "uv": [ 3.75, 6.25, 6.75, 6.75 ], "texture": "#texture1" },
				"east": { "uv": [ 9.25, 6.25, 12.25, 6.75 ], "texture": "#texture1" }
			}
		},
		{
			"__comment": "C4",
			"from": [ -5.125, 8.75, 19.75 ],
			"to": [ -3.125, 9.25, 22.75 ],
			"faces": {
				"down": { "uv": [ 10.875, 9.25, 12.875, 12.25 ], "texture": "#texture1" },
				"up": { "uv": [ 10.875, 3.75, 12.875, 6.75 ], "texture": "#texture1" },
				"north": { "uv": [ 3.125, 6.75, 5.125, 7.25 ], "texture": "#texture1" },
				"south": { "uv": [ 10.875, 6.75, 12.875, 7.25 ], "texture": "#texture1" },
				"west": { "uv": [ 3.75, 6.75, 6.75, 7.25 ], "texture": "#texture1" },
				"east": { "uv": [ 9.25, 6.75, 12.25, 7.25 ], "texture": "#texture1" }
			}
		},
		{
			"__comment": "C5",
			"from": [ -5.125, 6.75, 19.75 ],
			"to": [ -3.125, 7.25, 22.75 ],
			"faces": {
				"down": { "uv": [ 10.875, 9.25, 12.875, 12.25 ], "texture": "#texture1" },
				"up": { "uv": [ 10.875, 3.75, 12.875, 6.75 ], "texture": "#texture1" },
				"north": { "uv": [ 3.125, 8.75, 5.125, 9.25 ], "texture": "#texture1" },
				"south": { "uv": [ 10.875, 8.75, 12.875, 9.25 ], "texture": "#texture1" },
				"west": { "uv": [ 3.75, 8.75, 6.75, 9.25 ], "texture": "#texture1" },
				"east": { "uv": [ 9.25, 8.75, 12.25, 9.25 ], "texture": "#texture1" }
			}
		},
		{
			"__comment": "C6",
			"from": [ -4.875, 5.25, 21.25 ],
			"to": [ -3.375, 6.75, 22.75 ],
			"rotation": { "origin": [ -4.875, 5.25, 21.25 ], "axis": "x", "angle": -45 },
			"faces": {
				"down": { "uv": [ 1.5, 8.5, 3, 10 ], "texture": "#texture1" },
				"up": { "uv": [ 1.5, 6, 3, 7.5 ], "texture": "#texture1" },
				"north": { "uv": [ 13, 15, 14.5, 16 ], "texture": "#texture1" },
				"south": { "uv": [ 1.5, 15, 3, 16 ], "texture": "#texture1" },
				"west": { "uv": [ 6, 15, 7.5, 16 ], "texture": "#texture1" },
				"east": { "uv": [ 8.5, 15, 10, 16 ], "texture": "#texture1" }
			}
		},
		{
			"__comment": "C7",
			"from": [ -4.875, 8.75, 21.25 ],
			"to": [ -3.375, 10.25, 22.75 ],
			"rotation": { "origin": [ -4.875, 8.75, 21.25 ], "axis": "x", "angle": -45 },
			"faces": {
				"down": { "uv": [ 1.5, 8.5, 3, 10 ], "texture": "#texture1" },
				"up": { "uv": [ 1.5, 6, 3, 7.5 ], "texture": "#texture1" },
				"north": { "uv": [ 13, 15, 14.5, 16 ], "texture": "#texture1" },
				"south": { "uv": [ 1.5, 15, 3, 16 ], "texture": "#texture1" },
				"west": { "uv": [ 6, 15, 7.5, 16 ], "texture": "#texture1" },
				"east": { "uv": [ 8.5, 15, 10, 16 ], "texture": "#texture1" }
			}
		},
		{
			"__comment": "C8",
			"from": [ -7.125, 7.25, 19.75 ],
			"to": [ -6.125, 8.75, 22.75 ],
			"faces": {
				"down": { "uv": [ 8.875, 9.25, 9.875, 12.25 ], "texture": "#texture1" },
				"up": { "uv": [ 8.875, 3.75, 9.875, 6.75 ], "texture": "#texture1" },
				"north": { "uv": [ 6.125, 7.25, 7.125, 8.75 ], "texture": "#texture1" },
				"south": { "uv": [ 8.875, 7.25, 9.875, 8.75 ], "texture": "#texture1" },
				"west": { "uv": [ 3.75, 7.25, 6.75, 8.75 ], "texture": "#texture1" },
				"east": { "uv": [ 9.25, 7.25, 12.25, 8.75 ], "texture": "#texture1" }
			}
		},
		{
			"__comment": "C9",
			"from": [ -2.125, 7.25, 19.75 ],
			"to": [ -1.125, 8.75, 22.75 ],
			"faces": {
				"down": { "uv": [ 13.875, 9.25, 14.875, 12.25 ], "texture": "#texture1" },
				"up": { "uv": [ 13.875, 3.75, 14.875, 6.75 ], "texture": "#texture1" },
				"north": { "uv": [ 1.125, 7.25, 2.125, 8.75 ], "texture": "#texture1" },
				"south": { "uv": [ 13.875, 7.25, 14.875, 8.75 ], "texture": "#texture1" },
				"west": { "uv": [ 3.75, 7.25, 6.75, 8.75 ], "texture": "#texture1" },
				"east": { "uv": [ 9.25, 7.25, 12.25, 8.75 ], "texture": "#texture1" }
			}
		},
		{
			"__comment": "C10",
			"from": [ -8.125, 7.5, 20.5 ],
			"to": [ -7.125, 8.5, 22 ],
			"faces": {
				"down": { "uv": [ 7.875, 10, 8.875, 11.5 ], "texture": "#texture1" },
				"up": { "uv": [ 7.875, 4.5, 8.875, 6 ], "texture": "#texture1" },
				"north": { "uv": [ 7.125, 7.5, 8.125, 8.5 ], "texture": "#texture1" },
				"south": { "uv": [ 7.875, 7.5, 8.875, 8.5 ], "texture": "#texture1" },
				"west": { "uv": [ 4.5, 7.5, 6, 8.5 ], "texture": "#texture1" },
				"east": { "uv": [ 10, 7.5, 11.5, 8.5 ], "texture": "#texture1" }
			}
		},
		{
			"__comment": "C11",
			"from": [ -1.125, 7.5, 20.5 ],
			"to": [ -0.125, 8.5, 22 ],
			"faces": {
				"down": { "uv": [ 14.875, 10, 15.875, 11.5 ], "texture": "#texture1" },
				"up": { "uv": [ 14.875, 4.5, 15.875, 6 ], "texture": "#texture1" },
				"north": { "uv": [ 0.125, 7.5, 1.125, 8.5 ], "texture": "#texture1" },
				"south": { "uv": [ 14.875, 7.5, 15.875, 8.5 ], "texture": "#texture1" },
				"west": { "uv": [ 4.5, 7.5, 6, 8.5 ], "texture": "#texture1" },
				"east": { "uv": [ 10, 7.5, 11.5, 8.5 ], "texture": "#texture1" }
			}
		},
		{
			"__comment": "C12",
			"from": [ -10.625, 7.75, 21 ],
			"to": [ -8.125, 8.25, 21.5 ],
			"faces": {
				"down": { "uv": [ 5.375, 10.5, 7.875, 11 ], "texture": "#texture1" },
				"up": { "uv": [ 5.375, 5, 7.875, 5.5 ], "texture": "#texture1" },
				"north": { "uv": [ 8.125, 7.75, 10.625, 8.25 ], "texture": "#texture1" },
				"south": { "uv": [ 5.375, 7.75, 7.875, 8.25 ], "texture": "#texture1" },
				"west": { "uv": [ 5, 7.75, 5.5, 8.25 ], "texture": "#texture1" },
				"east": { "uv": [ 10.5, 7.75, 11, 8.25 ], "texture": "#texture1" }
			}
		},
		{
			"__comment": "C13",
			"from": [ -0.125, 7.75, 21 ],
			"to": [ 2.375, 8.25, 21.5 ],
			"faces": {
				"down": { "uv": [ 0, 10.5, 2.375, 11 ], "texture": "#texture1" },
				"up": { "uv": [ 0, 5, 2.375, 5.5 ], "texture": "#texture1" },
				"north": { "uv": [ 13.625, 7.75, 16, 8.25 ], "texture": "#texture1" },
				"south": { "uv": [ 0, 7.75, 2.375, 8.25 ], "texture": "#texture1" },
				"west": { "uv": [ 5, 7.75, 5.5, 8.25 ], "texture": "#texture1" },
				"east": { "uv": [ 10.5, 7.75, 11, 8.25 ], "texture": "#texture1" }
			}
		},
		{
			"__comment": "C14",
			"from": [ -5.625, 7.25, 18.25 ],
			"to": [ -2.625, 8.75, 19.25 ],
			"faces": {
				"down": { "uv": [ 3.5, 7, 4.5, 10 ], "texture": "#texture1", "rotation": 270 },
				"up": { "uv": [ 3.5, 6, 4.5, 9 ], "texture": "#texture1", "rotation": 90 },
				"north": { "uv": [ 6, 13.5, 9, 15 ], "texture": "#texture1" },
				"south": { "uv": [ 7, 13.5, 10, 15 ], "texture": "#texture1" },
				"west": { "uv": [ 3.5, 13.5, 4.5, 15 ], "texture": "#texture1" },
				"east": { "uv": [ 11.5, 13.5, 12.5, 15 ], "texture": "#texture1" }
			}
		},
		{
			"__comment": "C15",
			"from": [ -5.625, 7.25, 23.25 ],
			"to": [ -2.625, 8.75, 24.25 ],
			"faces": {
				"down": { "uv": [ 8.5, 7, 9.5, 10 ], "texture": "#texture1", "rotation": 270 },
				"up": { "uv": [ 8.5, 6, 9.5, 9 ], "texture": "#texture1", "rotation": 90 },
				"north": { "uv": [ 6, 13.5, 9, 15 ], "texture": "#texture1" },
				"south": { "uv": [ 7, 13.5, 10, 15 ], "texture": "#texture1" },
				"west": { "uv": [ 8.5, 13.5, 9.5, 15 ], "texture": "#texture1" },
				"east": { "uv": [ 6.5, 13.5, 7.5, 15 ], "texture": "#texture1" }
			}
		},
		{
			"__comment": "C16",
			"from": [ -4.875, 7.5, 17.25 ],
			"to": [ -3.375, 8.5, 18.25 ],
			"faces": {
				"down": { "uv": [ 2.5, 7.75, 3.5, 9.25 ], "texture": "#texture1", "rotation": 270 },
				"up": { "uv": [ 2.5, 6.75, 3.5, 8.25 ], "texture": "#texture1", "rotation": 90 },
				"north": { "uv": [ 6.75, 13.75, 8.25, 14.75 ], "texture": "#texture1" },
				"south": { "uv": [ 7.75, 13.75, 9.25, 14.75 ], "texture": "#texture1" },
				"west": { "uv": [ 2.5, 13.75, 3.5, 14.75 ], "texture": "#texture1" },
				"east": { "uv": [ 12.5, 13.75, 13.5, 14.75 ], "texture": "#texture1" }
			}
		},
		{
			"__comment": "C17",
			"from": [ -4.875, 7.5, 24.25 ],
			"to": [ -3.375, 8.5, 25.25 ],
			"faces": {
				"down": { "uv": [ 9.5, 7.75, 10.5, 9.25 ], "texture": "#texture1", "rotation": 270 },
				"up": { "uv": [ 9.5, 6.75, 10.5, 8.25 ], "texture": "#texture1", "rotation": 90 },
				"north": { "uv": [ 6.75, 13.75, 8.25, 14.75 ], "texture": "#texture1" },
				"south": { "uv": [ 7.75, 13.75, 9.25, 14.75 ], "texture": "#texture1" },
				"west": { "uv": [ 9.5, 13.75, 10.5, 14.75 ], "texture": "#texture1" },
				"east": { "uv": [ 5.5, 13.75, 6.5, 14.75 ], "texture": "#texture1" }
			}
		},
		{
			"__comment": "C18",
			"from": [ -4.375, 7.75, 14.75 ],
			"to": [ -3.875, 8.25, 17.25 ],
			"faces": {
				"down": { "uv": [ 0, 8.25, 2.5, 8.75 ], "texture": "#texture1", "rotation": 270 },
				"up": { "uv": [ 0, 7.25, 2.5, 7.75 ], "texture": "#texture1", "rotation": 90 },
				"north": { "uv": [ 7.25, 14, 7.75, 14.5 ], "texture": "#texture1" },
				"south": { "uv": [ 8.25, 14, 8.75, 14.5 ], "texture": "#texture1" },
				"west": { "uv": [ 0, 14, 2.5, 14.5 ], "texture": "#texture1" },
				"east": { "uv": [ 13.5, 14, 16, 14.5 ], "texture": "#texture1" }
			}
		},
		{
			"__comment": "C19",
			"from": [ -4.375, 7.75, 25.25 ],
			"to": [ -3.875, 8.25, 27.75 ],
			"faces": {
				"down": { "uv": [ 10.5, 8.25, 13, 8.75 ], "texture": "#texture1", "rotation": 270 },
				"up": { "uv": [ 10.5, 7.25, 13, 7.75 ], "texture": "#texture1", "rotation": 90 },
				"north": { "uv": [ 7.25, 14, 7.75, 14.5 ], "texture": "#texture1" },
				"south": { "uv": [ 8.25, 14, 8.75, 14.5 ], "texture": "#texture1" },
				"west": { "uv": [ 10.5, 14, 13, 14.5 ], "texture": "#texture1" },
				"east": { "uv": [ 3, 14, 5.5, 14.5 ], "texture": "#texture1" }
			}
		},
		{
			"__comment": "D",
			"from": [ 18.75, 6.25, 20.75 ],
			"to": [ 22.75, 10.25, 20.751 ],
			"faces": {
				"north": { "uv": [ 0, 0, 16, 16 ], "texture": "#texture" },
				"south": { "uv": [ 0, 0, 16, 16 ], "texture": "#texture" }
			}
		},
		{
			"__comment": "D1",
			"from": [ 20.75, 6.25, 18.75 ],
			"to": [ 20.751, 10.25, 22.75 ],
			"faces": {
				"west": { "uv": [ 0, 0, 16, 16 ], "texture": "#texture" },
				"east": { "uv": [ 0, 0, 16, 16 ], "texture": "#texture" }
			}
		},
		{
			"__comment": "D2",
			"from": [ 19.25, 6.25, 19.25 ],
			"to": [ 22.25, 6.75, 22.25 ],
			"faces": {
				"down": { "uv": [ 3.25, 9.75, 6.25, 12.75 ], "texture": "#texture1" },
				"up": { "uv": [ 3.25, 3.25, 6.25, 6.25 ], "texture": "#texture1" },
				"north": { "uv": [ 9.75, 9.25, 12.75, 9.75 ], "texture": "#texture1" },
				"south": { "uv": [ 3.25, 9.25, 6.25, 9.75 ], "texture": "#texture1" },
				"west": { "uv": [ 3.25, 9.25, 6.25, 9.75 ], "texture": "#texture1" },
				"east": { "uv": [ 9.75, 9.25, 12.75, 9.75 ], "texture": "#texture1" }
			}
		},
		{
			"__comment": "D3",
			"from": [ 19.25, 9.25, 19.25 ],
			"to": [ 22.25, 9.75, 22.25 ],
			"faces": {
				"down": { "uv": [ 3.25, 9.75, 6.25, 12.75 ], "texture": "#texture1" },
				"up": { "uv": [ 3.25, 3.25, 6.25, 6.25 ], "texture": "#texture1" },
				"north": { "uv": [ 9.75, 6.25, 12.75, 6.75 ], "texture": "#texture1" },
				"south": { "uv": [ 3.25, 6.25, 6.25, 6.75 ], "texture": "#texture1" },
				"west": { "uv": [ 3.25, 6.25, 6.25, 6.75 ], "texture": "#texture1" },
				"east": { "uv": [ 9.75, 6.25, 12.75, 6.75 ], "texture": "#texture1" }
			}
		},
		{
			"__comment": "D4",
			"from": [ 19.75, 8.75, 19.25 ],
			"to": [ 21.75, 9.25, 22.25 ],
			"faces": {
				"down": { "uv": [ 3.75, 9.75, 5.75, 12.75 ], "texture": "#texture1" },
				"up": { "uv": [ 3.75, 3.25, 5.75, 6.25 ], "texture": "#texture1" },
				"north": { "uv": [ 10.25, 6.75, 12.25, 7.25 ], "texture": "#texture1" },
				"south": { "uv": [ 3.75, 6.75, 5.75, 7.25 ], "texture": "#texture1" },
				"west": { "uv": [ 3.25, 6.75, 6.25, 7.25 ], "texture": "#texture1" },
				"east": { "uv": [ 9.75, 6.75, 12.75, 7.25 ], "texture": "#texture1" }
			}
		},
		{
			"__comment": "D5",
			"from": [ 19.75, 6.75, 19.25 ],
			"to": [ 21.75, 7.25, 22.25 ],
			"faces": {
				"down": { "uv": [ 3.75, 9.75, 5.75, 12.75 ], "texture": "#texture1" },
				"up": { "uv": [ 3.75, 3.25, 5.75, 6.25 ], "texture": "#texture1" },
				"north": { "uv": [ 10.25, 8.75, 12.25, 9.25 ], "texture": "#texture1" },
				"south": { "uv": [ 3.75, 8.75, 5.75, 9.25 ], "texture": "#texture1" },
				"west": { "uv": [ 3.25, 8.75, 6.25, 9.25 ], "texture": "#texture1" },
				"east": { "uv": [ 9.75, 8.75, 12.75, 9.25 ], "texture": "#texture1" }
			}
		},
		{
			"__comment": "D6",
			"from": [ 20, 5.25, 20.75 ],
			"to": [ 21.5, 6.75, 22.25 ],
			"rotation": { "origin": [ 20, 5.25, 20.75 ], "axis": "x", "angle": -45 },
			"faces": {
				"down": { "uv": [ 1.5, 8.5, 3, 10 ], "texture": "#texture1" },
				"up": { "uv": [ 1.5, 6, 3, 7.5 ], "texture": "#texture1" },
				"north": { "uv": [ 13, 15, 14.5, 16 ], "texture": "#texture1" },
				"south": { "uv": [ 1.5, 15, 3, 16 ], "texture": "#texture1" },
				"west": { "uv": [ 6, 15, 7.5, 16 ], "texture": "#texture1" },
				"east": { "uv": [ 8.5, 15, 10, 16 ], "texture": "#texture1" }
			}
		},
		{
			"__comment": "D7",
			"from": [ 20, 8.75, 20.75 ],
			"to": [ 21.5, 10.25, 22.25 ],
			"rotation": { "origin": [ 20, 8.75, 20.75 ], "axis": "x", "angle": -45 },
			"faces": {
				"down": { "uv": [ 1.5, 8.5, 3, 10 ], "texture": "#texture1" },
				"up": { "uv": [ 1.5, 6, 3, 7.5 ], "texture": "#texture1" },
				"north": { "uv": [ 13, 15, 14.5, 16 ], "texture": "#texture1" },
				"south": { "uv": [ 1.5, 15, 3, 16 ], "texture": "#texture1" },
				"west": { "uv": [ 6, 15, 7.5, 16 ], "texture": "#texture1" },
				"east": { "uv": [ 8.5, 15, 10, 16 ], "texture": "#texture1" }
			}
		},
		{
			"__comment": "D8",
			"from": [ 17.75, 7.25, 19.25 ],
			"to": [ 18.75, 8.75, 22.25 ],
			"faces": {
				"down": { "uv": [ 1.75, 9.75, 2.75, 12.75 ], "texture": "#texture1" },
				"up": { "uv": [ 1.75, 3.25, 2.75, 6.25 ], "texture": "#texture1" },
				"north": { "uv": [ 13.25, 7.25, 14.25, 8.75 ], "texture": "#texture1" },
				"south": { "uv": [ 1.75, 7.25, 2.75, 8.75 ], "texture": "#texture1" },
				"west": { "uv": [ 3.25, 7.25, 6.25, 8.75 ], "texture": "#texture1" },
				"east": { "uv": [ 9.75, 7.25, 12.75, 8.75 ], "texture": "#texture1" }
			}
		},
		{
			"__comment": "D9",
			"from": [ 22.75, 7.25, 19.25 ],
			"to": [ 23.75, 8.75, 22.25 ],
			"faces": {
				"down": { "uv": [ 6.75, 9.75, 7.75, 12.75 ], "texture": "#texture1" },
				"up": { "uv": [ 6.75, 3.25, 7.75, 6.25 ], "texture": "#texture1" },
				"north": { "uv": [ 8.25, 7.25, 9.25, 8.75 ], "texture": "#texture1" },
				"south": { "uv": [ 6.75, 7.25, 7.75, 8.75 ], "texture": "#texture1" },
				"west": { "uv": [ 3.25, 7.25, 6.25, 8.75 ], "texture": "#texture1" },
				"east": { "uv": [ 9.75, 7.25, 12.75, 8.75 ], "texture": "#texture1" }
			}
		},
		{
			"__comment": "D10",
			"from": [ 16.75, 7.5, 20 ],
			"to": [ 17.75, 8.5, 21.5 ],
			"faces": {
				"down": { "uv": [ 0.75, 10.5, 1.75, 12 ], "texture": "#texture1" },
				"up": { "uv": [ 0.75, 4, 1.75, 5.5 ], "texture": "#texture1" },
				"north": { "uv": [ 14.25, 7.5, 15.25, 8.5 ], "texture": "#texture1" },
				"south": { "uv": [ 0.75, 7.5, 1.75, 8.5 ], "texture": "#texture1" },
				"west": { "uv": [ 4, 7.5, 5.5, 8.5 ], "texture": "#texture1" },
				"east": { "uv": [ 10.5, 7.5, 12, 8.5 ], "texture": "#texture1" }
			}
		},
		{
			"__comment": "D11",
			"from": [ 23.75, 7.5, 20 ],
			"to": [ 24.75, 8.5, 21.5 ],
			"faces": {
				"down": { "uv": [ 7.75, 10.5, 8.75, 12 ], "texture": "#texture1" },
				"up": { "uv": [ 7.75, 4, 8.75, 5.5 ], "texture": "#texture1" },
				"north": { "uv": [ 7.25, 7.5, 8.25, 8.5 ], "texture": "#texture1" },
				"south": { "uv": [ 7.75, 7.5, 8.75, 8.5 ], "texture": "#texture1" },
				"west": { "uv": [ 4, 7.5, 5.5, 8.5 ], "texture": "#texture1" },
				"east": { "uv": [ 10.5, 7.5, 12, 8.5 ], "texture": "#texture1" }
			}
		},
		{
			"__comment": "D12",
			"from": [ 14.25, 7.75, 20.5 ],
			"to": [ 16.75, 8.25, 21 ],
			"faces": {
				"down": { "uv": [ 14.25, 11, 16, 11.5 ], "texture": "#texture1" },
				"up": { "uv": [ 14.25, 4.5, 16, 5 ], "texture": "#texture1" },
				"north": { "uv": [ 0, 7.75, 1.75, 8.25 ], "texture": "#texture1" },
				"south": { "uv": [ 14.25, 7.75, 16, 8.25 ], "texture": "#texture1" },
				"west": { "uv": [ 4.5, 7.75, 5, 8.25 ], "texture": "#texture1" },
				"east": { "uv": [ 11, 7.75, 11.5, 8.25 ], "texture": "#texture1" }
			}
		},
		{
			"__comment": "D13",
			"from": [ 24.75, 7.75, 20.5 ],
			"to": [ 27.25, 8.25, 21 ],
			"faces": {
				"down": { "uv": [ 8.75, 11, 11.25, 11.5 ], "texture": "#texture1" },
				"up": { "uv": [ 8.75, 4.5, 11.25, 5 ], "texture": "#texture1" },
				"north": { "uv": [ 4.75, 7.75, 7.25, 8.25 ], "texture": "#texture1" },
				"south": { "uv": [ 8.75, 7.75, 11.25, 8.25 ], "texture": "#texture1" },
				"west": { "uv": [ 4.5, 7.75, 5, 8.25 ], "texture": "#texture1" },
				"east": { "uv": [ 11, 7.75, 11.5, 8.25 ], "texture": "#texture1" }
			}
		},
		{
			"__comment": "D14",
			"from": [ 19.25, 7.25, 17.75 ],
			"to": [ 22.25, 8.75, 18.75 ],
			"faces": {
				"down": { "uv": [ 3.5, 7, 4.5, 10 ], "texture": "#texture1", "rotation": 270 },
				"up": { "uv": [ 3.5, 6, 4.5, 9 ], "texture": "#texture1", "rotation": 90 },
				"north": { "uv": [ 6, 13.5, 9, 15 ], "texture": "#texture1" },
				"south": { "uv": [ 7, 13.5, 10, 15 ], "texture": "#texture1" },
				"west": { "uv": [ 3.5, 13.5, 4.5, 15 ], "texture": "#texture1" },
				"east": { "uv": [ 11.5, 13.5, 12.5, 15 ], "texture": "#texture1" }
			}
		},
		{
			"__comment": "D15",
			"from": [ 19.25, 7.25, 22.75 ],
			"to": [ 22.25, 8.75, 23.75 ],
			"faces": {
				"down": { "uv": [ 8.5, 7, 9.5, 10 ], "texture": "#texture1", "rotation": 270 },
				"up": { "uv": [ 8.5, 6, 9.5, 9 ], "texture": "#texture1", "rotation": 90 },
				"north": { "uv": [ 6, 13.5, 9, 15 ], "texture": "#texture1" },
				"south": { "uv": [ 7, 13.5, 10, 15 ], "texture": "#texture1" },
				"west": { "uv": [ 8.5, 13.5, 9.5, 15 ], "texture": "#texture1" },
				"east": { "uv": [ 6.5, 13.5, 7.5, 15 ], "texture": "#texture1" }
			}
		},
		{
			"__comment": "D16",
			"from": [ 20, 7.5, 16.75 ],
			"to": [ 21.5, 8.5, 17.75 ],
			"faces": {
				"down": { "uv": [ 2.5, 7.75, 3.5, 9.25 ], "texture": "#texture1", "rotation": 270 },
				"up": { "uv": [ 2.5, 6.75, 3.5, 8.25 ], "texture": "#texture1", "rotation": 90 },
				"north": { "uv": [ 6.75, 13.75, 8.25, 14.75 ], "texture": "#texture1" },
				"south": { "uv": [ 7.75, 13.75, 9.25, 14.75 ], "texture": "#texture1" },
				"west": { "uv": [ 2.5, 13.75, 3.5, 14.75 ], "texture": "#texture1" },
				"east": { "uv": [ 12.5, 13.75, 13.5, 14.75 ], "texture": "#texture1" }
			}
		},
		{
			"__comment": "D17",
			"from": [ 20, 7.5, 23.75 ],
			"to": [ 21.5, 8.5, 24.75 ],
			"faces": {
				"down": { "uv": [ 9.5, 7.75, 10.5, 9.25 ], "texture": "#texture1", "rotation": 270 },
				"up": { "uv": [ 9.5, 6.75, 10.5, 8.25 ], "texture": "#texture1", "rotation": 90 },
				"north": { "uv": [ 6.75, 13.75, 8.25, 14.75 ], "texture": "#texture1" },
				"south": { "uv": [ 7.75, 13.75, 9.25, 14.75 ], "texture": "#texture1" },
				"west": { "uv": [ 9.5, 13.75, 10.5, 14.75 ], "texture": "#texture1" },
				"east": { "uv": [ 5.5, 13.75, 6.5, 14.75 ], "texture": "#texture1" }
			}
		},
		{
			"__comment": "D18",
			"from": [ 20.5, 7.75, 14.25 ],
			"to": [ 21, 8.25, 16.75 ],
			"faces": {
				"down": { "uv": [ 0, 8.25, 2.5, 8.75 ], "texture": "#texture1", "rotation": 270 },
				"up": { "uv": [ 0, 7.25, 2.5, 7.75 ], "texture": "#texture1", "rotation": 90 },
				"north": { "uv": [ 7.25, 14, 7.75, 14.5 ], "texture": "#texture1" },
				"south": { "uv": [ 8.25, 14, 8.75, 14.5 ], "texture": "#texture1" },
				"west": { "uv": [ 0, 14, 2.5, 14.5 ], "texture": "#texture1" },
				"east": { "uv": [ 13.5, 14, 16, 14.5 ], "texture": "#texture1" }
			}
		},
		{
			"__comment": "D19",
			"from": [ 20.5, 7.75, 24.75 ],
			"to": [ 21, 8.25, 27.25 ],
			"faces": {
				"down": { "uv": [ 10.5, 8.25, 13, 8.75 ], "texture": "#texture1", "rotation": 270 },
				"up": { "uv": [ 10.5, 7.25, 13, 7.75 ], "texture": "#texture1", "rotation": 90 },
				"north": { "uv": [ 7.25, 14, 7.75, 14.5 ], "texture": "#texture1" },
				"south": { "uv": [ 8.25, 14, 8.75, 14.5 ], "texture": "#texture1" },
				"west": { "uv": [ 10.5, 14, 13, 14.5 ], "texture": "#texture1" },
				"east": { "uv": [ 3, 14, 5.5, 14.5 ], "texture": "#texture1" }
			}
		},
		{
			"__comment": "E",
			"from": [ 6.25, 6.25, 24.875 ],
			"to": [ 10.25, 10.25, 24.876 ],
			"faces": {
				"north": { "uv": [ 0, 0, 16, 16 ], "texture": "#texture" },
				"south": { "uv": [ 0, 0, 16, 16 ], "texture": "#texture" }
			}
		},
		{
			"__comment": "E1",
			"from": [ 8.25, 6.25, 22.875 ],
			"to": [ 8.251, 10.25, 26.875 ],
			"faces": {
				"west": { "uv": [ 0, 0, 16, 16 ], "texture": "#texture" },
				"east": { "uv": [ 0, 0, 16, 16 ], "texture": "#texture" }
			}
		},
		{
			"__comment": "E2",
			"from": [ 6.75, 6.25, 23.375 ],
			"to": [ 9.75, 6.75, 26.375 ],
			"faces": {
				"down": { "uv": [ 6.75, 5.625, 9.75, 8.625 ], "texture": "#texture1" },
				"up": { "uv": [ 6.75, 7.375, 9.75, 10.375 ], "texture": "#texture1" },
				"north": { "uv": [ 6.25, 9.25, 9.25, 9.75 ], "texture": "#texture1" },
				"south": { "uv": [ 6.75, 9.25, 9.75, 9.75 ], "texture": "#texture1" },
				"west": { "uv": [ 7.375, 9.25, 10.375, 9.75 ], "texture": "#texture1" },
				"east": { "uv": [ 5.625, 9.25, 8.625, 9.75 ], "texture": "#texture1" }
			}
		},
		{
			"__comment": "E3",
			"from": [ 6.75, 9.25, 23.375 ],
			"to": [ 9.75, 9.75, 26.375 ],
			"faces": {
				"down": { "uv": [ 6.75, 5.625, 9.75, 8.625 ], "texture": "#texture1" },
				"up": { "uv": [ 6.75, 7.375, 9.75, 10.375 ], "texture": "#texture1" },
				"north": { "uv": [ 6.25, 6.25, 9.25, 6.75 ], "texture": "#texture1" },
				"south": { "uv": [ 6.75, 6.25, 9.75, 6.75 ], "texture": "#texture1" },
				"west": { "uv": [ 7.375, 6.25, 10.375, 6.75 ], "texture": "#texture1" },
				"east": { "uv": [ 5.625, 6.25, 8.625, 6.75 ], "texture": "#texture1" }
			}
		},
		{
			"__comment": "E4",
			"from": [ 7.25, 8.75, 23.375 ],
			"to": [ 9.25, 9.25, 26.375 ],
			"faces": {
				"down": { "uv": [ 7.25, 5.625, 9.25, 8.625 ], "texture": "#texture1" },
				"up": { "uv": [ 7.25, 7.375, 9.25, 10.375 ], "texture": "#texture1" },
				"north": { "uv": [ 6.75, 6.75, 8.75, 7.25 ], "texture": "#texture1" },
				"south": { "uv": [ 7.25, 6.75, 9.25, 7.25 ], "texture": "#texture1" },
				"west": { "uv": [ 7.375, 6.75, 10.375, 7.25 ], "texture": "#texture1" },
				"east": { "uv": [ 5.625, 6.75, 8.625, 7.25 ], "texture": "#texture1" }
			}
		},
		{
			"__comment": "E5",
			"from": [ 7.25, 6.75, 23.375 ],
			"to": [ 9.25, 7.25, 26.375 ],
			"faces": {
				"down": { "uv": [ 7.25, 5.625, 9.25, 8.625 ], "texture": "#texture1" },
				"up": { "uv": [ 7.25, 7.375, 9.25, 10.375 ], "texture": "#texture1" },
				"north": { "uv": [ 6.75, 8.75, 8.75, 9.25 ], "texture": "#texture1" },
				"south": { "uv": [ 7.25, 8.75, 9.25, 9.25 ], "texture": "#texture1" },
				"west": { "uv": [ 7.375, 8.75, 10.375, 9.25 ], "texture": "#texture1" },
				"east": { "uv": [ 5.625, 8.75, 8.625, 9.25 ], "texture": "#texture1" }
			}
		},
		{
			"__comment": "E6",
			"from": [ 7.5, 5.25, 24.875 ],
			"to": [ 9, 6.75, 26.375 ],
			"rotation": { "origin": [ 7.5, 5.25, 24.875 ], "axis": "x", "angle": -45 },
			"faces": {
				"down": { "uv": [ 1.5, 8.5, 3, 10 ], "texture": "#texture1" },
				"up": { "uv": [ 1.5, 6, 3, 7.5 ], "texture": "#texture1" },
				"north": { "uv": [ 13, 15, 14.5, 16 ], "texture": "#texture1" },
				"south": { "uv": [ 1.5, 15, 3, 16 ], "texture": "#texture1" },
				"west": { "uv": [ 6, 15, 7.5, 16 ], "texture": "#texture1" },
				"east": { "uv": [ 8.5, 15, 10, 16 ], "texture": "#texture1" }
			}
		},
		{
			"__comment": "E7",
			"from": [ 7.5, 8.75, 24.875 ],
			"to": [ 9, 10.25, 26.375 ],
			"rotation": { "origin": [ 7.5, 8.75, 24.875 ], "axis": "x", "angle": -45 },
			"faces": {
				"down": { "uv": [ 1.5, 8.5, 3, 10 ], "texture": "#texture1" },
				"up": { "uv": [ 1.5, 6, 3, 7.5 ], "texture": "#texture1" },
				"north": { "uv": [ 13, 15, 14.5, 16 ], "texture": "#texture1" },
				"south": { "uv": [ 1.5, 15, 3, 16 ], "texture": "#texture1" },
				"west": { "uv": [ 6, 15, 7.5, 16 ], "texture": "#texture1" },
				"east": { "uv": [ 8.5, 15, 10, 16 ], "texture": "#texture1" }
			}
		},
		{
			"__comment": "E8",
			"from": [ 5.25, 7.25, 23.375 ],
			"to": [ 6.25, 8.75, 26.375 ],
			"faces": {
				"down": { "uv": [ 5.25, 5.625, 6.25, 8.625 ], "texture": "#texture1" },
				"up": { "uv": [ 5.25, 7.375, 6.25, 10.375 ], "texture": "#texture1" },
				"north": { "uv": [ 9.75, 7.25, 10.75, 8.75 ], "texture": "#texture1" },
				"south": { "uv": [ 5.25, 7.25, 6.25, 8.75 ], "texture": "#texture1" },
				"west": { "uv": [ 7.375, 7.25, 10.375, 8.75 ], "texture": "#texture1" },
				"east": { "uv": [ 5.625, 7.25, 8.625, 8.75 ], "texture": "#texture1" }
			}
		},
		{
			"__comment": "E9",
			"from": [ 10.25, 7.25, 23.375 ],
			"to": [ 11.25, 8.75, 26.375 ],
			"faces": {
				"down": { "uv": [ 10.25, 5.625, 11.25, 8.625 ], "texture": "#texture1" },
				"up": { "uv": [ 10.25, 7.375, 11.25, 10.375 ], "texture": "#texture1" },
				"north": { "uv": [ 4.75, 7.25, 5.75, 8.75 ], "texture": "#texture1" },
				"south": { "uv": [ 10.25, 7.25, 11.25, 8.75 ], "texture": "#texture1" },
				"west": { "uv": [ 7.375, 7.25, 10.375, 8.75 ], "texture": "#texture1" },
				"east": { "uv": [ 5.625, 7.25, 8.625, 8.75 ], "texture": "#texture1" }
			}
		},
		{
			"__comment": "E10",
			"from": [ 4.25, 7.5, 24.125 ],
			"to": [ 5.25, 8.5, 25.625 ],
			"faces": {
				"down": { "uv": [ 4.25, 6.375, 5.25, 7.875 ], "texture": "#texture1" },
				"up": { "uv": [ 4.25, 8.125, 5.25, 9.625 ], "texture": "#texture1" },
				"north": { "uv": [ 10.75, 7.5, 11.75, 8.5 ], "texture": "#texture1" },
				"south": { "uv": [ 4.25, 7.5, 5.25, 8.5 ], "texture": "#texture1" },
				"west": { "uv": [ 8.125, 7.5, 9.625, 8.5 ], "texture": "#texture1" },
				"east": { "uv": [ 6.375, 7.5, 7.875, 8.5 ], "texture": "#texture1" }
			}
		},
		{
			"__comment": "E11",
			"from": [ 11.25, 7.5, 24.125 ],
			"to": [ 12.25, 8.5, 25.625 ],
			"faces": {
				"down": { "uv": [ 11.25, 6.375, 12.25, 7.875 ], "texture": "#texture1" },
				"up": { "uv": [ 11.25, 8.125, 12.25, 9.625 ], "texture": "#texture1" },
				"north": { "uv": [ 3.75, 7.5, 4.75, 8.5 ], "texture": "#texture1" },
				"south": { "uv": [ 11.25, 7.5, 12.25, 8.5 ], "texture": "#texture1" },
				"west": { "uv": [ 8.125, 7.5, 9.625, 8.5 ], "texture": "#texture1" },
				"east": { "uv": [ 6.375, 7.5, 7.875, 8.5 ], "texture": "#texture1" }
			}
		},
		{
			"__comment": "E12",
			"from": [ 1.75, 7.75, 24.625 ],
			"to": [ 4.25, 8.25, 25.125 ],
			"faces": {
				"down": { "uv": [ 1.75, 6.875, 4.25, 7.375 ], "texture": "#texture1" },
				"up": { "uv": [ 1.75, 8.625, 4.25, 9.125 ], "texture": "#texture1" },
				"north": { "uv": [ 11.75, 7.75, 14.25, 8.25 ], "texture": "#texture1" },
				"south": { "uv": [ 1.75, 7.75, 4.25, 8.25 ], "texture": "#texture1" },
				"west": { "uv": [ 8.625, 7.75, 9.125, 8.25 ], "texture": "#texture1" },
				"east": { "uv": [ 6.875, 7.75, 7.375, 8.25 ], "texture": "#texture1" }
			}
		},
		{
			"__comment": "E13",
			"from": [ 12.25, 7.75, 24.625 ],
			"to": [ 14.75, 8.25, 25.125 ],
			"faces": {
				"down": { "uv": [ 12.25, 6.875, 14.75, 7.375 ], "texture": "#texture1" },
				"up": { "uv": [ 12.25, 8.625, 14.75, 9.125 ], "texture": "#texture1" },
				"north": { "uv": [ 1.25, 7.75, 3.75, 8.25 ], "texture": "#texture1" },
				"south": { "uv": [ 12.25, 7.75, 14.75, 8.25 ], "texture": "#texture1" },
				"west": { "uv": [ 8.625, 7.75, 9.125, 8.25 ], "texture": "#texture1" },
				"east": { "uv": [ 6.875, 7.75, 7.375, 8.25 ], "texture": "#texture1" }
			}
		},
		{
			"__comment": "E14",
			"from": [ 6.75, 7.25, 21.875 ],
			"to": [ 9.75, 8.75, 22.875 ],
			"faces": {
				"down": { "uv": [ 3.5, 7, 4.5, 10 ], "texture": "#texture1", "rotation": 270 },
				"up": { "uv": [ 3.5, 6, 4.5, 9 ], "texture": "#texture1", "rotation": 90 },
				"north": { "uv": [ 6, 13.5, 9, 15 ], "texture": "#texture1" },
				"south": { "uv": [ 7, 13.5, 10, 15 ], "texture": "#texture1" },
				"west": { "uv": [ 3.5, 13.5, 4.5, 15 ], "texture": "#texture1" },
				"east": { "uv": [ 11.5, 13.5, 12.5, 15 ], "texture": "#texture1" }
			}
		},
		{
			"__comment": "E15",
			"from": [ 6.75, 7.25, 26.875 ],
			"to": [ 9.75, 8.75, 27.875 ],
			"faces": {
				"down": { "uv": [ 8.5, 7, 9.5, 10 ], "texture": "#texture1", "rotation": 270 },
				"up": { "uv": [ 8.5, 6, 9.5, 9 ], "texture": "#texture1", "rotation": 90 },
				"north": { "uv": [ 6, 13.5, 9, 15 ], "texture": "#texture1" },
				"south": { "uv": [ 7, 13.5, 10, 15 ], "texture": "#texture1" },
				"west": { "uv": [ 8.5, 13.5, 9.5, 15 ], "texture": "#texture1" },
				"east": { "uv": [ 6.5, 13.5, 7.5, 15 ], "texture": "#texture1" }
			}
		},
		{
			"__comment": "E16",
			"from": [ 7.5, 7.5, 20.875 ],
			"to": [ 9, 8.5, 21.875 ],
			"faces": {
				"down": { "uv": [ 2.5, 7.75, 3.5, 9.25 ], "texture": "#texture1", "rotation": 270 },
				"up": { "uv": [ 2.5, 6.75, 3.5, 8.25 ], "texture": "#texture1", "rotation": 90 },
				"north": { "uv": [ 6.75, 13.75, 8.25, 14.75 ], "texture": "#texture1" },
				"south": { "uv": [ 7.75, 13.75, 9.25, 14.75 ], "texture": "#texture1" },
				"west": { "uv": [ 2.5, 13.75, 3.5, 14.75 ], "texture": "#texture1" },
				"east": { "uv": [ 12.5, 13.75, 13.5, 14.75 ], "texture": "#texture1" }
			}
		},
		{
			"__comment": "E17",
			"from": [ 7.5, 7.5, 27.875 ],
			"to": [ 9, 8.5, 28.875 ],
			"faces": {
				"down": { "uv": [ 9.5, 7.75, 10.5, 9.25 ], "texture": "#texture1", "rotation": 270 },
				"up": { "uv": [ 9.5, 6.75, 10.5, 8.25 ], "texture": "#texture1", "rotation": 90 },
				"north": { "uv": [ 6.75, 13.75, 8.25, 14.75 ], "texture": "#texture1" },
				"south": { "uv": [ 7.75, 13.75, 9.25, 14.75 ], "texture": "#texture1" },
				"west": { "uv": [ 9.5, 13.75, 10.5, 14.75 ], "texture": "#texture1" },
				"east": { "uv": [ 5.5, 13.75, 6.5, 14.75 ], "texture": "#texture1" }
			}
		},
		{
			"__comment": "E18",
			"from": [ 8, 7.75, 18.375 ],
			"to": [ 8.5, 8.25, 20.875 ],
			"faces": {
				"down": { "uv": [ 0, 8.25, 2.5, 8.75 ], "texture": "#texture1", "rotation": 270 },
				"up": { "uv": [ 0, 7.25, 2.5, 7.75 ], "texture": "#texture1", "rotation": 90 },
				"north": { "uv": [ 7.25, 14, 7.75, 14.5 ], "texture": "#texture1" },
				"south": { "uv": [ 8.25, 14, 8.75, 14.5 ], "texture": "#texture1" },
				"west": { "uv": [ 0, 14, 2.5, 14.5 ], "texture": "#texture1" },
				"east": { "uv": [ 13.5, 14, 16, 14.5 ], "texture": "#texture1" }
			}
		},
		{
			"__comment": "E19",
			"from": [ 8, 7.75, 28.875 ],
			"to": [ 8.5, 8.25, 31.375 ],
			"faces": {
				"down": { "uv": [ 10.5, 8.25, 13, 8.75 ], "texture": "#texture1", "rotation": 270 },
				"up": { "uv": [ 10.5, 7.25, 13, 7.75 ], "texture": "#texture1", "rotation": 90 },
				"north": { "uv": [ 7.25, 14, 7.75, 14.5 ], "texture": "#texture1" },
				"south": { "uv": [ 8.25, 14, 8.75, 14.5 ], "texture": "#texture1" },
				"west": { "uv": [ 10.5, 14, 13, 14.5 ], "texture": "#texture1" },
				"east": { "uv": [ 3, 14, 5.5, 14.5 ], "texture": "#texture1" }
			}
		},
		{
			"__comment": "F",
			"from": [ 6.5, 6.25, -8.625 ],
			"to": [ 10.5, 10.25, -8.624 ],
			"faces": {
				"north": { "uv": [ 0, 0, 16, 16 ], "texture": "#texture" },
				"south": { "uv": [ 0, 0, 16, 16 ], "texture": "#texture" }
			}
		},
		{
			"__comment": "F1",
			"from": [ 8.5, 6.25, -10.625 ],
			"to": [ 8.501, 10.25, -6.625 ],
			"faces": {
				"west": { "uv": [ 0, 0, 16, 16 ], "texture": "#texture" },
				"east": { "uv": [ 0, 0, 16, 16 ], "texture": "#texture" }
			}
		},
		{
			"__comment": "F2",
			"from": [ 7, 6.25, -10.125 ],
			"to": [ 10, 6.75, -7.125 ],
			"faces": {
				"down": { "uv": [ 7, 7.125, 10, 10.125 ], "texture": "#texture1" },
				"up": { "uv": [ 7, 5.875, 10, 8.875 ], "texture": "#texture1" },
				"north": { "uv": [ 6, 9.25, 9, 9.75 ], "texture": "#texture1" },
				"south": { "uv": [ 7, 9.25, 10, 9.75 ], "texture": "#texture1" },
				"west": { "uv": [ 5.875, 9.25, 8.875, 9.75 ], "texture": "#texture1" },
				"east": { "uv": [ 7.125, 9.25, 10.125, 9.75 ], "texture": "#texture1" }
			}
		},
		{
			"__comment": "F3",
			"from": [ 7, 9.25, -10.125 ],
			"to": [ 10, 9.75, -7.125 ],
			"faces": {
				"down": { "uv": [ 7, 7.125, 10, 10.125 ], "texture": "#texture1" },
				"up": { "uv": [ 7, 5.875, 10, 8.875 ], "texture": "#texture1" },
				"north": { "uv": [ 6, 6.25, 9, 6.75 ], "texture": "#texture1" },
				"south": { "uv": [ 7, 6.25, 10, 6.75 ], "texture": "#texture1" },
				"west": { "uv": [ 5.875, 6.25, 8.875, 6.75 ], "texture": "#texture1" },
				"east": { "uv": [ 7.125, 6.25, 10.125, 6.75 ], "texture": "#texture1" }
			}
		},
		{
			"__comment": "F4",
			"from": [ 7.5, 8.75, -10.125 ],
			"to": [ 9.5, 9.25, -7.125 ],
			"faces": {
				"down": { "uv": [ 7.5, 7.125, 9.5, 10.125 ], "texture": "#texture1" },
				"up": { "uv": [ 7.5, 5.875, 9.5, 8.875 ], "texture": "#texture1" },
				"north": { "uv": [ 6.5, 6.75, 8.5, 7.25 ], "texture": "#texture1" },
				"south": { "uv": [ 7.5, 6.75, 9.5, 7.25 ], "texture": "#texture1" },
				"west": { "uv": [ 5.875, 6.75, 8.875, 7.25 ], "texture": "#texture1" },
				"east": { "uv": [ 7.125, 6.75, 10.125, 7.25 ], "texture": "#texture1" }
			}
		},
		{
			"__comment": "F5",
			"from": [ 7.5, 6.75, -10.125 ],
			"to": [ 9.5, 7.25, -7.125 ],
			"faces": {
				"down": { "uv": [ 7.5, 7.125, 9.5, 10.125 ], "texture": "#texture1" },
				"up": { "uv": [ 7.5, 5.875, 9.5, 8.875 ], "texture": "#texture1" },
				"north": { "uv": [ 6.5, 8.75, 8.5, 9.25 ], "texture": "#texture1" },
				"south": { "uv": [ 7.5, 8.75, 9.5, 9.25 ], "texture": "#texture1" },
				"west": { "uv": [ 5.875, 8.75, 8.875, 9.25 ], "texture": "#texture1" },
				"east": { "uv": [ 7.125, 8.75, 10.125, 9.25 ], "texture": "#texture1" }
			}
		},
		{
			"__comment": "F6",
			"from": [ 7.75, 5.25, -8.625 ],
			"to": [ 9.25, 6.75, -7.125 ],
			"rotation": { "origin": [ 7.75, 5.25, -8.625 ], "axis": "x", "angle": -45 },
			"faces": {
				"down": { "uv": [ 1.5, 8.5, 3, 10 ], "texture": "#texture1" },
				"up": { "uv": [ 1.5, 6, 3, 7.5 ], "texture": "#texture1" },
				"north": { "uv": [ 13, 15, 14.5, 16 ], "texture": "#texture1" },
				"south": { "uv": [ 1.5, 15, 3, 16 ], "texture": "#texture1" },
				"west": { "uv": [ 6, 15, 7.5, 16 ], "texture": "#texture1" },
				"east": { "uv": [ 8.5, 15, 10, 16 ], "texture": "#texture1" }
			}
		},
		{
			"__comment": "F7",
			"from": [ 7.75, 8.75, -8.625 ],
			"to": [ 9.25, 10.25, -7.125 ],
			"rotation": { "origin": [ 7.75, 8.75, -8.625 ], "axis": "x", "angle": -45 },
			"faces": {
				"down": { "uv": [ 1.5, 8.5, 3, 10 ], "texture": "#texture1" },
				"up": { "uv": [ 1.5, 6, 3, 7.5 ], "texture": "#texture1" },
				"north": { "uv": [ 13, 15, 14.5, 16 ], "texture": "#texture1" },
				"south": { "uv": [ 1.5, 15, 3, 16 ], "texture": "#texture1" },
				"west": { "uv": [ 6, 15, 7.5, 16 ], "texture": "#texture1" },
				"east": { "uv": [ 8.5, 15, 10, 16 ], "texture": "#texture1" }
			}
		},
		{
			"__comment": "F8",
			"from": [ 5.5, 7.25, -10.125 ],
			"to": [ 6.5, 8.75, -7.125 ],
			"faces": {
				"down": { "uv": [ 5.5, 7.125, 6.5, 10.125 ], "texture": "#texture1" },
				"up": { "uv": [ 5.5, 5.875, 6.5, 8.875 ], "texture": "#texture1" },
				"north": { "uv": [ 9.5, 7.25, 10.5, 8.75 ], "texture": "#texture1" },
				"south": { "uv": [ 5.5, 7.25, 6.5, 8.75 ], "texture": "#texture1" },
				"west": { "uv": [ 5.875, 7.25, 8.875, 8.75 ], "texture": "#texture1" },
				"east": { "uv": [ 7.125, 7.25, 10.125, 8.75 ], "texture": "#texture1" }
			}
		},
		{
			"__comment": "F9",
			"from": [ 10.5, 7.25, -10.125 ],
			"to": [ 11.5, 8.75, -7.125 ],
			"faces": {
				"down": { "uv": [ 10.5, 7.125, 11.5, 10.125 ], "texture": "#texture1" },
				"up": { "uv": [ 10.5, 5.875, 11.5, 8.875 ], "texture": "#texture1" },
				"north": { "uv": [ 4.5, 7.25, 5.5, 8.75 ], "texture": "#texture1" },
				"south": { "uv": [ 10.5, 7.25, 11.5, 8.75 ], "texture": "#texture1" },
				"west": { "uv": [ 5.875, 7.25, 8.875, 8.75 ], "texture": "#texture1" },
				"east": { "uv": [ 7.125, 7.25, 10.125, 8.75 ], "texture": "#texture1" }
			}
		},
		{
			"__comment": "F10",
			"from": [ 4.5, 7.5, -9.375 ],
			"to": [ 5.5, 8.5, -7.875 ],
			"faces": {
				"down": { "uv": [ 4.5, 7.875, 5.5, 9.375 ], "texture": "#texture1" },
				"up": { "uv": [ 4.5, 6.625, 5.5, 8.125 ], "texture": "#texture1" },
				"north": { "uv": [ 10.5, 7.5, 11.5, 8.5 ], "texture": "#texture1" },
				"south": { "uv": [ 4.5, 7.5, 5.5, 8.5 ], "texture": "#texture1" },
				"west": { "uv": [ 6.625, 7.5, 8.125, 8.5 ], "texture": "#texture1" },
				"east": { "uv": [ 7.875, 7.5, 9.375, 8.5 ], "texture": "#texture1" }
			}
		},
		{
			"__comment": "F11",
			"from": [ 11.5, 7.5, -9.375 ],
			"to": [ 12.5, 8.5, -7.875 ],
			"faces": {
				"down": { "uv": [ 11.5, 7.875, 12.5, 9.375 ], "texture": "#texture1" },
				"up": { "uv": [ 11.5, 6.625, 12.5, 8.125 ], "texture": "#texture1" },
				"north": { "uv": [ 3.5, 7.5, 4.5, 8.5 ], "texture": "#texture1" },
				"south": { "uv": [ 11.5, 7.5, 12.5, 8.5 ], "texture": "#texture1" },
				"west": { "uv": [ 6.625, 7.5, 8.125, 8.5 ], "texture": "#texture1" },
				"east": { "uv": [ 7.875, 7.5, 9.375, 8.5 ], "texture": "#texture1" }
			}
		},
		{
			"__comment": "F12",
			"from": [ 2, 7.75, -8.875 ],
			"to": [ 4.5, 8.25, -8.375 ],
			"faces": {
				"down": { "uv": [ 2, 8.375, 4.5, 8.875 ], "texture": "#texture1" },
				"up": { "uv": [ 2, 7.125, 4.5, 7.625 ], "texture": "#texture1" },
				"north": { "uv": [ 11.5, 7.75, 14, 8.25 ], "texture": "#texture1" },
				"south": { "uv": [ 2, 7.75, 4.5, 8.25 ], "texture": "#texture1" },
				"west": { "uv": [ 7.125, 7.75, 7.625, 8.25 ], "texture": "#texture1" },
				"east": { "uv": [ 8.375, 7.75, 8.875, 8.25 ], "texture": "#texture1" }
			}
		},
		{
			"__comment": "F13",
			"from": [ 12.5, 7.75, -8.875 ],
			"to": [ 15, 8.25, -8.375 ],
			"faces": {
				"down": { "uv": [ 12.5, 8.375, 15, 8.875 ], "texture": "#texture1" },
				"up": { "uv": [ 12.5, 7.125, 15, 7.625 ], "texture": "#texture1" },
				"north": { "uv": [ 1, 7.75, 3.5, 8.25 ], "texture": "#texture1" },
				"south": { "uv": [ 12.5, 7.75, 15, 8.25 ], "texture": "#texture1" },
				"west": { "uv": [ 7.125, 7.75, 7.625, 8.25 ], "texture": "#texture1" },
				"east": { "uv": [ 8.375, 7.75, 8.875, 8.25 ], "texture": "#texture1" }
			}
		},
		{
			"__comment": "F14",
			"from": [ 7, 7.25, -11.625 ],
			"to": [ 10, 8.75, -10.625 ],
			"faces": {
				"down": { "uv": [ 3.5, 7, 4.5, 10 ], "texture": "#texture1", "rotation": 270 },
				"up": { "uv": [ 3.5, 6, 4.5, 9 ], "texture": "#texture1", "rotation": 90 },
				"north": { "uv": [ 6, 13.5, 9, 15 ], "texture": "#texture1" },
				"south": { "uv": [ 7, 13.5, 10, 15 ], "texture": "#texture1" },
				"west": { "uv": [ 3.5, 13.5, 4.5, 15 ], "texture": "#texture1" },
				"east": { "uv": [ 11.5, 13.5, 12.5, 15 ], "texture": "#texture1" }
			}
		},
		{
			"__comment": "F15",
			"from": [ 7, 7.25, -6.625 ],
			"to": [ 10, 8.75, -5.625 ],
			"faces": {
				"down": { "uv": [ 8.5, 7, 9.5, 10 ], "texture": "#texture1", "rotation": 270 },
				"up": { "uv": [ 8.5, 6, 9.5, 9 ], "texture": "#texture1", "rotation": 90 },
				"north": { "uv": [ 6, 13.5, 9, 15 ], "texture": "#texture1" },
				"south": { "uv": [ 7, 13.5, 10, 15 ], "texture": "#texture1" },
				"west": { "uv": [ 8.5, 13.5, 9.5, 15 ], "texture": "#texture1" },
				"east": { "uv": [ 6.5, 13.5, 7.5, 15 ], "texture": "#texture1" }
			}
		},
		{
			"__comment": "F16",
			"from": [ 7.75, 7.5, -12.625 ],
			"to": [ 9.25, 8.5, -11.625 ],
			"faces": {
				"down": { "uv": [ 2.5, 7.75, 3.5, 9.25 ], "texture": "#texture1", "rotation": 270 },
				"up": { "uv": [ 2.5, 6.75, 3.5, 8.25 ], "texture": "#texture1", "rotation": 90 },
				"north": { "uv": [ 6.75, 13.75, 8.25, 14.75 ], "texture": "#texture1" },
				"south": { "uv": [ 7.75, 13.75, 9.25, 14.75 ], "texture": "#texture1" },
				"west": { "uv": [ 2.5, 13.75, 3.5, 14.75 ], "texture": "#texture1" },
				"east": { "uv": [ 12.5, 13.75, 13.5, 14.75 ], "texture": "#texture1" }
			}
		},
		{
			"__comment": "F17",
			"from": [ 7.75, 7.5, -5.625 ],
			"to": [ 9.25, 8.5, -4.625 ],
			"faces": {
				"down": { "uv": [ 9.5, 7.75, 10.5, 9.25 ], "texture": "#texture1", "rotation": 270 },
				"up": { "uv": [ 9.5, 6.75, 10.5, 8.25 ], "texture": "#texture1", "rotation": 90 },
				"north": { "uv": [ 6.75, 13.75, 8.25, 14.75 ], "texture": "#texture1" },
				"south": { "uv": [ 7.75, 13.75, 9.25, 14.75 ], "texture": "#texture1" },
				"west": { "uv": [ 9.5, 13.75, 10.5, 14.75 ], "texture": "#texture1" },
				"east": { "uv": [ 5.5, 13.75, 6.5, 14.75 ], "texture": "#texture1" }
			}
		},
		{
			"__comment": "F18",
			"from": [ 8.25, 7.75, -15.125 ],
			"to": [ 8.75, 8.25, -12.625 ],
			"faces": {
				"down": { "uv": [ 0, 8.25, 2.5, 8.75 ], "texture": "#texture1", "rotation": 270 },
				"up": { "uv": [ 0, 7.25, 2.5, 7.75 ], "texture": "#texture1", "rotation": 90 },
				"north": { "uv": [ 7.25, 14, 7.75, 14.5 ], "texture": "#texture1" },
				"south": { "uv": [ 8.25, 14, 8.75, 14.5 ], "texture": "#texture1" },
				"west": { "uv": [ 0, 14, 2.5, 14.5 ], "texture": "#texture1" },
				"east": { "uv": [ 13.5, 14, 16, 14.5 ], "texture": "#texture1" }
			}
		},
		{
			"__comment": "F19",
			"from": [ 8.25, 7.75, -4.625 ],
			"to": [ 8.75, 8.25, -2.125 ],
			"faces": {
				"down": { "uv": [ 10.5, 8.25, 13, 8.75 ], "texture": "#texture1", "rotation": 270 },
				"up": { "uv": [ 10.5, 7.25, 13, 7.75 ], "texture": "#texture1", "rotation": 90 },
				"north": { "uv": [ 7.25, 14, 7.75, 14.5 ], "texture": "#texture1" },
				"south": { "uv": [ 8.25, 14, 8.75, 14.5 ], "texture": "#texture1" },
				"west": { "uv": [ 10.5, 14, 13, 14.5 ], "texture": "#texture1" },
				"east": { "uv": [ 3, 14, 5.5, 14.5 ], "texture": "#texture1" }
			}
		},
		{
			"__comment": "G",
			"from": [ -10.625, 6.25, 7.875 ],
			"to": [ -6.625, 10.25, 7.876 ],
			"faces": {
				"north": { "uv": [ 0, 0, 16, 16 ], "texture": "#texture" },
				"south": { "uv": [ 0, 0, 16, 16 ], "texture": "#texture" }
			}
		},
		{
			"__comment": "G1",
			"from": [ -8.625, 6.25, 5.875 ],
			"to": [ -8.624, 10.25, 9.875 ],
			"faces": {
				"west": { "uv": [ 0, 0, 16, 16 ], "texture": "#texture" },
				"east": { "uv": [ 0, 0, 16, 16 ], "texture": "#texture" }
			}
		},
		{
			"__comment": "G2",
			"from": [ -10.125, 6.25, 6.375 ],
			"to": [ -7.125, 6.75, 9.375 ],
			"faces": {
				"down": { "uv": [ 5.875, 6.625, 8.875, 9.625 ], "texture": "#texture1" },
				"up": { "uv": [ 5.875, 6.375, 8.875, 9.375 ], "texture": "#texture1" },
				"north": { "uv": [ 7.125, 9.25, 10.125, 9.75 ], "texture": "#texture1" },
				"south": { "uv": [ 5.875, 9.25, 8.875, 9.75 ], "texture": "#texture1" },
				"west": { "uv": [ 6.375, 9.25, 9.375, 9.75 ], "texture": "#texture1" },
				"east": { "uv": [ 6.625, 9.25, 9.625, 9.75 ], "texture": "#texture1" }
			}
		},
		{
			"__comment": "G3",
			"from": [ -10.125, 9.25, 6.375 ],
			"to": [ -7.125, 9.75, 9.375 ],
			"faces": {
				"down": { "uv": [ 5.875, 6.625, 8.875, 9.625 ], "texture": "#texture1" },
				"up": { "uv": [ 5.875, 6.375, 8.875, 9.375 ], "texture": "#texture1" },
				"north": { "uv": [ 7.125, 6.25, 10.125, 6.75 ], "texture": "#texture1" },
				"south": { "uv": [ 5.875, 6.25, 8.875, 6.75 ], "texture": "#texture1" },
				"west": { "uv": [ 6.375, 6.25, 9.375, 6.75 ], "texture": "#texture1" },
				"east": { "uv": [ 6.625, 6.25, 9.625, 6.75 ], "texture": "#texture1" }
			}
		},
		{
			"__comment": "G4",
			"from": [ -9.625, 8.75, 6.375 ],
			"to": [ -7.625, 9.25, 9.375 ],
			"faces": {
				"down": { "uv": [ 6.375, 6.625, 8.375, 9.625 ], "texture": "#texture1" },
				"up": { "uv": [ 6.375, 6.375, 8.375, 9.375 ], "texture": "#texture1" },
				"north": { "uv": [ 7.625, 6.75, 9.625, 7.25 ], "texture": "#texture1" },
				"south": { "uv": [ 6.375, 6.75, 8.375, 7.25 ], "texture": "#texture1" },
				"west": { "uv": [ 6.375, 6.75, 9.375, 7.25 ], "texture": "#texture1" },
				"east": { "uv": [ 6.625, 6.75, 9.625, 7.25 ], "texture": "#texture1" }
			}
		},
		{
			"__comment": "G5",
			"from": [ -9.625, 6.75, 6.375 ],
			"to": [ -7.625, 7.25, 9.375 ],
			"faces": {
				"down": { "uv": [ 6.375, 6.625, 8.375, 9.625 ], "texture": "#texture1" },
				"up": { "uv": [ 6.375, 6.375, 8.375, 9.375 ], "texture": "#texture1" },
				"north": { "uv": [ 7.625, 8.75, 9.625, 9.25 ], "texture": "#texture1" },
				"south": { "uv": [ 6.375, 8.75, 8.375, 9.25 ], "texture": "#texture1" },
				"west": { "uv": [ 6.375, 8.75, 9.375, 9.25 ], "texture": "#texture1" },
				"east": { "uv": [ 6.625, 8.75, 9.625, 9.25 ], "texture": "#texture1" }
			}
		},
		{
			"__comment": "G6",
			"from": [ -9.375, 5.25, 7.875 ],
			"to": [ -7.875, 6.75, 9.375 ],
			"rotation": { "origin": [ -9.375, 5.25, 7.875 ], "axis": "x", "angle": -45 },
			"faces": {
				"down": { "uv": [ 1.5, 8.5, 3, 10 ], "texture": "#texture1" },
				"up": { "uv": [ 1.5, 6, 3, 7.5 ], "texture": "#texture1" },
				"north": { "uv": [ 13, 15, 14.5, 16 ], "texture": "#texture1" },
				"south": { "uv": [ 1.5, 15, 3, 16 ], "texture": "#texture1" },
				"west": { "uv": [ 6, 15, 7.5, 16 ], "texture": "#texture1" },
				"east": { "uv": [ 8.5, 15, 10, 16 ], "texture": "#texture1" }
			}
		},
		{
			"__comment": "G7",
			"from": [ -9.375, 8.75, 7.875 ],
			"to": [ -7.875, 10.25, 9.375 ],
			"rotation": { "origin": [ -9.375, 8.75, 7.875 ], "axis": "x", "angle": -45 },
			"faces": {
				"down": { "uv": [ 1.5, 8.5, 3, 10 ], "texture": "#texture1" },
				"up": { "uv": [ 1.5, 6, 3, 7.5 ], "texture": "#texture1" },
				"north": { "uv": [ 13, 15, 14.5, 16 ], "texture": "#texture1" },
				"south": { "uv": [ 1.5, 15, 3, 16 ], "texture": "#texture1" },
				"west": { "uv": [ 6, 15, 7.5, 16 ], "texture": "#texture1" },
				"east": { "uv": [ 8.5, 15, 10, 16 ], "texture": "#texture1" }
			}
		},
		{
			"__comment": "G8",
			"from": [ -11.625, 7.25, 6.375 ],
			"to": [ -10.625, 8.75, 9.375 ],
			"faces": {
				"down": { "uv": [ 4.375, 6.625, 5.375, 9.625 ], "texture": "#texture1" },
				"up": { "uv": [ 4.375, 6.375, 5.375, 9.375 ], "texture": "#texture1" },
				"north": { "uv": [ 10.625, 7.25, 11.625, 8.75 ], "texture": "#texture1" },
				"south": { "uv": [ 4.375, 7.25, 5.375, 8.75 ], "texture": "#texture1" },
				"west": { "uv": [ 6.375, 7.25, 9.375, 8.75 ], "texture": "#texture1" },
				"east": { "uv": [ 6.625, 7.25, 9.625, 8.75 ], "texture": "#texture1" }
			}
		},
		{
			"__comment": "G9",
			"from": [ -6.625, 7.25, 6.375 ],
			"to": [ -5.625, 8.75, 9.375 ],
			"faces": {
				"down": { "uv": [ 9.375, 6.625, 10.375, 9.625 ], "texture": "#texture1" },
				"up": { "uv": [ 9.375, 6.375, 10.375, 9.375 ], "texture": "#texture1" },
				"north": { "uv": [ 5.625, 7.25, 6.625, 8.75 ], "texture": "#texture1" },
				"south": { "uv": [ 9.375, 7.25, 10.375, 8.75 ], "texture": "#texture1" },
				"west": { "uv": [ 6.375, 7.25, 9.375, 8.75 ], "texture": "#texture1" },
				"east": { "uv": [ 6.625, 7.25, 9.625, 8.75 ], "texture": "#texture1" }
			}
		},
		{
			"__comment": "G10",
			"from": [ -12.625, 7.5, 7.125 ],
			"to": [ -11.625, 8.5, 8.625 ],
			"faces": {
				"down": { "uv": [ 3.375, 7.375, 4.375, 8.875 ], "texture": "#texture1" },
				"up": { "uv": [ 3.375, 7.125, 4.375, 8.625 ], "texture": "#texture1" },
				"north": { "uv": [ 11.625, 7.5, 12.625, 8.5 ], "texture": "#texture1" },
				"south": { "uv": [ 3.375, 7.5, 4.375, 8.5 ], "texture": "#texture1" },
				"west": { "uv": [ 7.125, 7.5, 8.625, 8.5 ], "texture": "#texture1" },
				"east": { "uv": [ 7.375, 7.5, 8.875, 8.5 ], "texture": "#texture1" }
			}
		},
		{
			"__comment": "G11",
			"from": [ -5.625, 7.5, 7.125 ],
			"to": [ -4.625, 8.5, 8.625 ],
			"faces": {
				"down": { "uv": [ 10.375, 7.375, 11.375, 8.875 ], "texture": "#texture1" },
				"up": { "uv": [ 10.375, 7.125, 11.375, 8.625 ], "texture": "#texture1" },
				"north": { "uv": [ 4.625, 7.5, 5.625, 8.5 ], "texture": "#texture1" },
				"south": { "uv": [ 10.375, 7.5, 11.375, 8.5 ], "texture": "#texture1" },
				"west": { "uv": [ 7.125, 7.5, 8.625, 8.5 ], "texture": "#texture1" },
				"east": { "uv": [ 7.375, 7.5, 8.875, 8.5 ], "texture": "#texture1" }
			}
		},
		{
			"__comment": "G12",
			"from": [ -15.125, 7.75, 7.625 ],
			"to": [ -12.625, 8.25, 8.125 ],
			"faces": {
				"down": { "uv": [ 0.875, 7.875, 3.375, 8.375 ], "texture": "#texture1" },
				"up": { "uv": [ 0.875, 7.625, 3.375, 8.125 ], "texture": "#texture1" },
				"north": { "uv": [ 12.625, 7.75, 15.125, 8.25 ], "texture": "#texture1" },
				"south": { "uv": [ 0.875, 7.75, 3.375, 8.25 ], "texture": "#texture1" },
				"west": { "uv": [ 7.625, 7.75, 8.125, 8.25 ], "texture": "#texture1" },
				"east": { "uv": [ 7.875, 7.75, 8.375, 8.25 ], "texture": "#texture1" }
			}
		},
		{
			"__comment": "G13",
			"from": [ -4.625, 7.75, 7.625 ],
			"to": [ -2.125, 8.25, 8.125 ],
			"faces": {
				"down": { "uv": [ 11.375, 7.875, 13.875, 8.375 ], "texture": "#texture1" },
				"up": { "uv": [ 11.375, 7.625, 13.875, 8.125 ], "texture": "#texture1" },
				"north": { "uv": [ 2.125, 7.75, 4.625, 8.25 ], "texture": "#texture1" },
				"south": { "uv": [ 11.375, 7.75, 13.875, 8.25 ], "texture": "#texture1" },
				"west": { "uv": [ 7.625, 7.75, 8.125, 8.25 ], "texture": "#texture1" },
				"east": { "uv": [ 7.875, 7.75, 8.375, 8.25 ], "texture": "#texture1" }
			}
		},
		{
			"__comment": "G14",
			"from": [ -10.125, 7.25, 4.875 ],
			"to": [ -7.125, 8.75, 5.875 ],
			"faces": {
				"down": { "uv": [ 3.5, 7, 4.5, 10 ], "texture": "#texture1", "rotation": 270 },
				"up": { "uv": [ 3.5, 6, 4.5, 9 ], "texture": "#texture1", "rotation": 90 },
				"north": { "uv": [ 6, 13.5, 9, 15 ], "texture": "#texture1" },
				"south": { "uv": [ 7, 13.5, 10, 15 ], "texture": "#texture1" },
				"west": { "uv": [ 3.5, 13.5, 4.5, 15 ], "texture": "#texture1" },
				"east": { "uv": [ 11.5, 13.5, 12.5, 15 ], "texture": "#texture1" }
			}
		},
		{
			"__comment": "G15",
			"from": [ -10.125, 7.25, 9.875 ],
			"to": [ -7.125, 8.75, 10.875 ],
			"faces": {
				"down": { "uv": [ 8.5, 7, 9.5, 10 ], "texture": "#texture1", "rotation": 270 },
				"up": { "uv": [ 8.5, 6, 9.5, 9 ], "texture": "#texture1", "rotation": 90 },
				"north": { "uv": [ 6, 13.5, 9, 15 ], "texture": "#texture1" },
				"south": { "uv": [ 7, 13.5, 10, 15 ], "texture": "#texture1" },
				"west": { "uv": [ 8.5, 13.5, 9.5, 15 ], "texture": "#texture1" },
				"east": { "uv": [ 6.5, 13.5, 7.5, 15 ], "texture": "#texture1" }
			}
		},
		{
			"__comment": "G16",
			"from": [ -9.375, 7.5, 3.875 ],
			"to": [ -7.875, 8.5, 4.875 ],
			"faces": {
				"down": { "uv": [ 2.5, 7.75, 3.5, 9.25 ], "texture": "#texture1", "rotation": 270 },
				"up": { "uv": [ 2.5, 6.75, 3.5, 8.25 ], "texture": "#texture1", "rotation": 90 },
				"north": { "uv": [ 6.75, 13.75, 8.25, 14.75 ], "texture": "#texture1" },
				"south": { "uv": [ 7.75, 13.75, 9.25, 14.75 ], "texture": "#texture1" },
				"west": { "uv": [ 2.5, 13.75, 3.5, 14.75 ], "texture": "#texture1" },
				"east": { "uv": [ 12.5, 13.75, 13.5, 14.75 ], "texture": "#texture1" }
			}
		},
		{
			"__comment": "G17",
			"from": [ -9.375, 7.5, 10.875 ],
			"to": [ -7.875, 8.5, 11.875 ],
			"faces": {
				"down": { "uv": [ 9.5, 7.75, 10.5, 9.25 ], "texture": "#texture1", "rotation": 270 },
				"up": { "uv": [ 9.5, 6.75, 10.5, 8.25 ], "texture": "#texture1", "rotation": 90 },
				"north": { "uv": [ 6.75, 13.75, 8.25, 14.75 ], "texture": "#texture1" },
				"south": { "uv": [ 7.75, 13.75, 9.25, 14.75 ], "texture": "#texture1" },
				"west": { "uv": [ 9.5, 13.75, 10.5, 14.75 ], "texture": "#texture1" },
				"east": { "uv": [ 5.5, 13.75, 6.5, 14.75 ], "texture": "#texture1" }
			}
		},
		{
			"__comment": "G18",
			"from": [ -8.875, 7.75, 1.375 ],
			"to": [ -8.375, 8.25, 3.875 ],
			"faces": {
				"down": { "uv": [ 0, 8.25, 2.5, 8.75 ], "texture": "#texture1", "rotation": 270 },
				"up": { "uv": [ 0, 7.25, 2.5, 7.75 ], "texture": "#texture1", "rotation": 90 },
				"north": { "uv": [ 7.25, 14, 7.75, 14.5 ], "texture": "#texture1" },
				"south": { "uv": [ 8.25, 14, 8.75, 14.5 ], "texture": "#texture1" },
				"west": { "uv": [ 0, 14, 2.5, 14.5 ], "texture": "#texture1" },
				"east": { "uv": [ 13.5, 14, 16, 14.5 ], "texture": "#texture1" }
			}
		},
		{
			"__comment": "G19",
			"from": [ -8.875, 7.75, 11.875 ],
			"to": [ -8.375, 8.25, 14.375 ],
			"faces": {
				"down": { "uv": [ 10.5, 8.25, 13, 8.75 ], "texture": "#texture1", "rotation": 270 },
				"up": { "uv": [ 10.5, 7.25, 13, 7.75 ], "texture": "#texture1", "rotation": 90 },
				"north": { "uv": [ 7.25, 14, 7.75, 14.5 ], "texture": "#texture1" },
				"south": { "uv": [ 8.25, 14, 8.75, 14.5 ], "texture": "#texture1" },
				"west": { "uv": [ 10.5, 14, 13, 14.5 ], "texture": "#texture1" },
				"east": { "uv": [ 3, 14, 5.5, 14.5 ], "texture": "#texture1" }
			}
		},
		{
			"__comment": "H",
			"from": [ 23.125, 6.25, 7.875 ],
			"to": [ 27.125, 10.25, 7.876 ],
			"faces": {
				"north": { "uv": [ 0, 0, 16, 16 ], "texture": "#texture" },
				"south": { "uv": [ 0, 0, 16, 16 ], "texture": "#texture" }
			}
		},
		{
			"__comment": "H1",
			"from": [ 25.125, 6.25, 5.875 ],
			"to": [ 25.126, 10.25, 9.875 ],
			"faces": {
				"west": { "uv": [ 0, 0, 16, 16 ], "texture": "#texture" },
				"east": { "uv": [ 0, 0, 16, 16 ], "texture": "#texture" }
			}
		},
		{
			"__comment": "H2",
			"from": [ 23.625, 6.25, 6.375 ],
			"to": [ 26.625, 6.75, 9.375 ],
			"faces": {
				"down": { "uv": [ 7.625, 6.625, 10.625, 9.625 ], "texture": "#texture1" },
				"up": { "uv": [ 7.625, 6.375, 10.625, 9.375 ], "texture": "#texture1" },
				"north": { "uv": [ 5.375, 9.25, 8.375, 9.75 ], "texture": "#texture1" },
				"south": { "uv": [ 7.625, 9.25, 10.625, 9.75 ], "texture": "#texture1" },
				"west": { "uv": [ 6.375, 9.25, 9.375, 9.75 ], "texture": "#texture1" },
				"east": { "uv": [ 6.625, 9.25, 9.625, 9.75 ], "texture": "#texture1" }
			}
		},
		{
			"__comment": "H3",
			"from": [ 23.625, 9.25, 6.375 ],
			"to": [ 26.625, 9.75, 9.375 ],
			"faces": {
				"down": { "uv": [ 7.625, 6.625, 10.625, 9.625 ], "texture": "#texture1" },
				"up": { "uv": [ 7.625, 6.375, 10.625, 9.375 ], "texture": "#texture1" },
				"north": { "uv": [ 5.375, 6.25, 8.375, 6.75 ], "texture": "#texture1" },
				"south": { "uv": [ 7.625, 6.25, 10.625, 6.75 ], "texture": "#texture1" },
				"west": { "uv": [ 6.375, 6.25, 9.375, 6.75 ], "texture": "#texture1" },
				"east": { "uv": [ 6.625, 6.25, 9.625, 6.75 ], "texture": "#texture1" }
			}
		},
		{
			"__comment": "H4",
			"from": [ 24.125, 8.75, 6.375 ],
			"to": [ 26.125, 9.25, 9.375 ],
			"faces": {
				"down": { "uv": [ 8.125, 6.625, 10.125, 9.625 ], "texture": "#texture1" },
				"up": { "uv": [ 8.125, 6.375, 10.125, 9.375 ], "texture": "#texture1" },
				"north": { "uv": [ 5.875, 6.75, 7.875, 7.25 ], "texture": "#texture1" },
				"south": { "uv": [ 8.125, 6.75, 10.125, 7.25 ], "texture": "#texture1" },
				"west": { "uv": [ 6.375, 6.75, 9.375, 7.25 ], "texture": "#texture1" },
				"east": { "uv": [ 6.625, 6.75, 9.625, 7.25 ], "texture": "#texture1" }
			}
		},
		{
			"__comment": "H5",
			"from": [ 24.125, 6.75, 6.375 ],
			"to": [ 26.125, 7.25, 9.375 ],
			"faces": {
				"down": { "uv": [ 8.125, 6.625, 10.125, 9.625 ], "texture": "#texture1" },
				"up": { "uv": [ 8.125, 6.375, 10.125, 9.375 ], "texture": "#texture1" },
				"north": { "uv": [ 5.875, 8.75, 7.875, 9.25 ], "texture": "#texture1" },
				"south": { "uv": [ 8.125, 8.75, 10.125, 9.25 ], "texture": "#texture1" },
				"west": { "uv": [ 6.375, 8.75, 9.375, 9.25 ], "texture": "#texture1" },
				"east": { "uv": [ 6.625, 8.75, 9.625, 9.25 ], "texture": "#texture1" }
			}
		},
		{
			"__comment": "H6",
			"from": [ 24.375, 5.25, 7.875 ],
			"to": [ 25.875, 6.75, 9.375 ],
			"rotation": { "origin": [ 24.375, 5.25, 7.875 ], "axis": "x", "angle": -45 },
			"faces": {
				"down": { "uv": [ 1.5, 8.5, 3, 10 ], "texture": "#texture1" },
				"up": { "uv": [ 1.5, 6, 3, 7.5 ], "texture": "#texture1" },
				"north": { "uv": [ 13, 15, 14.5, 16 ], "texture": "#texture1" },
				"south": { "uv": [ 1.5, 15, 3, 16 ], "texture": "#texture1" },
				"west": { "uv": [ 6, 15, 7.5, 16 ], "texture": "#texture1" },
				"east": { "uv": [ 8.5, 15, 10, 16 ], "texture": "#texture1" }
			}
		},
		{
			"__comment": "H7",
			"from": [ 24.375, 8.75, 7.875 ],
			"to": [ 25.875, 10.25, 9.375 ],
			"rotation": { "origin": [ 24.375, 8.75, 7.875 ], "axis": "x", "angle": -45 },
			"faces": {
				"down": { "uv": [ 1.5, 8.5, 3, 10 ], "texture": "#texture1" },
				"up": { "uv": [ 1.5, 6, 3, 7.5 ], "texture": "#texture1" },
				"north": { "uv": [ 13, 15, 14.5, 16 ], "texture": "#texture1" },
				"south": { "uv": [ 1.5, 15, 3, 16 ], "texture": "#texture1" },
				"west": { "uv": [ 6, 15, 7.5, 16 ], "texture": "#texture1" },
				"east": { "uv": [ 8.5, 15, 10, 16 ], "texture": "#texture1" }
			}
		},
		{
			"__comment": "H8",
			"from": [ 22.125, 7.25, 6.375 ],
			"to": [ 23.125, 8.75, 9.375 ],
			"faces": {
				"down": { "uv": [ 6.125, 6.625, 7.125, 9.625 ], "texture": "#texture1" },
				"up": { "uv": [ 6.125, 6.375, 7.125, 9.375 ], "texture": "#texture1" },
				"north": { "uv": [ 8.875, 7.25, 9.875, 8.75 ], "texture": "#texture1" },
				"south": { "uv": [ 6.125, 7.25, 7.125, 8.75 ], "texture": "#texture1" },
				"west": { "uv": [ 6.375, 7.25, 9.375, 8.75 ], "texture": "#texture1" },
				"east": { "uv": [ 6.625, 7.25, 9.625, 8.75 ], "texture": "#texture1" }
			}
		},
		{
			"__comment": "H9",
			"from": [ 27.125, 7.25, 6.375 ],
			"to": [ 28.125, 8.75, 9.375 ],
			"faces": {
				"down": { "uv": [ 11.125, 6.625, 12.125, 9.625 ], "texture": "#texture1" },
				"up": { "uv": [ 11.125, 6.375, 12.125, 9.375 ], "texture": "#texture1" },
				"north": { "uv": [ 3.875, 7.25, 4.875, 8.75 ], "texture": "#texture1" },
				"south": { "uv": [ 11.125, 7.25, 12.125, 8.75 ], "texture": "#texture1" },
				"west": { "uv": [ 6.375, 7.25, 9.375, 8.75 ], "texture": "#texture1" },
				"east": { "uv": [ 6.625, 7.25, 9.625, 8.75 ], "texture": "#texture1" }
			}
		},
		{
			"__comment": "H10",
			"from": [ 21.125, 7.5, 7.125 ],
			"to": [ 22.125, 8.5, 8.625 ],
			"faces": {
				"down": { "uv": [ 5.125, 7.375, 6.125, 8.875 ], "texture": "#texture1" },
				"up": { "uv": [ 5.125, 7.125, 6.125, 8.625 ], "texture": "#texture1" },
				"north": { "uv": [ 9.875, 7.5, 10.875, 8.5 ], "texture": "#texture1" },
				"south": { "uv": [ 5.125, 7.5, 6.125, 8.5 ], "texture": "#texture1" },
				"west": { "uv": [ 7.125, 7.5, 8.625, 8.5 ], "texture": "#texture1" },
				"east": { "uv": [ 7.375, 7.5, 8.875, 8.5 ], "texture": "#texture1" }
			}
		},
		{
			"__comment": "H11",
			"from": [ 28.125, 7.5, 7.125 ],
			"to": [ 29.125, 8.5, 8.625 ],
			"faces": {
				"down": { "uv": [ 12.125, 7.375, 13.125, 8.875 ], "texture": "#texture1" },
				"up": { "uv": [ 12.125, 7.125, 13.125, 8.625 ], "texture": "#texture1" },
				"north": { "uv": [ 2.875, 7.5, 3.875, 8.5 ], "texture": "#texture1" },
				"south": { "uv": [ 12.125, 7.5, 13.125, 8.5 ], "texture": "#texture1" },
				"west": { "uv": [ 7.125, 7.5, 8.625, 8.5 ], "texture": "#texture1" },
				"east": { "uv": [ 7.375, 7.5, 8.875, 8.5 ], "texture": "#texture1" }
			}
		},
		{
			"__comment": "H12",
			"from": [ 18.625, 7.75, 7.625 ],
			"to": [ 21.125, 8.25, 8.125 ],
			"faces": {
				"down": { "uv": [ 2.625, 7.875, 5.125, 8.375 ], "texture": "#texture1" },
				"up": { "uv": [ 2.625, 7.625, 5.125, 8.125 ], "texture": "#texture1" },
				"north": { "uv": [ 10.875, 7.75, 13.375, 8.25 ], "texture": "#texture1" },
				"south": { "uv": [ 2.625, 7.75, 5.125, 8.25 ], "texture": "#texture1" },
				"west": { "uv": [ 7.625, 7.75, 8.125, 8.25 ], "texture": "#texture1" },
				"east": { "uv": [ 7.875, 7.75, 8.375, 8.25 ], "texture": "#texture1" }
			}
		},
		{
			"__comment": "H13",
			"from": [ 29.125, 7.75, 7.625 ],
			"to": [ 31.625, 8.25, 8.125 ],
			"faces": {
				"down": { "uv": [ 13.125, 7.875, 15.625, 8.375 ], "texture": "#texture1" },
				"up": { "uv": [ 13.125, 7.625, 15.625, 8.125 ], "texture": "#texture1" },
				"north": { "uv": [ 0.375, 7.75, 2.875, 8.25 ], "texture": "#texture1" },
				"south": { "uv": [ 13.125, 7.75, 15.625, 8.25 ], "texture": "#texture1" },
				"west": { "uv": [ 7.625, 7.75, 8.125, 8.25 ], "texture": "#texture1" },
				"east": { "uv": [ 7.875, 7.75, 8.375, 8.25 ], "texture": "#texture1" }
			}
		},
		{
			"__comment": "H14",
			"from": [ 23.625, 7.25, 4.875 ],
			"to": [ 26.625, 8.75, 5.875 ],
			"faces": {
				"down": { "uv": [ 3.5, 7, 4.5, 10 ], "texture": "#texture1", "rotation": 270 },
				"up": { "uv": [ 3.5, 6, 4.5, 9 ], "texture": "#texture1", "rotation": 90 },
				"north": { "uv": [ 6, 13.5, 9, 15 ], "texture": "#texture1" },
				"south": { "uv": [ 7, 13.5, 10, 15 ], "texture": "#texture1" },
				"west": { "uv": [ 3.5, 13.5, 4.5, 15 ], "texture": "#texture1" },
				"east": { "uv": [ 11.5, 13.5, 12.5, 15 ], "texture": "#texture1" }
			}
		},
		{
			"__comment": "H15",
			"from": [ 23.625, 7.25, 9.875 ],
			"to": [ 26.625, 8.75, 10.875 ],
			"faces": {
				"down": { "uv": [ 8.5, 7, 9.5, 10 ], "texture": "#texture1", "rotation": 270 },
				"up": { "uv": [ 8.5, 6, 9.5, 9 ], "texture": "#texture1", "rotation": 90 },
				"north": { "uv": [ 6, 13.5, 9, 15 ], "texture": "#texture1" },
				"south": { "uv": [ 7, 13.5, 10, 15 ], "texture": "#texture1" },
				"west": { "uv": [ 8.5, 13.5, 9.5, 15 ], "texture": "#texture1" },
				"east": { "uv": [ 6.5, 13.5, 7.5, 15 ], "texture": "#texture1" }
			}
		},
		{
			"__comment": "H16",
			"from": [ 24.375, 7.5, 3.875 ],
			"to": [ 25.875, 8.5, 4.875 ],
			"faces": {
				"down": { "uv": [ 2.5, 7.75, 3.5, 9.25 ], "texture": "#texture1", "rotation": 270 },
				"up": { "uv": [ 2.5, 6.75, 3.5, 8.25 ], "texture": "#texture1", "rotation": 90 },
				"north": { "uv": [ 6.75, 13.75, 8.25, 14.75 ], "texture": "#texture1" },
				"south": { "uv": [ 7.75, 13.75, 9.25, 14.75 ], "texture": "#texture1" },
				"west": { "uv": [ 2.5, 13.75, 3.5, 14.75 ], "texture": "#texture1" },
				"east": { "uv": [ 12.5, 13.75, 13.5, 14.75 ], "texture": "#texture1" }
			}
		},
		{
			"__comment": "H17",
			"from": [ 24.375, 7.5, 10.875 ],
			"to": [ 25.875, 8.5, 11.875 ],
			"faces": {
				"down": { "uv": [ 9.5, 7.75, 10.5, 9.25 ], "texture": "#texture1", "rotation": 270 },
				"up": { "uv": [ 9.5, 6.75, 10.5, 8.25 ], "texture": "#texture1", "rotation": 90 },
				"north": { "uv": [ 6.75, 13.75, 8.25, 14.75 ], "texture": "#texture1" },
				"south": { "uv": [ 7.75, 13.75, 9.25, 14.75 ], "texture": "#texture1" },
				"west": { "uv": [ 9.5, 13.75, 10.5, 14.75 ], "texture": "#texture1" },
				"east": { "uv": [ 5.5, 13.75, 6.5, 14.75 ], "texture": "#texture1" }
			}
		},
		{
			"__comment": "H18",
			"from": [ 24.875, 7.75, 1.375 ],
			"to": [ 25.375, 8.25, 3.875 ],
			"faces": {
				"down": { "uv": [ 0, 8.25, 2.5, 8.75 ], "texture": "#texture1", "rotation": 270 },
				"up": { "uv": [ 0, 7.25, 2.5, 7.75 ], "texture": "#texture1", "rotation": 90 },
				"north": { "uv": [ 7.25, 14, 7.75, 14.5 ], "texture": "#texture1" },
				"south": { "uv": [ 8.25, 14, 8.75, 14.5 ], "texture": "#texture1" },
				"west": { "uv": [ 0, 14, 2.5, 14.5 ], "texture": "#texture1" },
				"east": { "uv": [ 13.5, 14, 16, 14.5 ], "texture": "#texture1" }
			}
		},
		{
			"__comment": "H19",
			"from": [ 24.875, 7.75, 11.875 ],
			"to": [ 25.375, 8.25, 14.375 ],
			"faces": {
				"down": { "uv": [ 10.5, 8.25, 13, 8.75 ], "texture": "#texture1", "rotation": 270 },
				"up": { "uv": [ 10.5, 7.25, 13, 7.75 ], "texture": "#texture1", "rotation": 90 },
				"north": { "uv": [ 7.25, 14, 7.75, 14.5 ], "texture": "#texture1" },
				"south": { "uv": [ 8.25, 14, 8.75, 14.5 ], "texture": "#texture1" },
				"west": { "uv": [ 10.5, 14, 13, 14.5 ], "texture": "#texture1" },
				"east": { "uv": [ 3, 14, 5.5, 14.5 ], "texture": "#texture1" }
			}
		}
	],
	"display": {
		"thirdperson_righthand": {
			"rotation":  [ 67, -135, 0 ],
			"translation":  [ -6.26, -4.5, 4.1812 ]
		},
		"firstperson_righthand": {
			"rotation":  [ -6, -135, 0 ],
			"translation":  [ -8.346, -1, 3.4782 ],
			"scale":  [ 2.5, 2.5, 2.5 ]
		},
		"gui": {
			"rotation":  [ 13, -5, 0 ],
			"scale":  [ 0.8, 0.8, 0.8 ]
		},
		"ground": {
			"translation":  [ 0, 7.6521, 0 ]
		}
	}
}