{
	"__comment": "Designed by Zeibo with Cubik Studio - https://cubik.studio",
	"textures": {
		"particle": "blocks/e_particle",
		"texture": "blocks/e_texture",
		"wood_sword": "weapons/stone_sword"
	},
	"elements": [ 	 
		{
			"__comment": "Box1",
			"from": [ 0, 1.5, 6.875 ],
			"to": [ 3.5, 2, 7.875 ],
			"faces": {
				"down": { "uv": [ 0, 14, 3.5, 14.5 ], "texture": "#wood_sword" },
				"up": { "uv": [ 0, 14.5, 3.5, 14 ], "texture": "#wood_sword" },
				"north": { "uv": [ 3.5, 14, 0, 14.5 ], "texture": "#wood_sword" },
				"south": { "uv": [ 0, 14, 3.5, 14.5 ], "texture": "#wood_sword" },
				"west": { "uv": [ 0, 14, 0.5, 14.5 ], "texture": "#wood_sword" },
				"east": { "uv": [ 3.5, 14.5, 3, 14 ], "texture": "#wood_sword", "rotation": 180 }
			}
		},
		{
			"__comment": "Box2",
			"from": [ 0, 1, 6.875 ],
			"to": [ 3, 1.5, 7.875 ],
			"faces": {
				"down": { "uv": [ 0, 14.5, 3, 15 ], "texture": "#wood_sword" },
				"up": { "uv": [ 0, 15, 3, 14.5 ], "texture": "#wood_sword" },
				"north": { "uv": [ 3, 14.5, 0, 15 ], "texture": "#wood_sword" },
				"south": { "uv": [ 0, 14.5, 3, 15 ], "texture": "#wood_sword" },
				"west": { "uv": [ 0, 14.5, 0.5, 15 ], "texture": "#wood_sword" },
				"east": { "uv": [ 3, 15, 2.5, 14.5 ], "texture": "#wood_sword", "rotation": 180 }
			}
		},
		{
			"__comment": "Box3",
			"from": [ 0, 0.5, 6.875 ],
			"to": [ 2.5, 1, 7.875 ],
			"faces": {
				"down": { "uv": [ 0, 15, 2.5, 15.5 ], "texture": "#wood_sword" },
				"up": { "uv": [ 0, 15.5, 2.5, 15 ], "texture": "#wood_sword" },
				"north": { "uv": [ 2.5, 15, 0, 15.5 ], "texture": "#wood_sword" },
				"south": { "uv": [ 0, 15, 2.5, 15.5 ], "texture": "#wood_sword" },
				"west": { "uv": [ 0, 15, 0.5, 15.5 ], "texture": "#wood_sword" },
				"east": { "uv": [ 2.5, 15.5, 2, 15 ], "texture": "#wood_sword", "rotation": 180 }
			}
		},
		{
			"__comment": "Box4",
			"from": [ 0, 0, 6.875 ],
			"to": [ 2, 0.5, 7.875 ],
			"faces": {
				"down": { "uv": [ 0, 15.5, 2, 16 ], "texture": "#wood_sword" },
				"up": { "uv": [ 0, 16, 2, 15.5 ], "texture": "#wood_sword" },
				"north": { "uv": [ 2, 15.5, 0, 16 ], "texture": "#wood_sword" },
				"south": { "uv": [ 0, 15.5, 2, 16 ], "texture": "#wood_sword" },
				"west": { "uv": [ 0, 15.5, 0.5, 16 ], "texture": "#wood_sword" },
				"east": { "uv": [ 2, 16, 1.5, 15.5 ], "texture": "#wood_sword", "rotation": 180 }
			}
		},
		{
			"__comment": "Box5",
			"from": [ 0.5, 2, 6.875 ],
			"to": [ 4, 2.5, 7.875 ],
			"faces": {
				"down": { "uv": [ 0.5, 13.5, 4, 14 ], "texture": "#wood_sword" },
				"up": { "uv": [ 0.5, 14, 4, 13.5 ], "texture": "#wood_sword" },
				"north": { "uv": [ 4, 13.5, 0.5, 14 ], "texture": "#wood_sword" },
				"south": { "uv": [ 0.5, 13.5, 4, 14 ], "texture": "#wood_sword" },
				"west": { "uv": [ 0.5, 13.5, 1, 14 ], "texture": "#wood_sword" },
				"east": { "uv": [ 4, 14, 3.5, 13.5 ], "texture": "#wood_sword", "rotation": 180 }
			}
		},
		{
			"__comment": "Box6",
			"from": [ 1, 2.5, 6.875 ],
			"to": [ 8.5, 3, 7.875 ],
			"faces": {
				"down": { "uv": [ 1, 13, 8.5, 13.5 ], "texture": "#wood_sword" },
				"up": { "uv": [ 1, 13.5, 8.5, 13 ], "texture": "#wood_sword" },
				"north": { "uv": [ 8.5, 13, 1, 13.5 ], "texture": "#wood_sword" },
				"south": { "uv": [ 1, 13, 8.5, 13.5 ], "texture": "#wood_sword" },
				"west": { "uv": [ 1, 13, 1.5, 13.5 ], "texture": "#wood_sword" },
				"east": { "uv": [ 8.5, 13.5, 8, 13 ], "texture": "#wood_sword", "rotation": 180 }
			}
		},
		{
			"__comment": "Box7",
			"from": [ 1.5, 3, 6.875 ],
			"to": [ 7.5, 3.5, 7.875 ],
			"faces": {
				"down": { "uv": [ 1.5, 12.5, 7.5, 13 ], "texture": "#wood_sword" },
				"up": { "uv": [ 1.5, 13, 7.5, 12.5 ], "texture": "#wood_sword" },
				"north": { "uv": [ 7.5, 12.5, 1.5, 13 ], "texture": "#wood_sword" },
				"south": { "uv": [ 1.5, 12.5, 7.5, 13 ], "texture": "#wood_sword" },
				"west": { "uv": [ 1.5, 12.5, 2, 13 ], "texture": "#wood_sword" },
				"east": { "uv": [ 7.5, 13, 7, 12.5 ], "texture": "#wood_sword", "rotation": 180 }
			}
		},
		{
			"__comment": "Box8",
			"from": [ 2, 5, 6.8749 ],
			"to": [ 2.5, 9.5, 7.8749 ],
			"faces": {
				"down": { "uv": [ 2, 10.5, 2.5, 11 ], "texture": "#wood_sword" },
				"up": { "uv": [ 2, 7, 2.5, 6.5 ], "texture": "#wood_sword" },
				"north": { "uv": [ 2.5, 6.5, 2, 11 ], "texture": "#wood_sword" },
				"south": { "uv": [ 2, 6.5, 2.5, 11 ], "texture": "#wood_sword" },
				"west": { "uv": [ 2, 6.5, 2.5, 11 ], "texture": "#wood_sword" },
				"east": { "uv": [ 2.5, 11, 2, 6.5 ], "texture": "#wood_sword", "rotation": 180 }
			}
		},
		{
			"__comment": "Box9",
			"from": [ 2, 3.5, 6.8749 ],
			"to": [ 7, 4, 7.8749 ],
			"faces": {
				"down": { "uv": [ 2, 12, 7, 12.5 ], "texture": "#wood_sword" },
				"up": { "uv": [ 2, 12.5, 7, 12 ], "texture": "#wood_sword" },
				"north": { "uv": [ 7, 12, 2, 12.5 ], "texture": "#wood_sword" },
				"south": { "uv": [ 2, 12, 7, 12.5 ], "texture": "#wood_sword" },
				"west": { "uv": [ 2, 12, 2.5, 12.5 ], "texture": "#wood_sword" },
				"east": { "uv": [ 7, 12.5, 6.5, 12 ], "texture": "#wood_sword", "rotation": 180 }
			}
		},
		{
			"__comment": "Box10",
			"from": [ 2.5, 4, 6.8749 ],
			"to": [ 3, 8.5, 7.8749 ],
			"faces": {
				"down": { "uv": [ 2.5, 11.5, 3, 12 ], "texture": "#wood_sword" },
				"up": { "uv": [ 2.5, 8, 3, 7.5 ], "texture": "#wood_sword" },
				"north": { "uv": [ 3, 7.5, 2.5, 12 ], "texture": "#wood_sword" },
				"south": { "uv": [ 2.5, 7.5, 3, 12 ], "texture": "#wood_sword" },
				"west": { "uv": [ 2.5, 7.5, 3, 12 ], "texture": "#wood_sword" },
				"east": { "uv": [ 3, 12, 2.5, 7.5 ], "texture": "#wood_sword", "rotation": 180 }
			}
		},
		{
			"__comment": "Box11",
			"from": [ 3, 4, 6.8749 ],
			"to": [ 3.5, 7.5, 7.8749 ],
			"faces": {
				"down": { "uv": [ 3, 11.5, 3.5, 12 ], "texture": "#wood_sword" },
				"up": { "uv": [ 3, 9, 3.5, 8.5 ], "texture": "#wood_sword" },
				"north": { "uv": [ 3.5, 8.5, 3, 12 ], "texture": "#wood_sword" },
				"south": { "uv": [ 3, 8.5, 3.5, 12 ], "texture": "#wood_sword" },
				"west": { "uv": [ 3, 8.5, 3.5, 12 ], "texture": "#wood_sword" },
				"east": { "uv": [ 3.5, 12, 3, 8.5 ], "texture": "#wood_sword", "rotation": 180 }
			}
		},
		{
			"__comment": "Box12",
			"from": [ 3.5, 4, 6.8749 ],
			"to": [ 4, 7, 7.8749 ],
			"faces": {
				"down": { "uv": [ 3.5, 11.5, 4, 12 ], "texture": "#wood_sword" },
				"up": { "uv": [ 3.5, 9.5, 4, 9 ], "texture": "#wood_sword" },
				"north": { "uv": [ 4, 9, 3.5, 12 ], "texture": "#wood_sword" },
				"south": { "uv": [ 3.5, 9, 4, 12 ], "texture": "#wood_sword" },
				"west": { "uv": [ 3.5, 9, 4, 12 ], "texture": "#wood_sword" },
				"east": { "uv": [ 4, 12, 3.5, 9 ], "texture": "#wood_sword", "rotation": 180 }
			}
		},
		{
			"__comment": "Box13",
			"from": [ 4, 6, 6.8749 ],
			"to": [ 8, 6.5, 7.8749 ],
			"faces": {
				"down": { "uv": [ 4, 9.5, 8, 10 ], "texture": "#wood_sword" },
				"up": { "uv": [ 4, 10, 8, 9.5 ], "texture": "#wood_sword" },
				"north": { "uv": [ 8, 9.5, 4, 10 ], "texture": "#wood_sword" },
				"south": { "uv": [ 4, 9.5, 8, 10 ], "texture": "#wood_sword" },
				"west": { "uv": [ 4, 9.5, 4.5, 10 ], "texture": "#wood_sword" },
				"east": { "uv": [ 8, 10, 7.5, 9.5 ], "texture": "#wood_sword", "rotation": 180 }
			}
		},
		{
			"__comment": "Box14",
			"from": [ 4, 5.5, 6.8749 ],
			"to": [ 7.5, 6, 7.8749 ],
			"faces": {
				"down": { "uv": [ 4, 10, 7.5, 10.5 ], "texture": "#wood_sword" },
				"up": { "uv": [ 4, 10.5, 7.5, 10 ], "texture": "#wood_sword" },
				"north": { "uv": [ 7.5, 10, 4, 10.5 ], "texture": "#wood_sword" },
				"south": { "uv": [ 4, 10, 7.5, 10.5 ], "texture": "#wood_sword" },
				"west": { "uv": [ 4, 10, 4.5, 10.5 ], "texture": "#wood_sword" },
				"east": { "uv": [ 7.5, 10.5, 7, 10 ], "texture": "#wood_sword", "rotation": 180 }
			}
		},
		{
			"__comment": "Box15",
			"from": [ 4, 5, 6.8749 ],
			"to": [ 7, 5.5, 7.8749 ],
			"faces": {
				"down": { "uv": [ 4, 10.5, 7, 11 ], "texture": "#wood_sword" },
				"up": { "uv": [ 4, 11, 7, 10.5 ], "texture": "#wood_sword" },
				"north": { "uv": [ 7, 10.5, 4, 11 ], "texture": "#wood_sword" },
				"south": { "uv": [ 4, 10.5, 7, 11 ], "texture": "#wood_sword" },
				"west": { "uv": [ 4, 10.5, 4.5, 11 ], "texture": "#wood_sword" },
				"east": { "uv": [ 7, 11, 6.5, 10.5 ], "texture": "#wood_sword", "rotation": 180 }
			}
		},
		{
			"__comment": "Box16",
			"from": [ 4, 4, 6.8749 ],
			"to": [ 6.5, 5, 7.8749 ],
			"faces": {
				"down": { "uv": [ 4, 11.5, 6.5, 12 ], "texture": "#wood_sword" },
				"up": { "uv": [ 4, 11.5, 6.5, 11 ], "texture": "#wood_sword" },
				"north": { "uv": [ 6.5, 11, 4, 12 ], "texture": "#wood_sword" },
				"south": { "uv": [ 4, 11, 6.5, 12 ], "texture": "#wood_sword" },
				"west": { "uv": [ 4, 11, 4.5, 12 ], "texture": "#wood_sword" },
				"east": { "uv": [ 6.5, 12, 6, 11 ], "texture": "#wood_sword", "rotation": 180 }
			}
		},
		{
			"__comment": "Box17",
			"from": [ 4.5, 6.5, 6.8749 ],
			"to": [ 8.5, 7, 7.8749 ],
			"faces": {
				"down": { "uv": [ 4.5, 9, 8.5, 9.5 ], "texture": "#wood_sword" },
				"up": { "uv": [ 4.5, 9.5, 8.5, 9 ], "texture": "#wood_sword" },
				"north": { "uv": [ 8.5, 9, 4.5, 9.5 ], "texture": "#wood_sword" },
				"south": { "uv": [ 4.5, 9, 8.5, 9.5 ], "texture": "#wood_sword" },
				"west": { "uv": [ 4.5, 9, 5, 9.5 ], "texture": "#wood_sword" },
				"east": { "uv": [ 8.5, 9.5, 8, 9 ], "texture": "#wood_sword", "rotation": 180 }
			}
		},
		{
			"__comment": "Box18",
			"from": [ 5, 7.5, 6.8749 ],
			"to": [ 9.5, 8, 7.8749 ],
			"faces": {
				"down": { "uv": [ 5, 8, 9.5, 8.5 ], "texture": "#wood_sword" },
				"up": { "uv": [ 5, 8.5, 9.5, 8 ], "texture": "#wood_sword" },
				"north": { "uv": [ 9.5, 8, 5, 8.5 ], "texture": "#wood_sword" },
				"south": { "uv": [ 5, 8, 9.5, 8.5 ], "texture": "#wood_sword" },
				"west": { "uv": [ 5, 8, 5.5, 8.5 ], "texture": "#wood_sword" },
				"east": { "uv": [ 9.5, 8.5, 9, 8 ], "texture": "#wood_sword", "rotation": 180 }
			}
		},
		{
			"__comment": "Box19",
			"from": [ 5, 7, 6.8749 ],
			"to": [ 9, 7.5, 7.8749 ],
			"faces": {
				"down": { "uv": [ 5, 8.5, 9, 9 ], "texture": "#wood_sword" },
				"up": { "uv": [ 5, 9, 9, 8.5 ], "texture": "#wood_sword" },
				"north": { "uv": [ 9, 8.5, 5, 9 ], "texture": "#wood_sword" },
				"south": { "uv": [ 5, 8.5, 9, 9 ], "texture": "#wood_sword" },
				"west": { "uv": [ 5, 8.5, 5.5, 9 ], "texture": "#wood_sword" },
				"east": { "uv": [ 9, 9, 8.5, 8.5 ], "texture": "#wood_sword", "rotation": 180 }
			}
		},
		{
			"__comment": "Box20",
			"from": [ 5, 2, 6.875 ],
			"to": [ 9.5, 2.5, 7.875 ],
			"faces": {
				"down": { "uv": [ 5, 13.5, 9.5, 14 ], "texture": "#wood_sword" },
				"up": { "uv": [ 5, 14, 9.5, 13.5 ], "texture": "#wood_sword" },
				"north": { "uv": [ 9.5, 13.5, 5, 14 ], "texture": "#wood_sword" },
				"south": { "uv": [ 5, 13.5, 9.5, 14 ], "texture": "#wood_sword" },
				"west": { "uv": [ 5, 13.5, 5.5, 14 ], "texture": "#wood_sword" },
				"east": { "uv": [ 9.5, 14, 9, 13.5 ], "texture": "#wood_sword", "rotation": 180 }
			}
		},
		{
			"__comment": "Box21",
			"from": [ 5.5, 8, 6.8749 ],
			"to": [ 10, 8.5, 7.8749 ],
			"faces": {
				"down": { "uv": [ 5.5, 7.5, 10, 8 ], "texture": "#wood_sword" },
				"up": { "uv": [ 5.5, 8, 10, 7.5 ], "texture": "#wood_sword" },
				"north": { "uv": [ 10, 7.5, 5.5, 8 ], "texture": "#wood_sword" },
				"south": { "uv": [ 5.5, 7.5, 10, 8 ], "texture": "#wood_sword" },
				"west": { "uv": [ 5.5, 7.5, 6, 8 ], "texture": "#wood_sword" },
				"east": { "uv": [ 10, 8, 9.5, 7.5 ], "texture": "#wood_sword", "rotation": 180 }
			}
		},
		{
			"__comment": "Box22",
			"from": [ 6, 8.5, 6.8749 ],
			"to": [ 10.5, 9, 7.8749 ],
			"faces": {
				"down": { "uv": [ 6, 7, 10.5, 7.5 ], "texture": "#wood_sword" },
				"up": { "uv": [ 6, 7.5, 10.5, 7 ], "texture": "#wood_sword" },
				"north": { "uv": [ 10.5, 7, 6, 7.5 ], "texture": "#wood_sword" },
				"south": { "uv": [ 6, 7, 10.5, 7.5 ], "texture": "#wood_sword" },
				"west": { "uv": [ 6, 7, 6.5, 7.5 ], "texture": "#wood_sword" },
				"east": { "uv": [ 10.5, 7.5, 10, 7 ], "texture": "#wood_sword", "rotation": 180 }
			}
		},
		{
			"__comment": "Box23",
			"from": [ 6.5, 9, 6.8749 ],
			"to": [ 11, 9.5, 7.8749 ],
			"faces": {
				"down": { "uv": [ 6.5, 6.5, 11, 7 ], "texture": "#wood_sword" },
				"up": { "uv": [ 6.5, 7, 11, 6.5 ], "texture": "#wood_sword" },
				"north": { "uv": [ 11, 6.5, 6.5, 7 ], "texture": "#wood_sword" },
				"south": { "uv": [ 6.5, 6.5, 11, 7 ], "texture": "#wood_sword" },
				"west": { "uv": [ 6.5, 6.5, 7, 7 ], "texture": "#wood_sword" },
				"east": { "uv": [ 11, 7, 10.5, 6.5 ], "texture": "#wood_sword", "rotation": 180 }
			}
		},
		{
			"__comment": "Box24",
			"from": [ 7, 9.5, 6.8749 ],
			"to": [ 11.5, 10, 7.8749 ],
			"faces": {
				"down": { "uv": [ 7, 6, 11.5, 6.5 ], "texture": "#wood_sword" },
				"up": { "uv": [ 7, 6.5, 11.5, 6 ], "texture": "#wood_sword" },
				"north": { "uv": [ 11.5, 6, 7, 6.5 ], "texture": "#wood_sword" },
				"south": { "uv": [ 7, 6, 11.5, 6.5 ], "texture": "#wood_sword" },
				"west": { "uv": [ 7, 6, 7.5, 6.5 ], "texture": "#wood_sword" },
				"east": { "uv": [ 11.5, 6.5, 11, 6 ], "texture": "#wood_sword", "rotation": 180 }
			}
		},
		{
			"__comment": "Box25",
			"from": [ 7.5, 10, 6.8749 ],
			"to": [ 12, 10.5, 7.8749 ],
			"faces": {
				"down": { "uv": [ 7.5, 5.5, 12, 6 ], "texture": "#wood_sword" },
				"up": { "uv": [ 7.5, 6, 12, 5.5 ], "texture": "#wood_sword" },
				"north": { "uv": [ 12, 5.5, 7.5, 6 ], "texture": "#wood_sword" },
				"south": { "uv": [ 7.5, 5.5, 12, 6 ], "texture": "#wood_sword" },
				"west": { "uv": [ 7.5, 5.5, 8, 6 ], "texture": "#wood_sword" },
				"east": { "uv": [ 12, 6, 11.5, 5.5 ], "texture": "#wood_sword", "rotation": 180 }
			}
		},
		{
			"__comment": "Box26",
			"from": [ 8, 10.5, 6.8749 ],
			"to": [ 12.5, 11, 7.8749 ],
			"faces": {
				"down": { "uv": [ 8, 5, 12.5, 5.5 ], "texture": "#wood_sword" },
				"up": { "uv": [ 8, 5.5, 12.5, 5 ], "texture": "#wood_sword" },
				"north": { "uv": [ 12.5, 5, 8, 5.5 ], "texture": "#wood_sword" },
				"south": { "uv": [ 8, 5, 12.5, 5.5 ], "texture": "#wood_sword" },
				"west": { "uv": [ 8, 5, 8.5, 5.5 ], "texture": "#wood_sword" },
				"east": { "uv": [ 12.5, 5.5, 12, 5 ], "texture": "#wood_sword", "rotation": 180 }
			}
		},
		{
			"__comment": "Box27",
			"from": [ 8.5, 11, 6.8749 ],
			"to": [ 13, 11.5, 7.8749 ],
			"faces": {
				"down": { "uv": [ 8.5, 4.5, 13, 5 ], "texture": "#wood_sword" },
				"up": { "uv": [ 8.5, 5, 13, 4.5 ], "texture": "#wood_sword" },
				"north": { "uv": [ 13, 4.5, 8.5, 5 ], "texture": "#wood_sword" },
				"south": { "uv": [ 8.5, 4.5, 13, 5 ], "texture": "#wood_sword" },
				"west": { "uv": [ 8.5, 4.5, 9, 5 ], "texture": "#wood_sword" },
				"east": { "uv": [ 13, 5, 12.5, 4.5 ], "texture": "#wood_sword", "rotation": 180 }
			}
		},
		{
			"__comment": "Box28",
			"from": [ 9, 11.5, 6.8749 ],
			"to": [ 13.5, 12, 7.8749 ],
			"faces": {
				"down": { "uv": [ 9, 4, 13.5, 4.5 ], "texture": "#wood_sword" },
				"up": { "uv": [ 9, 4.5, 13.5, 4 ], "texture": "#wood_sword" },
				"north": { "uv": [ 13.5, 4, 9, 4.5 ], "texture": "#wood_sword" },
				"south": { "uv": [ 9, 4, 13.5, 4.5 ], "texture": "#wood_sword" },
				"west": { "uv": [ 9, 4, 9.5, 4.5 ], "texture": "#wood_sword" },
				"east": { "uv": [ 13.5, 4.5, 13, 4 ], "texture": "#wood_sword", "rotation": 180 }
			}
		},
		{
			"__comment": "Box29",
			"from": [ 9.5, 12, 6.8749 ],
			"to": [ 14, 12.5, 7.8749 ],
			"faces": {
				"down": { "uv": [ 9.5, 3.5, 14, 4 ], "texture": "#wood_sword" },
				"up": { "uv": [ 9.5, 4, 14, 3.5 ], "texture": "#wood_sword" },
				"north": { "uv": [ 14, 3.5, 9.5, 4 ], "texture": "#wood_sword" },
				"south": { "uv": [ 9.5, 3.5, 14, 4 ], "texture": "#wood_sword" },
				"west": { "uv": [ 9.5, 3.5, 10, 4 ], "texture": "#wood_sword" },
				"east": { "uv": [ 14, 4, 13.5, 3.5 ], "texture": "#wood_sword", "rotation": 180 }
			}
		},
		{
			"__comment": "Box30",
			"from": [ 10, 12.5, 6.8749 ],
			"to": [ 14, 13, 7.8749 ],
			"faces": {
				"down": { "uv": [ 10, 3, 14, 3.5 ], "texture": "#wood_sword" },
				"up": { "uv": [ 10, 3.5, 14, 3 ], "texture": "#wood_sword" },
				"north": { "uv": [ 14, 3, 10, 3.5 ], "texture": "#wood_sword" },
				"south": { "uv": [ 10, 3, 14, 3.5 ], "texture": "#wood_sword" },
				"west": { "uv": [ 10, 3, 10.5, 3.5 ], "texture": "#wood_sword" },
				"east": { "uv": [ 14, 3.5, 13.5, 3 ], "texture": "#wood_sword", "rotation": 180 }
			}
		},
		{
			"__comment": "Box31",
			"from": [ 10.5, 13, 6.8749 ],
			"to": [ 14, 13.5, 7.8749 ],
			"faces": {
				"down": { "uv": [ 10.5, 2.5, 14, 3 ], "texture": "#wood_sword" },
				"up": { "uv": [ 10.5, 3, 14, 2.5 ], "texture": "#wood_sword" },
				"north": { "uv": [ 14, 2.5, 10.5, 3 ], "texture": "#wood_sword" },
				"south": { "uv": [ 10.5, 2.5, 14, 3 ], "texture": "#wood_sword" },
				"west": { "uv": [ 10.5, 2.5, 11, 3 ], "texture": "#wood_sword" },
				"east": { "uv": [ 14, 3, 13.5, 2.5 ], "texture": "#wood_sword", "rotation": 180 }
			}
		},
		{
			"__comment": "Box32",
			"from": [ 11, 13.5, 6.8749 ],
			"to": [ 14, 14, 7.8749 ],
			"faces": {
				"down": { "uv": [ 11, 2, 14, 2.5 ], "texture": "#wood_sword" },
				"up": { "uv": [ 11, 2.5, 14, 2 ], "texture": "#wood_sword" },
				"north": { "uv": [ 14, 2, 11, 2.5 ], "texture": "#wood_sword" },
				"south": { "uv": [ 11, 2, 14, 2.5 ], "texture": "#wood_sword" },
				"west": { "uv": [ 11, 2, 11.5, 2.5 ], "texture": "#wood_sword" },
				"east": { "uv": [ 14, 2.5, 13.5, 2 ], "texture": "#wood_sword", "rotation": 180 }
			}
		},
		{
			"__comment": "Box33",
			"from": [ 11.5, 14, 6.8749 ],
			"to": [ 14, 14.5, 7.8749 ],
			"faces": {
				"down": { "uv": [ 11.5, 1.5, 14, 2 ], "texture": "#wood_sword" },
				"up": { "uv": [ 11.5, 2, 14, 1.5 ], "texture": "#wood_sword" },
				"north": { "uv": [ 14, 1.5, 11.5, 2 ], "texture": "#wood_sword" },
				"south": { "uv": [ 11.5, 1.5, 14, 2 ], "texture": "#wood_sword" },
				"west": { "uv": [ 11.5, 1.5, 12, 2 ], "texture": "#wood_sword" },
				"east": { "uv": [ 14, 2, 13.5, 1.5 ], "texture": "#wood_sword", "rotation": 180 }
			}
		}
	],
	"display": {
		"thirdperson_righthand": {
			"rotation":  [ 0, -90, 55 ],
			"translation":  [ 0, 6.0869, 0.5 ],
			"scale":  [ 0.9, 1, 1 ]
		},
		"firstperson_righthand": {
			"rotation":  [ -22, -109, 25 ],
			"translation":  [ 0.4343, 3.2, -0.261 ],
			"scale":  [ 1, 1.5, 1 ]
		},
		"ground": {
			"rotation":  [ 0, 0, -40 ],
			"translation":  [ 0, 5.5652, 0 ]
		},
		"fixed": {
			"rotation":  [ 0, 0, 90 ]
		}
	}
}