{
	"__comment": "Designed by TYE_Billy with Cubik Studio - https://cubik.studio",
	"textures": {
		"texture": "weapons/atlas"
	},
	"elements": [ 	 
		{
			"__comment": "Voxels",
			"from": [ 0.5, 0, 14.5 ],
			"to": [ 3.25, 1, 14.75 ],
			"faces": {
				"down": { "uv": [ 10.5, 12.125, 11.875, 12.25 ], "texture": "#texture" },
				"up": { "uv": [ 11.875, 12.25, 13.25, 12.125 ], "texture": "#texture" },
				"north": { "uv": [ 11.625, 15, 10.25, 15.5 ], "texture": "#texture" },
				"south": { "uv": [ 11.625, 15, 13, 15.5 ], "texture": "#texture" },
				"west": { "uv": [ 1.125, 2.25, 1.25, 2.75 ], "texture": "#texture" },
				"east": { "uv": [ 1.125, 2.25, 1, 2.75 ], "texture": "#texture" }
			}
		},
		{
			"__comment": "Voxels",
			"from": [ 0.5, 0, 14.75 ],
			"to": [ 2.75, 1, 15 ],
			"faces": {
				"down": { "uv": [ 3.625, 10.125, 4.75, 10.25 ], "texture": "#texture" },
				"up": { "uv": [ 3.625, 10.375, 4.75, 10.25 ], "texture": "#texture" },
				"north": { "uv": [ 1.125, 7.75, 0, 8.25 ], "texture": "#texture" },
				"south": { "uv": [ 0, 7.25, 1.125, 7.75 ], "texture": "#texture" },
				"west": { "uv": [ 1.25, 9.25, 1.375, 9.75 ], "texture": "#texture" },
				"east": { "uv": [ 5.125, 5.75, 5, 6.25 ], "texture": "#texture" }
			}
		},
		{
			"__comment": "Voxels",
			"from": [ 0.5, 0, 15 ],
			"to": [ 2.5, 1, 15.25 ],
			"faces": {
				"down": { "uv": [ 3.625, 4.375, 4.625, 4.5 ], "texture": "#texture" },
				"up": { "uv": [ 3.625, 4.625, 4.625, 4.5 ], "texture": "#texture" },
				"north": { "uv": [ 1, 4.25, 0, 4.75 ], "texture": "#texture" },
				"south": { "uv": [ 0, 1.75, 1, 2.25 ], "texture": "#texture" },
				"west": { "uv": [ 5, 6.25, 5.125, 6.75 ], "texture": "#texture" },
				"east": { "uv": [ 5.125, 6.75, 5, 7.25 ], "texture": "#texture" }
			}
		},
		{
			"__comment": "Voxels",
			"from": [ 0.75, 0, 13.75 ],
			"to": [ 3.5, 1, 14.25 ],
			"faces": {
				"down": { "uv": [ 11, 14.375, 12.375, 14.625 ], "texture": "#texture" },
				"up": { "uv": [ 12.375, 14.625, 13.75, 14.375 ], "texture": "#texture" },
				"north": { "uv": [ 15.75, 15, 14.375, 15.5 ], "texture": "#texture" },
				"south": { "uv": [ 0, 14.5, 1.375, 15 ], "texture": "#texture" },
				"west": { "uv": [ 1, 9.875, 1.25, 10.375 ], "texture": "#texture" },
				"east": { "uv": [ 1.375, 7.25, 1.125, 7.75 ], "texture": "#texture" }
			}
		},
		{
			"__comment": "Voxels",
			"from": [ 0.75, 0, 14.25 ],
			"to": [ 3.25, 1, 14.5 ],
			"faces": {
				"down": { "uv": [ 6.75, 12.875, 8, 13 ], "texture": "#texture" },
				"up": { "uv": [ 8, 13, 9.25, 12.875 ], "texture": "#texture" },
				"north": { "uv": [ 1.25, 12.375, 0, 12.875 ], "texture": "#texture" },
				"south": { "uv": [ 0, 11.875, 1.25, 12.375 ], "texture": "#texture" },
				"west": { "uv": [ 5, 7.25, 5.125, 7.75 ], "texture": "#texture" },
				"east": { "uv": [ 5.125, 7.75, 5, 8.25 ], "texture": "#texture" }
			}
		},
		{
			"__comment": "Voxels",
			"from": [ 0.75, 0, 15.25 ],
			"to": [ 1.75, 1, 15.5 ],
			"faces": {
				"down": { "uv": [ 11.875, 10.75, 12.375, 10.875 ], "texture": "#texture" },
				"up": { "uv": [ 11.375, 10.875, 11.875, 10.75 ], "texture": "#texture" },
				"north": { "uv": [ 2.75, 9.375, 2.25, 9.875 ], "texture": "#texture" },
				"south": { "uv": [ 2.25, 10.875, 2.75, 11.375 ], "texture": "#texture" },
				"west": { "uv": [ 5, 8.25, 5.125, 8.75 ], "texture": "#texture" },
				"east": { "uv": [ 5.125, 8.75, 5, 9.25 ], "texture": "#texture" }
			}
		},
		{
			"__comment": "Voxels",
			"from": [ 0.75, 1, 14.75 ],
			"to": [ 2.25, 1.25, 15 ],
			"faces": {
				"down": { "uv": [ 2.875, 11.75, 3.625, 11.875 ], "texture": "#texture" },
				"up": { "uv": [ 2.875, 12, 3.625, 11.875 ], "texture": "#texture" },
				"north": { "uv": [ 10.375, 13.25, 9.625, 13.375 ], "texture": "#texture" },
				"south": { "uv": [ 8.875, 13.25, 9.625, 13.375 ], "texture": "#texture" },
				"west": { "uv": [ 3.5, 6.75, 3.625, 6.875 ], "texture": "#texture" },
				"east": { "uv": [ 3.625, 6.875, 3.5, 7 ], "texture": "#texture" }
			}
		},
		{
			"__comment": "Voxels",
			"from": [ 0.75, 1, 15 ],
			"to": [ 1.5, 1.25, 15.25 ],
			"faces": {
				"down": { "uv": [ 14.25, 10.75, 14.625, 10.875 ], "texture": "#texture" },
				"up": { "uv": [ 13.875, 10.875, 14.25, 10.75 ], "texture": "#texture" },
				"north": { "uv": [ 7.375, 10.625, 7, 10.75 ], "texture": "#texture" },
				"south": { "uv": [ 6.625, 10.625, 7, 10.75 ], "texture": "#texture" },
				"west": { "uv": [ 3.5, 7.75, 3.625, 7.875 ], "texture": "#texture" },
				"east": { "uv": [ 3.625, 7.875, 3.5, 8 ], "texture": "#texture" }
			}
		},
		{
			"__comment": "Voxels",
			"from": [ 1, 0, 12.75 ],
			"to": [ 4, 1, 13 ],
			"faces": {
				"down": { "uv": [ 13.125, 12.25, 14.625, 12.375 ], "texture": "#texture" },
				"up": { "uv": [ 10.125, 12.375, 11.625, 12.25 ], "texture": "#texture" },
				"north": { "uv": [ 16, 15.5, 14.5, 16 ], "texture": "#texture" },
				"south": { "uv": [ 8.75, 15, 10.25, 15.5 ], "texture": "#texture" },
				"west": { "uv": [ 4.875, 2.75, 5, 3.25 ], "texture": "#texture" },
				"east": { "uv": [ 5, 3.25, 4.875, 3.75 ], "texture": "#texture" }
			}
		},
		{
			"__comment": "Voxels",
			"from": [ 1, 0, 13 ],
			"to": [ 3.75, 1, 13.25 ],
			"faces": {
				"down": { "uv": [ 13.25, 12.125, 14.625, 12.25 ], "texture": "#texture" },
				"up": { "uv": [ 5, 12.25, 6.375, 12.125 ], "texture": "#texture" },
				"north": { "uv": [ 14.375, 15, 13, 15.5 ], "texture": "#texture" },
				"south": { "uv": [ 0, 14, 1.375, 14.5 ], "texture": "#texture" },
				"west": { "uv": [ 4.75, 7.25, 4.875, 7.75 ], "texture": "#texture" },
				"east": { "uv": [ 3.625, 1.375, 3.5, 1.875 ], "texture": "#texture" }
			}
		},
		{
			"__comment": "Voxels",
			"from": [ 1, 0, 13.25 ],
			"to": [ 3.5, 1, 13.75 ],
			"faces": {
				"down": { "uv": [ 9.25, 13, 10.5, 13.25 ], "texture": "#texture" },
				"up": { "uv": [ 10.5, 13.125, 11.75, 12.875 ], "texture": "#texture" },
				"north": { "uv": [ 1.25, 10.875, 0, 11.375 ], "texture": "#texture" },
				"south": { "uv": [ 0, 11.375, 1.25, 11.875 ], "texture": "#texture" },
				"west": { "uv": [ 15.75, 15, 16, 15.5 ], "texture": "#texture" },
				"east": { "uv": [ 1.375, 7.75, 1.125, 8.25 ], "texture": "#texture" }
			}
		},
		{
			"__comment": "Voxels",
			"from": [ 1, 1, 14 ],
			"to": [ 3, 1.25, 14.75 ],
			"faces": {
				"down": { "uv": [ 6.125, 13.5, 7.125, 13.875 ], "texture": "#texture" },
				"up": { "uv": [ 7.875, 13.875, 8.875, 13.5 ], "texture": "#texture" },
				"north": { "uv": [ 4.625, 4.75, 3.625, 4.875 ], "texture": "#texture" },
				"south": { "uv": [ 3.625, 2.25, 4.625, 2.375 ], "texture": "#texture" },
				"west": { "uv": [ 13.5, 10.75, 13.875, 10.875 ], "texture": "#texture" },
				"east": { "uv": [ 13.5, 10.75, 13.125, 10.875 ], "texture": "#texture" }
			}
		},
		{
			"__comment": "Voxels",
			"from": [ 1.25, 1, 13 ],
			"to": [ 3.5, 1.25, 13.25 ],
			"faces": {
				"down": { "uv": [ 11.5, 11.375, 12.625, 11.5 ], "texture": "#texture" },
				"up": { "uv": [ 3.625, 11.125, 4.75, 11 ], "texture": "#texture" },
				"north": { "uv": [ 4.75, 9.25, 3.625, 9.375 ], "texture": "#texture" },
				"south": { "uv": [ 3.625, 8.25, 4.75, 8.375 ], "texture": "#texture" },
				"west": { "uv": [ 3.5, 8, 3.625, 8.125 ], "texture": "#texture" },
				"east": { "uv": [ 3.625, 8.125, 3.5, 8.25 ], "texture": "#texture" }
			}
		},
		{
			"__comment": "Voxels",
			"from": [ 1.25, 1, 13.25 ],
			"to": [ 3.25, 1.25, 14 ],
			"faces": {
				"down": { "uv": [ 4.375, 13.5, 5.375, 13.875 ], "texture": "#texture" },
				"up": { "uv": [ 13.875, 13.875, 14.875, 13.5 ], "texture": "#texture" },
				"north": { "uv": [ 4.625, 4.875, 3.625, 5 ], "texture": "#texture" },
				"south": { "uv": [ 3.625, 6.25, 4.625, 6.375 ], "texture": "#texture" },
				"west": { "uv": [ 5.875, 10.625, 6.25, 10.75 ], "texture": "#texture" },
				"east": { "uv": [ 5.875, 10.625, 5.5, 10.75 ], "texture": "#texture" }
			}
		},
		{
			"__comment": "Voxels",
			"from": [ 1.75, 0, 12.5 ],
			"to": [ 4.25, 1, 12.75 ],
			"faces": {
				"down": { "uv": [ 4.875, 12, 6.125, 12.125 ], "texture": "#texture" },
				"up": { "uv": [ 6.125, 12.125, 7.375, 12 ], "texture": "#texture" },
				"north": { "uv": [ 1.25, 10.375, 0, 10.875 ], "texture": "#texture" },
				"south": { "uv": [ 0, 9.25, 1.25, 9.75 ], "texture": "#texture" },
				"west": { "uv": [ 4.75, 3.25, 4.875, 3.75 ], "texture": "#texture" },
				"east": { "uv": [ 4.875, 6.75, 4.75, 7.25 ], "texture": "#texture" }
			}
		},
		{
			"__comment": "Voxels",
			"from": [ 2, 1, 12.75 ],
			"to": [ 3.75, 1.25, 13 ],
			"faces": {
				"down": { "uv": [ 10, 10.875, 10.875, 11 ], "texture": "#texture" },
				"up": { "uv": [ 9.125, 11, 10, 10.875 ], "texture": "#texture" },
				"north": { "uv": [ 9.125, 10.875, 8.25, 11 ], "texture": "#texture" },
				"south": { "uv": [ 7.375, 10.875, 8.25, 11 ], "texture": "#texture" },
				"west": { "uv": [ 3.5, 8.5, 3.625, 8.625 ], "texture": "#texture" },
				"east": { "uv": [ 14.625, 12.5, 14.5, 12.625 ], "texture": "#texture" }
			}
		},
		{
			"__comment": "Voxels",
			"from": [ 2.75, 0, 12.25 ],
			"to": [ 4.5, 1, 12.5 ],
			"faces": {
				"down": { "uv": [ 6.5, 10.875, 7.375, 11 ], "texture": "#texture" },
				"up": { "uv": [ 14.375, 11.125, 15.25, 11 ], "texture": "#texture" },
				"north": { "uv": [ 6.625, 13.875, 5.75, 14.375 ], "texture": "#texture" },
				"south": { "uv": [ 6.625, 13.875, 7.5, 14.375 ], "texture": "#texture" },
				"west": { "uv": [ 3.125, 1.375, 3.25, 1.875 ], "texture": "#texture" },
				"east": { "uv": [ 3.625, 2.5, 3.5, 3 ], "texture": "#texture" }
			}
		},
		{
			"__comment": "Voxels",
			"from": [ 2.75, 1, 12.5 ],
			"to": [ 4, 1.25, 12.75 ],
			"faces": {
				"down": { "uv": [ 2.875, 8.125, 3.5, 8.25 ], "texture": "#texture" },
				"up": { "uv": [ 2.875, 8.125, 3.5, 8 ], "texture": "#texture" },
				"north": { "uv": [ 3.5, 6.625, 2.875, 6.75 ], "texture": "#texture" },
				"south": { "uv": [ 2.875, 6.5, 3.5, 6.625 ], "texture": "#texture" },
				"west": { "uv": [ 15.375, 12.875, 15.5, 13 ], "texture": "#texture" },
				"east": { "uv": [ 15.5, 13, 15.375, 13.125 ], "texture": "#texture" }
			}
		},
		{
			"__comment": "Voxels",
			"from": [ 3, 0, 12 ],
			"to": [ 4.75, 1, 12.25 ],
			"faces": {
				"down": { "uv": [ 8.25, 11, 9.125, 11.125 ], "texture": "#texture" },
				"up": { "uv": [ 7.375, 11.125, 8.25, 11 ], "texture": "#texture" },
				"north": { "uv": [ 9.25, 13.875, 8.375, 14.375 ], "texture": "#texture" },
				"south": { "uv": [ 9.25, 13.875, 10.125, 14.375 ], "texture": "#texture" },
				"west": { "uv": [ 1.25, 10.875, 1.375, 11.375 ], "texture": "#texture" },
				"east": { "uv": [ 5, 0.25, 4.875, 0.75 ], "texture": "#texture" }
			}
		},
		{
			"__comment": "Voxels",
			"from": [ 3, 1, 12.25 ],
			"to": [ 4.25, 1.25, 12.5 ],
			"faces": {
				"down": { "uv": [ 2.875, 6.375, 3.5, 6.5 ], "texture": "#texture" },
				"up": { "uv": [ 2.875, 6.375, 3.5, 6.25 ], "texture": "#texture" },
				"north": { "uv": [ 3.5, 6.125, 2.875, 6.25 ], "texture": "#texture" },
				"south": { "uv": [ 2.875, 6, 3.5, 6.125 ], "texture": "#texture" },
				"west": { "uv": [ 5.25, 8.75, 5.375, 8.875 ], "texture": "#texture" },
				"east": { "uv": [ 5.375, 8.875, 5.25, 9 ], "texture": "#texture" }
			}
		},
		{
			"__comment": "Voxels",
			"from": [ 3.25, 0, 11.75 ],
			"to": [ 5, 1, 12 ],
			"faces": {
				"down": { "uv": [ 13.5, 11.125, 14.375, 11.25 ], "texture": "#texture" },
				"up": { "uv": [ 12.625, 11.25, 13.5, 11.125 ], "texture": "#texture" },
				"north": { "uv": [ 12.75, 13.875, 11.875, 14.375 ], "texture": "#texture" },
				"south": { "uv": [ 12.75, 13.875, 13.625, 14.375 ], "texture": "#texture" },
				"west": { "uv": [ 4.875, 3.75, 5, 4.25 ], "texture": "#texture" },
				"east": { "uv": [ 5, 7.25, 4.875, 7.75 ], "texture": "#texture" }
			}
		},
		{
			"__comment": "Voxels",
			"from": [ 3.25, 1, 12 ],
			"to": [ 4.5, 1.25, 12.25 ],
			"faces": {
				"down": { "uv": [ 2.875, 5.875, 3.5, 6 ], "texture": "#texture" },
				"up": { "uv": [ 2.875, 5.875, 3.5, 5.75 ], "texture": "#texture" },
				"north": { "uv": [ 3.5, 5.625, 2.875, 5.75 ], "texture": "#texture" },
				"south": { "uv": [ 2.25, 0.875, 2.875, 1 ], "texture": "#texture" },
				"west": { "uv": [ 5.125, 1.125, 5.25, 1.25 ], "texture": "#texture" },
				"east": { "uv": [ 5.25, 1.25, 5.125, 1.375 ], "texture": "#texture" }
			}
		},
		{
			"__comment": "Voxels",
			"from": [ 3.5, 0, 11.5 ],
			"to": [ 5.25, 1, 11.75 ],
			"faces": {
				"down": { "uv": [ 10, 11.125, 10.875, 11.25 ], "texture": "#texture" },
				"up": { "uv": [ 9.125, 11.25, 10, 11.125 ], "texture": "#texture" },
				"north": { "uv": [ 2.25, 13.375, 1.375, 13.875 ], "texture": "#texture" },
				"south": { "uv": [ 1.375, 12.875, 2.25, 13.375 ], "texture": "#texture" },
				"west": { "uv": [ 4.75, 3.75, 4.875, 4.25 ], "texture": "#texture" },
				"east": { "uv": [ 4.875, 6.25, 4.75, 6.75 ], "texture": "#texture" }
			}
		},
		{
			"__comment": "Voxels",
			"from": [ 3.5, 1, 11.75 ],
			"to": [ 4.75, 1.25, 12 ],
			"faces": {
				"down": { "uv": [ 2.875, 5.5, 3.5, 5.625 ], "texture": "#texture" },
				"up": { "uv": [ 2.875, 5.5, 3.5, 5.375 ], "texture": "#texture" },
				"north": { "uv": [ 3.5, 5.25, 2.875, 5.375 ], "texture": "#texture" },
				"south": { "uv": [ 2.875, 5.125, 3.5, 5.25 ], "texture": "#texture" },
				"west": { "uv": [ 5.125, 1.625, 5.25, 1.75 ], "texture": "#texture" },
				"east": { "uv": [ 5.25, 1.75, 5.125, 1.875 ], "texture": "#texture" }
			}
		},
		{
			"__comment": "Voxels",
			"from": [ 3.75, 0, 11.25 ],
			"to": [ 5.5, 1, 11.5 ],
			"faces": {
				"down": { "uv": [ 4.75, 11.125, 5.625, 11.25 ], "texture": "#texture" },
				"up": { "uv": [ 3.625, 0.125, 4.5, 0 ], "texture": "#texture" },
				"north": { "uv": [ 2.25, 10.375, 1.375, 10.875 ], "texture": "#texture" },
				"south": { "uv": [ 1.375, 9.875, 2.25, 10.375 ], "texture": "#texture" },
				"west": { "uv": [ 4.75, 9.75, 4.875, 10.25 ], "texture": "#texture" },
				"east": { "uv": [ 3.25, 0.625, 3.125, 1.125 ], "texture": "#texture" }
			}
		},
		{
			"__comment": "Voxels",
			"from": [ 3.75, 1, 11.5 ],
			"to": [ 5, 1.25, 11.75 ],
			"faces": {
				"down": { "uv": [ 2.875, 5, 3.5, 5.125 ], "texture": "#texture" },
				"up": { "uv": [ 2.875, 5, 3.5, 4.875 ], "texture": "#texture" },
				"north": { "uv": [ 3.5, 4.75, 2.875, 4.875 ], "texture": "#texture" },
				"south": { "uv": [ 2.875, 4.625, 3.5, 4.75 ], "texture": "#texture" },
				"west": { "uv": [ 5.125, 1.875, 5.25, 2 ], "texture": "#texture" },
				"east": { "uv": [ 5.25, 2, 5.125, 2.125 ], "texture": "#texture" }
			}
		},
		{
			"__comment": "Voxels",
			"from": [ 4, 0, 11 ],
			"to": [ 5.75, 1, 11.25 ],
			"faces": {
				"down": { "uv": [ 3.625, 0.625, 4.5, 0.75 ], "texture": "#texture" },
				"up": { "uv": [ 3.625, 0.875, 4.5, 0.75 ], "texture": "#texture" },
				"north": { "uv": [ 2.25, 9.375, 1.375, 9.875 ], "texture": "#texture" },
				"south": { "uv": [ 1.375, 8.875, 2.25, 9.375 ], "texture": "#texture" },
				"west": { "uv": [ 3, 1.375, 3.125, 1.875 ], "texture": "#texture" },
				"east": { "uv": [ 3, 1.375, 2.875, 1.875 ], "texture": "#texture" }
			}
		},
		{
			"__comment": "Voxels",
			"from": [ 4, 1, 11.25 ],
			"to": [ 5.25, 1.25, 11.5 ],
			"faces": {
				"down": { "uv": [ 2.875, 4.5, 3.5, 4.625 ], "texture": "#texture" },
				"up": { "uv": [ 2.875, 4.5, 3.5, 4.375 ], "texture": "#texture" },
				"north": { "uv": [ 3.5, 4.25, 2.875, 4.375 ], "texture": "#texture" },
				"south": { "uv": [ 2.875, 4.125, 3.5, 4.25 ], "texture": "#texture" },
				"west": { "uv": [ 5.125, 2.375, 5.25, 2.5 ], "texture": "#texture" },
				"east": { "uv": [ 5.25, 2.5, 5.125, 2.625 ], "texture": "#texture" }
			}
		},
		{
			"__comment": "Voxels",
			"from": [ 4.25, 0, 10.75 ],
			"to": [ 6, 1, 11 ],
			"faces": {
				"down": { "uv": [ 3.625, 0.875, 4.5, 1 ], "texture": "#texture" },
				"up": { "uv": [ 3.625, 1.125, 4.5, 1 ], "texture": "#texture" },
				"north": { "uv": [ 2.25, 6.875, 1.375, 7.375 ], "texture": "#texture" },
				"south": { "uv": [ 1.375, 6.375, 2.25, 6.875 ], "texture": "#texture" },
				"west": { "uv": [ 1.125, 1.75, 1.25, 2.25 ], "texture": "#texture" },
				"east": { "uv": [ 1.375, 8.75, 1.25, 9.25 ], "texture": "#texture" }
			}
		},
		{
			"__comment": "Voxels",
			"from": [ 4.25, 1, 11 ],
			"to": [ 5.5, 1.25, 11.25 ],
			"faces": {
				"down": { "uv": [ 2.875, 4, 3.5, 4.125 ], "texture": "#texture" },
				"up": { "uv": [ 2.875, 3.5, 3.5, 3.375 ], "texture": "#texture" },
				"north": { "uv": [ 3.5, 3.25, 2.875, 3.375 ], "texture": "#texture" },
				"south": { "uv": [ 2.875, 3.125, 3.5, 3.25 ], "texture": "#texture" },
				"west": { "uv": [ 5.125, 2.875, 5.25, 3 ], "texture": "#texture" },
				"east": { "uv": [ 5.25, 4, 5.125, 4.125 ], "texture": "#texture" }
			}
		},
		{
			"__comment": "Voxels",
			"from": [ 4.5, 0, 10.5 ],
			"to": [ 6.25, 1, 10.75 ],
			"faces": {
				"down": { "uv": [ 3.625, 1.125, 4.5, 1.25 ], "texture": "#texture" },
				"up": { "uv": [ 3.625, 1.625, 4.5, 1.5 ], "texture": "#texture" },
				"north": { "uv": [ 2.25, 3.875, 1.375, 4.375 ], "texture": "#texture" },
				"south": { "uv": [ 1.375, 3.375, 2.25, 3.875 ], "texture": "#texture" },
				"west": { "uv": [ 4.875, 0.75, 5, 1.25 ], "texture": "#texture" },
				"east": { "uv": [ 5, 1.25, 4.875, 1.75 ], "texture": "#texture" }
			}
		},
		{
			"__comment": "Voxels",
			"from": [ 4.5, 1, 10.75 ],
			"to": [ 5.75, 1.25, 11 ],
			"faces": {
				"down": { "uv": [ 2.875, 3, 3.5, 3.125 ], "texture": "#texture" },
				"up": { "uv": [ 2.25, 8.625, 2.875, 8.5 ], "texture": "#texture" },
				"north": { "uv": [ 2.875, 8.375, 2.25, 8.5 ], "texture": "#texture" },
				"south": { "uv": [ 2.25, 8.25, 2.875, 8.375 ], "texture": "#texture" },
				"west": { "uv": [ 5.125, 4.75, 5.25, 4.875 ], "texture": "#texture" },
				"east": { "uv": [ 5.25, 4.875, 5.125, 5 ], "texture": "#texture" }
			}
		},
		{
			"__comment": "Voxels",
			"from": [ 4.75, 0, 10.25 ],
			"to": [ 6.5, 1, 10.5 ],
			"faces": {
				"down": { "uv": [ 3.625, 1.875, 4.5, 2 ], "texture": "#texture" },
				"up": { "uv": [ 5.625, 10.875, 6.5, 10.75 ], "texture": "#texture" },
				"north": { "uv": [ 2.25, 1.375, 1.375, 1.875 ], "texture": "#texture" },
				"south": { "uv": [ 1.375, 0.875, 2.25, 1.375 ], "texture": "#texture" },
				"west": { "uv": [ 4.875, 5.25, 5, 5.75 ], "texture": "#texture" },
				"east": { "uv": [ 5, 5.75, 4.875, 6.25 ], "texture": "#texture" }
			}
		},
		{
			"__comment": "Voxels",
			"from": [ 4.75, 1, 10.5 ],
			"to": [ 6, 1.25, 10.75 ],
			"faces": {
				"down": { "uv": [ 2.25, 8.125, 2.875, 8.25 ], "texture": "#texture" },
				"up": { "uv": [ 2.25, 8.125, 2.875, 8 ], "texture": "#texture" },
				"north": { "uv": [ 2.875, 7.875, 2.25, 8 ], "texture": "#texture" },
				"south": { "uv": [ 2.25, 7.75, 2.875, 7.875 ], "texture": "#texture" },
				"west": { "uv": [ 5.125, 5.5, 5.25, 5.625 ], "texture": "#texture" },
				"east": { "uv": [ 5.25, 5.625, 5.125, 5.75 ], "texture": "#texture" }
			}
		},
		{
			"__comment": "Voxels",
			"from": [ 5, 0, 10 ],
			"to": [ 6.75, 1, 10.25 ],
			"faces": {
				"down": { "uv": [ 5.625, 10.875, 6.5, 11 ], "texture": "#texture" },
				"up": { "uv": [ 4.75, 11, 5.625, 10.875 ], "texture": "#texture" },
				"north": { "uv": [ 4, 13.875, 3.125, 14.375 ], "texture": "#texture" },
				"south": { "uv": [ 4, 13.875, 4.875, 14.375 ], "texture": "#texture" },
				"west": { "uv": [ 4.875, 8.75, 5, 9.25 ], "texture": "#texture" },
				"east": { "uv": [ 5, 9.25, 4.875, 9.75 ], "texture": "#texture" }
			}
		},
		{
			"__comment": "Voxels",
			"from": [ 5, 1, 10.25 ],
			"to": [ 6.25, 1.25, 10.5 ],
			"faces": {
				"down": { "uv": [ 2.25, 7.625, 2.875, 7.75 ], "texture": "#texture" },
				"up": { "uv": [ 2.25, 7.625, 2.875, 7.5 ], "texture": "#texture" },
				"north": { "uv": [ 2.875, 7.375, 2.25, 7.5 ], "texture": "#texture" },
				"south": { "uv": [ 2.25, 7.25, 2.875, 7.375 ], "texture": "#texture" },
				"west": { "uv": [ 5.125, 5.75, 5.25, 5.875 ], "texture": "#texture" },
				"east": { "uv": [ 5.25, 5.875, 5.125, 6 ], "texture": "#texture" }
			}
		},
		{
			"__comment": "Voxels",
			"from": [ 5.25, 0, 9.75 ],
			"to": [ 7, 1, 10 ],
			"faces": {
				"down": { "uv": [ 13.5, 11, 14.375, 11.125 ], "texture": "#texture" },
				"up": { "uv": [ 12.625, 11.125, 13.5, 11 ], "texture": "#texture" },
				"north": { "uv": [ 2.25, 8.375, 1.375, 8.875 ], "texture": "#texture" },
				"south": { "uv": [ 1.375, 7.875, 2.25, 8.375 ], "texture": "#texture" },
				"west": { "uv": [ 4.75, 4.25, 4.875, 4.75 ], "texture": "#texture" },
				"east": { "uv": [ 4.875, 4.75, 4.75, 5.25 ], "texture": "#texture" }
			}
		},
		{
			"__comment": "Voxels",
			"from": [ 5.25, 1, 10 ],
			"to": [ 6.5, 1.25, 10.25 ],
			"faces": {
				"down": { "uv": [ 2.25, 7.125, 2.875, 7.25 ], "texture": "#texture" },
				"up": { "uv": [ 2.25, 7.125, 2.875, 7 ], "texture": "#texture" },
				"north": { "uv": [ 2.875, 6.875, 2.25, 7 ], "texture": "#texture" },
				"south": { "uv": [ 2.25, 6.75, 2.875, 6.875 ], "texture": "#texture" },
				"west": { "uv": [ 5.125, 6.5, 5.25, 6.625 ], "texture": "#texture" },
				"east": { "uv": [ 5.25, 6.625, 5.125, 6.75 ], "texture": "#texture" }
			}
		},
		{
			"__comment": "Voxels",
			"from": [ 5.5, 0, 9.5 ],
			"to": [ 7.25, 1, 9.75 ],
			"faces": {
				"down": { "uv": [ 11.75, 10.875, 12.625, 11 ], "texture": "#texture" },
				"up": { "uv": [ 3.625, 0.5, 4.5, 0.375 ], "texture": "#texture" },
				"north": { "uv": [ 15.375, 13.875, 14.5, 14.375 ], "texture": "#texture" },
				"south": { "uv": [ 4.875, 13.875, 5.75, 14.375 ], "texture": "#texture" },
				"west": { "uv": [ 4.75, 8.75, 4.875, 9.25 ], "texture": "#texture" },
				"east": { "uv": [ 4.875, 9.25, 4.75, 9.75 ], "texture": "#texture" }
			}
		},
		{
			"__comment": "Voxels",
			"from": [ 5.5, 1, 9.75 ],
			"to": [ 6.75, 1.25, 10 ],
			"faces": {
				"down": { "uv": [ 2.25, 6.625, 2.875, 6.75 ], "texture": "#texture" },
				"up": { "uv": [ 2.25, 6.625, 2.875, 6.5 ], "texture": "#texture" },
				"north": { "uv": [ 2.875, 6.375, 2.25, 6.5 ], "texture": "#texture" },
				"south": { "uv": [ 2.25, 6.25, 2.875, 6.375 ], "texture": "#texture" },
				"west": { "uv": [ 5.125, 7.25, 5.25, 7.375 ], "texture": "#texture" },
				"east": { "uv": [ 5.25, 7.375, 5.125, 7.5 ], "texture": "#texture" }
			}
		},
		{
			"__comment": "Voxels",
			"from": [ 5.75, 0, 9.25 ],
			"to": [ 7.5, 1, 9.5 ],
			"faces": {
				"down": { "uv": [ 3.625, 0.5, 4.5, 0.625 ], "texture": "#texture" },
				"up": { "uv": [ 11.75, 11.125, 12.625, 11 ], "texture": "#texture" },
				"north": { "uv": [ 2.25, 11.875, 1.375, 12.375 ], "texture": "#texture" },
				"south": { "uv": [ 1.375, 12.375, 2.25, 12.875 ], "texture": "#texture" },
				"west": { "uv": [ 3.375, 0.625, 3.5, 1.125 ], "texture": "#texture" },
				"east": { "uv": [ 3.375, 0.625, 3.25, 1.125 ], "texture": "#texture" }
			}
		},
		{
			"__comment": "Voxels",
			"from": [ 5.75, 1, 9.5 ],
			"to": [ 7, 1.25, 9.75 ],
			"faces": {
				"down": { "uv": [ 2.25, 6.125, 2.875, 6.25 ], "texture": "#texture" },
				"up": { "uv": [ 2.25, 6.125, 2.875, 6 ], "texture": "#texture" },
				"north": { "uv": [ 2.875, 5.875, 2.25, 6 ], "texture": "#texture" },
				"south": { "uv": [ 2.25, 5.75, 2.875, 5.875 ], "texture": "#texture" },
				"west": { "uv": [ 5.125, 7.75, 5.25, 7.875 ], "texture": "#texture" },
				"east": { "uv": [ 5.25, 7.875, 5.125, 8 ], "texture": "#texture" }
			}
		},
		{
			"__comment": "Voxels",
			"from": [ 6, 0, 9 ],
			"to": [ 7.75, 1, 9.25 ],
			"faces": {
				"down": { "uv": [ 12.625, 10.875, 13.5, 11 ], "texture": "#texture" },
				"up": { "uv": [ 13.5, 11, 14.375, 10.875 ], "texture": "#texture" },
				"north": { "uv": [ 3.125, 13.875, 2.25, 14.375 ], "texture": "#texture" },
				"south": { "uv": [ 1.375, 13.875, 2.25, 14.375 ], "texture": "#texture" },
				"west": { "uv": [ 3.375, 1.375, 3.5, 1.875 ], "texture": "#texture" },
				"east": { "uv": [ 3.375, 1.375, 3.25, 1.875 ], "texture": "#texture" }
			}
		},
		{
			"__comment": "Voxels",
			"from": [ 6, 1, 9.25 ],
			"to": [ 7.25, 1.25, 9.5 ],
			"faces": {
				"down": { "uv": [ 2.25, 5.625, 2.875, 5.75 ], "texture": "#texture" },
				"up": { "uv": [ 2.25, 5.625, 2.875, 5.5 ], "texture": "#texture" },
				"north": { "uv": [ 2.875, 5.375, 2.25, 5.5 ], "texture": "#texture" },
				"south": { "uv": [ 2.25, 5.25, 2.875, 5.375 ], "texture": "#texture" },
				"west": { "uv": [ 15.375, 10.625, 15.5, 10.75 ], "texture": "#texture" },
				"east": { "uv": [ 15.375, 10.625, 15.25, 10.75 ], "texture": "#texture" }
			}
		},
		{
			"__comment": "Voxels",
			"from": [ 6.25, 0, 8.75 ],
			"to": [ 8, 1, 9 ],
			"faces": {
				"down": { "uv": [ 6.5, 10.75, 7.375, 10.875 ], "texture": "#texture" },
				"up": { "uv": [ 3.625, 2.125, 4.5, 2 ], "texture": "#texture" },
				"north": { "uv": [ 2.25, 1.875, 1.375, 2.375 ], "texture": "#texture" },
				"south": { "uv": [ 1.375, 2.375, 2.25, 2.875 ], "texture": "#texture" },
				"west": { "uv": [ 3.375, 2.5, 3.5, 3 ], "texture": "#texture" },
				"east": { "uv": [ 3.375, 2.5, 3.25, 3 ], "texture": "#texture" }
			}
		},
		{
			"__comment": "Voxels",
			"from": [ 6.25, 1, 9 ],
			"to": [ 7.5, 1.25, 9.25 ],
			"faces": {
				"down": { "uv": [ 2.25, 5.125, 2.875, 5.25 ], "texture": "#texture" },
				"up": { "uv": [ 2.25, 5.125, 2.875, 5 ], "texture": "#texture" },
				"north": { "uv": [ 2.875, 4.875, 2.25, 5 ], "texture": "#texture" },
				"south": { "uv": [ 2.25, 4.75, 2.875, 4.875 ], "texture": "#texture" },
				"west": { "uv": [ 13.125, 10.625, 13.25, 10.75 ], "texture": "#texture" },
				"east": { "uv": [ 13.125, 10.625, 13, 10.75 ], "texture": "#texture" }
			}
		},
		{
			"__comment": "Voxels",
			"from": [ 6.5, 0, 8.5 ],
			"to": [ 8.25, 1, 8.75 ],
			"faces": {
				"down": { "uv": [ 3.625, 1.375, 4.5, 1.5 ], "texture": "#texture" },
				"up": { "uv": [ 3.625, 1.375, 4.5, 1.25 ], "texture": "#texture" },
				"north": { "uv": [ 2.25, 4.375, 1.375, 4.875 ], "texture": "#texture" },
				"south": { "uv": [ 1.375, 5.875, 2.25, 6.375 ], "texture": "#texture" },
				"west": { "uv": [ 2.75, 10.875, 2.875, 11.375 ], "texture": "#texture" },
				"east": { "uv": [ 1.375, 13.5, 1.25, 14 ], "texture": "#texture" }
			}
		},
		{
			"__comment": "Voxels",
			"from": [ 6.5, 1, 8.75 ],
			"to": [ 7.75, 1.25, 9 ],
			"faces": {
				"down": { "uv": [ 2.25, 4.625, 2.875, 4.75 ], "texture": "#texture" },
				"up": { "uv": [ 2.25, 4.625, 2.875, 4.5 ], "texture": "#texture" },
				"north": { "uv": [ 2.875, 4.375, 2.25, 4.5 ], "texture": "#texture" },
				"south": { "uv": [ 2.25, 4.25, 2.875, 4.375 ], "texture": "#texture" },
				"west": { "uv": [ 12.75, 10.625, 12.875, 10.75 ], "texture": "#texture" },
				"east": { "uv": [ 12.5, 10.625, 12.375, 10.75 ], "texture": "#texture" }
			}
		},
		{
			"__comment": "Voxels",
			"from": [ 6.75, 0, 8.25 ],
			"to": [ 8.5, 1, 8.5 ],
			"faces": {
				"down": { "uv": [ 3.625, 0.25, 4.5, 0.375 ], "texture": "#texture" },
				"up": { "uv": [ 3.625, 0.25, 4.5, 0.125 ], "texture": "#texture" },
				"north": { "uv": [ 2.25, 10.875, 1.375, 11.375 ], "texture": "#texture" },
				"south": { "uv": [ 1.375, 11.375, 2.25, 11.875 ], "texture": "#texture" },
				"west": { "uv": [ 1.25, 11.375, 1.375, 11.875 ], "texture": "#texture" },
				"east": { "uv": [ 1.375, 12.875, 1.25, 13.375 ], "texture": "#texture" }
			}
		},
		{
			"__comment": "Voxels",
			"from": [ 6.75, 1, 8.5 ],
			"to": [ 8, 1.25, 8.75 ],
			"faces": {
				"down": { "uv": [ 2.25, 4.125, 2.875, 4.25 ], "texture": "#texture" },
				"up": { "uv": [ 2.25, 4.125, 2.875, 4 ], "texture": "#texture" },
				"north": { "uv": [ 2.875, 3.875, 2.25, 4 ], "texture": "#texture" },
				"south": { "uv": [ 2.25, 3.75, 2.875, 3.875 ], "texture": "#texture" },
				"west": { "uv": [ 11.75, 10.625, 11.875, 10.75 ], "texture": "#texture" },
				"east": { "uv": [ 11.75, 10.625, 11.625, 10.75 ], "texture": "#texture" }
			}
		},
		{
			"__comment": "Voxels",
			"from": [ 7, 0, 8 ],
			"to": [ 8.75, 1, 8.25 ],
			"faces": {
				"down": { "uv": [ 10.875, 11.125, 11.75, 11.25 ], "texture": "#texture" },
				"up": { "uv": [ 11.75, 11.25, 12.625, 11.125 ], "texture": "#texture" },
				"north": { "uv": [ 14.5, 13.875, 13.625, 14.375 ], "texture": "#texture" },
				"south": { "uv": [ 7.5, 13.875, 8.375, 14.375 ], "texture": "#texture" },
				"west": { "uv": [ 4.875, 1.75, 5, 2.25 ], "texture": "#texture" },
				"east": { "uv": [ 5, 2.25, 4.875, 2.75 ], "texture": "#texture" }
			}
		},
		{
			"__comment": "Voxels",
			"from": [ 7, 1, 8.25 ],
			"to": [ 8.25, 1.25, 8.5 ],
			"faces": {
				"down": { "uv": [ 2.25, 3.625, 2.875, 3.75 ], "texture": "#texture" },
				"up": { "uv": [ 2.25, 3.625, 2.875, 3.5 ], "texture": "#texture" },
				"north": { "uv": [ 2.875, 3.375, 2.25, 3.5 ], "texture": "#texture" },
				"south": { "uv": [ 2.25, 3.25, 2.875, 3.375 ], "texture": "#texture" },
				"west": { "uv": [ 10.875, 10.625, 11, 10.75 ], "texture": "#texture" },
				"east": { "uv": [ 10.875, 10.625, 10.75, 10.75 ], "texture": "#texture" }
			}
		},
		{
			"__comment": "Voxels",
			"from": [ 7.25, 0, 7.75 ],
			"to": [ 9, 1, 8 ],
			"faces": {
				"down": { "uv": [ 14.375, 11.125, 15.25, 11.25 ], "texture": "#texture" },
				"up": { "uv": [ 4.75, 11.125, 5.625, 11 ], "texture": "#texture" },
				"north": { "uv": [ 11.875, 13.875, 11, 14.375 ], "texture": "#texture" },
				"south": { "uv": [ 10.125, 13.875, 11, 14.375 ], "texture": "#texture" },
				"west": { "uv": [ 4.875, 4.25, 5, 4.75 ], "texture": "#texture" },
				"east": { "uv": [ 5, 4.75, 4.875, 5.25 ], "texture": "#texture" }
			}
		},
		{
			"__comment": "Voxels",
			"from": [ 7.25, 1, 8 ],
			"to": [ 8.5, 1.25, 8.25 ],
			"faces": {
				"down": { "uv": [ 2.25, 3.125, 2.875, 3.25 ], "texture": "#texture" },
				"up": { "uv": [ 2.25, 3.125, 2.875, 3 ], "texture": "#texture" },
				"north": { "uv": [ 2.875, 2.875, 2.25, 3 ], "texture": "#texture" },
				"south": { "uv": [ 2.25, 2.75, 2.875, 2.875 ], "texture": "#texture" },
				"west": { "uv": [ 10.125, 10.625, 10.25, 10.75 ], "texture": "#texture" },
				"east": { "uv": [ 10.125, 10.625, 10, 10.75 ], "texture": "#texture" }
			}
		},
		{
			"__comment": "Voxels",
			"from": [ 7.5, 0, 7.5 ],
			"to": [ 9.5, 1, 7.75 ],
			"faces": {
				"down": { "uv": [ 3.625, 6.625, 4.625, 6.75 ], "texture": "#texture" },
				"up": { "uv": [ 3.625, 6.625, 4.625, 6.5 ], "texture": "#texture" },
				"north": { "uv": [ 1, 2.75, 0, 3.25 ], "texture": "#texture" },
				"south": { "uv": [ 0, 2.25, 1, 2.75 ], "texture": "#texture" },
				"west": { "uv": [ 4.875, 6.25, 5, 6.75 ], "texture": "#texture" },
				"east": { "uv": [ 5, 6.75, 4.875, 7.25 ], "texture": "#texture" }
			}
		},
		{
			"__comment": "Voxels",
			"from": [ 7.5, 1, 7.75 ],
			"to": [ 8.75, 1.25, 8 ],
			"faces": {
				"down": { "uv": [ 2.25, 2.625, 2.875, 2.75 ], "texture": "#texture" },
				"up": { "uv": [ 2.25, 2.625, 2.875, 2.5 ], "texture": "#texture" },
				"north": { "uv": [ 2.875, 2.375, 2.25, 2.5 ], "texture": "#texture" },
				"south": { "uv": [ 2.25, 2.25, 2.875, 2.375 ], "texture": "#texture" },
				"west": { "uv": [ 9.625, 10.625, 9.75, 10.75 ], "texture": "#texture" },
				"east": { "uv": [ 9.625, 10.625, 9.5, 10.75 ], "texture": "#texture" }
			}
		},
		{
			"__comment": "Voxels",
			"from": [ 7.75, 0, 7.25 ],
			"to": [ 9.75, 1, 7.5 ],
			"faces": {
				"down": { "uv": [ 3.625, 5.375, 4.625, 5.5 ], "texture": "#texture" },
				"up": { "uv": [ 3.625, 5.125, 4.625, 5 ], "texture": "#texture" },
				"north": { "uv": [ 1, 3.25, 0, 3.75 ], "texture": "#texture" },
				"south": { "uv": [ 0, 3.75, 1, 4.25 ], "texture": "#texture" },
				"west": { "uv": [ 4.875, 7.75, 5, 8.25 ], "texture": "#texture" },
				"east": { "uv": [ 5, 8.25, 4.875, 8.75 ], "texture": "#texture" }
			}
		},
		{
			"__comment": "Voxels",
			"from": [ 7.75, 1, 7.5 ],
			"to": [ 9, 1.25, 7.75 ],
			"faces": {
				"down": { "uv": [ 2.25, 2.125, 2.875, 2.25 ], "texture": "#texture" },
				"up": { "uv": [ 2.25, 2.125, 2.875, 2 ], "texture": "#texture" },
				"north": { "uv": [ 2.875, 1.875, 2.25, 2 ], "texture": "#texture" },
				"south": { "uv": [ 2.25, 1.75, 2.875, 1.875 ], "texture": "#texture" },
				"west": { "uv": [ 8.875, 10.625, 9, 10.75 ], "texture": "#texture" },
				"east": { "uv": [ 5.125, 0, 5, 0.125 ], "texture": "#texture" }
			}
		},
		{
			"__comment": "Voxels",
			"from": [ 8, 0, 7 ],
			"to": [ 10.25, 1, 7.25 ],
			"faces": {
				"down": { "uv": [ 3.625, 9.75, 4.75, 9.875 ], "texture": "#texture" },
				"up": { "uv": [ 3.625, 9.75, 4.75, 9.625 ], "texture": "#texture" },
				"north": { "uv": [ 1.125, 6.75, 0, 7.25 ], "texture": "#texture" },
				"south": { "uv": [ 0, 8.25, 1.125, 8.75 ], "texture": "#texture" },
				"west": { "uv": [ 4.875, 9.75, 5, 10.25 ], "texture": "#texture" },
				"east": { "uv": [ 5, 10.25, 4.875, 10.75 ], "texture": "#texture" }
			}
		},
		{
			"__comment": "Voxels",
			"from": [ 8, 1, 7.25 ],
			"to": [ 9.5, 1.25, 7.5 ],
			"faces": {
				"down": { "uv": [ 2.875, 9.875, 3.625, 10 ], "texture": "#texture" },
				"up": { "uv": [ 2.875, 11.125, 3.625, 11 ], "texture": "#texture" },
				"north": { "uv": [ 3.625, 10.875, 2.875, 11 ], "texture": "#texture" },
				"south": { "uv": [ 2.875, 10.75, 3.625, 10.875 ], "texture": "#texture" },
				"west": { "uv": [ 4.625, 2.125, 4.75, 2.25 ], "texture": "#texture" },
				"east": { "uv": [ 4.75, 2.25, 4.625, 2.375 ], "texture": "#texture" }
			}
		},
		{
			"__comment": "Voxels",
			"from": [ 8.25, 0, 6.5 ],
			"to": [ 10.75, 1, 6.75 ],
			"faces": {
				"down": { "uv": [ 6.125, 11.625, 7.375, 11.75 ], "texture": "#texture" },
				"up": { "uv": [ 7.375, 11.75, 8.625, 11.625 ], "texture": "#texture" },
				"north": { "uv": [ 1.25, 12.875, 0, 13.375 ], "texture": "#texture" },
				"south": { "uv": [ 0, 8.75, 1.25, 9.25 ], "texture": "#texture" },
				"west": { "uv": [ 4.75, 1.25, 4.875, 1.75 ], "texture": "#texture" },
				"east": { "uv": [ 4.875, 1.75, 4.75, 2.25 ], "texture": "#texture" }
			}
		},
		{
			"__comment": "Voxels",
			"from": [ 8.25, 0, 6.75 ],
			"to": [ 10.5, 0.25, 7 ],
			"faces": {
				"down": { "uv": [ 3.625, 11.125, 4.75, 11.25 ], "texture": "#texture" },
				"up": { "uv": [ 5.875, 11.375, 7, 11.25 ], "texture": "#texture" },
				"north": { "uv": [ 9.25, 11.375, 8.125, 11.5 ], "texture": "#texture" },
				"south": { "uv": [ 7, 11.375, 8.125, 11.5 ], "texture": "#texture" },
				"west": { "uv": [ 4.625, 2.625, 4.75, 2.75 ], "texture": "#texture" },
				"east": { "uv": [ 4.75, 2.75, 4.625, 2.875 ], "texture": "#texture" }
			}
		},
		{
			"__comment": "Voxels",
			"from": [ 8.25, 0.25, 6.75 ],
			"to": [ 8.5, 1, 7 ],
			"faces": {
				"down": { "uv": [ 4.625, 3.375, 4.75, 3.5 ], "texture": "#texture" },
				"up": { "uv": [ 4.625, 3.625, 4.75, 3.5 ], "texture": "#texture" },
				"north": { "uv": [ 5.125, 1.625, 5, 2 ], "texture": "#texture" },
				"south": { "uv": [ 5, 2, 5.125, 2.375 ], "texture": "#texture" },
				"west": { "uv": [ 5, 2.375, 5.125, 2.75 ], "texture": "#texture" },
				"east": { "uv": [ 5.125, 2.75, 5, 3.125 ], "texture": "#texture" }
			}
		},
		{
			"__comment": "Voxels",
			"from": [ 8.25, 1, 7 ],
			"to": [ 9.5, 1.25, 7.25 ],
			"faces": {
				"down": { "uv": [ 2.25, 1.625, 2.875, 1.75 ], "texture": "#texture" },
				"up": { "uv": [ 2.25, 1.625, 2.875, 1.5 ], "texture": "#texture" },
				"north": { "uv": [ 2.875, 1.375, 2.25, 1.5 ], "texture": "#texture" },
				"south": { "uv": [ 2.25, 1.25, 2.875, 1.375 ], "texture": "#texture" },
				"west": { "uv": [ 4.625, 3.625, 4.75, 3.75 ], "texture": "#texture" },
				"east": { "uv": [ 4.75, 3.75, 4.625, 3.875 ], "texture": "#texture" }
			}
		},
		{
			"__comment": "Voxels",
			"from": [ 8.5, 0.5, 6.75 ],
			"to": [ 10.5, 1, 7 ],
			"faces": {
				"down": { "uv": [ 3.625, 4.625, 4.625, 4.75 ], "texture": "#texture" },
				"up": { "uv": [ 3.625, 4.375, 4.625, 4.25 ], "texture": "#texture" },
				"north": { "uv": [ 5.375, 13.25, 4.375, 13.5 ], "texture": "#texture" },
				"south": { "uv": [ 7.875, 13.25, 8.875, 13.5 ], "texture": "#texture" },
				"west": { "uv": [ 4.625, 0, 4.75, 0.25 ], "texture": "#texture" },
				"east": { "uv": [ 4.625, 0, 4.5, 0.25 ], "texture": "#texture" }
			}
		},
		{
			"__comment": "Voxels",
			"from": [ 8.5, 1, 6.5 ],
			"to": [ 10.5, 1.25, 6.75 ],
			"faces": {
				"down": { "uv": [ 3.625, 5.25, 4.625, 5.375 ], "texture": "#texture" },
				"up": { "uv": [ 3.625, 4.25, 4.625, 4.125 ], "texture": "#texture" },
				"north": { "uv": [ 4.625, 4, 3.625, 4.125 ], "texture": "#texture" },
				"south": { "uv": [ 3.625, 3.875, 4.625, 4 ], "texture": "#texture" },
				"west": { "uv": [ 4.625, 5, 4.75, 5.125 ], "texture": "#texture" },
				"east": { "uv": [ 4.75, 6.375, 4.625, 6.5 ], "texture": "#texture" }
			}
		},
		{
			"__comment": "Voxels",
			"from": [ 8.5, 1, 6.75 ],
			"to": [ 10, 1.25, 7 ],
			"faces": {
				"down": { "uv": [ 2.875, 11.625, 3.625, 11.75 ], "texture": "#texture" },
				"up": { "uv": [ 2.875, 11.625, 3.625, 11.5 ], "texture": "#texture" },
				"north": { "uv": [ 3.625, 11.375, 2.875, 11.5 ], "texture": "#texture" },
				"south": { "uv": [ 2.875, 11.25, 3.625, 11.375 ], "texture": "#texture" },
				"west": { "uv": [ 4.625, 6.5, 4.75, 6.625 ], "texture": "#texture" },
				"east": { "uv": [ 4.75, 6.625, 4.625, 6.75 ], "texture": "#texture" }
			}
		},
		{
			"__comment": "Voxels",
			"from": [ 8.75, 0, 6 ],
			"to": [ 11.25, 0.25, 6.25 ],
			"faces": {
				"down": { "uv": [ 8.625, 11.625, 9.875, 11.75 ], "texture": "#texture" },
				"up": { "uv": [ 9.875, 11.75, 11.125, 11.625 ], "texture": "#texture" },
				"north": { "uv": [ 12.375, 11.625, 11.125, 11.75 ], "texture": "#texture" },
				"south": { "uv": [ 12.375, 11.625, 13.625, 11.75 ], "texture": "#texture" },
				"west": { "uv": [ 4.625, 6.75, 4.75, 6.875 ], "texture": "#texture" },
				"east": { "uv": [ 4.75, 6.875, 4.625, 7 ], "texture": "#texture" }
			}
		},
		{
			"__comment": "Voxels",
			"from": [ 8.75, 0, 6.25 ],
			"to": [ 11, 1, 6.5 ],
			"faces": {
				"down": { "uv": [ 13.75, 11.25, 14.875, 11.375 ], "texture": "#texture" },
				"up": { "uv": [ 14.875, 11.375, 16, 11.25 ], "texture": "#texture" },
				"north": { "uv": [ 1.125, 5.25, 0, 5.75 ], "texture": "#texture" },
				"south": { "uv": [ 0, 4.75, 1.125, 5.25 ], "texture": "#texture" },
				"west": { "uv": [ 3, 0.625, 3.125, 1.125 ], "texture": "#texture" },
				"east": { "uv": [ 3, 0.625, 2.875, 1.125 ], "texture": "#texture" }
			}
		},
		{
			"__comment": "Voxels",
			"from": [ 8.75, 0.25, 6 ],
			"to": [ 9, 1, 6.25 ],
			"faces": {
				"down": { "uv": [ 4.625, 7.25, 4.75, 7.375 ], "texture": "#texture" },
				"up": { "uv": [ 4.625, 7.5, 4.75, 7.375 ], "texture": "#texture" },
				"north": { "uv": [ 5.125, 4.625, 5, 5 ], "texture": "#texture" },
				"south": { "uv": [ 5, 5, 5.125, 5.375 ], "texture": "#texture" },
				"west": { "uv": [ 5, 5.375, 5.125, 5.75 ], "texture": "#texture" },
				"east": { "uv": [ 1.375, 4.375, 1.25, 4.75 ], "texture": "#texture" }
			}
		},
		{
			"__comment": "Voxels",
			"from": [ 9, 0, 5.75 ],
			"to": [ 13.25, 1, 6 ],
			"faces": {
				"down": { "uv": [ 12.5, 12.625, 14.625, 12.75 ], "texture": "#texture" },
				"up": { "uv": [ 10.375, 12.625, 12.5, 12.5 ], "texture": "#texture" },
				"north": { "uv": [ 8.75, 15, 6.625, 15.5 ], "texture": "#texture" },
				"south": { "uv": [ 4.5, 15, 6.625, 15.5 ], "texture": "#texture" },
				"west": { "uv": [ 3.125, 2.5, 3.25, 3 ], "texture": "#texture" },
				"east": { "uv": [ 3.125, 2.5, 3, 3 ], "texture": "#texture" }
			}
		},
		{
			"__comment": "Voxels",
			"from": [ 9, 0.5, 6 ],
			"to": [ 11.25, 1, 6.25 ],
			"faces": {
				"down": { "uv": [ 3.625, 10, 4.75, 10.125 ], "texture": "#texture" },
				"up": { "uv": [ 3.625, 10, 4.75, 9.875 ], "texture": "#texture" },
				"north": { "uv": [ 16, 13.25, 14.875, 13.5 ], "texture": "#texture" },
				"south": { "uv": [ 2.875, 12.5, 4, 12.75 ], "texture": "#texture" },
				"west": { "uv": [ 14.75, 13.25, 14.875, 13.5 ], "texture": "#texture" },
				"east": { "uv": [ 14.75, 13.25, 14.625, 13.5 ], "texture": "#texture" }
			}
		},
		{
			"__comment": "Voxels",
			"from": [ 9, 1, 6 ],
			"to": [ 11, 1.25, 6.25 ],
			"faces": {
				"down": { "uv": [ 3.625, 5.875, 4.625, 6 ], "texture": "#texture" },
				"up": { "uv": [ 3.625, 6.25, 4.625, 6.125 ], "texture": "#texture" },
				"north": { "uv": [ 4.625, 7.125, 3.625, 7.25 ], "texture": "#texture" },
				"south": { "uv": [ 3.625, 7.5, 4.625, 7.625 ], "texture": "#texture" },
				"west": { "uv": [ 3.5, 5.875, 3.625, 6 ], "texture": "#texture" },
				"east": { "uv": [ 3.625, 6, 3.5, 6.125 ], "texture": "#texture" }
			}
		},
		{
			"__comment": "Voxels",
			"from": [ 9, 1, 6.25 ],
			"to": [ 10.5, 1.25, 6.5 ],
			"faces": {
				"down": { "uv": [ 2.875, 10.25, 3.625, 10.375 ], "texture": "#texture" },
				"up": { "uv": [ 2.875, 10.25, 3.625, 10.125 ], "texture": "#texture" },
				"north": { "uv": [ 3.625, 10, 2.875, 10.125 ], "texture": "#texture" },
				"south": { "uv": [ 3.625, 13.25, 4.375, 13.375 ], "texture": "#texture" },
				"west": { "uv": [ 3.5, 6.125, 3.625, 6.25 ], "texture": "#texture" },
				"east": { "uv": [ 3.625, 6.25, 3.5, 6.375 ], "texture": "#texture" }
			}
		},
		{
			"__comment": "Voxels",
			"from": [ 9.25, 0, 5.25 ],
			"to": [ 14.25, 1, 5.5 ],
			"faces": {
				"down": { "uv": [ 13, 13.125, 15.5, 13.25 ], "texture": "#texture" },
				"up": { "uv": [ 10.5, 13.25, 13, 13.125 ], "texture": "#texture" },
				"north": { "uv": [ 5, 15.5, 2.5, 16 ], "texture": "#texture" },
				"south": { "uv": [ 0, 15.5, 2.5, 16 ], "texture": "#texture" },
				"west": { "uv": [ 1.25, 9.875, 1.375, 10.375 ], "texture": "#texture" },
				"east": { "uv": [ 1.375, 10.375, 1.25, 10.875 ], "texture": "#texture" }
			}
		},
		{
			"__comment": "Voxels",
			"from": [ 9.25, 0, 5.5 ],
			"to": [ 13.5, 0.25, 5.75 ],
			"faces": {
				"down": { "uv": [ 7.875, 14.625, 10, 14.75 ], "texture": "#texture" },
				"up": { "uv": [ 6.125, 12.625, 8.25, 12.5 ], "texture": "#texture" },
				"north": { "uv": [ 10.375, 12.625, 8.25, 12.75 ], "texture": "#texture" },
				"south": { "uv": [ 8.25, 12.5, 10.375, 12.625 ], "texture": "#texture" },
				"west": { "uv": [ 3.5, 7.125, 3.625, 7.25 ], "texture": "#texture" },
				"east": { "uv": [ 3.625, 7.25, 3.5, 7.375 ], "texture": "#texture" }
			}
		},
		{
			"__comment": "Voxels",
			"from": [ 9.25, 0.25, 5.5 ],
			"to": [ 9.5, 1.25, 5.75 ],
			"faces": {
				"down": { "uv": [ 3.5, 7.375, 3.625, 7.5 ], "texture": "#texture" },
				"up": { "uv": [ 3.5, 7.75, 3.625, 7.625 ], "texture": "#texture" },
				"north": { "uv": [ 5.125, 9.75, 5, 10.25 ], "texture": "#texture" },
				"south": { "uv": [ 5, 10.25, 5.125, 10.75 ], "texture": "#texture" },
				"west": { "uv": [ 4.75, 7.75, 4.875, 8.25 ], "texture": "#texture" },
				"east": { "uv": [ 4.875, 8.25, 4.75, 8.75 ], "texture": "#texture" }
			}
		},
		{
			"__comment": "Voxels",
			"from": [ 9.25, 0.25, 6 ],
			"to": [ 9.5, 0.5, 6.25 ],
			"faces": {
				"down": { "uv": [ 5.125, 8, 5.25, 8.125 ], "texture": "#texture" },
				"up": { "uv": [ 5.125, 8.25, 5.25, 8.125 ], "texture": "#texture" },
				"north": { "uv": [ 14.75, 10.625, 14.625, 10.75 ], "texture": "#texture" },
				"south": { "uv": [ 14.5, 10.625, 14.625, 10.75 ], "texture": "#texture" },
				"west": { "uv": [ 10.375, 10.625, 10.5, 10.75 ], "texture": "#texture" },
				"east": { "uv": [ 10.375, 10.625, 10.25, 10.75 ], "texture": "#texture" }
			}
		},
		{
			"__comment": "Voxels",
			"from": [ 9.25, 1, 5.75 ],
			"to": [ 11.25, 1.25, 6 ],
			"faces": {
				"down": { "uv": [ 3.625, 3.5, 4.625, 3.625 ], "texture": "#texture" },
				"up": { "uv": [ 3.625, 3.375, 4.625, 3.25 ], "texture": "#texture" },
				"north": { "uv": [ 4.625, 6.375, 3.625, 6.5 ], "texture": "#texture" },
				"south": { "uv": [ 3.625, 5.125, 4.625, 5.25 ], "texture": "#texture" },
				"west": { "uv": [ 4.625, 5.125, 4.75, 5.25 ], "texture": "#texture" },
				"east": { "uv": [ 4.75, 5.25, 4.625, 5.375 ], "texture": "#texture" }
			}
		},
		{
			"__comment": "Voxels",
			"from": [ 9.5, 0, 5 ],
			"to": [ 14.25, 1, 5.25 ],
			"faces": {
				"down": { "uv": [ 2.875, 12.75, 5.25, 12.875 ], "texture": "#texture" },
				"up": { "uv": [ 5.25, 12.875, 7.625, 12.75 ], "texture": "#texture" },
				"north": { "uv": [ 9.75, 15.5, 7.375, 16 ], "texture": "#texture" },
				"south": { "uv": [ 9.75, 15.5, 12.125, 16 ], "texture": "#texture" },
				"west": { "uv": [ 2.75, 10.375, 2.875, 10.875 ], "texture": "#texture" },
				"east": { "uv": [ 1.375, 1.75, 1.25, 2.25 ], "texture": "#texture" }
			}
		},
		{
			"__comment": "Voxels",
			"from": [ 9.5, 0.5, 5.5 ],
			"to": [ 13.5, 1, 5.75 ],
			"faces": {
				"down": { "uv": [ 12.5, 12.5, 14.5, 12.625 ], "texture": "#texture" },
				"up": { "uv": [ 12.125, 14.75, 14.125, 14.625 ], "texture": "#texture" },
				"north": { "uv": [ 14.125, 14.75, 12.125, 15 ], "texture": "#texture" },
				"south": { "uv": [ 1.375, 14.375, 3.375, 14.625 ], "texture": "#texture" },
				"west": { "uv": [ 5.125, 8.5, 5.25, 8.75 ], "texture": "#texture" },
				"east": { "uv": [ 5.25, 9, 5.125, 9.25 ], "texture": "#texture" }
			}
		},
		{
			"__comment": "Voxels",
			"from": [ 9.5, 1, 5.5 ],
			"to": [ 13.25, 1.25, 5.75 ],
			"faces": {
				"down": { "uv": [ 9.25, 12.375, 11.125, 12.5 ], "texture": "#texture" },
				"up": { "uv": [ 7.375, 12.5, 9.25, 12.375 ], "texture": "#texture" },
				"north": { "uv": [ 7.375, 12.375, 5.5, 12.5 ], "texture": "#texture" },
				"south": { "uv": [ 3.625, 12.375, 5.5, 12.5 ], "texture": "#texture" },
				"west": { "uv": [ 3.5, 3.5, 3.625, 3.625 ], "texture": "#texture" },
				"east": { "uv": [ 3.625, 3.625, 3.5, 3.75 ], "texture": "#texture" }
			}
		},
		{
			"__comment": "Voxels",
			"from": [ 9.75, 0, 4.75 ],
			"to": [ 14.5, 1, 5 ],
			"faces": {
				"down": { "uv": [ 13, 13, 15.375, 13.125 ], "texture": "#texture" },
				"up": { "uv": [ 13, 13, 15.375, 12.875 ], "texture": "#texture" },
				"north": { "uv": [ 7.375, 15.5, 5, 16 ], "texture": "#texture" },
				"south": { "uv": [ 12.125, 15.5, 14.5, 16 ], "texture": "#texture" },
				"west": { "uv": [ 1, 1.75, 1.125, 2.25 ], "texture": "#texture" },
				"east": { "uv": [ 1.375, 2.25, 1.25, 2.75 ], "texture": "#texture" }
			}
		},
		{
			"__comment": "Voxels",
			"from": [ 9.75, 1, 5 ],
			"to": [ 14, 1.25, 5.5 ],
			"faces": {
				"down": { "uv": [ 10, 14.75, 12.125, 15 ], "texture": "#texture" },
				"up": { "uv": [ 7.875, 15, 10, 14.75 ], "texture": "#texture" },
				"north": { "uv": [ 8.25, 12.625, 6.125, 12.75 ], "texture": "#texture" },
				"south": { "uv": [ 10, 14.625, 12.125, 14.75 ], "texture": "#texture" },
				"west": { "uv": [ 4.5, 1.625, 4.75, 1.75 ], "texture": "#texture" },
				"east": { "uv": [ 4.75, 0.5, 4.5, 0.625 ], "texture": "#texture" }
			}
		},
		{
			"__comment": "Voxels",
			"from": [ 9.75, 1, 7 ],
			"to": [ 10, 1.25, 7.25 ],
			"faces": {
				"down": { "uv": [ 4.625, 2.875, 4.75, 3 ], "texture": "#texture" },
				"up": { "uv": [ 4.625, 3.125, 4.75, 3 ], "texture": "#texture" },
				"north": { "uv": [ 3.625, 6.625, 3.5, 6.75 ], "texture": "#texture" },
				"south": { "uv": [ 3.5, 7, 3.625, 7.125 ], "texture": "#texture" },
				"west": { "uv": [ 4.625, 5.875, 4.75, 6 ], "texture": "#texture" },
				"east": { "uv": [ 4.75, 6, 4.625, 6.125 ], "texture": "#texture" }
			}
		},
		{
			"__comment": "Voxels",
			"from": [ 10, 0, 2.75 ],
			"to": [ 11.5, 1, 3 ],
			"faces": {
				"down": { "uv": [ 2.875, 11.125, 3.625, 11.25 ], "texture": "#texture" },
				"up": { "uv": [ 2.875, 10.5, 3.625, 10.375 ], "texture": "#texture" },
				"north": { "uv": [ 4.375, 13.375, 3.625, 13.875 ], "texture": "#texture" },
				"south": { "uv": [ 8.875, 13.375, 9.625, 13.875 ], "texture": "#texture" },
				"west": { "uv": [ 5, 9.25, 5.125, 9.75 ], "texture": "#texture" },
				"east": { "uv": [ 3, 2.5, 2.875, 3 ], "texture": "#texture" }
			}
		},
		{
			"__comment": "Voxels",
			"from": [ 10, 0, 3 ],
			"to": [ 11.25, 1.25, 3.25 ],
			"faces": {
				"down": { "uv": [ 2.25, 1.125, 2.875, 1.25 ], "texture": "#texture" },
				"up": { "uv": [ 2.25, 1.125, 2.875, 1 ], "texture": "#texture" },
				"north": { "uv": [ 2.875, 13.25, 2.25, 13.875 ], "texture": "#texture" },
				"south": { "uv": [ 1.375, 0.25, 2, 0.875 ], "texture": "#texture" },
				"west": { "uv": [ 2, 0.25, 2.125, 0.875 ], "texture": "#texture" },
				"east": { "uv": [ 2.25, 0.25, 2.125, 0.875 ], "texture": "#texture" }
			}
		},
		{
			"__comment": "Voxels",
			"from": [ 10, 0, 3.25 ],
			"to": [ 11.25, 1, 4.75 ],
			"faces": {
				"down": { "uv": [ 0, 1, 0.625, 1.75 ], "texture": "#texture" },
				"up": { "uv": [ 0, 1, 0.625, 0.25 ], "texture": "#texture" },
				"north": { "uv": [ 16, 13.875, 15.375, 14.375 ], "texture": "#texture" },
				"south": { "uv": [ 2.25, 11.875, 2.875, 12.375 ], "texture": "#texture" },
				"west": { "uv": [ 5.375, 13.375, 6.125, 13.875 ], "texture": "#texture" },
				"east": { "uv": [ 13.875, 13.375, 13.125, 13.875 ], "texture": "#texture" }
			}
		},
		{
			"__comment": "Voxels",
			"from": [ 10, 0.25, 6.75 ],
			"to": [ 10.5, 0.5, 7 ],
			"faces": {
				"down": { "uv": [ 1.125, 6.75, 1.375, 6.875 ], "texture": "#texture" },
				"up": { "uv": [ 1.125, 6.375, 1.375, 6.25 ], "texture": "#texture" },
				"north": { "uv": [ 1.375, 5.75, 1.125, 5.875 ], "texture": "#texture" },
				"south": { "uv": [ 1.125, 5.25, 1.375, 5.375 ], "texture": "#texture" },
				"west": { "uv": [ 4.625, 4.875, 4.75, 5 ], "texture": "#texture" },
				"east": { "uv": [ 13, 10.625, 12.875, 10.75 ], "texture": "#texture" }
			}
		},
		{
			"__comment": "Voxels",
			"from": [ 10, 1, 3.75 ],
			"to": [ 13.25, 1.25, 4 ],
			"faces": {
				"down": { "uv": [ 8.5, 12.25, 10.125, 12.375 ], "texture": "#texture" },
				"up": { "uv": [ 6.875, 12.375, 8.5, 12.25 ], "texture": "#texture" },
				"north": { "uv": [ 5.25, 12.25, 3.625, 12.375 ], "texture": "#texture" },
				"south": { "uv": [ 5.25, 12.25, 6.875, 12.375 ], "texture": "#texture" },
				"west": { "uv": [ 3.5, 4.375, 3.625, 4.5 ], "texture": "#texture" },
				"east": { "uv": [ 3.625, 4.25, 3.5, 4.375 ], "texture": "#texture" }
			}
		},
		{
			"__comment": "Voxels",
			"from": [ 10, 1, 4.75 ],
			"to": [ 14.25, 1.25, 5 ],
			"faces": {
				"down": { "uv": [ 12.125, 12.75, 14.25, 12.875 ], "texture": "#texture" },
				"up": { "uv": [ 10.375, 12.75, 12.5, 12.625 ], "texture": "#texture" },
				"north": { "uv": [ 6.125, 12.625, 4, 12.75 ], "texture": "#texture" },
				"south": { "uv": [ 4, 12.5, 6.125, 12.625 ], "texture": "#texture" },
				"west": { "uv": [ 3.5, 3.375, 3.625, 3.5 ], "texture": "#texture" },
				"east": { "uv": [ 3.625, 3.25, 3.5, 3.375 ], "texture": "#texture" }
			}
		},
		{
			"__comment": "Voxels",
			"from": [ 10.25, 0, 2.5 ],
			"to": [ 11.75, 1, 2.75 ],
			"faces": {
				"down": { "uv": [ 13.125, 13.25, 13.875, 13.375 ], "texture": "#texture" },
				"up": { "uv": [ 2.875, 12.125, 3.625, 12 ], "texture": "#texture" },
				"north": { "uv": [ 3.625, 13.375, 2.875, 13.875 ], "texture": "#texture" },
				"south": { "uv": [ 7.125, 13.375, 7.875, 13.875 ], "texture": "#texture" },
				"west": { "uv": [ 2.75, 9.875, 2.875, 10.375 ], "texture": "#texture" },
				"east": { "uv": [ 2.875, 9.375, 2.75, 9.875 ], "texture": "#texture" }
			}
		},
		{
			"__comment": "Voxels",
			"from": [ 10.25, 1, 2.75 ],
			"to": [ 11.5, 1.25, 3 ],
			"faces": {
				"down": { "uv": [ 2.25, 0.75, 2.875, 0.875 ], "texture": "#texture" },
				"up": { "uv": [ 2.25, 0.75, 2.875, 0.625 ], "texture": "#texture" },
				"north": { "uv": [ 2.875, 0.5, 2.25, 0.625 ], "texture": "#texture" },
				"south": { "uv": [ 2.25, 0.375, 2.875, 0.5 ], "texture": "#texture" },
				"west": { "uv": [ 4.625, 5.75, 4.75, 5.875 ], "texture": "#texture" },
				"east": { "uv": [ 4.75, 5.625, 4.625, 5.75 ], "texture": "#texture" }
			}
		},
		{
			"__comment": "Voxels",
			"from": [ 10.25, 1, 3.25 ],
			"to": [ 11.25, 1.25, 3.75 ],
			"faces": {
				"down": { "uv": [ 15.5, 13, 16, 13.25 ], "texture": "#texture" },
				"up": { "uv": [ 0, 0.25, 0.5, 0 ], "texture": "#texture" },
				"north": { "uv": [ 16, 12.875, 15.5, 13 ], "texture": "#texture" },
				"south": { "uv": [ 2.875, 2.375, 3.375, 2.5 ], "texture": "#texture" },
				"west": { "uv": [ 4.5, 0.75, 4.75, 0.875 ], "texture": "#texture" },
				"east": { "uv": [ 4.75, 0.625, 4.5, 0.75 ], "texture": "#texture" }
			}
		},
		{
			"__comment": "Voxels",
			"from": [ 10.25, 1, 4.25 ],
			"to": [ 12.75, 1.25, 4.5 ],
			"faces": {
				"down": { "uv": [ 7.375, 11.75, 8.625, 11.875 ], "texture": "#texture" },
				"up": { "uv": [ 6.125, 11.875, 7.375, 11.75 ], "texture": "#texture" },
				"north": { "uv": [ 6.125, 11.75, 4.875, 11.875 ], "texture": "#texture" },
				"south": { "uv": [ 3.625, 11.75, 4.875, 11.875 ], "texture": "#texture" },
				"west": { "uv": [ 14.75, 10.625, 14.875, 10.75 ], "texture": "#texture" },
				"east": { "uv": [ 15, 10.625, 14.875, 10.75 ], "texture": "#texture" }
			}
		},
		{
			"__comment": "Voxels",
			"from": [ 10.25, 1, 4.5 ],
			"to": [ 12.5, 1.25, 4.75 ],
			"faces": {
				"down": { "uv": [ 3.625, 10.875, 4.75, 11 ], "texture": "#texture" },
				"up": { "uv": [ 12.375, 11.625, 13.5, 11.5 ], "texture": "#texture" },
				"north": { "uv": [ 14.625, 11.5, 13.5, 11.625 ], "texture": "#texture" },
				"south": { "uv": [ 14.875, 11.375, 16, 11.5 ], "texture": "#texture" },
				"west": { "uv": [ 5.125, 6.375, 5.25, 6.5 ], "texture": "#texture" },
				"east": { "uv": [ 5.25, 6.25, 5.125, 6.375 ], "texture": "#texture" }
			}
		},
		{
			"__comment": "Voxels",
			"from": [ 10.5, 0, 2 ],
			"to": [ 12.25, 1, 2.25 ],
			"faces": {
				"down": { "uv": [ 3.625, 1.75, 4.5, 1.875 ], "texture": "#texture" },
				"up": { "uv": [ 3.625, 1.75, 4.5, 1.625 ], "texture": "#texture" },
				"north": { "uv": [ 2.25, 2.875, 1.375, 3.375 ], "texture": "#texture" },
				"south": { "uv": [ 1.375, 4.875, 2.25, 5.375 ], "texture": "#texture" },
				"west": { "uv": [ 1.25, 12.375, 1.375, 12.875 ], "texture": "#texture" },
				"east": { "uv": [ 1.375, 11.875, 1.25, 12.375 ], "texture": "#texture" }
			}
		},
		{
			"__comment": "Voxels",
			"from": [ 10.5, 0, 2.25 ],
			"to": [ 12, 1.25, 2.5 ],
			"faces": {
				"down": { "uv": [ 10.375, 13.25, 11.125, 13.375 ], "texture": "#texture" },
				"up": { "uv": [ 5.375, 13.375, 6.125, 13.25 ], "texture": "#texture" },
				"north": { "uv": [ 1.375, 1.125, 0.625, 1.75 ], "texture": "#texture" },
				"south": { "uv": [ 0.625, 0.375, 1.375, 1 ], "texture": "#texture" },
				"west": { "uv": [ 2.875, 8.625, 3, 9.25 ], "texture": "#texture" },
				"east": { "uv": [ 3.125, 8.625, 3, 9.25 ], "texture": "#texture" }
			}
		},
		{
			"__comment": "Voxels",
			"from": [ 10.5, 1, 2.5 ],
			"to": [ 11.75, 1.25, 2.75 ],
			"faces": {
				"down": { "uv": [ 2.25, 0.25, 2.875, 0.375 ], "texture": "#texture" },
				"up": { "uv": [ 2.25, 0.25, 2.875, 0.125 ], "texture": "#texture" },
				"north": { "uv": [ 2.875, 0, 2.25, 0.125 ], "texture": "#texture" },
				"south": { "uv": [ 2.875, 8.5, 3.5, 8.625 ], "texture": "#texture" },
				"west": { "uv": [ 3.5, 6.5, 3.625, 6.625 ], "texture": "#texture" },
				"east": { "uv": [ 3.625, 6.375, 3.5, 6.5 ], "texture": "#texture" }
			}
		},
		{
			"__comment": "Voxels",
			"from": [ 10.75, 0, 1.75 ],
			"to": [ 15.25, 1, 2 ],
			"faces": {
				"down": { "uv": [ 9.875, 12.75, 12.125, 12.875 ], "texture": "#texture" },
				"up": { "uv": [ 7.625, 12.875, 9.875, 12.75 ], "texture": "#texture" },
				"north": { "uv": [ 4.5, 15, 2.25, 15.5 ], "texture": "#texture" },
				"south": { "uv": [ 0, 15, 2.25, 15.5 ], "texture": "#texture" },
				"west": { "uv": [ 3.375, 8.75, 3.5, 9.25 ], "texture": "#texture" },
				"east": { "uv": [ 3.625, 8.75, 3.5, 9.25 ], "texture": "#texture" }
			}
		},
		{
			"__comment": "Voxels",
			"from": [ 10.75, 1, 2 ],
			"to": [ 12.5, 1.25, 2.25 ],
			"faces": {
				"down": { "uv": [ 10, 11, 10.875, 11.125 ], "texture": "#texture" },
				"up": { "uv": [ 10.875, 11.125, 11.75, 11 ], "texture": "#texture" },
				"north": { "uv": [ 7.375, 11, 6.5, 11.125 ], "texture": "#texture" },
				"south": { "uv": [ 5.625, 11, 6.5, 11.125 ], "texture": "#texture" },
				"west": { "uv": [ 3.5, 5.75, 3.625, 5.875 ], "texture": "#texture" },
				"east": { "uv": [ 3.625, 5.625, 3.5, 5.75 ], "texture": "#texture" }
			}
		},
		{
			"__comment": "Voxels",
			"from": [ 10.75, 1, 4 ],
			"to": [ 13, 1.25, 4.25 ],
			"faces": {
				"down": { "uv": [ 3.625, 10.375, 4.75, 10.5 ], "texture": "#texture" },
				"up": { "uv": [ 3.625, 10.625, 4.75, 10.5 ], "texture": "#texture" },
				"north": { "uv": [ 4.75, 10.625, 3.625, 10.75 ], "texture": "#texture" },
				"south": { "uv": [ 3.625, 10.75, 4.75, 10.875 ], "texture": "#texture" },
				"west": { "uv": [ 3.5, 5.5, 3.625, 5.625 ], "texture": "#texture" },
				"east": { "uv": [ 3.625, 5.125, 3.5, 5.25 ], "texture": "#texture" }
			}
		},
		{
			"__comment": "Voxels",
			"from": [ 11, 0.25, 6 ],
			"to": [ 11.25, 0.5, 6.25 ],
			"faces": {
				"down": { "uv": [ 3.5, 5, 3.625, 5.125 ], "texture": "#texture" },
				"up": { "uv": [ 3.5, 5, 3.625, 4.875 ], "texture": "#texture" },
				"north": { "uv": [ 3.625, 4.75, 3.5, 4.875 ], "texture": "#texture" },
				"south": { "uv": [ 3.5, 4.125, 3.625, 4.25 ], "texture": "#texture" },
				"west": { "uv": [ 3.5, 4, 3.625, 4.125 ], "texture": "#texture" },
				"east": { "uv": [ 4.75, 7.5, 4.625, 7.625 ], "texture": "#texture" }
			}
		},
		{
			"__comment": "Voxels",
			"from": [ 11, 1, 1.75 ],
			"to": [ 12.75, 1.25, 2 ],
			"faces": {
				"down": { "uv": [ 8.25, 11.125, 9.125, 11.25 ], "texture": "#texture" },
				"up": { "uv": [ 7.375, 11.25, 8.25, 11.125 ], "texture": "#texture" },
				"north": { "uv": [ 7.375, 11.125, 6.5, 11.25 ], "texture": "#texture" },
				"south": { "uv": [ 5.625, 11.125, 6.5, 11.25 ], "texture": "#texture" },
				"west": { "uv": [ 4.625, 7.125, 4.75, 7.25 ], "texture": "#texture" },
				"east": { "uv": [ 4.75, 7, 4.625, 7.125 ], "texture": "#texture" }
			}
		},
		{
			"__comment": "Voxels",
			"from": [ 11.25, 0, 1.5 ],
			"to": [ 12.25, 1, 1.75 ],
			"faces": {
				"down": { "uv": [ 2.875, 0.5, 3.375, 0.625 ], "texture": "#texture" },
				"up": { "uv": [ 2.875, 0.5, 3.375, 0.375 ], "texture": "#texture" },
				"north": { "uv": [ 2.75, 10.375, 2.25, 10.875 ], "texture": "#texture" },
				"south": { "uv": [ 2.25, 9.875, 2.75, 10.375 ], "texture": "#texture" },
				"west": { "uv": [ 3.5, 0.625, 3.625, 1.125 ], "texture": "#texture" },
				"east": { "uv": [ 4.875, 10.25, 4.75, 10.75 ], "texture": "#texture" }
			}
		},
		{
			"__comment": "Voxels",
			"from": [ 11.25, 0, 3.5 ],
			"to": [ 13.25, 1.25, 3.75 ],
			"faces": {
				"down": { "uv": [ 3.625, 3.375, 4.625, 3.5 ], "texture": "#texture" },
				"up": { "uv": [ 3.625, 7.125, 4.625, 7 ], "texture": "#texture" },
				"north": { "uv": [ 1, 9.75, 0, 10.375 ], "texture": "#texture" },
				"south": { "uv": [ 0, 13.375, 1, 14 ], "texture": "#texture" },
				"west": { "uv": [ 3.125, 8.625, 3.25, 9.25 ], "texture": "#texture" },
				"east": { "uv": [ 3.375, 8.625, 3.25, 9.25 ], "texture": "#texture" }
			}
		},
		{
			"__comment": "Voxels",
			"from": [ 11.25, 0, 3.75 ],
			"to": [ 13, 1, 4.25 ],
			"faces": {
				"down": { "uv": [ 11.125, 13.25, 12, 13.5 ], "texture": "#texture" },
				"up": { "uv": [ 1.375, 0.25, 2.25, 0 ], "texture": "#texture" },
				"north": { "uv": [ 2.25, 7.375, 1.375, 7.875 ], "texture": "#texture" },
				"south": { "uv": [ 1.375, 5.375, 2.25, 5.875 ], "texture": "#texture" },
				"west": { "uv": [ 1.125, 8.25, 1.375, 8.75 ], "texture": "#texture" },
				"east": { "uv": [ 1.25, 13.5, 1, 14 ], "texture": "#texture" }
			}
		},
		{
			"__comment": "Voxels",
			"from": [ 11.25, 0, 4.25 ],
			"to": [ 12.75, 1, 4.5 ],
			"faces": {
				"down": { "uv": [ 2.875, 10.5, 3.625, 10.625 ], "texture": "#texture" },
				"up": { "uv": [ 2.875, 10.75, 3.625, 10.625 ], "texture": "#texture" },
				"north": { "uv": [ 10.375, 13.375, 9.625, 13.875 ], "texture": "#texture" },
				"south": { "uv": [ 10.375, 13.375, 11.125, 13.875 ], "texture": "#texture" },
				"west": { "uv": [ 4.75, 5.75, 4.875, 6.25 ], "texture": "#texture" },
				"east": { "uv": [ 4.875, 5.25, 4.75, 5.75 ], "texture": "#texture" }
			}
		},
		{
			"__comment": "Voxels",
			"from": [ 11.25, 0, 4.5 ],
			"to": [ 12.5, 1, 4.75 ],
			"faces": {
				"down": { "uv": [ 2.875, 8.375, 3.5, 8.5 ], "texture": "#texture" },
				"up": { "uv": [ 2.875, 8.375, 3.5, 8.25 ], "texture": "#texture" },
				"north": { "uv": [ 2.875, 11.375, 2.25, 11.875 ], "texture": "#texture" },
				"south": { "uv": [ 2.25, 12.375, 2.875, 12.875 ], "texture": "#texture" },
				"west": { "uv": [ 4.75, 2.75, 4.875, 3.25 ], "texture": "#texture" },
				"east": { "uv": [ 4.875, 2.25, 4.75, 2.75 ], "texture": "#texture" }
			}
		},
		{
			"__comment": "Voxels",
			"from": [ 11.25, 0.25, 3 ],
			"to": [ 14.25, 1, 3.5 ],
			"faces": {
				"down": { "uv": [ 5, 14.375, 6.5, 14.625 ], "texture": "#texture" },
				"up": { "uv": [ 9.5, 14.625, 11, 14.375 ], "texture": "#texture" },
				"north": { "uv": [ 6.375, 14.625, 4.875, 15 ], "texture": "#texture" },
				"south": { "uv": [ 6.375, 14.625, 7.875, 15 ], "texture": "#texture" },
				"west": { "uv": [ 1.125, 5.875, 1.375, 6.25 ], "texture": "#texture" },
				"east": { "uv": [ 1.375, 5.375, 1.125, 5.75 ], "texture": "#texture" }
			}
		},
		{
			"__comment": "Voxels",
			"from": [ 11.5, 0, 3.25 ],
			"to": [ 13.5, 0.25, 3.5 ],
			"faces": {
				"down": { "uv": [ 3.625, 5.5, 4.625, 5.625 ], "texture": "#texture" },
				"up": { "uv": [ 3.625, 5.75, 4.625, 5.625 ], "texture": "#texture" },
				"north": { "uv": [ 4.625, 3.125, 3.625, 3.25 ], "texture": "#texture" },
				"south": { "uv": [ 3.625, 2.875, 4.625, 3 ], "texture": "#texture" },
				"west": { "uv": [ 9.25, 10.625, 9.375, 10.75 ], "texture": "#texture" },
				"east": { "uv": [ 9.5, 10.625, 9.375, 10.75 ], "texture": "#texture" }
			}
		},
		{
			"__comment": "Voxels",
			"from": [ 11.5, 0.25, 2.75 ],
			"to": [ 15, 1, 3 ],
			"faces": {
				"down": { "uv": [ 11.125, 12.375, 12.875, 12.5 ], "texture": "#texture" },
				"up": { "uv": [ 14.25, 12.875, 16, 12.75 ], "texture": "#texture" },
				"north": { "uv": [ 3.125, 14.625, 1.375, 15 ], "texture": "#texture" },
				"south": { "uv": [ 3.125, 14.625, 4.875, 15 ], "texture": "#texture" },
				"west": { "uv": [ 5, 0.875, 5.125, 1.25 ], "texture": "#texture" },
				"east": { "uv": [ 5.125, 0.5, 5, 0.875 ], "texture": "#texture" }
			}
		},
		{
			"__comment": "Voxels",
			"from": [ 11.5, 0.25, 5.5 ],
			"to": [ 13.5, 0.5, 5.75 ],
			"faces": {
				"down": { "uv": [ 3.625, 6.75, 4.625, 6.875 ], "texture": "#texture" },
				"up": { "uv": [ 3.625, 7, 4.625, 6.875 ], "texture": "#texture" },
				"north": { "uv": [ 4.625, 7.25, 3.625, 7.375 ], "texture": "#texture" },
				"south": { "uv": [ 3.625, 7.375, 4.625, 7.5 ], "texture": "#texture" },
				"west": { "uv": [ 10.5, 10.625, 10.625, 10.75 ], "texture": "#texture" },
				"east": { "uv": [ 10.75, 10.625, 10.625, 10.75 ], "texture": "#texture" }
			}
		},
		{
			"__comment": "Voxels",
			"from": [ 11.5, 1, 3.25 ],
			"to": [ 13.75, 1.25, 3.5 ],
			"faces": {
				"down": { "uv": [ 14.875, 11.625, 16, 11.75 ], "texture": "#texture" },
				"up": { "uv": [ 14.875, 12, 16, 11.875 ], "texture": "#texture" },
				"north": { "uv": [ 4.75, 7.875, 3.625, 8 ], "texture": "#texture" },
				"south": { "uv": [ 3.625, 8, 4.75, 8.125 ], "texture": "#texture" },
				"west": { "uv": [ 11.125, 10.625, 11.25, 10.75 ], "texture": "#texture" },
				"east": { "uv": [ 11.625, 10.625, 11.5, 10.75 ], "texture": "#texture" }
			}
		},
		{
			"__comment": "Voxels",
			"from": [ 11.75, 0, 3 ],
			"to": [ 14.25, 0.25, 3.25 ],
			"faces": {
				"down": { "uv": [ 4.875, 11.625, 6.125, 11.75 ], "texture": "#texture" },
				"up": { "uv": [ 3.625, 11.75, 4.875, 11.625 ], "texture": "#texture" },
				"north": { "uv": [ 14.875, 11.75, 13.625, 11.875 ], "texture": "#texture" },
				"south": { "uv": [ 12.375, 11.75, 13.625, 11.875 ], "texture": "#texture" },
				"west": { "uv": [ 11.875, 10.625, 12, 10.75 ], "texture": "#texture" },
				"east": { "uv": [ 12.375, 10.625, 12.25, 10.75 ], "texture": "#texture" }
			}
		},
		{
			"__comment": "Voxels",
			"from": [ 11.75, 0.25, 2.5 ],
			"to": [ 15, 0.75, 2.75 ],
			"faces": {
				"down": { "uv": [ 14.125, 14.625, 15.75, 14.75 ], "texture": "#texture" },
				"up": { "uv": [ 12.875, 12.5, 14.5, 12.375 ], "texture": "#texture" },
				"north": { "uv": [ 5, 14.375, 3.375, 14.625 ], "texture": "#texture" },
				"south": { "uv": [ 14.125, 14.75, 15.75, 15 ], "texture": "#texture" },
				"west": { "uv": [ 0.5, 0, 0.625, 0.25 ], "texture": "#texture" },
				"east": { "uv": [ 12.125, 13.25, 12, 13.5 ], "texture": "#texture" }
			}
		},
		{
			"__comment": "Voxels",
			"from": [ 11.75, 0.75, 2.5 ],
			"to": [ 14, 1, 2.75 ],
			"faces": {
				"down": { "uv": [ 11.5, 11.25, 12.625, 11.375 ], "texture": "#texture" },
				"up": { "uv": [ 10.375, 11.375, 11.5, 11.25 ], "texture": "#texture" },
				"north": { "uv": [ 5.875, 11.25, 4.75, 11.375 ], "texture": "#texture" },
				"south": { "uv": [ 3.625, 11.25, 4.75, 11.375 ], "texture": "#texture" },
				"west": { "uv": [ 13.5, 10.625, 13.625, 10.75 ], "texture": "#texture" },
				"east": { "uv": [ 13.75, 10.625, 13.625, 10.75 ], "texture": "#texture" }
			}
		},
		{
			"__comment": "Voxels",
			"from": [ 11.75, 1, 3 ],
			"to": [ 14, 1.25, 3.25 ],
			"faces": {
				"down": { "uv": [ 10.375, 11.375, 11.5, 11.5 ], "texture": "#texture" },
				"up": { "uv": [ 9.25, 11.5, 10.375, 11.375 ], "texture": "#texture" },
				"north": { "uv": [ 4.75, 11.375, 3.625, 11.5 ], "texture": "#texture" },
				"south": { "uv": [ 14.625, 11.5, 15.75, 11.625 ], "texture": "#texture" },
				"west": { "uv": [ 15.5, 10.625, 15.625, 10.75 ], "texture": "#texture" },
				"east": { "uv": [ 15.75, 10.625, 15.625, 10.75 ], "texture": "#texture" }
			}
		},
		{
			"__comment": "Voxels",
			"from": [ 12, 0.25, 2.25 ],
			"to": [ 14.5, 0.75, 2.5 ],
			"faces": {
				"down": { "uv": [ 11.125, 11.75, 12.375, 11.875 ], "texture": "#texture" },
				"up": { "uv": [ 9.875, 11.875, 11.125, 11.75 ], "texture": "#texture" },
				"north": { "uv": [ 15, 14.375, 13.75, 14.625 ], "texture": "#texture" },
				"south": { "uv": [ 8, 13, 9.25, 13.25 ], "texture": "#texture" },
				"west": { "uv": [ 3.375, 0, 3.5, 0.25 ], "texture": "#texture" },
				"east": { "uv": [ 3.625, 0, 3.5, 0.25 ], "texture": "#texture" }
			}
		},
		{
			"__comment": "Voxels",
			"from": [ 12, 0.75, 2.25 ],
			"to": [ 14.25, 1, 2.5 ],
			"faces": {
				"down": { "uv": [ 12.625, 11.25, 13.75, 11.375 ], "texture": "#texture" },
				"up": { "uv": [ 9.25, 11.375, 10.375, 11.25 ], "texture": "#texture" },
				"north": { "uv": [ 4.75, 9.375, 3.625, 9.5 ], "texture": "#texture" },
				"south": { "uv": [ 3.625, 9.5, 4.75, 9.625 ], "texture": "#texture" },
				"west": { "uv": [ 5.125, 7.125, 5.25, 7.25 ], "texture": "#texture" },
				"east": { "uv": [ 5.25, 7, 5.125, 7.125 ], "texture": "#texture" }
			}
		},
		{
			"__comment": "Voxels",
			"from": [ 12.25, 0, 2.75 ],
			"to": [ 15, 0.25, 3 ],
			"faces": {
				"down": { "uv": [ 14.625, 12.5, 16, 12.625 ], "texture": "#texture" },
				"up": { "uv": [ 14.625, 12.375, 16, 12.25 ], "texture": "#texture" },
				"north": { "uv": [ 7.75, 12.125, 6.375, 12.25 ], "texture": "#texture" },
				"south": { "uv": [ 7.75, 12.125, 9.125, 12.25 ], "texture": "#texture" },
				"west": { "uv": [ 5.125, 6.125, 5.25, 6.25 ], "texture": "#texture" },
				"east": { "uv": [ 5.25, 6, 5.125, 6.125 ], "texture": "#texture" }
			}
		},
		{
			"__comment": "Voxels",
			"from": [ 12.25, 0.25, 2 ],
			"to": [ 15.25, 0.75, 2.25 ],
			"faces": {
				"down": { "uv": [ 14.5, 12.375, 16, 12.5 ], "texture": "#texture" },
				"up": { "uv": [ 11.625, 12.375, 13.125, 12.25 ], "texture": "#texture" },
				"north": { "uv": [ 8, 14.375, 6.5, 14.625 ], "texture": "#texture" },
				"south": { "uv": [ 8, 14.375, 9.5, 14.625 ], "texture": "#texture" },
				"west": { "uv": [ 4.75, 0, 4.875, 0.25 ], "texture": "#texture" },
				"east": { "uv": [ 5, 0, 4.875, 0.25 ], "texture": "#texture" }
			}
		},
		{
			"__comment": "Voxels",
			"from": [ 12.25, 0.75, 2 ],
			"to": [ 14.5, 1, 2.25 ],
			"faces": {
				"down": { "uv": [ 3.625, 9, 4.75, 9.125 ], "texture": "#texture" },
				"up": { "uv": [ 3.625, 8.25, 4.75, 8.125 ], "texture": "#texture" },
				"north": { "uv": [ 5.875, 11.375, 4.75, 11.5 ], "texture": "#texture" },
				"south": { "uv": [ 5.875, 11.375, 7, 11.5 ], "texture": "#texture" },
				"west": { "uv": [ 5.125, 5.125, 5.25, 5.25 ], "texture": "#texture" },
				"east": { "uv": [ 5.25, 5, 5.125, 5.125 ], "texture": "#texture" }
			}
		},
		{
			"__comment": "Voxels",
			"from": [ 12.25, 1, 2.5 ],
			"to": [ 15, 1.25, 2.75 ],
			"faces": {
				"down": { "uv": [ 3.625, 12.125, 5, 12.25 ], "texture": "#texture" },
				"up": { "uv": [ 14.625, 12.25, 16, 12.125 ], "texture": "#texture" },
				"north": { "uv": [ 10.5, 12.125, 9.125, 12.25 ], "texture": "#texture" },
				"south": { "uv": [ 14.625, 12.625, 16, 12.75 ], "texture": "#texture" },
				"west": { "uv": [ 5.125, 4.375, 5.25, 4.5 ], "texture": "#texture" },
				"east": { "uv": [ 5.25, 4.25, 5.125, 4.375 ], "texture": "#texture" }
			}
		},
		{
			"__comment": "Voxels",
			"from": [ 12.25, 1, 2.75 ],
			"to": [ 14.75, 1.25, 3 ],
			"faces": {
				"down": { "uv": [ 13.625, 11.875, 14.875, 12 ], "texture": "#texture" },
				"up": { "uv": [ 12.375, 12, 13.625, 11.875 ], "texture": "#texture" },
				"north": { "uv": [ 12.375, 11.875, 11.125, 12 ], "texture": "#texture" },
				"south": { "uv": [ 8.625, 11.75, 9.875, 11.875 ], "texture": "#texture" },
				"west": { "uv": [ 5.125, 2.75, 5.25, 2.875 ], "texture": "#texture" },
				"east": { "uv": [ 5.25, 2.625, 5.125, 2.75 ], "texture": "#texture" }
			}
		},
		{
			"__comment": "Voxels",
			"from": [ 12.5, 0, 2.5 ],
			"to": [ 15, 0.25, 2.75 ],
			"faces": {
				"down": { "uv": [ 9.875, 11.875, 11.125, 12 ], "texture": "#texture" },
				"up": { "uv": [ 8.625, 12, 9.875, 11.875 ], "texture": "#texture" },
				"north": { "uv": [ 8.625, 11.875, 7.375, 12 ], "texture": "#texture" },
				"south": { "uv": [ 6.125, 11.875, 7.375, 12 ], "texture": "#texture" },
				"west": { "uv": [ 5.125, 2.25, 5.25, 2.375 ], "texture": "#texture" },
				"east": { "uv": [ 5.25, 2.125, 5.125, 2.25 ], "texture": "#texture" }
			}
		},
		{
			"__comment": "Voxels",
			"from": [ 12.5, 0.25, 4.5 ],
			"to": [ 14.5, 1, 4.75 ],
			"faces": {
				"down": { "uv": [ 3.625, 6, 4.625, 6.125 ], "texture": "#texture" },
				"up": { "uv": [ 3.625, 5.875, 4.625, 5.75 ], "texture": "#texture" },
				"north": { "uv": [ 13.125, 13.5, 12.125, 13.875 ], "texture": "#texture" },
				"south": { "uv": [ 11.125, 13.5, 12.125, 13.875 ], "texture": "#texture" },
				"west": { "uv": [ 5, 3.125, 5.125, 3.5 ], "texture": "#texture" },
				"east": { "uv": [ 16, 13.5, 15.875, 13.875 ], "texture": "#texture" }
			}
		},
		{
			"__comment": "Voxels",
			"from": [ 12.5, 1, 2.25 ],
			"to": [ 15, 1.25, 2.5 ],
			"faces": {
				"down": { "uv": [ 4.875, 11.875, 6.125, 12 ], "texture": "#texture" },
				"up": { "uv": [ 3.625, 12, 4.875, 11.875 ], "texture": "#texture" },
				"north": { "uv": [ 14.875, 12, 13.625, 12.125 ], "texture": "#texture" },
				"south": { "uv": [ 12.375, 12, 13.625, 12.125 ], "texture": "#texture" },
				"west": { "uv": [ 5.125, 1.5, 5.25, 1.625 ], "texture": "#texture" },
				"east": { "uv": [ 5.25, 1.375, 5.125, 1.5 ], "texture": "#texture" }
			}
		},
		{
			"__comment": "Voxels",
			"from": [ 12.75, 0, 2 ],
			"to": [ 15.25, 0.25, 2.25 ],
			"faces": {
				"down": { "uv": [ 11.125, 12, 12.375, 12.125 ], "texture": "#texture" },
				"up": { "uv": [ 9.875, 12.125, 11.125, 12 ], "texture": "#texture" },
				"north": { "uv": [ 9.875, 12, 8.625, 12.125 ], "texture": "#texture" },
				"south": { "uv": [ 7.375, 12, 8.625, 12.125 ], "texture": "#texture" },
				"west": { "uv": [ 5.125, 1, 5.25, 1.125 ], "texture": "#texture" },
				"east": { "uv": [ 5.375, 9, 5.25, 9.125 ], "texture": "#texture" }
			}
		},
		{
			"__comment": "Voxels",
			"from": [ 12.75, 0, 2.25 ],
			"to": [ 15, 0.25, 2.5 ],
			"faces": {
				"down": { "uv": [ 3.625, 7.625, 4.75, 7.75 ], "texture": "#texture" },
				"up": { "uv": [ 14.875, 11.875, 16, 11.75 ], "texture": "#texture" },
				"north": { "uv": [ 14.875, 11.375, 13.75, 11.5 ], "texture": "#texture" },
				"south": { "uv": [ 7, 11.25, 8.125, 11.375 ], "texture": "#texture" },
				"west": { "uv": [ 5.25, 8.625, 5.375, 8.75 ], "texture": "#texture" },
				"east": { "uv": [ 11.125, 10.625, 11, 10.75 ], "texture": "#texture" }
			}
		},
		{
			"__comment": "Voxels",
			"from": [ 12.75, 0.25, 4.25 ],
			"to": [ 14.5, 1, 4.5 ],
			"faces": {
				"down": { "uv": [ 9.125, 11, 10, 11.125 ], "texture": "#texture" },
				"up": { "uv": [ 10.875, 11, 11.75, 10.875 ], "texture": "#texture" },
				"north": { "uv": [ 6.75, 12.875, 5.875, 13.25 ], "texture": "#texture" },
				"south": { "uv": [ 5, 12.875, 5.875, 13.25 ], "texture": "#texture" },
				"west": { "uv": [ 5, 4.25, 5.125, 4.625 ], "texture": "#texture" },
				"east": { "uv": [ 5.125, 3.875, 5, 4.25 ], "texture": "#texture" }
			}
		},
		{
			"__comment": "Voxels",
			"from": [ 12.75, 1, 2 ],
			"to": [ 15, 1.25, 2.25 ],
			"faces": {
				"down": { "uv": [ 3.625, 9.125, 4.75, 9.25 ], "texture": "#texture" },
				"up": { "uv": [ 3.625, 8.5, 4.75, 8.375 ], "texture": "#texture" },
				"north": { "uv": [ 16, 12, 14.875, 12.125 ], "texture": "#texture" },
				"south": { "uv": [ 3.625, 7.75, 4.75, 7.875 ], "texture": "#texture" },
				"west": { "uv": [ 3.5, 8.375, 3.625, 8.5 ], "texture": "#texture" },
				"east": { "uv": [ 3.625, 8.25, 3.5, 8.375 ], "texture": "#texture" }
			}
		},
		{
			"__comment": "Voxels",
			"from": [ 13, 0, 1 ],
			"to": [ 15.5, 0.25, 1.5 ],
			"faces": {
				"down": { "uv": [ 6.75, 13, 8, 13.25 ], "texture": "#texture" },
				"up": { "uv": [ 11.75, 13.125, 13, 12.875 ], "texture": "#texture" },
				"north": { "uv": [ 4.875, 12, 3.625, 12.125 ], "texture": "#texture" },
				"south": { "uv": [ 9.25, 12.875, 10.5, 13 ], "texture": "#texture" },
				"west": { "uv": [ 3.375, 8.625, 3.625, 8.75 ], "texture": "#texture" },
				"east": { "uv": [ 16, 14.625, 15.75, 14.75 ], "texture": "#texture" }
			}
		},
		{
			"__comment": "Voxels",
			"from": [ 13, 0, 1.5 ],
			"to": [ 15.25, 1, 1.75 ],
			"faces": {
				"down": { "uv": [ 12.625, 11.375, 13.75, 11.5 ], "texture": "#texture" },
				"up": { "uv": [ 8.125, 11.375, 9.25, 11.25 ], "texture": "#texture" },
				"north": { "uv": [ 1.125, 5.75, 0, 6.25 ], "texture": "#texture" },
				"south": { "uv": [ 0, 6.25, 1.125, 6.75 ], "texture": "#texture" },
				"west": { "uv": [ 4.75, 0.75, 4.875, 1.25 ], "texture": "#texture" },
				"east": { "uv": [ 4.875, 0.25, 4.75, 0.75 ], "texture": "#texture" }
			}
		},
		{
			"__comment": "Voxels",
			"from": [ 13, 0, 4.5 ],
			"to": [ 14.5, 0.25, 4.75 ],
			"faces": {
				"down": { "uv": [ 2.875, 9.75, 3.625, 9.875 ], "texture": "#texture" },
				"up": { "uv": [ 0.625, 1.125, 1.375, 1 ], "texture": "#texture" },
				"north": { "uv": [ 3.625, 13.25, 2.875, 13.375 ], "texture": "#texture" },
				"south": { "uv": [ 7.125, 13.25, 7.875, 13.375 ], "texture": "#texture" },
				"west": { "uv": [ 5.125, 4.125, 5.25, 4.25 ], "texture": "#texture" },
				"east": { "uv": [ 3.625, 7.5, 3.5, 7.625 ], "texture": "#texture" }
			}
		},
		{
			"__comment": "Voxels",
			"from": [ 13, 0.25, 1 ],
			"to": [ 15, 1, 1.5 ],
			"faces": {
				"down": { "uv": [ 15, 14.375, 16, 14.625 ], "texture": "#texture" },
				"up": { "uv": [ 6.125, 13.5, 7.125, 13.25 ], "texture": "#texture" },
				"north": { "uv": [ 3.25, 12.875, 2.25, 13.25 ], "texture": "#texture" },
				"south": { "uv": [ 14.875, 13.5, 15.875, 13.875 ], "texture": "#texture" },
				"west": { "uv": [ 1.125, 6.875, 1.375, 7.25 ], "texture": "#texture" },
				"east": { "uv": [ 1.375, 6.375, 1.125, 6.75 ], "texture": "#texture" }
			}
		},
		{
			"__comment": "Voxels",
			"from": [ 13, 0.25, 3.75 ],
			"to": [ 14.5, 1, 4.25 ],
			"faces": {
				"down": { "uv": [ 13.875, 13.25, 14.625, 13.5 ], "texture": "#texture" },
				"up": { "uv": [ 12.125, 13.5, 12.875, 13.25 ], "texture": "#texture" },
				"north": { "uv": [ 3.625, 12.125, 2.875, 12.5 ], "texture": "#texture" },
				"south": { "uv": [ 0.625, 0, 1.375, 0.375 ], "texture": "#texture" },
				"west": { "uv": [ 1.125, 4.875, 1.375, 5.25 ], "texture": "#texture" },
				"east": { "uv": [ 1.25, 4.375, 1, 4.75 ], "texture": "#texture" }
			}
		},
		{
			"__comment": "Voxels",
			"from": [ 13, 1, 1.25 ],
			"to": [ 15.5, 1.25, 1.5 ],
			"faces": {
				"down": { "uv": [ 11.125, 11.5, 12.375, 11.625 ], "texture": "#texture" },
				"up": { "uv": [ 9.875, 11.625, 11.125, 11.5 ], "texture": "#texture" },
				"north": { "uv": [ 4.875, 11.5, 3.625, 11.625 ], "texture": "#texture" },
				"south": { "uv": [ 13.625, 11.625, 14.875, 11.75 ], "texture": "#texture" },
				"west": { "uv": [ 3.5, 5.375, 3.625, 5.5 ], "texture": "#texture" },
				"east": { "uv": [ 3.625, 5.25, 3.5, 5.375 ], "texture": "#texture" }
			}
		},
		{
			"__comment": "Voxels",
			"from": [ 13, 1, 1.75 ],
			"to": [ 15, 1.25, 2 ],
			"faces": {
				"down": { "uv": [ 3.625, 3.75, 4.625, 3.875 ], "texture": "#texture" },
				"up": { "uv": [ 3.625, 2.25, 4.625, 2.125 ], "texture": "#texture" },
				"north": { "uv": [ 4.625, 3.625, 3.625, 3.75 ], "texture": "#texture" },
				"south": { "uv": [ 3.625, 3, 4.625, 3.125 ], "texture": "#texture" },
				"west": { "uv": [ 3.5, 4.625, 3.625, 4.75 ], "texture": "#texture" },
				"east": { "uv": [ 3.625, 4.5, 3.5, 4.625 ], "texture": "#texture" }
			}
		},
		{
			"__comment": "Voxels",
			"from": [ 13, 1, 4.5 ],
			"to": [ 14.25, 1.25, 4.75 ],
			"faces": {
				"down": { "uv": [ 2.875, 7.875, 3.5, 8 ], "texture": "#texture" },
				"up": { "uv": [ 2.875, 7.875, 3.5, 7.75 ], "texture": "#texture" },
				"north": { "uv": [ 3.5, 7.625, 2.875, 7.75 ], "texture": "#texture" },
				"south": { "uv": [ 2.875, 7.5, 3.5, 7.625 ], "texture": "#texture" },
				"west": { "uv": [ 3.5, 3.875, 3.625, 4 ], "texture": "#texture" },
				"east": { "uv": [ 3.625, 3.75, 3.5, 3.875 ], "texture": "#texture" }
			}
		},
		{
			"__comment": "Voxels",
			"from": [ 13.25, 0, 4.25 ],
			"to": [ 14.5, 0.25, 4.5 ],
			"faces": {
				"down": { "uv": [ 2.875, 7.375, 3.5, 7.5 ], "texture": "#texture" },
				"up": { "uv": [ 2.875, 7.375, 3.5, 7.25 ], "texture": "#texture" },
				"north": { "uv": [ 3.5, 7.125, 2.875, 7.25 ], "texture": "#texture" },
				"south": { "uv": [ 2.875, 7, 3.5, 7.125 ], "texture": "#texture" },
				"west": { "uv": [ 3.5, 3.125, 3.625, 3.25 ], "texture": "#texture" },
				"east": { "uv": [ 3.625, 3, 3.5, 3.125 ], "texture": "#texture" }
			}
		},
		{
			"__comment": "Voxels",
			"from": [ 13.25, 0.25, 3.5 ],
			"to": [ 14.5, 1, 3.75 ],
			"faces": {
				"down": { "uv": [ 2.875, 6.875, 3.5, 7 ], "texture": "#texture" },
				"up": { "uv": [ 2.875, 6.875, 3.5, 6.75 ], "texture": "#texture" },
				"north": { "uv": [ 2.875, 8.625, 2.25, 9 ], "texture": "#texture" },
				"south": { "uv": [ 2.25, 9, 2.875, 9.375 ], "texture": "#texture" },
				"west": { "uv": [ 5, 3.5, 5.125, 3.875 ], "texture": "#texture" },
				"east": { "uv": [ 5.125, 1.25, 5, 1.625 ], "texture": "#texture" }
			}
		},
		{
			"__comment": "Voxels",
			"from": [ 13.25, 0.75, 0.75 ],
			"to": [ 15.75, 1, 1 ],
			"faces": {
				"down": { "uv": [ 4.875, 11.5, 6.125, 11.625 ], "texture": "#texture" },
				"up": { "uv": [ 6.125, 11.625, 7.375, 11.5 ], "texture": "#texture" },
				"north": { "uv": [ 8.625, 11.5, 7.375, 11.625 ], "texture": "#texture" },
				"south": { "uv": [ 8.625, 11.5, 9.875, 11.625 ], "texture": "#texture" },
				"west": { "uv": [ 4.625, 6.25, 4.75, 6.375 ], "texture": "#texture" },
				"east": { "uv": [ 4.75, 6.125, 4.625, 6.25 ], "texture": "#texture" }
			}
		},
		{
			"__comment": "Voxels",
			"from": [ 13.25, 1, 1 ],
			"to": [ 15.5, 1.25, 1.25 ],
			"faces": {
				"down": { "uv": [ 3.625, 8.875, 4.75, 9 ], "texture": "#texture" },
				"up": { "uv": [ 3.625, 8.875, 4.75, 8.75 ], "texture": "#texture" },
				"north": { "uv": [ 4.75, 8.625, 3.625, 8.75 ], "texture": "#texture" },
				"south": { "uv": [ 3.625, 8.5, 4.75, 8.625 ], "texture": "#texture" },
				"west": { "uv": [ 4.625, 5.5, 4.75, 5.625 ], "texture": "#texture" },
				"east": { "uv": [ 4.75, 5.375, 4.625, 5.5 ], "texture": "#texture" }
			}
		},
		{
			"__comment": "Voxels",
			"from": [ 13.25, 1, 1.5 ],
			"to": [ 15.25, 1.25, 1.75 ],
			"faces": {
				"down": { "uv": [ 3.625, 2.75, 4.625, 2.875 ], "texture": "#texture" },
				"up": { "uv": [ 3.625, 2.75, 4.625, 2.625 ], "texture": "#texture" },
				"north": { "uv": [ 4.625, 2.5, 3.625, 2.625 ], "texture": "#texture" },
				"south": { "uv": [ 3.625, 2.375, 4.625, 2.5 ], "texture": "#texture" },
				"west": { "uv": [ 4.625, 4.75, 4.75, 4.875 ], "texture": "#texture" },
				"east": { "uv": [ 4.75, 4.625, 4.625, 4.75 ], "texture": "#texture" }
			}
		},
		{
			"__comment": "Voxels",
			"from": [ 13.25, 1, 3.5 ],
			"to": [ 13.5, 1.25, 3.75 ],
			"faces": {
				"down": { "uv": [ 4.625, 4.5, 4.75, 4.625 ], "texture": "#texture" },
				"up": { "uv": [ 4.625, 4.5, 4.75, 4.375 ], "texture": "#texture" },
				"north": { "uv": [ 4.75, 4.25, 4.625, 4.375 ], "texture": "#texture" },
				"south": { "uv": [ 4.625, 4.125, 4.75, 4.25 ], "texture": "#texture" },
				"west": { "uv": [ 4.625, 4, 4.75, 4.125 ], "texture": "#texture" },
				"east": { "uv": [ 4.75, 3.875, 4.625, 4 ], "texture": "#texture" }
			}
		},
		{
			"__comment": "Voxels",
			"from": [ 13.25, 1, 4.25 ],
			"to": [ 14, 1.25, 4.5 ],
			"faces": {
				"down": { "uv": [ 14.625, 10.75, 15, 10.875 ], "texture": "#texture" },
				"up": { "uv": [ 15, 10.875, 15.375, 10.75 ], "texture": "#texture" },
				"north": { "uv": [ 15.75, 10.75, 15.375, 10.875 ], "texture": "#texture" },
				"south": { "uv": [ 5.125, 10.625, 5.5, 10.75 ], "texture": "#texture" },
				"west": { "uv": [ 4.625, 3.25, 4.75, 3.375 ], "texture": "#texture" },
				"east": { "uv": [ 4.75, 3.125, 4.625, 3.25 ], "texture": "#texture" }
			}
		},
		{
			"__comment": "Voxels",
			"from": [ 13.5, 0, 4 ],
			"to": [ 14.5, 0.25, 4.25 ],
			"faces": {
				"down": { "uv": [ 2.875, 2.25, 3.375, 2.375 ], "texture": "#texture" },
				"up": { "uv": [ 2.875, 2.25, 3.375, 2.125 ], "texture": "#texture" },
				"north": { "uv": [ 3.375, 2, 2.875, 2.125 ], "texture": "#texture" },
				"south": { "uv": [ 2.875, 1.875, 3.375, 2 ], "texture": "#texture" },
				"west": { "uv": [ 4.625, 2.5, 4.75, 2.625 ], "texture": "#texture" },
				"east": { "uv": [ 4.75, 2.375, 4.625, 2.5 ], "texture": "#texture" }
			}
		},
		{
			"__comment": "Voxels",
			"from": [ 13.5, 0.75, 5.5 ],
			"to": [ 14, 1, 5.75 ],
			"faces": {
				"down": { "uv": [ 15.75, 11.5, 16, 11.625 ], "texture": "#texture" },
				"up": { "uv": [ 4.5, 2.125, 4.75, 2 ], "texture": "#texture" },
				"north": { "uv": [ 4.75, 1.875, 4.5, 2 ], "texture": "#texture" },
				"south": { "uv": [ 4.5, 1.75, 4.75, 1.875 ], "texture": "#texture" },
				"west": { "uv": [ 9, 10.625, 9.125, 10.75 ], "texture": "#texture" },
				"east": { "uv": [ 9.25, 10.625, 9.125, 10.75 ], "texture": "#texture" }
			}
		},
		{
			"__comment": "Voxels",
			"from": [ 13.5, 1, 4 ],
			"to": [ 14.25, 1.25, 4.25 ],
			"faces": {
				"down": { "uv": [ 1, 4.25, 1.375, 4.375 ], "texture": "#texture" },
				"up": { "uv": [ 1, 3.375, 1.375, 3.25 ], "texture": "#texture" },
				"north": { "uv": [ 12.75, 10.75, 12.375, 10.875 ], "texture": "#texture" },
				"south": { "uv": [ 12.75, 10.75, 13.125, 10.875 ], "texture": "#texture" },
				"west": { "uv": [ 9.75, 10.625, 9.875, 10.75 ], "texture": "#texture" },
				"east": { "uv": [ 10, 10.625, 9.875, 10.75 ], "texture": "#texture" }
			}
		},
		{
			"__comment": "Voxels",
			"from": [ 13.75, 0, 0.75 ],
			"to": [ 15.5, 0.75, 1 ],
			"faces": {
				"down": { "uv": [ 14.375, 10.875, 15.25, 11 ], "texture": "#texture" },
				"up": { "uv": [ 4.75, 10.875, 5.625, 10.75 ], "texture": "#texture" },
				"north": { "uv": [ 4.125, 12.875, 3.25, 13.25 ], "texture": "#texture" },
				"south": { "uv": [ 4.125, 12.875, 5, 13.25 ], "texture": "#texture" },
				"west": { "uv": [ 5, 0.125, 5.125, 0.5 ], "texture": "#texture" },
				"east": { "uv": [ 5.25, 10.25, 5.125, 10.625 ], "texture": "#texture" }
			}
		},
		{
			"__comment": "Voxels",
			"from": [ 13.75, 0, 3.75 ],
			"to": [ 14.5, 0.25, 4 ],
			"faces": {
				"down": { "uv": [ 7.375, 10.625, 7.75, 10.75 ], "texture": "#texture" },
				"up": { "uv": [ 7.75, 10.75, 8.125, 10.625 ], "texture": "#texture" },
				"north": { "uv": [ 1.375, 2.75, 1, 2.875 ], "texture": "#texture" },
				"south": { "uv": [ 1, 13.375, 1.375, 13.5 ], "texture": "#texture" },
				"west": { "uv": [ 11.25, 10.625, 11.375, 10.75 ], "texture": "#texture" },
				"east": { "uv": [ 11.5, 10.625, 11.375, 10.75 ], "texture": "#texture" }
			}
		},
		{
			"__comment": "Voxels",
			"from": [ 13.75, 1, 3.75 ],
			"to": [ 14.25, 1.25, 4 ],
			"faces": {
				"down": { "uv": [ 3.375, 2.375, 3.625, 2.5 ], "texture": "#texture" },
				"up": { "uv": [ 3.375, 2.375, 3.625, 2.25 ], "texture": "#texture" },
				"north": { "uv": [ 3.625, 2.125, 3.375, 2.25 ], "texture": "#texture" },
				"south": { "uv": [ 3.375, 2, 3.625, 2.125 ], "texture": "#texture" },
				"west": { "uv": [ 12, 10.625, 12.125, 10.75 ], "texture": "#texture" },
				"east": { "uv": [ 12.25, 10.625, 12.125, 10.75 ], "texture": "#texture" }
			}
		},
		{
			"__comment": "Voxels",
			"from": [ 14, 0, 3.25 ],
			"to": [ 14.25, 0.25, 3.75 ],
			"faces": {
				"down": { "uv": [ 5.125, 10, 5.25, 10.25 ], "texture": "#texture" },
				"up": { "uv": [ 5.125, 10, 5.25, 9.75 ], "texture": "#texture" },
				"north": { "uv": [ 12.625, 10.625, 12.5, 10.75 ], "texture": "#texture" },
				"south": { "uv": [ 12.625, 10.625, 12.75, 10.75 ], "texture": "#texture" },
				"west": { "uv": [ 3.375, 1.875, 3.625, 2 ], "texture": "#texture" },
				"east": { "uv": [ 1.375, 4.75, 1.125, 4.875 ], "texture": "#texture" }
			}
		},
		{
			"__comment": "Voxels",
			"from": [ 14, 1, 3.25 ],
			"to": [ 14.25, 1.25, 3.75 ],
			"faces": {
				"down": { "uv": [ 5.125, 8.75, 5.25, 9 ], "texture": "#texture" },
				"up": { "uv": [ 5.125, 8.5, 5.25, 8.25 ], "texture": "#texture" },
				"north": { "uv": [ 13.375, 10.625, 13.25, 10.75 ], "texture": "#texture" },
				"south": { "uv": [ 13.375, 10.625, 13.5, 10.75 ], "texture": "#texture" },
				"west": { "uv": [ 4.5, 0.375, 4.75, 0.5 ], "texture": "#texture" },
				"east": { "uv": [ 3.625, 1.25, 3.375, 1.375 ], "texture": "#texture" }
			}
		},
		{
			"__comment": "Voxels",
			"from": [ 14.25, 0, 3.5 ],
			"to": [ 14.5, 0.25, 3.75 ],
			"faces": {
				"down": { "uv": [ 13.75, 10.625, 13.875, 10.75 ], "texture": "#texture" },
				"up": { "uv": [ 13.875, 10.75, 14, 10.625 ], "texture": "#texture" },
				"north": { "uv": [ 14.125, 10.625, 14, 10.75 ], "texture": "#texture" },
				"south": { "uv": [ 14.125, 10.625, 14.25, 10.75 ], "texture": "#texture" },
				"west": { "uv": [ 14.25, 10.625, 14.375, 10.75 ], "texture": "#texture" },
				"east": { "uv": [ 14.5, 10.625, 14.375, 10.75 ], "texture": "#texture" }
			}
		},
		{
			"__comment": "Voxels",
			"from": [ 14.25, 0.75, 0.5 ],
			"to": [ 15.75, 1, 0.75 ],
			"faces": {
				"down": { "uv": [ 2.875, 9.625, 3.625, 9.75 ], "texture": "#texture" },
				"up": { "uv": [ 2.875, 9.625, 3.625, 9.5 ], "texture": "#texture" },
				"north": { "uv": [ 3.625, 9.375, 2.875, 9.5 ], "texture": "#texture" },
				"south": { "uv": [ 2.875, 9.25, 3.625, 9.375 ], "texture": "#texture" },
				"west": { "uv": [ 15, 10.625, 15.125, 10.75 ], "texture": "#texture" },
				"east": { "uv": [ 15.25, 10.625, 15.125, 10.75 ], "texture": "#texture" }
			}
		},
		{
			"__comment": "Voxels",
			"from": [ 14.25, 0.75, 2.5 ],
			"to": [ 15.25, 1, 2.75 ],
			"faces": {
				"down": { "uv": [ 2.875, 1.125, 3.375, 1.25 ], "texture": "#texture" },
				"up": { "uv": [ 2.875, 0.375, 3.375, 0.25 ], "texture": "#texture" },
				"north": { "uv": [ 3.375, 0.125, 2.875, 0.25 ], "texture": "#texture" },
				"south": { "uv": [ 2.875, 0, 3.375, 0.125 ], "texture": "#texture" },
				"west": { "uv": [ 15.75, 10.625, 15.875, 10.75 ], "texture": "#texture" },
				"east": { "uv": [ 16, 10.625, 15.875, 10.75 ], "texture": "#texture" }
			}
		},
		{
			"__comment": "Voxels",
			"from": [ 14.25, 1, 0.75 ],
			"to": [ 15.5, 1.25, 1 ],
			"faces": {
				"down": { "uv": [ 2.875, 3.875, 3.5, 4 ], "texture": "#texture" },
				"up": { "uv": [ 2.875, 3.875, 3.5, 3.75 ], "texture": "#texture" },
				"north": { "uv": [ 3.5, 3.625, 2.875, 3.75 ], "texture": "#texture" },
				"south": { "uv": [ 2.875, 3.5, 3.5, 3.625 ], "texture": "#texture" },
				"west": { "uv": [ 5.125, 7.625, 5.25, 7.75 ], "texture": "#texture" },
				"east": { "uv": [ 5.25, 7.5, 5.125, 7.625 ], "texture": "#texture" }
			}
		},
		{
			"__comment": "Voxels",
			"from": [ 14.5, 0, 0.5 ],
			"to": [ 15.5, 0.25, 0.75 ],
			"faces": {
				"down": { "uv": [ 15.25, 11.125, 15.75, 11.25 ], "texture": "#texture" },
				"up": { "uv": [ 15.25, 11.125, 15.75, 11 ], "texture": "#texture" },
				"north": { "uv": [ 15.75, 10.875, 15.25, 11 ], "texture": "#texture" },
				"south": { "uv": [ 7.375, 10.75, 7.875, 10.875 ], "texture": "#texture" },
				"west": { "uv": [ 5.125, 6.875, 5.25, 7 ], "texture": "#texture" },
				"east": { "uv": [ 5.25, 6.75, 5.125, 6.875 ], "texture": "#texture" }
			}
		},
		{
			"__comment": "Voxels",
			"from": [ 14.5, 0.25, 0.5 ],
			"to": [ 15.25, 0.75, 0.75 ],
			"faces": {
				"down": { "uv": [ 6.25, 10.625, 6.625, 10.75 ], "texture": "#texture" },
				"up": { "uv": [ 1, 9.875, 1.375, 9.75 ], "texture": "#texture" },
				"north": { "uv": [ 1.375, 4, 1, 4.25 ], "texture": "#texture" },
				"south": { "uv": [ 1, 3.75, 1.375, 4 ], "texture": "#texture" },
				"west": { "uv": [ 5.125, 9.5, 5.25, 9.75 ], "texture": "#texture" },
				"east": { "uv": [ 5.25, 9.25, 5.125, 9.5 ], "texture": "#texture" }
			}
		},
		{
			"__comment": "Voxels",
			"from": [ 14.5, 0.5, 2.25 ],
			"to": [ 15, 0.75, 2.5 ],
			"faces": {
				"down": { "uv": [ 3.375, 1.125, 3.625, 1.25 ], "texture": "#texture" },
				"up": { "uv": [ 3.375, 0.625, 3.625, 0.5 ], "texture": "#texture" },
				"north": { "uv": [ 3.625, 0.375, 3.375, 0.5 ], "texture": "#texture" },
				"south": { "uv": [ 3.375, 0.25, 3.625, 0.375 ], "texture": "#texture" },
				"west": { "uv": [ 5.125, 5.375, 5.25, 5.5 ], "texture": "#texture" },
				"east": { "uv": [ 5.25, 5.25, 5.125, 5.375 ], "texture": "#texture" }
			}
		},
		{
			"__comment": "Voxels",
			"from": [ 14.5, 0.75, 0.25 ],
			"to": [ 15.5, 1, 0.5 ],
			"faces": {
				"down": { "uv": [ 7.875, 10.75, 8.375, 10.875 ], "texture": "#texture" },
				"up": { "uv": [ 8.375, 10.875, 8.875, 10.75 ], "texture": "#texture" },
				"north": { "uv": [ 9.375, 10.75, 8.875, 10.875 ], "texture": "#texture" },
				"south": { "uv": [ 9.375, 10.75, 9.875, 10.875 ], "texture": "#texture" },
				"west": { "uv": [ 5.125, 4.625, 5.25, 4.75 ], "texture": "#texture" },
				"east": { "uv": [ 5.25, 4.5, 5.125, 4.625 ], "texture": "#texture" }
			}
		},
		{
			"__comment": "Voxels",
			"from": [ 14.5, 1, 0.5 ],
			"to": [ 15.5, 1.25, 0.75 ],
			"faces": {
				"down": { "uv": [ 9.875, 10.75, 10.375, 10.875 ], "texture": "#texture" },
				"up": { "uv": [ 10.375, 10.875, 10.875, 10.75 ], "texture": "#texture" },
				"north": { "uv": [ 3.375, 1.25, 2.875, 1.375 ], "texture": "#texture" },
				"south": { "uv": [ 10.875, 10.75, 11.375, 10.875 ], "texture": "#texture" },
				"west": { "uv": [ 5.125, 3.875, 5.25, 4 ], "texture": "#texture" },
				"east": { "uv": [ 5.25, 3.75, 5.125, 3.875 ], "texture": "#texture" }
			}
		},
		{
			"__comment": "Voxels",
			"from": [ 14.75, 0.25, 2.25 ],
			"to": [ 15, 0.5, 2.5 ],
			"faces": {
				"down": { "uv": [ 5.125, 3.625, 5.25, 3.75 ], "texture": "#texture" },
				"up": { "uv": [ 5.125, 3.625, 5.25, 3.5 ], "texture": "#texture" },
				"north": { "uv": [ 5.25, 3.375, 5.125, 3.5 ], "texture": "#texture" },
				"south": { "uv": [ 5.125, 3.25, 5.25, 3.375 ], "texture": "#texture" },
				"west": { "uv": [ 5.125, 3.125, 5.25, 3.25 ], "texture": "#texture" },
				"east": { "uv": [ 5.25, 3, 5.125, 3.125 ], "texture": "#texture" }
			}
		},
		{
			"__comment": "Voxels",
			"from": [ 14.75, 0.75, 2 ],
			"to": [ 15.25, 1, 2.5 ],
			"faces": {
				"down": { "uv": [ 15.75, 14.75, 16, 15 ], "texture": "#texture" },
				"up": { "uv": [ 12.875, 13.5, 13.125, 13.25 ], "texture": "#texture" },
				"north": { "uv": [ 4.75, 1.5, 4.5, 1.625 ], "texture": "#texture" },
				"south": { "uv": [ 4.5, 1.375, 4.75, 1.5 ], "texture": "#texture" },
				"west": { "uv": [ 4.5, 1.25, 4.75, 1.375 ], "texture": "#texture" },
				"east": { "uv": [ 4.75, 1.125, 4.5, 1.25 ], "texture": "#texture" }
			}
		},
		{
			"__comment": "Voxels",
			"from": [ 15, 0.25, 1.25 ],
			"to": [ 15.5, 1, 1.5 ],
			"faces": {
				"down": { "uv": [ 4.5, 1, 4.75, 1.125 ], "texture": "#texture" },
				"up": { "uv": [ 4.5, 1, 4.75, 0.875 ], "texture": "#texture" },
				"north": { "uv": [ 1.25, 3.375, 1, 3.75 ], "texture": "#texture" },
				"south": { "uv": [ 1, 2.875, 1.25, 3.25 ], "texture": "#texture" },
				"west": { "uv": [ 1.25, 3.375, 1.375, 3.75 ], "texture": "#texture" },
				"east": { "uv": [ 1.375, 2.875, 1.25, 3.25 ], "texture": "#texture" }
			}
		},
		{
			"__comment": "Voxels",
			"from": [ 15, 0.5, 1 ],
			"to": [ 15.5, 0.75, 1.25 ],
			"faces": {
				"down": { "uv": [ 4.5, 0.25, 4.75, 0.375 ], "texture": "#texture" },
				"up": { "uv": [ 15.75, 11.25, 16, 11.125 ], "texture": "#texture" },
				"north": { "uv": [ 16, 11, 15.75, 11.125 ], "texture": "#texture" },
				"south": { "uv": [ 15.75, 10.875, 16, 11 ], "texture": "#texture" },
				"west": { "uv": [ 5.125, 0.875, 5.25, 1 ], "texture": "#texture" },
				"east": { "uv": [ 5.25, 0.75, 5.125, 0.875 ], "texture": "#texture" }
			}
		},
		{
			"__comment": "Voxels",
			"from": [ 15.25, 0.25, 1 ],
			"to": [ 15.5, 0.5, 1.25 ],
			"faces": {
				"down": { "uv": [ 5.125, 0.625, 5.25, 0.75 ], "texture": "#texture" },
				"up": { "uv": [ 5.125, 0.625, 5.25, 0.5 ], "texture": "#texture" },
				"north": { "uv": [ 5.25, 0.375, 5.125, 0.5 ], "texture": "#texture" },
				"south": { "uv": [ 5.125, 0.25, 5.25, 0.375 ], "texture": "#texture" },
				"west": { "uv": [ 5.125, 0.125, 5.25, 0.25 ], "texture": "#texture" },
				"east": { "uv": [ 5.25, 0, 5.125, 0.125 ], "texture": "#texture" }
			}
		},
		{
			"__comment": "Voxels",
			"from": [ 15.25, 0.5, 0.5 ],
			"to": [ 15.5, 0.75, 0.75 ],
			"faces": {
				"down": { "uv": [ 5.25, 10.5, 5.375, 10.625 ], "texture": "#texture" },
				"up": { "uv": [ 5.25, 10.5, 5.375, 10.375 ], "texture": "#texture" },
				"north": { "uv": [ 5.375, 10.25, 5.25, 10.375 ], "texture": "#texture" },
				"south": { "uv": [ 5.25, 10.125, 5.375, 10.25 ], "texture": "#texture" },
				"west": { "uv": [ 5.25, 10, 5.375, 10.125 ], "texture": "#texture" },
				"east": { "uv": [ 5.375, 9.875, 5.25, 10 ], "texture": "#texture" }
			}
		},
		{
			"__comment": "Voxels",
			"from": [ 15.25, 0.5, 1.5 ],
			"to": [ 15.5, 0.75, 1.75 ],
			"faces": {
				"down": { "uv": [ 5.25, 9.75, 5.375, 9.875 ], "texture": "#texture" },
				"up": { "uv": [ 5.25, 9.75, 5.375, 9.625 ], "texture": "#texture" },
				"north": { "uv": [ 5.375, 9.5, 5.25, 9.625 ], "texture": "#texture" },
				"south": { "uv": [ 5.25, 9.375, 5.375, 9.5 ], "texture": "#texture" },
				"west": { "uv": [ 5.25, 9.25, 5.375, 9.375 ], "texture": "#texture" },
				"east": { "uv": [ 5.375, 9.125, 5.25, 9.25 ], "texture": "#texture" }
			}
		},
		{
			"__comment": "Voxels",
			"from": [ 15.25, 0.75, 1 ],
			"to": [ 15.75, 1, 1.25 ],
			"faces": {
				"down": { "uv": [ 15.75, 10.75, 16, 10.875 ], "texture": "#texture" },
				"up": { "uv": [ 8.125, 10.75, 8.375, 10.625 ], "texture": "#texture" },
				"north": { "uv": [ 8.625, 10.625, 8.375, 10.75 ], "texture": "#texture" },
				"south": { "uv": [ 8.625, 10.625, 8.875, 10.75 ], "texture": "#texture" },
				"west": { "uv": [ 5.25, 8.5, 5.375, 8.625 ], "texture": "#texture" },
				"east": { "uv": [ 5.375, 8.375, 5.25, 8.5 ], "texture": "#texture" }
			}
		},
		{
			"__comment": "Voxels",
			"from": [ 15.5, 0.75, 1.25 ],
			"to": [ 15.75, 1, 1.5 ],
			"faces": {
				"down": { "uv": [ 5.25, 8.25, 5.375, 8.375 ], "texture": "#texture" },
				"up": { "uv": [ 5.25, 8.25, 5.375, 8.125 ], "texture": "#texture" },
				"north": { "uv": [ 5.375, 8, 5.25, 8.125 ], "texture": "#texture" },
				"south": { "uv": [ 5.25, 7.875, 5.375, 8 ], "texture": "#texture" },
				"west": { "uv": [ 5.25, 7.75, 5.375, 7.875 ], "texture": "#texture" },
				"east": { "uv": [ 5.375, 7.625, 5.25, 7.75 ], "texture": "#texture" }
			}
		}
	],
	"display": {
		"thirdperson_righthand": {
			"rotation":  [ 120, 36, -36 ],
			"translation":  [ 4.1739, 1.3913, 8.3473 ]
		},
		"thirdperson_lefthand": {
			"rotation":  [ 120, 22, 78 ],
			"translation":  [ -7.651, -2.781, 1.3919 ]
		},
		"firstperson_righthand": {
			"rotation":  [ 113, 69, -25 ],
			"translation":  [ 9.0434, 2.7826, -0.695 ]
		},
		"firstperson_lefthand": {
			"rotation":  [ 86, -5, 66 ],
			"translation":  [ -1.391, 0.6956, -1.391 ]
		},
		"gui": {
			"rotation":  [ -143, -89, -51 ],
			"translation":  [ 0.0005, 0.6956, -3.477 ]
		},
		"head": {
			"rotation":  [ -90, 6, 0 ],
			"translation":  [ -3.478, -11.82, -3.477 ]
		},
		"ground": {
			"rotation":  [ -175, 0, 0 ]
		},
		"fixed": {
			"rotation":  [ 92, 96, 1.5 ],
			"translation":  [ 0.0006, 0.6956, 7.6521 ]
		}
	}
}