{
	"__comment": "Designed by Zeibo with Cubik Studio - https://cubik.studio",
	"textures": {
		"texture": "gui/container/shop"
	},
	"elements": [ 	 
		{
			"__comment": "PlaneZ1",
			"from": [ -15.25, -15.625, 8 ],
			"to": [ 31.25, 31.375, 8.001 ],
			"faces": {
				"north": { "uv": [ 0, 0, 16, 16 ], "texture": "#texture" },
				"south": { "uv": [ 0, 0, 16, 16 ], "texture": "#texture" }
			}
		}
	],
	"display": {
		"gui": {
			"translation":  [ 72.5, -35, -5 ],
			"scale":  [ 4, 4, 4 ]
		}
	}
}