{
"__comment": "Designed by S9855027 with BDcraft Cubik PRO 0.96 Beta - http://bdcraft.net",
"textures": {
    "particle": "blocks/dirt1",
    "texture": "blocks/dirt1",
    "top": "blocks/dirt1"
},
"elements": [ 
{
    "from": [ 0, 0, 0 ],
    "to": [ 16, 16, 16 ],
    "faces": {
        "down":  { "uv": [ 16, 16, 0, 0 ], "texture": "#texture" },
        "up":    { "uv": [ 0, 0, 16, 16 ], "texture": "#top" },
        "north": { "uv": [ 0, 0, 16, 16 ], "texture": "#texture" },
        "south": { "uv": [ 0, 0, 16, 16 ], "texture": "#texture" },
        "west":  { "uv": [ 0, 0, 16, 16 ], "texture": "#texture" },
        "east":  { "uv": [ 0, 0, 16, 16 ], "texture": "#texture" }
    }
},
{
    "from": [ 10, 16, 8 ],
    "to": [ 12, 17, 11 ],
    "faces": {
        "up":    { "uv": [ 10, 8, 12, 11 ], "texture": "#top" },
        "north": { "uv": [ 4, 0, 6, 0 ], "texture": "#top" },
        "south": { "uv": [ 10, 0, 12, 0 ], "texture": "#top" },
        "west":  { "uv": [ 8, 0, 11, 0 ], "texture": "#top" },
        "east":  { "uv": [ 5, 0, 8, 0 ], "texture": "#top" }
    }
},
{
    "from": [ 13, 16, 13 ],
    "to": [ 15, 17, 15 ],
    "faces": {
        "up":    { "uv": [ 13, 13, 15, 15 ], "texture": "#top" },
        "north": { "uv": [ 1, 0, 3, 0 ], "texture": "#top" },
        "south": { "uv": [ 13, 0, 15, 0 ], "texture": "#top" },
        "west":  { "uv": [ 13, 0, 15, 0 ], "texture": "#top" },
        "east":  { "uv": [ 1, 0, 3, 0 ], "texture": "#top" }
    }
},
{
    "from": [ 6, 16, 7 ],
    "to": [ 9, 17, 9 ],
    "faces": {
        "up":    { "uv": [ 6, 7, 9, 9 ], "texture": "#top" },
        "north": { "uv": [ 7, 0, 10, 0 ], "texture": "#top" },
        "south": { "uv": [ 6, 0, 9, 0 ], "texture": "#top" },
        "west":  { "uv": [ 7, 0, 9, 0 ], "texture": "#top" },
        "east":  { "uv": [ 7, 0, 9, 0 ], "texture": "#top" }
    }
},
{
    "from": [ 1, 16, 8 ],
    "to": [ 4, 17, 11 ],
    "faces": {
        "up":    { "uv": [ 1, 8, 4, 11 ], "texture": "#top" },
        "north": { "uv": [ 12, 0, 15, 0 ], "texture": "#top" },
        "south": { "uv": [ 1, 0, 4, 0 ], "texture": "#top" },
        "west":  { "uv": [ 8, 0, 11, 0 ], "texture": "#top" },
        "east":  { "uv": [ 5, 0, 8, 0 ], "texture": "#top" }
    }
},
{
    "from": [ 0, 16, 11 ],
    "to": [ 2, 17, 13 ],
    "faces": {
        "up":    { "uv": [ 0, 11, 2, 13 ], "texture": "#top" },
        "north": { "uv": [ 14, 0, 16, 0 ], "texture": "#top" },
        "south": { "uv": [ 0, 0, 2, 0 ], "texture": "#top" },
        "west":  { "uv": [ 11, 0, 13, 0 ], "texture": "#top" },
        "east":  { "uv": [ 3, 0, 5, 0 ], "texture": "#top" }
    }
},
{
    "from": [ 5, 16, 4 ],
    "to": [ 8, 17, 6 ],
    "faces": {
        "up":    { "uv": [ 5, 4, 8, 6 ], "texture": "#top" },
        "north": { "uv": [ 8, 0, 11, 0 ], "texture": "#top" },
        "south": { "uv": [ 5, 0, 8, 0 ], "texture": "#top" },
        "west":  { "uv": [ 4, 0, 6, 0 ], "texture": "#top" },
        "east":  { "uv": [ 10, 0, 12, 0 ], "texture": "#top" }
    }
},
{
    "from": [ 6, 16, 3 ],
    "to": [ 10, 17, 4 ],
    "faces": {
        "up":    { "uv": [ 6, 3, 10, 4 ], "texture": "#top" },
        "north": { "uv": [ 6, 0, 10, 0 ], "texture": "#top" },
        "south": { "uv": [ 6, 0, 10, 0 ], "texture": "#top" },
        "west":  { "uv": [ 3, 0, 4, 0 ], "texture": "#top" },
        "east":  { "uv": [ 12, 0, 13, 0 ], "texture": "#top" }
    }
},
{
    "from": [ 8, 16, 4 ],
    "to": [ 10, 17, 5 ],
    "faces": {
        "up":    { "uv": [ 8, 4, 10, 5 ], "texture": "#top" },
        "north": { "uv": [ 6, 0, 8, 0 ], "texture": "#top" },
        "south": { "uv": [ 8, 0, 10, 0 ], "texture": "#top" },
        "west":  { "uv": [ 4, 0, 5, 0 ], "texture": "#top" },
        "east":  { "uv": [ 11, 0, 12, 0 ], "texture": "#top" }
    }
},
{
    "from": [ 9, 16, 5 ],
    "to": [ 10, 17, 6 ],
    "faces": {
        "up":    { "uv": [ 9, 5, 10, 6 ], "texture": "#top" },
        "north": { "uv": [ 6, 0, 7, 0 ], "texture": "#top" },
        "south": { "uv": [ 9, 0, 10, 0 ], "texture": "#top" },
        "west":  { "uv": [ 5, 0, 6, 0 ], "texture": "#top" },
        "east":  { "uv": [ 10, 0, 11, 0 ], "texture": "#top" }
    }
},
{
    "from": [ 12, 16, 4 ],
    "to": [ 14, 17, 6 ],
    "faces": {
        "up":    { "uv": [ 12, 4, 14, 6 ], "texture": "#top" },
        "north": { "uv": [ 2, 0, 4, 0 ], "texture": "#top" },
        "south": { "uv": [ 12, 0, 14, 0 ], "texture": "#top" },
        "west":  { "uv": [ 4, 0, 6, 0 ], "texture": "#top" },
        "east":  { "uv": [ 10, 0, 12, 0 ], "texture": "#top" }
    }
},
{
    "from": [ 11, 16, 5 ],
    "to": [ 12, 17, 7 ],
    "faces": {
        "up":    { "uv": [ 11, 5, 12, 7 ], "texture": "#top" },
        "north": { "uv": [ 4, 0, 5, 0 ], "texture": "#top" },
        "south": { "uv": [ 11, 0, 12, 0 ], "texture": "#top" },
        "west":  { "uv": [ 5, 0, 7, 0 ], "texture": "#top" },
        "east":  { "uv": [ 9, 0, 11, 0 ], "texture": "#top" }
    }
},
{
    "from": [ 12, 16, 6 ],
    "to": [ 13, 17, 7 ],
    "faces": {
        "up":    { "uv": [ 12, 6, 13, 7 ], "texture": "#top" },
        "north": { "uv": [ 3, 0, 4, 0 ], "texture": "#top" },
        "south": { "uv": [ 12, 0, 13, 0 ], "texture": "#top" },
        "west":  { "uv": [ 6, 0, 7, 0 ], "texture": "#top" },
        "east":  { "uv": [ 9, 0, 10, 0 ], "texture": "#top" }
    }
},
{
    "from": [ 2, 16, 4 ],
    "to": [ 3, 17, 6 ],
    "faces": {
        "up":    { "uv": [ 2, 4, 3, 6 ], "texture": "#top" },
        "north": { "uv": [ 13, 0, 14, 0 ], "texture": "#top" },
        "south": { "uv": [ 2, 0, 3, 0 ], "texture": "#top" },
        "west":  { "uv": [ 4, 0, 6, 0 ], "texture": "#top" },
        "east":  { "uv": [ 10, 0, 12, 0 ], "texture": "#top" }
    }
},
{
    "from": [ 3, 16, 5 ],
    "to": [ 4, 17, 6 ],
    "faces": {
        "up":    { "uv": [ 3, 5, 4, 6 ], "texture": "#top" },
        "north": { "uv": [ 12, 0, 13, 0 ], "texture": "#top" },
        "south": { "uv": [ 3, 0, 4, 0 ], "texture": "#top" },
        "west":  { "uv": [ 5, 0, 6, 0 ], "texture": "#top" },
        "east":  { "uv": [ 10, 0, 11, 0 ], "texture": "#top" }
    }
}
],
"display": {
    "thirdperson_righthand": {
        "rotation": [ 75, 45, 0 ],
        "translation": [ 0, 2.5, 0 ],
        "scale": [ 0.375, 0.375, 0.375 ]
    },
    "thirdperson_lefthand": {
        "rotation": [ 75, 45, 0 ],
        "translation": [ 0, 2.5, 0 ],
        "scale": [ 0.375, 0.375, 0.375 ]
    },
    "head": {
        "rotation": [ 0, 0, 0 ],
        "translation": [ 0, 0, 0 ],
        "scale": [ 1, 1, 1 ]
    },
    "ground": {
        "rotation": [ 0, 0, 0 ],
        "translation": [ 0, 3, 0 ],
        "scale": [ 0.25, 0.25, 0.25 ]
    },
    "fixed": {
        "rotation": [ 0, 0, 0 ],
        "translation": [ 0, 0, 0 ],
        "scale": [ 0.5, 0.5, 0.5 ]
    },
    "firstperson_righthand": {
        "rotation": [ 0, 45, 0 ],
        "translation": [ 0, 0, 0 ],
        "scale": [ 0.4, 0.4, 0.4 ]
    },
    "firstperson_lefthand": {
        "rotation": [ 0, 225, 0 ],
        "translation": [ 0, 0, 0 ],
        "scale": [ 0.4, 0.4, 0.4 ]
    },
    "gui": {
        "rotation": [ 30, 225, 0 ],
        "translation": [ 0, 0, 0 ],
        "scale": [ 0.625, 0.625, 0.625 ]
    }
}
}