{
"__comment": "Designed by S9855027 with BDcraft Cubik PRO 0.96 Beta - http://bdcraft.net",
"textures": {
    "particle": "blocks/dirt3",
    "texture": "blocks/dirt3",
    "top": "blocks/dirt3"
},
"elements": [ 
{
    "from": [ 0, 0, 0 ],
    "to": [ 16, 16, 16 ],
    "faces": {
        "down":  { "uv": [ 16, 16, 0, 0 ], "texture": "#texture" },
        "up":    { "uv": [ 0, 0, 16, 16 ], "texture": "#top" },
        "north": { "uv": [ 0, 0, 16, 16 ], "texture": "#texture" },
        "south": { "uv": [ 0, 0, 16, 16 ], "texture": "#texture" },
        "west":  { "uv": [ 0, 0, 16, 16 ], "texture": "#texture" },
        "east":  { "uv": [ 0, 0, 16, 16 ], "texture": "#texture" }
    }
},
{
    "from": [ 2.5, 16, 10 ],
    "to": [ 2.5625, 18, 13 ],
    "shade": false,
    "faces": {
        "west":  { "uv": [ 2, 10, 4, 12 ], "texture": "#top" },
        "east":  { "uv": [ 2, 10, 3, 12.5 ], "texture": "#top" }
    }
},
{
    "from": [ 3.5, 16, 10 ],
    "to": [ 3.5625, 17.5, 12 ],
    "shade": false,
    "faces": {
        "west":  { "uv": [ 2, 11, 2.5, 11.5 ], "texture": "#top" },
        "east":  { "uv": [ 8.5, 2, 8, 2.5 ], "texture": "#top" }
    }
},
{
    "from": [ 2, 16, 10.5 ],
    "to": [ 4, 17, 10.5625 ],
    "shade": false,
    "faces": {
        "north": { "uv": [ 5, 6, 7, 7 ], "texture": "#top" },
        "south": { "uv": [ 5, 6, 7, 7 ], "texture": "#top" }
    }
},
{
    "from": [ 5, 16, 6.5 ],
    "to": [ 7, 17, 6.5625 ],
    "shade": false,
    "faces": {
        "north": { "uv": [ 8, 2, 10, 3 ], "texture": "#top" },
        "south": { "uv": [ 8, 2, 10, 3 ], "texture": "#top" }
    }
},
{
    "from": [ 5.5, 16, 6 ],
    "to": [ 5.5625, 17, 8 ],
    "shade": false,
    "faces": {
        "west":  { "uv": [ 8, 2, 10, 3 ], "texture": "#top" },
        "east":  { "uv": [ 8, 2, 10, 3 ], "texture": "#top" }
    }
},
{
    "from": [ 9.5, 16, 1 ],
    "to": [ 9.5625, 17, 3 ],
    "shade": false,
    "faces": {
        "west":  { "uv": [ 8, 2, 10, 3 ], "texture": "#top" },
        "east":  { "uv": [ 8, 2, 10, 3 ], "texture": "#top" }
    }
},
{
    "from": [ 8.5, 16, 2 ],
    "to": [ 8.5625, 17, 4 ],
    "shade": false,
    "faces": {
        "west":  { "uv": [ 8, 2, 10, 3 ], "texture": "#top" },
        "east":  { "uv": [ 8, 2, 10, 3 ], "texture": "#top" }
    }
},
{
    "from": [ 8, 16, 2.5 ],
    "to": [ 10, 17, 2.5625 ],
    "shade": false,
    "faces": {
        "north": { "uv": [ 8, 2, 10, 3 ], "texture": "#top" },
        "south": { "uv": [ 8, 2, 10, 3 ], "texture": "#top" }
    }
},
{
    "from": [ 12.5, 16, 10 ],
    "to": [ 12.5625, 17, 12 ],
    "shade": false,
    "faces": {
        "west":  { "uv": [ 8, 2, 10, 3 ], "texture": "#top" },
        "east":  { "uv": [ 8, 2, 10, 3 ], "texture": "#top" }
    }
},
{
    "from": [ 11, 16, 10.5 ],
    "to": [ 13, 17, 10.5625 ],
    "shade": false,
    "faces": {
        "north": { "uv": [ 8, 2, 10, 3 ], "texture": "#top" },
        "south": { "uv": [ 8, 2, 10, 3 ], "texture": "#top" }
    }
}
],
"display": {
    "thirdperson_righthand": {
        "rotation": [ 75, 45, 0 ],
        "translation": [ 0, 2.5, 0 ],
        "scale": [ 0.375, 0.375, 0.375 ]
    },
    "head": {
        "rotation": [ 0, 0, 0 ],
        "translation": [ 0, 0, 0 ],
        "scale": [ 1, 1, 1 ]
    },
    "ground": {
        "rotation": [ 0, 0, 0 ],
        "translation": [ 0, 3, 0 ],
        "scale": [ 0.25, 0.25, 0.25 ]
    },
    "fixed": {
        "rotation": [ 0, 0, 0 ],
        "translation": [ 0, 0, 0 ],
        "scale": [ 0.5, 0.5, 0.5 ]
    },
    "firstperson_righthand": {
        "rotation": [ 0, 45, 0 ],
        "translation": [ 0, 0, 0 ],
        "scale": [ 0.4, 0.4, 0.4 ]
    },
    "firstperson_lefthand": {
        "rotation": [ 0, 225, 0 ],
        "translation": [ 0, 0, 0 ],
        "scale": [ 0.4, 0.4, 0.4 ]
    },
    "gui": {
        "rotation": [ 30, 225, 0 ],
        "translation": [ 0, 0, 0 ],
        "scale": [ 0.625, 0.625, 0.625 ]
    }
}
}