{
"__comment": "Designed by S9855027 with BDcraft Cubik PRO 0.96 Beta - http://bdcraft.net",
"textures": {
    "particle": "blocks/log_spruce",
    "log_oak_top": "blocks/log_spruce_top",
    "texture": "blocks/log_spruce"
},
"elements": [ 
{
    "from": [ 1, 0, 1 ],
    "to": [ 15, 16, 15 ],
    "faces": {
        "down":  { "uv": [ 16, 16, 0, 0 ], "texture": "#log_oak_top" },
        "up":    { "uv": [ 0, 0, 16, 16 ], "texture": "#log_oak_top" },
        "north": { "uv": [ 0, 0, 16, 16 ], "texture": "#texture" },
        "south": { "uv": [ 0, 0, 16, 16 ], "texture": "#texture" },
        "west":  { "uv": [ 0, 0, 16, 16 ], "texture": "#texture" },
        "east":  { "uv": [ 0, 0, 16, 16 ], "texture": "#texture" }
    }
},
{
    "__comment": "3",
    "from": [ 0.25, 0, 1.5 ],
    "to": [ 1, 16, 14.5 ],
    "faces": {
        "down":  { "uv": [ 0, 0, 1, 16 ], "texture": "#log_oak_top" },
        "up":    { "uv": [ 0, 0, 1, 16 ], "texture": "#log_oak_top" },
        "north": { "uv": [ 1, 0, 2, 16 ], "texture": "#texture" },
        "south": { "uv": [ 14, 0, 15, 16 ], "texture": "#texture" },
        "west":  { "uv": [ 1, 0, 15, 16 ], "texture": "#texture" },
        "east":  { "uv": [ 1, 0, 15, 16 ], "texture": "#texture" }
    }
},
{
    "__comment": "2",
    "from": [ -0.5, 0, 3.5 ],
    "to": [ 0.25, 16, 12.5 ],
    "faces": {
        "down":  { "uv": [ 0, 15, 1, 16 ], "texture": "#log_oak_top" },
        "up":    { "uv": [ 0, 15, 1, 16 ], "texture": "#log_oak_top" },
        "north": { "uv": [ 1.5, 0, 2.5, 16 ], "texture": "#texture" },
        "south": { "uv": [ 13.5, 0, 14.5, 16 ], "texture": "#texture" },
        "west":  { "uv": [ 2.5, 0, 13.5, 16 ], "texture": "#texture" },
        "east":  { "uv": [ 2.5, 0, 13.5, 16 ], "texture": "#texture" }
    }
},
{
    "__comment": "1",
    "from": [ -1.25, 0, 5.5 ],
    "to": [ -0.5, 16, 10.5 ],
    "faces": {
        "down":  { "uv": [ 0, 0, 1, 1 ], "texture": "#log_oak_top" },
        "up":    { "uv": [ 0, 0, 1, 1 ], "texture": "#log_oak_top" },
        "north": { "uv": [ 5, 0, 6, 16 ], "texture": "#texture" },
        "south": { "uv": [ 10, 0, 11, 16 ], "texture": "#texture" },
        "west":  { "uv": [ 5, 0, 11, 16 ], "texture": "#texture" },
        "east":  { "uv": [ 5, 0, 11, 16 ], "texture": "#texture" }
    }
},
{
    "__comment": "3",
    "from": [ 15, 0, 1.5 ],
    "to": [ 15.75, 16, 14.5 ],
    "faces": {
        "down":  { "uv": [ 0, 0, 1, 16 ], "texture": "#log_oak_top" },
        "up":    { "uv": [ 0, 0, 1, 16 ], "texture": "#log_oak_top" },
        "north": { "uv": [ 14, 0, 15, 16 ], "texture": "#texture" },
        "south": { "uv": [ 1, 0, 2, 16 ], "texture": "#texture" },
        "west":  { "uv": [ 1, 0, 15, 16 ], "texture": "#texture" },
        "east":  { "uv": [ 1, 0, 15, 16 ], "texture": "#texture" }
    }
},
{
    "__comment": "2",
    "from": [ 15.75, 0, 3.5 ],
    "to": [ 16.5, 16, 12.5 ],
    "faces": {
        "down":  { "uv": [ 0, 15, 1, 16 ], "texture": "#log_oak_top" },
        "up":    { "uv": [ 0, 15, 1, 16 ], "texture": "#log_oak_top" },
        "north": { "uv": [ 13.5, 0, 14.5, 16 ], "texture": "#texture" },
        "south": { "uv": [ 1.5, 0, 2.5, 16 ], "texture": "#texture" },
        "west":  { "uv": [ 2.5, 0, 13.5, 16 ], "texture": "#texture" },
        "east":  { "uv": [ 2.5, 0, 13.5, 16 ], "texture": "#texture" }
    }
},
{
    "__comment": "1",
    "from": [ 16.5, 0, 5.5 ],
    "to": [ 17.25, 16, 10 ],
    "faces": {
        "down":  { "uv": [ 0, 0, 1, 1 ], "texture": "#log_oak_top" },
        "up":    { "uv": [ 0, 0, 1, 1 ], "texture": "#log_oak_top" },
        "north": { "uv": [ 5, 0, 6, 16 ], "texture": "#texture" },
        "south": { "uv": [ 10, 0, 11, 16 ], "texture": "#texture" },
        "west":  { "uv": [ 5, 0, 11, 16 ], "texture": "#texture" },
        "east":  { "uv": [ 5, 0, 11, 16 ], "texture": "#texture" }
    }
},
{
    "__comment": "3",
    "from": [ 1.5, 0, 15 ],
    "to": [ 14.5, 16, 15.75 ],
    "faces": {
        "down":  { "uv": [ 0, 15, 16, 16 ], "texture": "#log_oak_top" },
        "up":    { "uv": [ 0, 15, 16, 16 ], "texture": "#log_oak_top" },
        "north": { "uv": [ 1, 0, 15, 16 ], "texture": "#texture" },
        "south": { "uv": [ 1, 0, 15, 16 ], "texture": "#texture" },
        "west":  { "uv": [ 1, 0, 2, 16 ], "texture": "#texture" },
        "east":  { "uv": [ 14, 0, 15, 16 ], "texture": "#texture" }
    }
},
{
    "__comment": "2",
    "from": [ 3.5, 0, 15.75 ],
    "to": [ 12.5, 16, 16.5 ],
    "faces": {
        "down":  { "uv": [ 0, 15, 1, 16 ], "texture": "#log_oak_top" },
        "up":    { "uv": [ 0, 15, 1, 16 ], "texture": "#log_oak_top" },
        "north": { "uv": [ 2.5, 0, 13.5, 16 ], "texture": "#texture" },
        "south": { "uv": [ 2.5, 0, 13.5, 16 ], "texture": "#texture" },
        "west":  { "uv": [ 1.5, 0, 2.5, 16 ], "texture": "#texture" },
        "east":  { "uv": [ 13.5, 0, 14.5, 16 ], "texture": "#texture" }
    }
},
{
    "__comment": "1",
    "from": [ 5.5, 0, 16.5 ],
    "to": [ 10.5, 16, 17.25 ],
    "faces": {
        "down":  { "uv": [ 0, 0, 1, 1 ], "texture": "#log_oak_top" },
        "up":    { "uv": [ 0, 0, 1, 1 ], "texture": "#log_oak_top" },
        "north": { "uv": [ 5, 0, 11, 16 ], "texture": "#texture" },
        "south": { "uv": [ 5, 0, 11, 16 ], "texture": "#texture" },
        "west":  { "uv": [ 5, 0, 6, 16 ], "texture": "#texture" },
        "east":  { "uv": [ 10, 0, 11, 16 ], "texture": "#texture" }
    }
},
{
    "__comment": "3",
    "from": [ 1.5, 0, 0.25 ],
    "to": [ 14.5, 16, 1 ],
    "faces": {
        "down":  { "uv": [ 0, 0, 16, 1 ], "texture": "#log_oak_top" },
        "up":    { "uv": [ 0, 0, 16, 1 ], "texture": "#log_oak_top" },
        "north": { "uv": [ 1, 0, 15, 16 ], "texture": "#texture" },
        "south": { "uv": [ 1, 0, 15, 16 ], "texture": "#texture" },
        "west":  { "uv": [ 14, 0, 15, 16 ], "texture": "#texture" },
        "east":  { "uv": [ 1, 0, 2, 16 ], "texture": "#texture" }
    }
},
{
    "__comment": "2",
    "from": [ 3.5, 0, -0.5 ],
    "to": [ 12.5, 16, 0.25 ],
    "faces": {
        "down":  { "uv": [ 0, 0, 1.5, 1 ], "texture": "#log_oak_top" },
        "up":    { "uv": [ 0, 15, 1, 16 ], "texture": "#log_oak_top" },
        "north": { "uv": [ 2.5, 0, 13.5, 16 ], "texture": "#texture" },
        "south": { "uv": [ 2.5, 0, 13.5, 16 ], "texture": "#texture" },
        "west":  { "uv": [ 13, 0, 14, 16 ], "texture": "#texture" },
        "east":  { "uv": [ 2, 0, 3, 16 ], "texture": "#texture" }
    }
},
{
    "__comment": "1",
    "from": [ 5.5, 0, -1.25 ],
    "to": [ 10.5, 16, -0.5 ],
    "faces": {
        "down":  { "uv": [ 0, 0, 1, 1 ], "rotation": 90, "texture": "#log_oak_top" },
        "up":    { "uv": [ 0, 0, 1, 1 ], "rotation": 270, "texture": "#log_oak_top" },
        "north": { "uv": [ 5, 0, 11, 16 ], "texture": "#texture" },
        "south": { "uv": [ 5, 0, 11, 16 ], "texture": "#texture" },
        "west":  { "uv": [ 10, 0, 11, 16 ], "texture": "#texture" },
        "east":  { "uv": [ 5, 0, 6, 16 ], "texture": "#texture" }
    }
},
{
    "from": [ 3, -0.5, 3 ],
    "to": [ 13, 0, 13 ],
    "faces": {
        "down":  { "uv": [ 3, 13, 13, 3 ], "texture": "#log_oak_top" },
        "up":    { "uv": [ 3, 3, 13, 13 ], "texture": "#log_oak_top" },
        "north": { "uv": [ 3, 3, 13, 3.5 ], "texture": "#log_oak_top" },
        "south": { "uv": [ 3, 13, 13, 12.5 ], "texture": "#log_oak_top" },
        "west":  { "uv": [ 3, 3, 13, 3.5 ], "texture": "#log_oak_top" },
        "east":  { "uv": [ 13, 3, 2, 3.5 ], "texture": "#log_oak_top" }
    }
},
{
    "from": [ 3, 16, 3 ],
    "to": [ 13, 16.5, 13 ],
    "faces": {
        "down":  { "uv": [ 3, 13, 13, 3 ], "texture": "#log_oak_top" },
        "up":    { "uv": [ 3, 3, 13, 13 ], "texture": "#log_oak_top" },
        "north": { "uv": [ 3, 3, 13, 3.5 ], "texture": "#log_oak_top" },
        "south": { "uv": [ 3, 13, 13, 12.5 ], "texture": "#log_oak_top" },
        "west":  { "uv": [ 3, 3, 13, 3.5 ], "texture": "#log_oak_top" },
        "east":  { "uv": [ 13, 3, 2, 3.5 ], "texture": "#log_oak_top" }
    }
}
],
"display": {
    "thirdperson_righthand": {
        "rotation": [ 75, 45, 0 ],
        "translation": [ 0, 2.5, 0 ],
        "scale": [ 0.375, 0.375, 0.375 ]
    },
    "head": {
        "rotation": [ 0, 0, 0 ],
        "translation": [ 0, 0, 0 ],
        "scale": [ 1, 1, 1 ]
    },
    "ground": {
        "rotation": [ 0, 0, 0 ],
        "translation": [ 0, 3, 0 ],
        "scale": [ 0.25, 0.25, 0.25 ]
    },
    "fixed": {
        "rotation": [ 0, 0, 0 ],
        "translation": [ 0, 0, 0 ],
        "scale": [ 0.5, 0.5, 0.5 ]
    },
    "firstperson_righthand": {
        "rotation": [ 0, 45, 0 ],
        "translation": [ 0, 0, 0 ],
        "scale": [ 0.4, 0.4, 0.4 ]
    },
    "firstperson_lefthand": {
        "rotation": [ 0, 225, 0 ],
        "translation": [ 0, 0, 0 ],
        "scale": [ 0.4, 0.4, 0.4 ]
    },
    "gui": {
        "rotation": [ 30, 225, 0 ],
        "translation": [ 0, 0, 0 ],
        "scale": [ 0.625, 0.625, 0.625 ]
    }
}
}