{
	"__comment": "Model generated using MrCrayfish's Model Creator (http://mrcrayfish.com/modelcreator/)",
	"textures": {
		"0": "blocks/wool_colored_black",
		"1": "blocks/wool_colored_pink"
	},
	"elements": [ 	 
		{
			"from": [ 2, 12.625, 1 ],
			"to": [ 3, 16.625, 3 ],
			"faces": {
				"down": { "uv": [ 0, 0, 1, 2 ], "texture": "#0" },
				"up": { "uv": [ 0, 0, 1, 2 ], "texture": "#0" },
				"north": { "uv": [ 0, 0, 1, 3 ], "texture": "#0" },
				"south": { "uv": [ 0, 0, 1, 3 ], "texture": "#0" },
				"west": { "uv": [ 0, 0, 2, 3 ], "texture": "#0" },
				"east": { "uv": [ 0, 0, 2, 3 ], "texture": "#0" }
			}
		},
		{
			"from": [ 3, 15.625, 1 ],
			"to": [ 4, 16.625, 3 ],
			"faces": {
				"down": { "uv": [ 0, 0, 1, 2 ], "texture": "#0" },
				"up": { "uv": [ 0, 0, 1, 2 ], "texture": "#0" },
				"north": { "uv": [ 0, 0, 1, 1 ], "texture": "#0" },
				"south": { "uv": [ 0, 0, 1, 1 ], "texture": "#0" },
				"west": { "uv": [ 0, 0, 2, 1 ], "texture": "#0" },
				"east": { "uv": [ 0, 0, 2, 1 ], "texture": "#0" }
			}
		},
		{
			"from": [ 4, 13.125, 1 ],
			"to": [ 5, 15.625, 3 ],
			"faces": {
				"down": { "uv": [ 0, 0, 1, 2 ], "texture": "#0" },
				"up": { "uv": [ 0, 0, 1, 2 ], "texture": "#0" },
				"north": { "uv": [ 0, 0, 1, 1 ], "texture": "#0" },
				"south": { "uv": [ 0, 0, 1, 1 ], "texture": "#0" },
				"west": { "uv": [ 0, 0, 2, 1 ], "texture": "#0" },
				"east": { "uv": [ 0, 0, 2, 1 ], "texture": "#0" }
			}
		},
		{
			"from": [ 3, 12.625, 1 ],
			"to": [ 4, 15.625, 3 ],
			"faces": {
				"down": { "uv": [ 0, 0, 1, 2 ], "texture": "#1" },
				"up": { "uv": [ 0, 0, 1, 2 ], "texture": "#1" },
				"north": { "uv": [ 0, 0, 1, 1 ], "texture": "#1" },
				"south": { "uv": [ 0, 0, 1, 1 ], "texture": "#1" },
				"west": { "uv": [ 0, 0, 2, 1 ], "texture": "#1" },
				"east": { "uv": [ 0, 0, 2, 1 ], "texture": "#1" }
			}
		},
		{
			"from": [ 13, 12.5, 1 ],
			"to": [ 14, 16.5, 3 ],
			"faces": {
				"down": { "uv": [ 0, 0, 1, 2 ], "texture": "#0" },
				"up": { "uv": [ 0, 0, 1, 2 ], "texture": "#0" },
				"north": { "uv": [ 0, 0, 1, 3 ], "texture": "#0" },
				"south": { "uv": [ 0, 0, 1, 3 ], "texture": "#0" },
				"west": { "uv": [ 0, 0, 2, 3 ], "texture": "#0" },
				"east": { "uv": [ 0, 0, 2, 3 ], "texture": "#0" }
			}
		},
		{
			"from": [ 12, 15.5, 1 ],
			"to": [ 13, 16.5, 3 ],
			"faces": {
				"down": { "uv": [ 0, 0, 1, 2 ], "texture": "#0" },
				"up": { "uv": [ 0, 0, 1, 2 ], "texture": "#0" },
				"north": { "uv": [ 0, 0, 1, 1 ], "texture": "#0" },
				"south": { "uv": [ 0, 0, 1, 1 ], "texture": "#0" },
				"west": { "uv": [ 0, 0, 2, 1 ], "texture": "#0" },
				"east": { "uv": [ 0, 0, 2, 1 ], "texture": "#0" }
			}
		},
		{
			"from": [ 11, 13, 1 ],
			"to": [ 12, 15.5, 3 ],
			"faces": {
				"down": { "uv": [ 0, 0, 1, 2 ], "texture": "#0" },
				"up": { "uv": [ 0, 0, 1, 2 ], "texture": "#0" },
				"north": { "uv": [ 0, 0, 1, 1 ], "texture": "#0" },
				"south": { "uv": [ 0, 0, 1, 1 ], "texture": "#0" },
				"west": { "uv": [ 0, 0, 2, 1 ], "texture": "#0" },
				"east": { "uv": [ 0, 0, 2, 1 ], "texture": "#0" }
			}
		},
		{
			"from": [ 12, 12.5, 1 ],
			"to": [ 13, 15.5, 3 ],
			"faces": {
				"down": { "uv": [ 0, 0, 1, 2 ], "texture": "#1" },
				"up": { "uv": [ 0, 0, 1, 2 ], "texture": "#1" },
				"north": { "uv": [ 0, 0, 1, 1 ], "texture": "#1" },
				"south": { "uv": [ 0, 0, 1, 1 ], "texture": "#1" },
				"west": { "uv": [ 0, 0, 2, 1 ], "texture": "#1" },
				"east": { "uv": [ 0, 0, 2, 1 ], "texture": "#1" }
			}
		}
	],
	"display": {
		"thirdperson_righthand": {
			"rotation":  [ 45, 45, 0 ],
			"translation":  [ 1, 0, 1 ],
			"scale":  [ 0.0001, 0.0001, 0.0001 ]
		},
		"firstperson_righthand": {
			"translation":  [ 0, -10, 0 ],
			"scale":  [ 0.0001, 0.0001, 0.0001 ]
		},
		"firstperson_lefthand": {
			"translation":  [ 0, -10, 0 ],
			"scale":  [ 0.0001, 0.0001, 0.0001 ]
		},
		"gui": {
			"translation":  [ 0, -2, 0 ]
		},
		"ground": {
			"translation":  [ 0, 5, 1 ],
			"scale":  [ 0.3, 0.3, 0.3 ]
		},
		"fixed": {
			"rotation":  [ 0, 180, 0 ],
			"translation":  [ 0, -2, -6 ]
		}
	}
}