{
	"__comment": "Designed by S9855027 with BDcraft Cubik PRO 0.96 Beta - http://bdcraft.net",
	"textures": {
		"yatana_head": "mobs/yatana/yatana_head",
		"yatana_teeth": "mobs/yatana/yatana_teeth",
		"texture": "items/e_texture"
	},
	"elements": [ 	 
		{
			"__comment": "HEAD",
			"from": [ -5.0279, 9, 3.5 ],
			"to": [ -4.0279, 13.5, 12.5 ],
			"rotation": { "origin": [ -5.02792, 13.5, 3.5 ], "axis": "z", "angle": -22.5 },
			"faces": {
				"down": { "uv": [ 9.250005, 3.5, 10.25, 12.5 ], "texture": "#yatana_head" },
				"up": { "uv": [ 9.250005, 3.5, 10.25, 12.5 ], "texture": "#yatana_head" },
				"north": { "uv": [ 5.749996, 2.157457, 6.749996, 6.657457 ], "texture": "#yatana_head" },
				"south": { "uv": [ 9.250005, 2.157457, 10.25, 6.657457 ], "texture": "#yatana_head" },
				"west": { "uv": [ 3.5, 2.157457, 12.5, 6.657457 ], "texture": "#yatana_head" },
				"east": { "uv": [ 3.5, 2.157457, 12.5, 6.657457 ], "texture": "#yatana_head" }
			}
		},
		{
			"__comment": "HEAD",
			"from": [ -4.5, 8.5, 11.5 ],
			"to": [ 0, 13, 12.5 ],
			"rotation": { "origin": [ -4.5, 13, 11.5 ], "axis": "z", "angle": -22.5 },
			"faces": {
				"down": { "uv": [ 9.777925, 3.5, 14.27792, 4.5 ], "texture": "#yatana_head" },
				"up": { "uv": [ 9.777925, 11.5, 14.27792, 12.5 ], "texture": "#yatana_head" },
				"north": { "uv": [ 1.722076, 2.657457, 6.222076, 7.157457 ], "texture": "#yatana_head" },
				"south": { "uv": [ 9.777925, 2.657457, 14.27792, 7.157457 ], "texture": "#yatana_head" },
				"west": { "uv": [ 11.5, 2.657457, 12.5, 7.157457 ], "texture": "#yatana_head" },
				"east": { "uv": [ 3.5, 2.657457, 4.5, 7.157457 ], "texture": "#yatana_head" }
			}
		},
		{
			"__comment": "HEAD",
			"from": [ -4.5279, 8.5, 3.5 ],
			"to": [ -0.02790403, 13, 4.5 ],
			"rotation": { "origin": [ -4.52792, 13, 3.5 ], "axis": "z", "angle": -22.5 },
			"faces": {
				"down": { "uv": [ 9.750005, 11.5, 14.25, 12.5 ], "texture": "#yatana_head" },
				"up": { "uv": [ 9.750005, 3.5, 14.25, 4.5 ], "texture": "#yatana_head" },
				"north": { "uv": [ 1.75, 2.657457, 6.249996, 7.157457 ], "texture": "#yatana_head" },
				"south": { "uv": [ 9.750005, 2.657457, 14.25, 7.157457 ], "texture": "#yatana_head" },
				"west": { "uv": [ 3.5, 2.657457, 4.5, 7.157457 ], "texture": "#yatana_head" },
				"east": { "uv": [ 11.5, 2.657457, 12.5, 7.157457 ], "texture": "#yatana_head" }
			}
		},
		{
			"__comment": "HEAD",
			"from": [ -3.5, 6.5, 3 ],
			"to": [ -0.5, 9.5, 3.5 ],
			"rotation": { "origin": [ -3.5, 9.5, 3 ], "axis": "z", "angle": 45 },
			"faces": {
				"down": { "uv": [ 0, 12.5, 1.62132, 13 ], "texture": "#yatana_head" },
				"up": { "uv": [ 0, 3, 1.62132, 3.5 ], "texture": "#yatana_head" },
				"north": { "uv": [ 14.37868, 5.621321, 16, 8.621321 ], "texture": "#yatana_head" },
				"south": { "uv": [ 0, 5.621321, 1.62132, 8.621321 ], "texture": "#yatana_head" },
				"west": { "uv": [ 3, 5.621321, 3.5, 8.621321 ], "texture": "#yatana_head" },
				"east": { "uv": [ 12.5, 5.621321, 13, 8.621321 ], "texture": "#yatana_head" }
			}
		},
		{
			"__comment": "HEAD",
			"from": [ -5, 12.5, 3.5 ],
			"to": [ -2.5, 13.5, 12.5 ],
			"rotation": { "origin": [ -5, 13.5, 3.5 ], "axis": "z", "angle": 22.5 },
			"faces": {
				"down": { "uv": [ 11.38268, 3.5, 13.88268, 12.5 ], "texture": "#yatana_head" },
				"up": { "uv": [ 11.38268, 3.5, 13.88268, 12.5 ], "texture": "#yatana_head" },
				"north": { "uv": [ 2.117317, 2.42388, 4.617317, 3.42388 ], "texture": "#yatana_head" },
				"south": { "uv": [ 11.38268, 2.42388, 13.88268, 3.42388 ], "texture": "#yatana_head" },
				"west": { "uv": [ 3.5, 2.42388, 12.5, 3.42388 ], "texture": "#yatana_head" },
				"east": { "uv": [ 3.5, 2.42388, 12.5, 3.42388 ], "texture": "#yatana_head" }
			}
		},
		{
			"__comment": "HEAD",
			"from": [ -3.5, 6.5, 12.5 ],
			"to": [ -0.5, 9.5, 13 ],
			"rotation": { "origin": [ -3.5, 9.5, 12.5 ], "axis": "z", "angle": 45 },
			"faces": {
				"down": { "uv": [ 0, 3, 1.62132, 3.5 ], "texture": "#yatana_head" },
				"up": { "uv": [ 0, 12.5, 1.62132, 13 ], "texture": "#yatana_head" },
				"north": { "uv": [ 14.37868, 5.621321, 16, 8.621321 ], "texture": "#yatana_head" },
				"south": { "uv": [ 0, 5.621321, 1.62132, 8.621321 ], "texture": "#yatana_head" },
				"west": { "uv": [ 12.5, 5.621321, 13, 8.621321 ], "texture": "#yatana_head" },
				"east": { "uv": [ 3, 5.621321, 3.5, 8.621321 ], "texture": "#yatana_head" }
			}
		},
		{
			"__comment": "HEAD",
			"from": [ -5.6875, 12.5, 7.8125 ],
			"to": [ -2.1875, 14, 11.8125 ],
			"rotation": { "origin": [ -5.6875, 12.5, 7.8125 ], "axis": "y", "angle": 45 },
			"faces": {
				"down": { "uv": [ 10.3125, 4.1875, 13.8125, 8.1875 ], "texture": "#yatana_head" },
				"up": { "uv": [ 10.3125, 7.8125, 13.8125, 11.8125 ], "texture": "#yatana_head" },
				"north": { "uv": [ 2.1875, 2, 5.6875, 3.5 ], "texture": "#yatana_head" },
				"south": { "uv": [ 10.3125, 2, 13.8125, 3.5 ], "texture": "#yatana_head" },
				"west": { "uv": [ 7.8125, 2, 11.8125, 3.5 ], "texture": "#yatana_head" },
				"east": { "uv": [ 4.1875, 2, 8.1875, 3.5 ], "texture": "#yatana_head" }
			}
		},
		{
			"__comment": "HEAD",
			"from": [ -0.5, 9.5, 11 ],
			"to": [ 0.5, 16.5, 12 ],
			"rotation": { "origin": [ -0.5, 16.5, 11 ], "axis": "z", "angle": -45 },
			"faces": {
				"down": { "uv": [ 10.55025, 4, 11.55025, 5 ], "texture": "#yatana_head" },
				"up": { "uv": [ 10.55025, 11, 11.55025, 12 ], "texture": "#yatana_head" },
				"north": { "uv": [ 4.449749, 0, 5.449749, 4.449747 ], "texture": "#yatana_head" },
				"south": { "uv": [ 10.55025, 0, 11.55025, 4.449747 ], "texture": "#yatana_head" },
				"west": { "uv": [ 11, 0, 12, 4.449747 ], "texture": "#yatana_head" },
				"east": { "uv": [ 4, 0, 5, 4.449747 ], "texture": "#yatana_head" }
			}
		},
		{
			"__comment": "HEAD",
			"from": [ 0.3125, 11, 7.5 ],
			"to": [ 1.3125, 18, 8.5 ],
			"rotation": { "origin": [ 0.3125, 18, 7.5 ], "axis": "z", "angle": -45 },
			"faces": {
				"down": { "uv": [ 11.36275, 7.5, 12.36275, 8.5 ], "texture": "#yatana_head" },
				"up": { "uv": [ 11.36275, 7.5, 12.36275, 8.5 ], "texture": "#yatana_head" },
				"north": { "uv": [ 3.637249, 0, 4.637249, 2.949747 ], "texture": "#yatana_head" },
				"south": { "uv": [ 11.36275, 0, 12.36275, 2.949747 ], "texture": "#yatana_head" },
				"west": { "uv": [ 7.5, 0, 8.5, 2.949747 ], "texture": "#yatana_head" },
				"east": { "uv": [ 7.5, 0, 8.5, 2.949747 ], "texture": "#yatana_head" }
			}
		},
		{
			"__comment": "HEAD",
			"from": [ -0.6128, 9.5, 4.5 ],
			"to": [ 0.3872, 16.5, 5.5 ],
			"rotation": { "origin": [ -0.612753, 16.5, 4.5 ], "axis": "z", "angle": -45 },
			"faces": {
				"down": { "uv": [ 10.4375, 10.5, 11.4375, 11.5 ], "texture": "#yatana_head" },
				"up": { "uv": [ 10.4375, 4.5, 11.4375, 5.5 ], "texture": "#yatana_head" },
				"north": { "uv": [ 4.5625, 0, 5.5625, 4.449747 ], "texture": "#yatana_head" },
				"south": { "uv": [ 10.4375, 0, 11.4375, 4.449747 ], "texture": "#yatana_head" },
				"west": { "uv": [ 4.5, 0, 5.5, 4.449747 ], "texture": "#yatana_head" },
				"east": { "uv": [ 10.5, 0, 11.5, 4.449747 ], "texture": "#yatana_head" }
			}
		},
		{
			"__comment": "HEAD",
			"from": [ -3.5, 13, 5.4375 ],
			"to": [ 0, 13.5, 10.9375 ],
			"faces": {
				"down": { "uv": [ 12.5, 5.0625, 16, 10.5625 ], "texture": "#yatana_head" },
				"up": { "uv": [ 12.5, 5.4375, 16, 10.9375 ], "texture": "#yatana_head" },
				"north": { "uv": [ 0, 2.5, 3.5, 3 ], "texture": "#yatana_head" },
				"south": { "uv": [ 12.5, 2.5, 16, 3 ], "texture": "#yatana_head" },
				"west": { "uv": [ 5.4375, 2.5, 10.9375, 3 ], "texture": "#yatana_head" },
				"east": { "uv": [ 5.0625, 2.5, 10.5625, 3 ], "texture": "#yatana_head" }
			}
		},
		{
			"__comment": "HEAD",
			"from": [ -3.5, 11.5, 3.9375 ],
			"to": [ 0, 12, 6.4375 ],
			"rotation": { "origin": [ -3.5, 12, 3.9375 ], "axis": "x", "angle": -45 },
			"faces": {
				"down": { "uv": [ 12.5, 9.208946, 16, 11.70895 ], "texture": "#yatana_head" },
				"up": { "uv": [ 12.5, 4.291054, 16, 6.791054 ], "texture": "#yatana_head" },
				"north": { "uv": [ 0, 3.853554, 3.5, 4.353554 ], "texture": "#yatana_head" },
				"south": { "uv": [ 12.5, 3.853554, 16, 4.353554 ], "texture": "#yatana_head" },
				"west": { "uv": [ 4.291053, 3.853554, 6.791053, 4.353554 ], "texture": "#yatana_head" },
				"east": { "uv": [ 9.208946, 3.853554, 11.70895, 4.353554 ], "texture": "#yatana_head" }
			}
		},
		{
			"__comment": "HEAD",
			"from": [ -3.5, 13, 10.9375 ],
			"to": [ 0, 13.5, 12.9375 ],
			"rotation": { "origin": [ -3.5, 13.5, 10.9375 ], "axis": "x", "angle": 45 },
			"faces": {
				"down": { "uv": [ 12.5, 3.416054, 16, 5.416054 ], "texture": "#yatana_head" },
				"up": { "uv": [ 12.5, 10.58395, 16, 12.58395 ], "texture": "#yatana_head" },
				"north": { "uv": [ 0, 2.353554, 3.5, 2.853554 ], "texture": "#yatana_head" },
				"south": { "uv": [ 12.5, 2.353554, 16, 2.853554 ], "texture": "#yatana_head" },
				"west": { "uv": [ 10.58395, 2.353554, 12.58395, 2.853554 ], "texture": "#yatana_head" },
				"east": { "uv": [ 3.416054, 2.353554, 5.416054, 2.853554 ], "texture": "#yatana_head" }
			}
		},
		{
			"__comment": "HEAD",
			"from": [ -2.5, 10.5, 3.875 ],
			"to": [ -0.5, 12.5, 5.875 ],
			"rotation": { "origin": [ -2.5, 10.5, 3.875 ], "axis": "y", "angle": 45 },
			"faces": {
				"down": { "uv": [ 13.5, 10.125, 15.5, 12.125 ], "texture": "#yatana_head" },
				"up": { "uv": [ 13.5, 3.875, 15.5, 5.875 ], "texture": "#yatana_head" },
				"north": { "uv": [ 0.5, 3.5, 2.5, 5.5 ], "texture": "#yatana_head" },
				"south": { "uv": [ 13.5, 3.5, 15.5, 5.5 ], "texture": "#yatana_head" },
				"west": { "uv": [ 3.875, 3.5, 5.875, 5.5 ], "texture": "#yatana_head" },
				"east": { "uv": [ 10.125, 3.5, 12.125, 5.5 ], "texture": "#yatana_head" }
			}
		},
		{
			"__comment": "HEAD",
			"from": [ -1.0625, 10.5, 10.8125 ],
			"to": [ 0.9375, 12.5, 12.8125 ],
			"rotation": { "origin": [ -1.0625, 10.5, 10.8125 ], "axis": "y", "angle": -45 },
			"faces": {
				"down": { "uv": [ 0, 3.1875, 0.9375, 5.1875 ], "texture": "#yatana_head" },
				"up": { "uv": [ 0, 10.8125, 0.9375, 12.8125 ], "texture": "#yatana_head" },
				"north": { "uv": [ 15.0625, 3.5, 16, 5.5 ], "texture": "#yatana_head" },
				"south": { "uv": [ 0, 3.5, 0.9375, 5.5 ], "texture": "#yatana_head" },
				"west": { "uv": [ 10.8125, 3.5, 12.8125, 5.5 ], "texture": "#yatana_head" },
				"east": { "uv": [ 3.1875, 3.5, 5.1875, 5.5 ], "texture": "#yatana_head" }
			}
		},
		{
			"__comment": "HEAD",
			"from": [ -1, 10.75, 2.5 ],
			"to": [ 1, 12.25, 4 ],
			"rotation": { "origin": [ -1, 10.75, 2.5 ], "axis": "y", "angle": 22.5 },
			"faces": {
				"down": { "uv": [ 0, 12, 1, 13.5 ], "texture": "#yatana_head" },
				"up": { "uv": [ 0, 2.5, 1, 4 ], "texture": "#yatana_head" },
				"north": { "uv": [ 15, 3.75, 16, 5.25 ], "texture": "#yatana_head" },
				"south": { "uv": [ 0, 3.75, 1, 5.25 ], "texture": "#yatana_head" },
				"west": { "uv": [ 2.5, 3.75, 4, 5.25 ], "texture": "#yatana_head" },
				"east": { "uv": [ 12, 3.75, 13.5, 5.25 ], "texture": "#yatana_head" }
			}
		},
		{
			"__comment": "HEAD",
			"from": [ -0.5, 10.75, 12 ],
			"to": [ 1.5, 12.25, 13.5 ],
			"rotation": { "origin": [ -0.5, 10.75, 12 ], "axis": "y", "angle": -22.5 },
			"faces": {
				"down": { "uv": [ 0, 2.5, 1.5, 4 ], "texture": "#yatana_head" },
				"up": { "uv": [ 0, 12, 1.5, 13.5 ], "texture": "#yatana_head" },
				"north": { "uv": [ 14.5, 3.75, 16, 5.25 ], "texture": "#yatana_head" },
				"south": { "uv": [ 0, 3.75, 1.5, 5.25 ], "texture": "#yatana_head" },
				"west": { "uv": [ 12, 3.75, 13.5, 5.25 ], "texture": "#yatana_head" },
				"east": { "uv": [ 2.5, 3.75, 4, 5.25 ], "texture": "#yatana_head" }
			}
		},
		{
			"__comment": "HEAD",
			"from": [ 0.5, 11, 13 ],
			"to": [ 3.5, 12, 14 ],
			"faces": {
				"down": { "uv": [ 0.5, 2, 3.5, 3 ], "texture": "#yatana_head" },
				"up": { "uv": [ 0.5, 13, 3.5, 14 ], "texture": "#yatana_head" },
				"north": { "uv": [ 12.5, 4, 15.5, 5 ], "texture": "#yatana_head" },
				"south": { "uv": [ 0.5, 4, 3.5, 5 ], "texture": "#yatana_head" },
				"west": { "uv": [ 13, 4, 14, 5 ], "texture": "#yatana_head" },
				"east": { "uv": [ 2, 4, 3, 5 ], "texture": "#yatana_head" }
			}
		},
		{
			"__comment": "HEAD",
			"from": [ 0.5, 11, 2 ],
			"to": [ 3.5, 12, 3 ],
			"faces": {
				"down": { "uv": [ 0.5, 13, 3.5, 14 ], "texture": "#yatana_head" },
				"up": { "uv": [ 0.5, 2, 3.5, 3 ], "texture": "#yatana_head" },
				"north": { "uv": [ 12.5, 4, 15.5, 5 ], "texture": "#yatana_head" },
				"south": { "uv": [ 0.5, 4, 3.5, 5 ], "texture": "#yatana_head" },
				"west": { "uv": [ 2, 4, 3, 5 ], "texture": "#yatana_head" },
				"east": { "uv": [ 13, 4, 14, 5 ], "texture": "#yatana_head" }
			}
		},
		{
			"__comment": "HEAD",
			"from": [ 3.5, 11, 13.125 ],
			"to": [ 6.5, 11.5, 13.625 ],
			"rotation": { "origin": [ 3.5, 11.5, 13.125 ], "axis": "x", "angle": -45 },
			"faces": {
				"down": { "uv": [ 3.5, 2.021446, 6.5, 2.521446 ], "texture": "#yatana_head" },
				"up": { "uv": [ 3.5, 13.47855, 6.5, 13.97855 ], "texture": "#yatana_head" },
				"north": { "uv": [ 9.5, 4.353554, 12.5, 4.853554 ], "texture": "#yatana_head" },
				"south": { "uv": [ 3.5, 4.353554, 6.5, 4.853554 ], "texture": "#yatana_head" },
				"west": { "uv": [ 13.47855, 4.353554, 13.97855, 4.853554 ], "texture": "#yatana_head" },
				"east": { "uv": [ 2.021446, 4.353554, 2.521446, 4.853554 ], "texture": "#yatana_head" }
			}
		},
		{
			"__comment": "HEAD",
			"from": [ 3.5, 11, 2.125 ],
			"to": [ 6.5, 11.5, 2.625 ],
			"rotation": { "origin": [ 3.5, 11.5, 2.125 ], "axis": "x", "angle": -45 },
			"faces": {
				"down": { "uv": [ 3.5, 13.02145, 6.5, 13.52145 ], "texture": "#yatana_head" },
				"up": { "uv": [ 3.5, 2.478554, 6.5, 2.978554 ], "texture": "#yatana_head" },
				"north": { "uv": [ 9.5, 4.353554, 12.5, 4.853554 ], "texture": "#yatana_head" },
				"south": { "uv": [ 3.5, 4.353554, 6.5, 4.853554 ], "texture": "#yatana_head" },
				"west": { "uv": [ 2.478553, 4.353554, 2.978553, 4.853554 ], "texture": "#yatana_head" },
				"east": { "uv": [ 13.02145, 4.353554, 13.52145, 4.853554 ], "texture": "#yatana_head" }
			}
		},
		{
			"__comment": "HEAD",
			"from": [ -1, 9, 4 ],
			"to": [ -0.5, 12, 11.5 ],
			"faces": {
				"down": { "uv": [ 15, 4.5, 15.5, 12 ], "texture": "#yatana_head" },
				"up": { "uv": [ 15, 4, 15.5, 11.5 ], "texture": "#yatana_head" },
				"north": { "uv": [ 0.5, 4, 1, 7 ], "texture": "#yatana_head" },
				"south": { "uv": [ 15, 4, 15.5, 7 ], "texture": "#yatana_head" },
				"west": { "uv": [ 4, 4, 11.5, 7 ], "texture": "#yatana_head" },
				"east": { "uv": [ 4.5, 4, 12, 7 ], "texture": "#yatana_head" }
			}
		},
		{
			"__comment": "HEAD*",
			"from": [ -2, 10, 5 ],
			"to": [ -1.5, 13, 11 ],
			"faces": {
				"down": { "uv": [ 14, 5, 14.5, 11 ], "texture": "#yatana_head" },
				"up": { "uv": [ 14, 5, 14.5, 11 ], "texture": "#yatana_head" },
				"north": { "uv": [ 1.5, 3, 2, 6 ], "texture": "#yatana_head" },
				"south": { "uv": [ 14, 3, 14.5, 6 ], "texture": "#yatana_head" },
				"west": { "uv": [ 5, 3, 11, 6 ], "texture": "#yatana_head" },
				"east": { "uv": [ 5, 3, 11, 6 ], "texture": "#yatana_head" }
			}
		},
		{
			"__comment": "TEETH",
			"from": [ -7.3125, 9.875, 8 ],
			"to": [ -5.8125, 10.875, 9.5 ],
			"rotation": { "origin": [ -7.3125, 9.875, 8 ], "axis": "y", "angle": 45 },
			"faces": {
				"down": { "uv": [ 8.6875, 6.5, 10.1875, 8 ], "texture": "#yatana_teeth" },
				"up": { "uv": [ 8.6875, 8, 10.1875, 9.5 ], "texture": "#yatana_teeth" },
				"north": { "uv": [ 5.8125, 5.125, 7.3125, 6.125 ], "texture": "#yatana_teeth" },
				"south": { "uv": [ 8.6875, 5.125, 10.1875, 6.125 ], "texture": "#yatana_teeth" },
				"west": { "uv": [ 8, 5.125, 9.5, 6.125 ], "texture": "#yatana_teeth" },
				"east": { "uv": [ 6.5, 5.125, 8, 6.125 ], "texture": "#yatana_teeth" }
			}
		},
		{
			"__comment": "TEETH",
			"from": [ -7.125, 7.875, 7.5 ],
			"to": [ -6.125, 9.375, 8.5 ],
			"rotation": { "origin": [ -7.125, 9.375, 7.5 ], "axis": "z", "angle": -22.5 },
			"faces": {
				"down": { "uv": [ 8.300975, 7.5, 9.300975, 8.5 ], "texture": "#yatana_teeth" },
				"up": { "uv": [ 8.300975, 7.5, 9.300975, 8.5 ], "texture": "#yatana_teeth" },
				"north": { "uv": [ 6.699024, 6.510818, 7.699024, 8.010819 ], "texture": "#yatana_teeth" },
				"south": { "uv": [ 8.300975, 6.510818, 9.300975, 8.010819 ], "texture": "#yatana_teeth" },
				"west": { "uv": [ 7.5, 6.510818, 8.5, 8.010819 ], "texture": "#yatana_teeth" },
				"east": { "uv": [ 7.5, 6.510818, 8.5, 8.010819 ], "texture": "#yatana_teeth" }
			}
		},
		{
			"__comment": "TEETH",
			"from": [ -7.375, 6.375, 7.75 ],
			"to": [ -6.875, 7.875, 8.25 ],
			"faces": {
				"down": { "uv": [ 8.625, 7.75, 9.125, 8.25 ], "texture": "#yatana_teeth" },
				"up": { "uv": [ 8.625, 7.75, 9.125, 8.25 ], "texture": "#yatana_teeth" },
				"north": { "uv": [ 6.875, 8.125, 7.375, 9.625 ], "texture": "#yatana_teeth" },
				"south": { "uv": [ 8.625, 8.125, 9.125, 9.625 ], "texture": "#yatana_teeth" },
				"west": { "uv": [ 7.75, 8.125, 8.25, 9.625 ], "texture": "#yatana_teeth" },
				"east": { "uv": [ 7.75, 8.125, 8.25, 9.625 ], "texture": "#yatana_teeth" }
			}
		},
		{
			"__comment": "TEETH",
			"from": [ -6.25, 8.875, 7.25 ],
			"to": [ -5.25, 10.375, 8.75 ],
			"rotation": { "origin": [ -6.25, 10.375, 7.25 ], "axis": "z", "angle": -45 },
			"faces": {
				"down": { "uv": [ 8.68934, 7.25, 9.68934, 8.75 ], "texture": "#yatana_teeth" },
				"up": { "uv": [ 8.68934, 7.25, 9.68934, 8.75 ], "texture": "#yatana_teeth" },
				"north": { "uv": [ 6.310661, 5.185659, 7.310661, 6.685659 ], "texture": "#yatana_teeth" },
				"south": { "uv": [ 8.68934, 5.185659, 9.68934, 6.685659 ], "texture": "#yatana_teeth" },
				"west": { "uv": [ 7.25, 5.185659, 8.75, 6.685659 ], "texture": "#yatana_teeth" },
				"east": { "uv": [ 7.25, 5.185659, 8.75, 6.685659 ], "texture": "#yatana_teeth" }
			}
		},
		{
			"__comment": "TEETH",
			"from": [ -7.3125, 9.875, 11 ],
			"to": [ -5.8125, 10.875, 12.5 ],
			"rotation": { "origin": [ -7.3125, 9.875, 11 ], "axis": "y", "angle": 45 },
			"faces": {
				"down": { "uv": [ 8.6875, 3.5, 10.1875, 5 ], "texture": "#yatana_teeth" },
				"up": { "uv": [ 8.6875, 11, 10.1875, 12.5 ], "texture": "#yatana_teeth" },
				"north": { "uv": [ 5.8125, 5.125, 7.3125, 6.125 ], "texture": "#yatana_teeth" },
				"south": { "uv": [ 8.6875, 5.125, 10.1875, 6.125 ], "texture": "#yatana_teeth" },
				"west": { "uv": [ 11, 5.125, 12.5, 6.125 ], "texture": "#yatana_teeth" },
				"east": { "uv": [ 3.5, 5.125, 5, 6.125 ], "texture": "#yatana_teeth" }
			}
		},
		{
			"__comment": "TEETH",
			"from": [ -7.125, 7.875, 10.5 ],
			"to": [ -6.125, 9.375, 11.5 ],
			"rotation": { "origin": [ -7.125, 9.375, 10.5 ], "axis": "z", "angle": -22.5 },
			"faces": {
				"down": { "uv": [ 8.300975, 4.5, 9.300975, 5.5 ], "texture": "#yatana_teeth" },
				"up": { "uv": [ 8.300975, 10.5, 9.300975, 11.5 ], "texture": "#yatana_teeth" },
				"north": { "uv": [ 6.699024, 6.510818, 7.699024, 8.010819 ], "texture": "#yatana_teeth" },
				"south": { "uv": [ 8.300975, 6.510818, 9.300975, 8.010819 ], "texture": "#yatana_teeth" },
				"west": { "uv": [ 10.5, 6.510818, 11.5, 8.010819 ], "texture": "#yatana_teeth" },
				"east": { "uv": [ 4.5, 6.510818, 5.5, 8.010819 ], "texture": "#yatana_teeth" }
			}
		},
		{
			"__comment": "TEETH",
			"from": [ -7.375, 6.375, 10.75 ],
			"to": [ -6.875, 7.875, 11.25 ],
			"faces": {
				"down": { "uv": [ 8.625, 4.75, 9.125, 5.25 ], "texture": "#yatana_teeth" },
				"up": { "uv": [ 8.625, 10.75, 9.125, 11.25 ], "texture": "#yatana_teeth" },
				"north": { "uv": [ 6.875, 8.125, 7.375, 9.625 ], "texture": "#yatana_teeth" },
				"south": { "uv": [ 8.625, 8.125, 9.125, 9.625 ], "texture": "#yatana_teeth" },
				"west": { "uv": [ 10.75, 8.125, 11.25, 9.625 ], "texture": "#yatana_teeth" },
				"east": { "uv": [ 4.75, 8.125, 5.25, 9.625 ], "texture": "#yatana_teeth" }
			}
		},
		{
			"__comment": "TEETH",
			"from": [ -6.25, 8.875, 10.25 ],
			"to": [ -5.25, 10.375, 11.75 ],
			"rotation": { "origin": [ -6.25, 10.375, 10.25 ], "axis": "z", "angle": -45 },
			"faces": {
				"down": { "uv": [ 8.68934, 4.25, 9.68934, 5.75 ], "texture": "#yatana_teeth" },
				"up": { "uv": [ 8.68934, 10.25, 9.68934, 11.75 ], "texture": "#yatana_teeth" },
				"north": { "uv": [ 6.310661, 5.185659, 7.310661, 6.685659 ], "texture": "#yatana_teeth" },
				"south": { "uv": [ 8.68934, 5.185659, 9.68934, 6.685659 ], "texture": "#yatana_teeth" },
				"west": { "uv": [ 10.25, 5.185659, 11.75, 6.685659 ], "texture": "#yatana_teeth" },
				"east": { "uv": [ 4.25, 5.185659, 5.75, 6.685659 ], "texture": "#yatana_teeth" }
			}
		},
		{
			"__comment": "TEETH",
			"from": [ -7.3125, 9.875, 5 ],
			"to": [ -5.8125, 10.875, 6.5 ],
			"rotation": { "origin": [ -7.3125, 9.875, 5 ], "axis": "y", "angle": 45 },
			"faces": {
				"down": { "uv": [ 8.6875, 9.5, 10.1875, 11 ], "texture": "#yatana_teeth" },
				"up": { "uv": [ 8.6875, 5, 10.1875, 6.5 ], "texture": "#yatana_teeth" },
				"north": { "uv": [ 5.8125, 5.125, 7.3125, 6.125 ], "texture": "#yatana_teeth" },
				"south": { "uv": [ 8.6875, 5.125, 10.1875, 6.125 ], "texture": "#yatana_teeth" },
				"west": { "uv": [ 5, 5.125, 6.5, 6.125 ], "texture": "#yatana_teeth" },
				"east": { "uv": [ 9.5, 5.125, 11, 6.125 ], "texture": "#yatana_teeth" }
			}
		},
		{
			"__comment": "TEETH",
			"from": [ -7.125, 7.875, 4.5 ],
			"to": [ -6.125, 9.375, 5.5 ],
			"rotation": { "origin": [ -7.125, 9.375, 4.5 ], "axis": "z", "angle": -22.5 },
			"faces": {
				"down": { "uv": [ 8.300975, 10.5, 9.300975, 11.5 ], "texture": "#yatana_teeth" },
				"up": { "uv": [ 8.300975, 4.5, 9.300975, 5.5 ], "texture": "#yatana_teeth" },
				"north": { "uv": [ 6.699024, 6.510818, 7.699024, 8.010819 ], "texture": "#yatana_teeth" },
				"south": { "uv": [ 8.300975, 6.510818, 9.300975, 8.010819 ], "texture": "#yatana_teeth" },
				"west": { "uv": [ 4.5, 6.510818, 5.5, 8.010819 ], "texture": "#yatana_teeth" },
				"east": { "uv": [ 10.5, 6.510818, 11.5, 8.010819 ], "texture": "#yatana_teeth" }
			}
		},
		{
			"__comment": "TEETH",
			"from": [ -7.375, 6.375, 4.75 ],
			"to": [ -6.875, 7.875, 5.25 ],
			"faces": {
				"down": { "uv": [ 8.625, 10.75, 9.125, 11.25 ], "texture": "#yatana_teeth" },
				"up": { "uv": [ 8.625, 4.75, 9.125, 5.25 ], "texture": "#yatana_teeth" },
				"north": { "uv": [ 6.875, 8.125, 7.375, 9.625 ], "texture": "#yatana_teeth" },
				"south": { "uv": [ 8.625, 8.125, 9.125, 9.625 ], "texture": "#yatana_teeth" },
				"west": { "uv": [ 4.75, 8.125, 5.25, 9.625 ], "texture": "#yatana_teeth" },
				"east": { "uv": [ 10.75, 8.125, 11.25, 9.625 ], "texture": "#yatana_teeth" }
			}
		},
		{
			"__comment": "TEETH",
			"from": [ -6.25, 8.875, 4.25 ],
			"to": [ -5.25, 10.375, 5.75 ],
			"rotation": { "origin": [ -6.25, 10.375, 4.25 ], "axis": "z", "angle": -45 },
			"faces": {
				"down": { "uv": [ 8.68934, 10.25, 9.68934, 11.75 ], "texture": "#yatana_teeth" },
				"up": { "uv": [ 8.68934, 4.25, 9.68934, 5.75 ], "texture": "#yatana_teeth" },
				"north": { "uv": [ 6.310661, 5.185659, 7.310661, 6.685659 ], "texture": "#yatana_teeth" },
				"south": { "uv": [ 8.68934, 5.185659, 9.68934, 6.685659 ], "texture": "#yatana_teeth" },
				"west": { "uv": [ 4.25, 5.185659, 5.75, 6.685659 ], "texture": "#yatana_teeth" },
				"east": { "uv": [ 10.25, 5.185659, 11.75, 6.685659 ], "texture": "#yatana_teeth" }
			}
		},
		{
			"__comment": "TEETH",
			"from": [ -6.5, 8.0625, 8.75 ],
			"to": [ -5.5, 9.0625, 9.75 ],
			"rotation": { "origin": [ -6.5, 9.0625, 8.75 ], "axis": "x", "angle": -45 },
			"faces": {
				"down": { "uv": [ 9.5, 5.542892, 10.5, 6.542892 ], "texture": "#yatana_teeth" },
				"up": { "uv": [ 9.5, 9.457107, 10.5, 10.45711 ], "texture": "#yatana_teeth" },
				"north": { "uv": [ 5.5, 6.644608, 6.5, 7.644608 ], "texture": "#yatana_teeth" },
				"south": { "uv": [ 9.5, 6.644608, 10.5, 7.644608 ], "texture": "#yatana_teeth" },
				"west": { "uv": [ 9.457107, 6.644608, 10.45711, 7.644608 ], "texture": "#yatana_teeth" },
				"east": { "uv": [ 5.542893, 6.644608, 6.542893, 7.644608 ], "texture": "#yatana_teeth" }
			}
		},
		{
			"__comment": "TEETH",
			"from": [ -6.5, 8.1054, 5.75 ],
			"to": [ -5.5, 9.1054, 6.75 ],
			"rotation": { "origin": [ -6.5, 9.10539, 5.75 ], "axis": "x", "angle": -45 },
			"faces": {
				"down": { "uv": [ 9.5, 8.542893, 10.5, 9.542893 ], "texture": "#yatana_teeth" },
				"up": { "uv": [ 9.5, 6.457108, 10.5, 7.457108 ], "texture": "#yatana_teeth" },
				"north": { "uv": [ 5.5, 6.601717, 6.5, 7.601717 ], "texture": "#yatana_teeth" },
				"south": { "uv": [ 9.5, 6.601717, 10.5, 7.601717 ], "texture": "#yatana_teeth" },
				"west": { "uv": [ 6.457107, 6.601717, 7.457107, 7.601717 ], "texture": "#yatana_teeth" },
				"east": { "uv": [ 8.542893, 6.601717, 9.542893, 7.601717 ], "texture": "#yatana_teeth" }
			}
		}
	],
	"display": {
		"thirdperson_righthand": {
			"rotation":  [ -35, -92, 0 ],
			"translation":  [ 0, 3.4782, 11.825 ],
			"scale":  [ 1, 0.7, 0.7 ]
		},
		"thirdperson_lefthand": {
			"rotation":  [ -35, 92, 0 ],
			"translation":  [ 0, 3.4782, 11.825 ],
			"scale":  [ 1, 0.7, 0.7 ]
		},
		"firstperson_righthand": {
			"rotation":  [ 11, -77, 11 ],
			"translation":  [ 21.999, -12.79, 1.13 ],
			"scale":  [ 2, 1.7, 1.7 ]
		},
		"firstperson_lefthand": {
			"rotation":  [ 11, 77, 11 ],
			"translation":  [ 18.52, -17.65, 1.13 ],
			"scale":  [ 2, 1.7, 1.7 ]
		},
		"gui": {
			"rotation":  [ 30, 63, 0 ],
			"translation":  [ 6.2608, 4.1739, 0 ],
			"scale":  [ 1.5, 1, 1 ]
		},
		"head": {
			"rotation":  [ 0, -90, 0 ],
			"translation":  [ 0, -0.5, 26.8 ],
			"scale":  [ 2.5, 1.85, 1.85 ]
		},
		"ground": {
			"rotation":  [ -9, -23, -19 ],
			"translation":  [ 14.607, 0, 11.13 ],
			"scale":  [ 1.3, 1, 1 ]
		},
		"fixed": {
			"rotation":  [ 0, -90, 75 ],
			"translation":  [ 0, 17.391, 6.9555 ],
			"scale":  [ 2, 1.7, 1.7 ]
		}
	}
}