{
	"__comment": "Designed by S9855027 with BDcraft Cubik PRO 0.96 Beta - http://bdcraft.net",
	"textures": {
		"head_d": "mobs/succubus_head_d",
		"head_n": "mobs/succubus_head_n",
		"head_s": "mobs/succubus_head_s",
		"head_w": "mobs/succubus_head_w",
		"head_e": "mobs/succubus_head_e",
		"hat01": "mobs/succubus_hat01",
		"hat02_side": "mobs/succubus_hat02_side",
		"hat02": "mobs/succubus_hat02",
		"body_s": "mobs/succubus_body_s",
		"body_n": "mobs/succubus_body_n",
		"chest": "mobs/succubus_chest",
		"hand": "mobs/succubus_hand",
		"deck": "mobs/succubus_deck",
		"leg": "mobs/succubus_leg",
		"hair": "mobs/succubus_hair",
		"hair02": "mobs/succubus_hair02"
	},
	"elements": [ 	 
		{
			"__comment": "Hat01",
			"from": [ 5.5, 19.5, 5.48 ],
			"to": [ 11.5, 20, 11.48 ],
			"faces": {
				"down": { "uv": [ 0, 0, 16, 16 ], "texture": "#hat01" },
				"up": { "uv": [ 0, 0, 16, 16 ], "texture": "#hat01" },
				"north": { "uv": [ 4.5, 1, 10.5, 1.5 ], "texture": "#hat01" },
				"south": { "uv": [ 5.5, 1, 11.5, 1.5 ], "texture": "#hat01" },
				"west": { "uv": [ 5.5, 1, 11.5, 1.5 ], "texture": "#hat01" },
				"east": { "uv": [ 4.5, 1, 10.5, 1.5 ], "texture": "#hat01" }
			}
		},
		{
			"__comment": "Hat02",
			"from": [ 6.5, 20, 5.98 ],
			"to": [ 10.5, 22, 10.98 ],
			"faces": {
				"up": { "uv": [ 0, 0, 16, 16 ], "texture": "#hat01" },
				"north": { "uv": [ 0, 1, 16, 16 ], "texture": "#hat02_side" },
				"south": { "uv": [ 0, 1, 16, 16 ], "texture": "#hat02" },
				"west": { "uv": [ 0, 1, 16, 16 ], "texture": "#hat02_side" },
				"east": { "uv": [ 0, 1, 16, 16 ], "texture": "#hat02_side" }
			}
		},
		{
			"__comment": "Hat03",
			"from": [ 7, 19, 6 ],
			"to": [ 10, 23, 9.5 ],
			"rotation": { "origin": [ 7, 23, 6 ], "axis": "x", "angle": -22.5 },
			"faces": {
				"up": { "uv": [ 0, 0, 16, 16 ], "texture": "#hat01" },
				"north": { "uv": [ 0, 1, 16, 16 ], "texture": "#hat01", "rotation": 180 },
				"south": { "uv": [ 0, 1, 16, 16 ], "texture": "#hat01" },
				"west": { "uv": [ 0, 1, 16, 16 ], "texture": "#hat01" },
				"east": { "uv": [ 0, 1, 16, 16 ], "texture": "#hat01" }
			}
		},
		{
			"__comment": "Hat04",
			"from": [ 8, 20, 6.9375 ],
			"to": [ 9, 24.5, 8.4375 ],
			"rotation": { "origin": [ 8, 24.5, 6.9375 ], "axis": "x", "angle": 45 },
			"faces": {
				"down": { "uv": [ 0, 0, 16, 16 ], "texture": "#hat01" },
				"up": { "uv": [ 0, 0, 16, 16 ], "texture": "#hat01" },
				"north": { "uv": [ 0, 0, 16, 16 ], "texture": "#hat01" },
				"south": { "uv": [ 0, 0, 16, 16 ], "texture": "#hat01" },
				"west": { "uv": [ 0, 0, 16, 16 ], "texture": "#hat01" },
				"east": { "uv": [ 0, 0, 16, 16 ], "texture": "#hat01" }
			}
		},
		{
			"__comment": "Hat05",
			"from": [ 7.5, 22.5, 6.6875 ],
			"to": [ 9.5, 24.5, 9.1875 ],
			"faces": {
				"down": { "uv": [ 0, 0, 16, 16 ], "texture": "#hat01" },
				"up": { "uv": [ 0, 0, 16, 16 ], "texture": "#hat01" },
				"north": { "uv": [ 0, 0, 16, 16 ], "texture": "#hat01" },
				"south": { "uv": [ 0, 0, 16, 16 ], "texture": "#hat01" },
				"west": { "uv": [ 0, 0, 16, 16 ], "texture": "#hat01" },
				"east": { "uv": [ 0, 0, 16, 16 ], "texture": "#hat01" }
			}
		}
	],
	"display": {
		"thirdperson_righthand": {
			"rotation":  [ 42, 146, 0 ],
			"translation":  [ 1.9139, -13.21, -12.5 ],
			"scale":  [ 1.5, 1.5, 1.5 ]
		},
		"thirdperson_lefthand": {
			"rotation":  [ 42, 146, 0 ],
			"translation":  [ 1.9139, -13.21, -12.5 ],
			"scale":  [ 1.5, 1.5, 1.5 ]
		},
		"firstperson_righthand": {
			"rotation":  [ -6, -153, 0 ],
			"translation":  [ 4.1739, -18.07, 0 ],
			"scale":  [ 1.5, 1.5, 1.5 ]
		},
		"firstperson_lefthand": {
			"rotation":  [ -6, -153, 0 ],
			"translation":  [ 4.1739, -18.07, 0 ],
			"scale":  [ 1.5, 1.5, 1.5 ]
		},
		"gui": {
			"rotation":  [ 30, -36, 0 ],
			"translation":  [ 0, -16.67, 0 ],
			"scale":  [ 1.5, 1.5, 1.5 ]
		},
		"head": {
			"rotation":  [ 0, 180, 0 ],
			"translation":  [ 1.8, -38.95, 2.0869 ],
			"scale":  [ 3.5, 3.5, 3.5 ]
		},
		"ground": {
			"translation":  [ 0, -10, 0 ],
			"scale":  [ 1.2, 1.2, 1.2 ]
		},
		"fixed": {
			"rotation":  [ 0, 180, 0 ],
			"translation":  [ 1.3913, -38.93, -5.565 ],
			"scale":  [ 3, 3, 3 ]
		}
	}
}