{
	"__comment": "Designed by Zeibo with Cubik Studio - https://cubik.studio",
	"textures": {
		"particle": "blocks/e_particle",
		"texture": "weapons/fire_head_icon"
	},
	"elements": [ 	 
		{
			"__comment": "Box1",
			"from": [ 0, 0, 14.5 ],
			"to": [ 16, 7, 16.5 ],
			"faces": {
				"down": { "uv": [ 3, 2.5, 13, 12 ], "texture": "#texture" },
				"up": { "uv": [ 3, 0, 14, 3.5 ], "texture": "#texture" },
				"north": { "uv": [ 3, 2.5, 13, 12 ], "texture": "#texture" },
				"south": { "uv": [ 3, 2.5, 13, 12 ], "texture": "#texture" },
				"west": { "uv": [ 3, 2.5, 13, 12 ], "texture": "#texture" },
				"east": { "uv": [ 3, 2.5, 13, 12 ], "texture": "#texture" }
			}
		},
		{
			"__comment": "Box1",
			"from": [ 0, 0, -0.5 ],
			"to": [ 16, 7, 1.5 ],
			"faces": {
				"down": { "uv": [ 3, 2.5, 13, 12 ], "texture": "#texture" },
				"up": { "uv": [ 3, 0, 14, 3.5 ], "texture": "#texture" },
				"north": { "uv": [ 3, 2.5, 13, 12 ], "texture": "#texture" },
				"south": { "uv": [ 3, 2.5, 13, 12 ], "texture": "#texture" },
				"west": { "uv": [ 3, 2.5, 13, 12 ], "texture": "#texture" },
				"east": { "uv": [ 3, 2.5, 13, 12 ], "texture": "#texture" }
			}
		},
		{
			"__comment": "Box1",
			"from": [ -0.5, 0, 0 ],
			"to": [ 1.5, 7, 16 ],
			"faces": {
				"down": { "uv": [ 3, 2.5, 13, 12 ], "texture": "#texture" },
				"up": { "uv": [ 3, 0, 14, 3.5 ], "texture": "#texture" },
				"north": { "uv": [ 3, 2.5, 13, 12 ], "texture": "#texture" },
				"south": { "uv": [ 3, 2.5, 13, 12 ], "texture": "#texture" },
				"west": { "uv": [ 3, 2.5, 13, 12 ], "texture": "#texture" },
				"east": { "uv": [ 3, 2.5, 13, 12 ], "texture": "#texture" }
			}
		},
		{
			"__comment": "Box1",
			"from": [ 14.5, 0, 0 ],
			"to": [ 16.5, 7, 16 ],
			"faces": {
				"down": { "uv": [ 3, 2.5, 13, 12 ], "texture": "#texture" },
				"up": { "uv": [ 3, 0, 14, 3.5 ], "texture": "#texture" },
				"north": { "uv": [ 3, 2.5, 13, 12 ], "texture": "#texture" },
				"south": { "uv": [ 3, 2.5, 13, 12 ], "texture": "#texture" },
				"west": { "uv": [ 3, 2.5, 13, 12 ], "texture": "#texture" },
				"east": { "uv": [ 3, 2.5, 13, 12 ], "texture": "#texture" }
			}
		},
		{
			"__comment": "Box1",
			"from": [ 1, -2.375, 1 ],
			"to": [ 15, 1.625, 15 ],
			"faces": {
				"down": { "uv": [ 3, 2.5, 13, 12 ], "texture": "#texture" },
				"up": { "uv": [ 3, 0, 14, 3.5 ], "texture": "#texture" },
				"north": { "uv": [ 3, 2.5, 13, 12 ], "texture": "#texture" },
				"south": { "uv": [ 3, 2.5, 13, 12 ], "texture": "#texture" },
				"west": { "uv": [ 3, 2.5, 13, 12 ], "texture": "#texture" },
				"east": { "uv": [ 3, 2.5, 13, 12 ], "texture": "#texture" }
			}
		}
	],
	"display": {
		"thirdperson_righthand": {
			"rotation":  [ 75, 45, 0 ],
			"translation":  [ 0, 0.413, 2.7826 ],
			"scale":  [ 0.375, 0.375, 0.375 ]
		},
		"thirdperson_lefthand": {
			"rotation":  [ 75, 45, 0 ],
			"translation":  [ 0, 0.413, 2.7826 ],
			"scale":  [ 0.375, 0.375, 0.375 ]
		},
		"firstperson_righthand": {
			"rotation":  [ 0, 90, -25 ],
			"translation":  [ 5.3039, 5.2869, -0.261 ],
			"scale":  [ 0.68, 0.68, 0.68 ]
		},
		"firstperson_lefthand": {
			"rotation":  [ 0, 90, -25 ],
			"translation":  [ 5.3039, 5.2869, -0.261 ],
			"scale":  [ 0.68, 0.68, 0.68 ]
		},
		"gui": {
			"rotation":  [ 11, 28, 0 ],
			"translation":  [ 0, 3.4782, 0 ],
			"scale":  [ 0.625, 0.625, 0.625 ]
		},
		"head": {
			"translation":  [ 0, 0.6956, 0 ]
		},
		"ground": {
			"translation":  [ 0, 9.2608, 0 ],
			"scale":  [ 0.5, 0.5, 0.5 ]
		}
	}
}