{
	"__comment": "Designed by Zeibo with Cubik Studio - https://cubik.studio",
	"textures": {
		"particle": "blocks/e_particle",
		"texture": "mobs/helllord/helllord_head_skin",
		"texture1": "mobs/helllord/helllord_eye",
		"texture2": "mobs/helllord/helllord_mouth",
		"texture3": "mobs/helllord/helllord_clo",
		"texture4": "elements/fire_core",
		"texture5": "mobs/helllord/swing"
	},
	"elements": [ 	 
		{
			"__comment": "Box1",
			"from": [ 2.5, 13, 3.375 ],
			"to": [ 13.5, 17.5, 7.875 ],
			"rotation": { "origin": [ 2.5, 13, 3.375 ], "axis": "x", "angle": 45 },
			"faces": {
				"down": { "uv": [ 0, 0, 5.5, 2.5 ], "texture": "#texture" },
				"up": { "uv": [ 0, 0, 5.5, 2.5 ], "texture": "#texture" },
				"north": { "uv": [ 0, 0, 5.5, 2.5 ], "texture": "#texture" },
				"south": { "uv": [ 0, 0, 5.5, 2.5 ], "texture": "#texture" },
				"west": { "uv": [ 0, 0, 5.5, 2.5 ], "texture": "#texture" },
				"east": { "uv": [ 0, 0, 5.5, 2.5 ], "texture": "#texture" }
			}
		},
		{
			"__comment": "Box1",
			"from": [ 3.375, 12.75, 10 ],
			"to": [ 6.875, 16.25, 16 ],
			"rotation": { "origin": [ 3.375, 12.75, 10 ], "axis": "x", "angle": -22.5 },
			"faces": {
				"down": { "uv": [ 0, 2, 5.5, 11 ], "texture": "#texture" },
				"up": { "uv": [ 0, 2, 5.5, 11 ], "texture": "#texture" },
				"north": { "uv": [ 0, 2, 5.5, 11 ], "texture": "#texture" },
				"south": { "uv": [ 0, 0, 5.5, 1 ], "texture": "#texture" },
				"west": { "uv": [ 0, 2, 5.5, 11 ], "texture": "#texture", "rotation": 90 },
				"east": { "uv": [ 0, 2, 5.5, 11 ], "texture": "#texture", "rotation": 270 }
			}
		},
		{
			"__comment": "Box1",
			"from": [ 9.125, 12.75, 10.125 ],
			"to": [ 12.625, 16.25, 16.125 ],
			"rotation": { "origin": [ 9.125, 12.75, 10.125 ], "axis": "x", "angle": -22.5 },
			"faces": {
				"down": { "uv": [ 0, 2, 5.5, 11 ], "texture": "#texture" },
				"up": { "uv": [ 0, 11, 5.5, 16 ], "texture": "#texture" },
				"north": { "uv": [ 0, 11, 5.5, 16 ], "texture": "#texture" },
				"south": { "uv": [ 0, 0, 5.5, 1 ], "texture": "#texture" },
				"west": { "uv": [ 0, 0.5, 5, 9 ], "texture": "#texture", "rotation": 90 },
				"east": { "uv": [ 0, 0.5, 5.5, 7.5 ], "texture": "#texture", "rotation": 270 }
			}
		},
		{
			"__comment": "Box1",
			"from": [ 4, 14.5, 12.5 ],
			"to": [ 6.5, 17, 17 ],
			"rotation": { "origin": [ 4, 17, 17 ], "axis": "x", "angle": 45 },
			"faces": {
				"down": { "uv": [ 0, 0, 5.5, 1.5 ], "texture": "#texture" },
				"up": { "uv": [ 0, 0, 5.5, 1.5 ], "texture": "#texture" },
				"north": { "uv": [ 0, 0, 5.5, 1.5 ], "texture": "#texture" },
				"south": { "uv": [ 0, 0, 5.5, 1.5 ], "texture": "#texture" },
				"west": { "uv": [ 0, 0, 5.5, 1.5 ], "texture": "#texture" },
				"east": { "uv": [ 0, 0, 5.5, 1.5 ], "texture": "#texture" }
			}
		},
		{
			"__comment": "Box1",
			"from": [ 9.625, 18.5, 12 ],
			"to": [ 12.125, 21, 16.5 ],
			"rotation": { "origin": [ 9.625, 18.5, 12 ], "axis": "x", "angle": 45 },
			"faces": {
				"down": { "uv": [ 0, 0, 5.5, 1.5 ], "texture": "#texture" },
				"up": { "uv": [ 0, 0, 5.5, 1.5 ], "texture": "#texture" },
				"north": { "uv": [ 0, 0, 5.5, 1.5 ], "texture": "#texture" },
				"south": { "uv": [ 0, 0, 5.5, 1.5 ], "texture": "#texture" },
				"west": { "uv": [ 0, 0, 5.5, 1.5 ], "texture": "#texture" },
				"east": { "uv": [ 0, 0, 5.5, 1.5 ], "texture": "#texture" }
			}
		},
		{
			"__comment": "Box1",
			"from": [ 4.5, 19.0482, 12.3129 ],
			"to": [ 6, 24.0482, 13.8129 ],
			"rotation": { "origin": [ 4.5, 19.5, 14 ], "axis": "x", "angle": -22.5 },
			"faces": {
				"down": { "uv": [ 0, 0, 5.5, 1.5 ], "texture": "#texture" },
				"up": { "uv": [ 0, 0, 5.5, 1.5 ], "texture": "#texture" },
				"north": { "uv": [ 0, 0, 5.5, 1.5 ], "texture": "#texture" },
				"south": { "uv": [ 0, 0, 5.5, 1.5 ], "texture": "#texture" },
				"west": { "uv": [ 0, 0, 5.5, 1.5 ], "texture": "#texture" },
				"east": { "uv": [ 0, 0, 5.5, 1.5 ], "texture": "#texture" }
			}
		},
		{
			"__comment": "Box1",
			"from": [ 10.125, 19.0482, 12.3129 ],
			"to": [ 11.625, 24.0482, 13.8129 ],
			"rotation": { "origin": [ 10.125, 19.5, 14 ], "axis": "x", "angle": -22.5 },
			"faces": {
				"down": { "uv": [ 0, 0, 5.5, 1.5 ], "texture": "#texture" },
				"up": { "uv": [ 0, 0, 5.5, 1.5 ], "texture": "#texture" },
				"north": { "uv": [ 0, 0, 5.5, 1.5 ], "texture": "#texture" },
				"south": { "uv": [ 0, 0, 5.5, 1.5 ], "texture": "#texture" },
				"west": { "uv": [ 0, 0, 5.5, 1.5 ], "texture": "#texture" },
				"east": { "uv": [ 0, 0, 5.5, 1.5 ], "texture": "#texture" }
			}
		},
		{
			"__comment": "Box1",
			"from": [ 6.125, 14.5, 3.125 ],
			"to": [ 9.625, 17.5, 11.625 ],
			"rotation": { "origin": [ 6.125, 14.5, 3.125 ], "axis": "z", "angle": 45 },
			"faces": {
				"down": { "uv": [ 0, 0, 5.5, 2.5 ], "texture": "#texture" },
				"up": { "uv": [ 0, 0, 5.5, 2.5 ], "texture": "#texture" },
				"north": { "uv": [ 0, 0, 5.5, 2.5 ], "texture": "#texture" },
				"south": { "uv": [ 0, 0, 5.5, 2.5 ], "texture": "#texture" },
				"west": { "uv": [ 0, 0, 5.5, 2.5 ], "texture": "#texture" },
				"east": { "uv": [ 0, 0, 5.5, 2.5 ], "texture": "#texture" }
			}
		},
		{
			"__comment": "Box1",
			"from": [ 9.875, 14.25, 3.125 ],
			"to": [ 13.375, 17.75, 11.625 ],
			"rotation": { "origin": [ 9.875, 14.25, 3.125 ], "axis": "z", "angle": 45 },
			"faces": {
				"down": { "uv": [ 0, 0, 5.5, 2.5 ], "texture": "#texture" },
				"up": { "uv": [ 0, 0, 5.5, 2.5 ], "texture": "#texture" },
				"north": { "uv": [ 0, 0, 5.5, 2.5 ], "texture": "#texture" },
				"south": { "uv": [ 0, 0, 5.5, 2.5 ], "texture": "#texture" },
				"west": { "uv": [ 0, 0, 5.5, 2.5 ], "texture": "#texture" },
				"east": { "uv": [ 0, 0, 5.5, 2.5 ], "texture": "#texture" }
			}
		},
		{
			"__comment": "Box1",
			"from": [ 0, 12, 6.5 ],
			"to": [ 16, 15.5, 10 ],
			"rotation": { "origin": [ 0, 15.5, 6.5 ], "axis": "x", "angle": 45 },
			"faces": {
				"down": { "uv": [ 0, 0, 5.5, 2.5 ], "texture": "#texture" },
				"up": { "uv": [ 5.5, 2.5, 0, 0 ], "texture": "#texture" },
				"north": { "uv": [ 5.5, 2.5, 0, 0 ], "texture": "#texture" },
				"south": { "uv": [ 0, 0, 5.5, 2.5 ], "texture": "#texture" },
				"west": { "uv": [ 0, 0, 5.5, 2.5 ], "texture": "#texture", "rotation": 90 },
				"east": { "uv": [ 0, 0, 5.5, 2.5 ], "texture": "#texture", "rotation": 270 }
			}
		},
		{
			"__comment": "Box1",
			"from": [ -1.5, 11.375, 8.75 ],
			"to": [ 4.5, 14.875, 12.25 ],
			"rotation": { "origin": [ -1.5, 14.875, 12.25 ], "axis": "y", "angle": 45 },
			"faces": {
				"down": { "uv": [ 0, 0, 5.5, 2.5 ], "texture": "#texture" },
				"up": { "uv": [ 0, 0, 5.5, 2.5 ], "texture": "#texture" },
				"north": { "uv": [ 5.5, 2.5, 0, 0 ], "texture": "#texture" },
				"south": { "uv": [ 5.5, 2.5, 0, 0 ], "texture": "#texture" },
				"west": { "uv": [ 0, 0, 5.5, 2.5 ], "texture": "#texture", "rotation": 180 },
				"east": { "uv": [ 0, 0, 5.5, 2.5 ], "texture": "#texture", "rotation": 180 }
			}
		},
		{
			"__comment": "Box1",
			"from": [ 13.5, 11.375, 8 ],
			"to": [ 17, 14.875, 14 ],
			"rotation": { "origin": [ 13.5, 14.875, 8 ], "axis": "y", "angle": 45 },
			"faces": {
				"down": { "uv": [ 0, 0, 5.5, 2.5 ], "texture": "#texture", "rotation": 270 },
				"up": { "uv": [ 0, 0, 5.5, 2.5 ], "texture": "#texture", "rotation": 90 },
				"north": { "uv": [ 0, 0, 5.5, 2.5 ], "texture": "#texture", "rotation": 180 },
				"south": { "uv": [ 0, 0, 5.5, 2.5 ], "texture": "#texture", "rotation": 180 },
				"west": { "uv": [ 5.5, 2.5, 0, 0 ], "texture": "#texture" },
				"east": { "uv": [ 5.5, 2.5, 0, 0 ], "texture": "#texture" }
			}
		},
		{
			"__comment": "Box1",
			"from": [ 17, 11.25, 8.5 ],
			"to": [ 20.5, 14.75, 12 ],
			"rotation": { "origin": [ 17, 14.75, 8.5 ], "axis": "y", "angle": -22.5 },
			"faces": {
				"down": { "uv": [ 0, 0, 5.5, 2.5 ], "texture": "#texture", "rotation": 270 },
				"up": { "uv": [ 0, 0, 5.5, 2.5 ], "texture": "#texture", "rotation": 90 },
				"north": { "uv": [ 0, 0, 5.5, 2.5 ], "texture": "#texture", "rotation": 180 },
				"south": { "uv": [ 0, 0, 5.5, 2.5 ], "texture": "#texture", "rotation": 180 },
				"west": { "uv": [ 5.5, 2.5, 0, 0 ], "texture": "#texture" },
				"east": { "uv": [ 5.5, 2.5, 0, 0 ], "texture": "#texture" }
			}
		},
		{
			"__comment": "Box1",
			"from": [ -3.875, 11.125, 9.625 ],
			"to": [ -0.375, 14.625, 13.125 ],
			"rotation": { "origin": [ -3.875, 14.625, 9.625 ], "axis": "y", "angle": 22.5 },
			"faces": {
				"down": { "uv": [ 0, 0, 5.5, 2.5 ], "texture": "#texture", "rotation": 270 },
				"up": { "uv": [ 0, 0, 5.5, 2.5 ], "texture": "#texture", "rotation": 90 },
				"north": { "uv": [ 0, 0, 5.5, 2.5 ], "texture": "#texture", "rotation": 180 },
				"south": { "uv": [ 0, 0, 5.5, 2.5 ], "texture": "#texture", "rotation": 180 },
				"west": { "uv": [ 5.5, 2.5, 0, 0 ], "texture": "#texture" },
				"east": { "uv": [ 5.5, 2.5, 0, 0 ], "texture": "#texture" }
			}
		},
		{
			"__comment": "Box1",
			"from": [ 16, 11.625, 13 ],
			"to": [ 18.5, 14.125, 18.5 ],
			"rotation": { "origin": [ 16, 14.125, 13 ], "axis": "x", "angle": 45 },
			"faces": {
				"down": { "uv": [ 0, 0, 5.5, 2.5 ], "texture": "#texture", "rotation": 270 },
				"up": { "uv": [ 0, 0, 5.5, 2.5 ], "texture": "#texture", "rotation": 90 },
				"north": { "uv": [ 0, 0, 5.5, 2.5 ], "texture": "#texture", "rotation": 180 },
				"south": { "uv": [ 0, 0, 5.5, 2.5 ], "texture": "#texture", "rotation": 180 },
				"west": { "uv": [ 5.5, 2.5, 0, 0 ], "texture": "#texture" },
				"east": { "uv": [ 5.5, 2.5, 0, 0 ], "texture": "#texture" }
			}
		},
		{
			"__comment": "Box1",
			"from": [ -2.125, 11.75, 13.125 ],
			"to": [ 0.375, 14.25, 18.625 ],
			"rotation": { "origin": [ -2.125, 14.25, 13.125 ], "axis": "x", "angle": 45 },
			"faces": {
				"down": { "uv": [ 0, 0, 5.5, 2.5 ], "texture": "#texture", "rotation": 270 },
				"up": { "uv": [ 0, 0, 5.5, 2.5 ], "texture": "#texture", "rotation": 90 },
				"north": { "uv": [ 0, 0, 5.5, 2.5 ], "texture": "#texture", "rotation": 180 },
				"south": { "uv": [ 0, 0, 5.5, 2.5 ], "texture": "#texture", "rotation": 180 },
				"west": { "uv": [ 5.5, 2.5, 0, 0 ], "texture": "#texture" },
				"east": { "uv": [ 5.5, 2.5, 0, 0 ], "texture": "#texture" }
			}
		},
		{
			"__comment": "Box1",
			"from": [ 17, 8.75, 15.25 ],
			"to": [ 18.5, 10.25, 20.75 ],
			"rotation": { "origin": [ 17, 10.25, 15.25 ], "axis": "y", "angle": -45 },
			"faces": {
				"down": { "uv": [ 0, 0, 5.5, 2.5 ], "texture": "#texture", "rotation": 270 },
				"up": { "uv": [ 0, 0, 5.5, 2.5 ], "texture": "#texture", "rotation": 90 },
				"north": { "uv": [ 0, 0, 5.5, 2.5 ], "texture": "#texture", "rotation": 180 },
				"south": { "uv": [ 0, 0, 5.5, 2.5 ], "texture": "#texture", "rotation": 180 },
				"west": { "uv": [ 5.5, 2.5, 0, 0 ], "texture": "#texture" },
				"east": { "uv": [ 5.5, 2.5, 0, 0 ], "texture": "#texture" }
			}
		},
		{
			"__comment": "Box1",
			"from": [ -1.875, 8.875, 16.375 ],
			"to": [ -0.375, 10.375, 21.875 ],
			"rotation": { "origin": [ -1.875, 10.375, 16.375 ], "axis": "y", "angle": 45 },
			"faces": {
				"down": { "uv": [ 0, 0, 5.5, 2.5 ], "texture": "#texture", "rotation": 270 },
				"up": { "uv": [ 0, 0, 5.5, 2.5 ], "texture": "#texture", "rotation": 90 },
				"north": { "uv": [ 0, 0, 5.5, 2.5 ], "texture": "#texture", "rotation": 180 },
				"south": { "uv": [ 0, 0, 5.5, 2.5 ], "texture": "#texture", "rotation": 180 },
				"west": { "uv": [ 5.5, 2.5, 0, 0 ], "texture": "#texture" },
				"east": { "uv": [ 5.5, 2.5, 0, 0 ], "texture": "#texture" }
			}
		},
		{
			"__comment": "PlaneY81",
			"from": [ -14, 0.5, -15 ],
			"to": [ 30.5, 0.501, 30.5 ],
			"faces": {
				"down": { "uv": [ 0, 0, 16, 16 ], "texture": "#texture5" },
				"up": { "uv": [ 0, 0, 16, 16 ], "texture": "#texture5" }
			}
		},
		{
			"__comment": "Box1",
			"from": [ 3, 13.375, 3 ],
			"to": [ 13, 16.875, 13.5 ],
			"faces": {
				"down": { "uv": [ 0, 0, 5.5, 2.5 ], "texture": "#texture" },
				"up": { "uv": [ 5.5, 2.5, 0, 0 ], "texture": "#texture" },
				"north": { "uv": [ 5.5, 2.5, 0, 0 ], "texture": "#texture" },
				"south": { "uv": [ 0, 0, 5.5, 2.5 ], "texture": "#texture" },
				"west": { "uv": [ 0, 0, 5.5, 2.5 ], "texture": "#texture", "rotation": 90 },
				"east": { "uv": [ 0, 0, 5.5, 2.5 ], "texture": "#texture", "rotation": 270 }
			}
		}
	],
	"display": {
		"thirdperson_righthand": {
			"rotation":  [ 53, 180, 0 ],
			"translation":  [ 0, -1.391, -2.782 ],
			"scale":  [ 0.7, 0.7, 0.7 ]
		},
		"thirdperson_lefthand": {
			"rotation":  [ 53, 180, 0 ],
			"translation":  [ 0, -1.391, -2.782 ],
			"scale":  [ 0.7, 0.7, 0.7 ]
		},
		"firstperson_righthand": {
			"rotation":  [ -14, 180, 0 ],
			"translation":  [ 6.2608, -2.086, 0 ],
			"scale":  [ 0.7, 0.7, 0.7 ]
		},
		"firstperson_lefthand": {
			"rotation":  [ -14, 180, 0 ],
			"translation":  [ 6.2608, -2.086, 0 ],
			"scale":  [ 0.7, 0.7, 0.7 ]
		},
		"gui": {
			"translation":  [ 0, -6.26, 0 ]
		},
		"head": {
			"rotation":  [ 0, 180, 0 ],
			"translation":  [ 0, -6.261, 0 ],
			"scale":  [ 1.5, 1.5, 1.8 ]
		},
		"ground": {
			"translation":  [ 0, 11.13, 0 ]
		},
		"fixed": {
			"rotation":  [ 0, 180, 0 ],
			"translation":  [ 0, -8.347, -5.565 ],
			"scale":  [ 1.5, 1.5, 1.8 ]
		}
	}
}