{
	"__comment": "Designed by Zeibo with Cubik Studio - https://cubik.studio",
	"textures": {
		"particle": "blocks/e_particle",
		"texture": "mobs/helllord/helllord_head_skin",
		"texture1": "mobs/helllord/helllord_eye",
		"texture2": "mobs/helllord/helllord_mouth",
		"texture3": "mobs/helllord/helllord_clo",
		"texture4": "elements/fire_core",
		"texture5": "mobs/helllord/swing"
	},
	"elements": [ 	 
		{
			"__comment": "Box1",
			"from": [ -5.5, 2, -1.5 ],
			"to": [ -0.5, 4, 0.5 ],
			"rotation": { "origin": [ -5.5, 4, -1.5 ], "axis": "z", "angle": 22.5 },
			"faces": {
				"down": { "uv": [ 0, 0, 5.5, 2.5 ], "texture": "#texture", "rotation": 270 },
				"up": { "uv": [ 0, 0, 5.5, 2.5 ], "texture": "#texture", "rotation": 90 },
				"north": { "uv": [ 0, 0, 5.5, 2.5 ], "texture": "#texture", "rotation": 180 },
				"south": { "uv": [ 0, 0, 5.5, 2.5 ], "texture": "#texture", "rotation": 180 },
				"west": { "uv": [ 5.5, 2.5, 0, 0 ], "texture": "#texture" },
				"east": { "uv": [ 5.5, 2.5, 0, 0 ], "texture": "#texture" }
			}
		},
		{
			"__comment": "Box1",
			"from": [ -5.5, -1.75, -1.25 ],
			"to": [ -3.5, 3.25, 0.75 ],
			"rotation": { "origin": [ -3.5, 3.25, -1.25 ], "axis": "z", "angle": -22.5 },
			"faces": {
				"down": { "uv": [ 5.5, 2.5, 0, 0 ], "texture": "#texture", "rotation": 90 },
				"up": { "uv": [ 0, 0, 5.5, 2.5 ], "texture": "#texture", "rotation": 270 },
				"north": { "uv": [ 0, 0, 5.5, 2.5 ], "texture": "#texture", "rotation": 90 },
				"south": { "uv": [ 0, 0, 5.5, 2.5 ], "texture": "#texture", "rotation": 270 },
				"west": { "uv": [ 0, 0, 5.5, 2.5 ], "texture": "#texture" },
				"east": { "uv": [ 5.5, 2.5, 0, 0 ], "texture": "#texture" }
			}
		},
		{
			"__comment": "Box1",
			"from": [ 0.5, 5.5, -1.5 ],
			"to": [ 5.5, 7.5, 0.5 ],
			"faces": {
				"down": { "uv": [ 0, 0, 5.5, 2.5 ], "texture": "#texture", "rotation": 270 },
				"up": { "uv": [ 0, 0, 5.5, 2.5 ], "texture": "#texture", "rotation": 90 },
				"north": { "uv": [ 0, 0, 5.5, 2.5 ], "texture": "#texture", "rotation": 180 },
				"south": { "uv": [ 0, 0, 5.5, 2.5 ], "texture": "#texture", "rotation": 180 },
				"west": { "uv": [ 5.5, 2.5, 0, 0 ], "texture": "#texture" },
				"east": { "uv": [ 5.5, 2.5, 0, 0 ], "texture": "#texture" }
			}
		},
		{
			"__comment": "Box1",
			"from": [ -7, 6.5, -0.625 ],
			"to": [ 1, 7, -0.125 ],
			"faces": {
				"down": { "uv": [ 0, 0, 5.5, 2.5 ], "texture": "#texture", "rotation": 270 },
				"up": { "uv": [ 0, 0, 5.5, 2.5 ], "texture": "#texture", "rotation": 90 },
				"north": { "uv": [ 0, 0, 5.5, 2.5 ], "texture": "#texture", "rotation": 180 },
				"south": { "uv": [ 0, 0, 5.5, 2.5 ], "texture": "#texture", "rotation": 180 },
				"west": { "uv": [ 5.5, 2.5, 0, 0 ], "texture": "#texture" },
				"east": { "uv": [ 5.5, 2.5, 0, 0 ], "texture": "#texture" }
			}
		},
		{
			"__comment": "Box1",
			"from": [ -7.5, -7, -1.5 ],
			"to": [ -5.5, 0.5, 0.5 ],
			"rotation": { "origin": [ -5.5, 0.5, -1.5 ], "axis": "z", "angle": 45 },
			"faces": {
				"down": { "uv": [ 5.5, 2.5, 0, 0 ], "texture": "#texture", "rotation": 90 },
				"up": { "uv": [ 0, 0, 5.5, 2.5 ], "texture": "#texture", "rotation": 270 },
				"north": { "uv": [ 0, 0, 5.5, 2.5 ], "texture": "#texture", "rotation": 90 },
				"south": { "uv": [ 0, 0, 5.5, 2.5 ], "texture": "#texture", "rotation": 270 },
				"west": { "uv": [ 0, 0, 5.5, 2.5 ], "texture": "#texture" },
				"east": { "uv": [ 5.5, 2.5, 0, 0 ], "texture": "#texture" }
			}
		},
		{
			"__comment": "Box1",
			"from": [ -1.766, -12.2863, -0.875 ],
			"to": [ -0.7659998, -4.2863, 0.125 ],
			"rotation": { "origin": [ 0.25, -4.5, -0.875 ], "axis": "z", "angle": 22.5 },
			"faces": {
				"down": { "uv": [ 0, 0, 5.5, 2.5 ], "texture": "#texture", "rotation": 270 },
				"up": { "uv": [ 5.5, 2.5, 0, 0 ], "texture": "#texture", "rotation": 90 },
				"north": { "uv": [ 0, 0, 5.5, 2.5 ], "texture": "#texture", "rotation": 90 },
				"south": { "uv": [ 0, 0, 5.5, 2.5 ], "texture": "#texture", "rotation": 270 },
				"west": { "uv": [ 5.5, 2.5, 0, 0 ], "texture": "#texture", "rotation": 180 },
				"east": { "uv": [ 0, 0, 5.5, 2.5 ], "texture": "#texture", "rotation": 180 }
			}
		},
		{
			"__comment": "Box1",
			"from": [ -9.5, 4.5, -0.625 ],
			"to": [ -1.5, 5, -0.125 ],
			"faces": {
				"down": { "uv": [ 0, 0, 5.5, 2.5 ], "texture": "#texture", "rotation": 270 },
				"up": { "uv": [ 0, 0, 5.5, 2.5 ], "texture": "#texture", "rotation": 90 },
				"north": { "uv": [ 0, 0, 5.5, 2.5 ], "texture": "#texture", "rotation": 180 },
				"south": { "uv": [ 0, 0, 5.5, 2.5 ], "texture": "#texture", "rotation": 180 },
				"west": { "uv": [ 5.5, 2.5, 0, 0 ], "texture": "#texture" },
				"east": { "uv": [ 5.5, 2.5, 0, 0 ], "texture": "#texture" }
			}
		},
		{
			"__comment": "Box1",
			"from": [ -13.5, 1, -0.625 ],
			"to": [ -5.5, 1.5, -0.125 ],
			"faces": {
				"down": { "uv": [ 0, 0, 5.5, 2.5 ], "texture": "#texture", "rotation": 270 },
				"up": { "uv": [ 0, 0, 5.5, 2.5 ], "texture": "#texture", "rotation": 90 },
				"north": { "uv": [ 0, 0, 5.5, 2.5 ], "texture": "#texture", "rotation": 180 },
				"south": { "uv": [ 0, 0, 5.5, 2.5 ], "texture": "#texture", "rotation": 180 },
				"west": { "uv": [ 5.5, 2.5, 0, 0 ], "texture": "#texture" },
				"east": { "uv": [ 5.5, 2.5, 0, 0 ], "texture": "#texture" }
			}
		},
		{
			"__comment": "Box1",
			"from": [ -11.5, -3, -0.625 ],
			"to": [ -3.5, -2.5, -0.125 ],
			"faces": {
				"down": { "uv": [ 0, 0, 5.5, 2.5 ], "texture": "#texture", "rotation": 270 },
				"up": { "uv": [ 0, 0, 5.5, 2.5 ], "texture": "#texture", "rotation": 90 },
				"north": { "uv": [ 0, 0, 5.5, 2.5 ], "texture": "#texture", "rotation": 180 },
				"south": { "uv": [ 0, 0, 5.5, 2.5 ], "texture": "#texture", "rotation": 180 },
				"west": { "uv": [ 5.5, 2.5, 0, 0 ], "texture": "#texture" },
				"east": { "uv": [ 5.5, 2.5, 0, 0 ], "texture": "#texture" }
			}
		},
		{
			"__comment": "Box1",
			"from": [ -10, -5, -0.625 ],
			"to": [ -2, -4.5, -0.125 ],
			"faces": {
				"down": { "uv": [ 0, 0, 5.5, 2.5 ], "texture": "#texture", "rotation": 270 },
				"up": { "uv": [ 0, 0, 5.5, 2.5 ], "texture": "#texture", "rotation": 90 },
				"north": { "uv": [ 0, 0, 5.5, 2.5 ], "texture": "#texture", "rotation": 180 },
				"south": { "uv": [ 0, 0, 5.5, 2.5 ], "texture": "#texture", "rotation": 180 },
				"west": { "uv": [ 5.5, 2.5, 0, 0 ], "texture": "#texture" },
				"east": { "uv": [ 5.5, 2.5, 0, 0 ], "texture": "#texture" }
			}
		},
		{
			"__comment": "PlaneZ67",
			"from": [ -3.5, -5.5, -1 ],
			"to": [ 8, 5.5, -0.999 ],
			"faces": {
				"north": { "uv": [ 0, 0, 16, 16 ], "texture": "#texture4" },
				"south": { "uv": [ 0, 0, 16, 16 ], "texture": "#texture4" }
			}
		},
		{
			"__comment": "PlaneZ67",
			"from": [ -3.5, -5.5, -0.125 ],
			"to": [ 8, 5.5, -0.124 ],
			"faces": {
				"north": { "uv": [ 0, 0, 16, 16 ], "texture": "#texture4" },
				"south": { "uv": [ 0, 0, 16, 16 ], "texture": "#texture4" }
			}
		},
		{
			"__comment": "Box1",
			"from": [ 16, 2, -1.5 ],
			"to": [ 21, 4, 0.5 ],
			"rotation": { "origin": [ 21, 4.000001, 0.5000057 ], "axis": "z", "angle": -22.5 },
			"faces": {
				"down": { "uv": [ 5.5, 2.5, 0, 0 ], "texture": "#texture", "rotation": 270 },
				"up": { "uv": [ 5.5, 2.5, 0, 0 ], "texture": "#texture", "rotation": 90 },
				"north": { "uv": [ 5.5, 2.5, 0, 0 ], "texture": "#texture" },
				"south": { "uv": [ 5.5, 2.5, 0, 0 ], "texture": "#texture" },
				"west": { "uv": [ 5.5, 2.5, 0, 0 ], "texture": "#texture" },
				"east": { "uv": [ 5.5, 2.5, 0, 0 ], "texture": "#texture" }
			}
		},
		{
			"__comment": "Box1",
			"from": [ 19, -2, -1.5 ],
			"to": [ 21, 3, 0.5 ],
			"rotation": { "origin": [ 19, 3, 0.5 ], "axis": "z", "angle": 22.5 },
			"faces": {
				"down": { "uv": [ 0, 0, 5.5, 2.5 ], "texture": "#texture", "rotation": 90 },
				"up": { "uv": [ 5.5, 2.5, 0, 0 ], "texture": "#texture", "rotation": 270 },
				"north": { "uv": [ 5.5, 2.5, 0, 0 ], "texture": "#texture", "rotation": 90 },
				"south": { "uv": [ 5.5, 2.5, 0, 0 ], "texture": "#texture", "rotation": 270 },
				"west": { "uv": [ 5.5, 2.5, 0, 0 ], "texture": "#texture" },
				"east": { "uv": [ 0, 0, 5.5, 2.5 ], "texture": "#texture" }
			}
		},
		{
			"__comment": "Box1",
			"from": [ 10, 5.5, -1.5 ],
			"to": [ 15, 7.5, 0.5 ],
			"faces": {
				"down": { "uv": [ 5.5, 2.5, 0, 0 ], "texture": "#texture", "rotation": 270 },
				"up": { "uv": [ 5.5, 2.5, 0, 0 ], "texture": "#texture", "rotation": 90 },
				"north": { "uv": [ 5.5, 2.5, 0, 0 ], "texture": "#texture" },
				"south": { "uv": [ 5.5, 2.5, 0, 0 ], "texture": "#texture" },
				"west": { "uv": [ 5.5, 2.5, 0, 0 ], "texture": "#texture" },
				"east": { "uv": [ 5.5, 2.5, 0, 0 ], "texture": "#texture" }
			}
		},
		{
			"__comment": "Box1",
			"from": [ 14.5, 6.5, -0.875 ],
			"to": [ 22.5, 7, -0.375 ],
			"faces": {
				"down": { "uv": [ 5.5, 2.5, 0, 0 ], "texture": "#texture", "rotation": 270 },
				"up": { "uv": [ 5.5, 2.5, 0, 0 ], "texture": "#texture", "rotation": 90 },
				"north": { "uv": [ 5.5, 2.5, 0, 0 ], "texture": "#texture" },
				"south": { "uv": [ 5.5, 2.5, 0, 0 ], "texture": "#texture" },
				"west": { "uv": [ 5.5, 2.5, 0, 0 ], "texture": "#texture" },
				"east": { "uv": [ 5.5, 2.5, 0, 0 ], "texture": "#texture" }
			}
		},
		{
			"__comment": "Box1",
			"from": [ 21, -7, -1.5 ],
			"to": [ 23, 0.5, 0.5 ],
			"rotation": { "origin": [ 21.00001, 0.5000048, 0.5000057 ], "axis": "z", "angle": -45 },
			"faces": {
				"down": { "uv": [ 0, 0, 5.5, 2.5 ], "texture": "#texture", "rotation": 90 },
				"up": { "uv": [ 5.5, 2.5, 0, 0 ], "texture": "#texture", "rotation": 270 },
				"north": { "uv": [ 5.5, 2.5, 0, 0 ], "texture": "#texture", "rotation": 90 },
				"south": { "uv": [ 5.5, 2.5, 0, 0 ], "texture": "#texture", "rotation": 270 },
				"west": { "uv": [ 5.5, 2.5, 0, 0 ], "texture": "#texture" },
				"east": { "uv": [ 0, 0, 5.5, 2.5 ], "texture": "#texture" }
			}
		},
		{
			"__comment": "Box1",
			"from": [ 16.2661, -12.2862, -1.125 ],
			"to": [ 17.2661, -4.2862, -0.125 ],
			"rotation": { "origin": [ 15.25001, -4.499994, -0.1249943 ], "axis": "z", "angle": -22.5 },
			"faces": {
				"down": { "uv": [ 5.5, 2.5, 0, 0 ], "texture": "#texture", "rotation": 270 },
				"up": { "uv": [ 0, 0, 5.5, 2.5 ], "texture": "#texture", "rotation": 90 },
				"north": { "uv": [ 5.5, 2.5, 0, 0 ], "texture": "#texture", "rotation": 90 },
				"south": { "uv": [ 5.5, 2.5, 0, 0 ], "texture": "#texture", "rotation": 270 },
				"west": { "uv": [ 0, 0, 5.5, 2.5 ], "texture": "#texture", "rotation": 180 },
				"east": { "uv": [ 5.5, 2.5, 0, 0 ], "texture": "#texture", "rotation": 180 }
			}
		},
		{
			"__comment": "Box1",
			"from": [ 17, 4.5, -0.875 ],
			"to": [ 25, 5, -0.375 ],
			"faces": {
				"down": { "uv": [ 5.5, 2.5, 0, 0 ], "texture": "#texture", "rotation": 270 },
				"up": { "uv": [ 5.5, 2.5, 0, 0 ], "texture": "#texture", "rotation": 90 },
				"north": { "uv": [ 5.5, 2.5, 0, 0 ], "texture": "#texture" },
				"south": { "uv": [ 5.5, 2.5, 0, 0 ], "texture": "#texture" },
				"west": { "uv": [ 5.5, 2.5, 0, 0 ], "texture": "#texture" },
				"east": { "uv": [ 5.5, 2.5, 0, 0 ], "texture": "#texture" }
			}
		},
		{
			"__comment": "Box1",
			"from": [ 21, 1, -0.875 ],
			"to": [ 29, 1.5, -0.375 ],
			"faces": {
				"down": { "uv": [ 5.5, 2.5, 0, 0 ], "texture": "#texture", "rotation": 270 },
				"up": { "uv": [ 5.5, 2.5, 0, 0 ], "texture": "#texture", "rotation": 90 },
				"north": { "uv": [ 5.5, 2.5, 0, 0 ], "texture": "#texture" },
				"south": { "uv": [ 5.5, 2.5, 0, 0 ], "texture": "#texture" },
				"west": { "uv": [ 5.5, 2.5, 0, 0 ], "texture": "#texture" },
				"east": { "uv": [ 5.5, 2.5, 0, 0 ], "texture": "#texture" }
			}
		},
		{
			"__comment": "Box1",
			"from": [ 19, -3, -0.875 ],
			"to": [ 27, -2.5, -0.375 ],
			"faces": {
				"down": { "uv": [ 5.5, 2.5, 0, 0 ], "texture": "#texture", "rotation": 270 },
				"up": { "uv": [ 5.5, 2.5, 0, 0 ], "texture": "#texture", "rotation": 90 },
				"north": { "uv": [ 5.5, 2.5, 0, 0 ], "texture": "#texture" },
				"south": { "uv": [ 5.5, 2.5, 0, 0 ], "texture": "#texture" },
				"west": { "uv": [ 5.5, 2.5, 0, 0 ], "texture": "#texture" },
				"east": { "uv": [ 5.5, 2.5, 0, 0 ], "texture": "#texture" }
			}
		},
		{
			"__comment": "Box1",
			"from": [ 17.5, -5, -0.875 ],
			"to": [ 25.5, -4.5, -0.375 ],
			"faces": {
				"down": { "uv": [ 5.5, 2.5, 0, 0 ], "texture": "#texture", "rotation": 270 },
				"up": { "uv": [ 5.5, 2.5, 0, 0 ], "texture": "#texture", "rotation": 90 },
				"north": { "uv": [ 5.5, 2.5, 0, 0 ], "texture": "#texture" },
				"south": { "uv": [ 5.5, 2.5, 0, 0 ], "texture": "#texture" },
				"west": { "uv": [ 5.5, 2.5, 0, 0 ], "texture": "#texture" },
				"east": { "uv": [ 5.5, 2.5, 0, 0 ], "texture": "#texture" }
			}
		},
		{
			"__comment": "PlaneZ67",
			"from": [ 7.5, -5.5, -0.0009999999 ],
			"to": [ 19, 5.5, 1.164153E-10 ],
			"faces": {
				"north": { "uv": [ 16, 16, 0, 0 ], "texture": "#texture4", "rotation": 180 },
				"south": { "uv": [ 16, 16, 0, 0 ], "texture": "#texture4", "rotation": 180 }
			}
		},
		{
			"__comment": "PlaneZ67",
			"from": [ 7.5, -5.5, -0.876 ],
			"to": [ 19, 5.5, -0.875 ],
			"faces": {
				"north": { "uv": [ 16, 16, 0, 0 ], "texture": "#texture4", "rotation": 180 },
				"south": { "uv": [ 16, 16, 0, 0 ], "texture": "#texture4", "rotation": 180 }
			}
		}
	],
	"display": {
		"thirdperson_righthand": {
			"rotation":  [ 101, 0, 0 ],
			"translation":  [ -6.3, -20.15, 17.39 ],
			"scale":  [ 1.3, 1.5, 0.9 ]
		},
		"thirdperson_lefthand": {
			"rotation":  [ 101, 0, 0 ],
			"translation":  [ -6.3, -20.15, 17.39 ],
			"scale":  [ 1.3, 1.5, 0.9 ]
		},
		"firstperson_righthand": {
			"scale":  [ 0.0001, 0.0001, 0.0001 ]
		},
		"firstperson_lefthand": {
			"scale":  [ 0.0001, 0.0001, 0.0001 ]
		},
		"gui": {
			"rotation":  [ 30, 146, 0 ],
			"translation":  [ 2.7826, 8.3478, 12.521 ],
			"scale":  [ 0.8, 0.8695, 0.625 ]
		},
		"head": {
			"rotation":  [ 0, 180, 0 ],
			"translation":  [ 0, 22.956, 0 ],
			"scale":  [ 0.0001, 0.0001, 0.0001 ]
		},
		"ground": {
			"translation":  [ -2.781, 28.521, 9.0429 ],
			"scale":  [ 1.5, 1.5, 1 ]
		},
		"fixed": {
			"translation":  [ 0, 22.26, 7.6521 ],
			"scale":  [ 2, 2.5, 1.2 ]
		}
	}
}