{
	"__comment": "Designed by Zeibo with Cubik Studio - https://cubik.studio",
	"textures": {
		"texture": "etarmors/fire"
	},
	"elements": [ 	 
		{
			"__comment": "Box8",
			"from": [ 0, 0, 0 ],
			"to": [ 16, 16, 16 ],
			"faces": {
				"north": { "uv": [ 0, 0, 8, 4 ], "texture": "#texture" },
				"south": { "uv": [ 0, 0, 8, 4 ], "texture": "#texture" },
				"west": { "uv": [ 0, 0, 8, 4 ], "texture": "#texture" },
				"east": { "uv": [ 0, 0, 8, 4 ], "texture": "#texture" }
			}
		},
		{
			"__comment": "Box8",
			"from": [ -0.875, -1.125, -1 ],
			"to": [ 17.125, 16.875, 17 ],
			"faces": {
				"north": { "uv": [ 8, 0, 16, 4 ], "texture": "#texture" },
				"south": { "uv": [ 8, 0, 16, 4 ], "texture": "#texture" },
				"west": { "uv": [ 8, 0, 16, 4 ], "texture": "#texture" },
				"east": { "uv": [ 8, 0, 16, 4 ], "texture": "#texture" }
			}
		}
	],
	"display": {
		"gui": {
			"translation":  [ 0, 4.1747, 0 ]
		},
		"head": {
			"translation":  [ 0, -1.391, 0 ],
			"scale":  [ 0.9, 0.9, 0.9 ]
		}
	}
}