{
"__comment": "Designed by S9855027 with BDcraft Cubik PRO 0.96 Beta - http://bdcraft.net",
"textures": {
    "head_d": "mobs/Succubus_head_d",
    "head_n": "mobs/Succubus_head_n",
    "head_s": "mobs/Succubus_head_s",
    "head_w": "mobs/Succubus_head_w",
    "head_e": "mobs/Succubus_head_e",
    "hat01": "mobs/Succubus_hat01",
    "hat02_side": "mobs/Succubus_hat02_side",
    "hat02": "mobs/Succubus_hat02",
    "body_n": "mobs/Succubus_body_n",
    "body_s": "mobs/Succubus_body_s",
    "chest": "mobs/Succubus_chest",
    "hand": "mobs/Succubus_hand",
    "deck": "mobs/Succubus_deck",
    "leg": "mobs/Succubus_leg",
    "hair": "mobs/Succubus_hair",
    "hair02": "mobs/Succubus_hair02"
},
"elements": [ 
{
    "__comment": "Head",
    "from": [ 6.5, 15.5, 6.48 ],
    "to": [ 10.5, 20, 10.48 ],
    "faces": {
        "down":  { "uv": [ 0, 0, 16, 16 ], "texture": "#head_d" },
        "north": { "uv": [ 5.5, 1, 9.5, 5.5 ], "texture": "#head_n" },
        "south": { "uv": [ 0, 0, 16, 16 ], "texture": "#head_s" },
        "west":  { "uv": [ 6.5, 1, 10.5, 5.5 ], "texture": "#head_w" },
        "east":  { "uv": [ 5.5, 1, 9.5, 5.5 ], "texture": "#head_e" }
    }
},
{
    "__comment": "Hat01",
    "from": [ 5.5, 19.5, 5.48 ],
    "to": [ 11.5, 20, 11.48 ],
    "faces": {
        "down":  { "uv": [ 0, 0, 16, 16 ], "texture": "#hat01" },
        "up":    { "uv": [ 0, 0, 16, 16 ], "texture": "#hat01" },
        "north": { "uv": [ 4.5, 1, 10.5, 1.5 ], "texture": "#hat01" },
        "south": { "uv": [ 5.5, 1, 11.5, 1.5 ], "texture": "#hat01" },
        "west":  { "uv": [ 5.5, 1, 11.5, 1.5 ], "texture": "#hat01" },
        "east":  { "uv": [ 4.5, 1, 10.5, 1.5 ], "texture": "#hat01" }
    }
},
{
    "__comment": "Hat02",
    "from": [ 6.5, 20, 5.98 ],
    "to": [ 10.5, 22, 10.98 ],
    "faces": {
        "up":    { "uv": [ 0, 0, 16, 16 ], "texture": "#hat01" },
        "north": { "uv": [ 0, 1, 16, 16 ], "texture": "#hat02_side" },
        "south": { "uv": [ 0, 1, 16, 16 ], "texture": "#hat02" },
        "west":  { "uv": [ 0, 1, 16, 16 ], "texture": "#hat02_side" },
        "east":  { "uv": [ 0, 1, 16, 16 ], "texture": "#hat02_side" }
    }
},
{
    "__comment": "Hat03",
    "from": [ 7, 19, 6 ],
    "to": [ 10, 23, 9.5 ],
    "rotation": { "origin": [ 7, 23, 6 ], "axis": "x", "angle": -22.5 },
    "faces": {
        "up":    { "uv": [ 0, 0, 16, 16 ], "texture": "#hat01" },
        "north": { "uv": [ 0, 1, 16, 16 ], "rotation": 180, "texture": "#hat01" },
        "south": { "uv": [ 0, 1, 16, 16 ], "texture": "#hat01" },
        "west":  { "uv": [ 0, 1, 16, 16 ], "texture": "#hat01" },
        "east":  { "uv": [ 0, 1, 16, 16 ], "texture": "#hat01" }
    }
},
{
    "__comment": "Hat04",
    "from": [ 8, 20, 6.9375 ],
    "to": [ 9, 24.5, 8.4375 ],
    "rotation": { "origin": [ 8, 24.5, 6.9375 ], "axis": "x", "angle": 45 },
    "faces": {
        "down":  { "uv": [ 0, 0, 16, 16 ], "texture": "#hat01" },
        "up":    { "uv": [ 0, 0, 16, 16 ], "texture": "#hat01" },
        "north": { "uv": [ 0, 0, 16, 16 ], "texture": "#hat01" },
        "south": { "uv": [ 0, 0, 16, 16 ], "texture": "#hat01" },
        "west":  { "uv": [ 0, 0, 16, 16 ], "texture": "#hat01" },
        "east":  { "uv": [ 0, 0, 16, 16 ], "texture": "#hat01" }
    }
},
{
    "__comment": "Hat05",
    "from": [ 7.5, 22.5, 6.6875 ],
    "to": [ 9.5, 24.5, 9.1875 ],
    "faces": {
        "down":  { "uv": [ 0, 0, 16, 16 ], "texture": "#hat01" },
        "up":    { "uv": [ 0, 0, 16, 16 ], "texture": "#hat01" },
        "north": { "uv": [ 0, 0, 16, 16 ], "texture": "#hat01" },
        "south": { "uv": [ 0, 0, 16, 16 ], "texture": "#hat01" },
        "west":  { "uv": [ 0, 0, 16, 16 ], "texture": "#hat01" },
        "east":  { "uv": [ 0, 0, 16, 16 ], "texture": "#hat01" }
    }
},
{
    "__comment": "Neck",
    "from": [ 7.75, 14.5, 7.5 ],
    "to": [ 9.25, 15.5, 9.5 ],
    "faces": {
        "down":  { "uv": [ 8.25, 9.5, 6.75, 7.5 ], "texture": "#head_s" },
        "up":    { "uv": [ 7.75, 7.5, 9.25, 9.5 ], "texture": "#head_s" },
        "north": { "uv": [ 6.75, 0.5, 8.25, 1.5 ], "texture": "#head_s" },
        "south": { "uv": [ 7.75, 0.5, 9.25, 1.5 ], "texture": "#head_s" },
        "west":  { "uv": [ 7.5, 0.5, 9.5, 1.5 ], "texture": "#head_s" },
        "east":  { "uv": [ 6.5, 0.5, 8.5, 1.5 ], "texture": "#head_s" }
    }
},
{
    "__comment": "Body",
    "from": [ 6.5, 7.5, 7 ],
    "to": [ 10.5, 15, 10 ],
    "faces": {
        "down":  { "uv": [ 9.5, 10.5, 5.5, 6.5625 ], "texture": "#head_s" },
        "up":    { "uv": [ 6.5, 6.5, 10.5, 10.4375 ], "texture": "#head_s" },
        "north": { "uv": [ 8, 16, 0, 0 ], "rotation": 180, "texture": "#body_n" },
        "south": { "uv": [ 0, 0, 8, 16 ], "texture": "#body_s" },
        "west":  { "uv": [ 16, 0, 8, 16 ], "texture": "#body_s" },
        "east":  { "uv": [ 8, 0, 16, 16 ], "texture": "#body_s" }
    }
},
{
    "__comment": "Chest",
    "from": [ 6.75, 11.1875, 8.5 ],
    "to": [ 10.25, 13.1875, 10.5 ],
    "rotation": { "origin": [ 6.75, 13.1875, 8.5 ], "axis": "x", "angle": -45 },
    "faces": {
        "down":  { "uv": [ 2, 5, 6, 7.5 ], "texture": "#body_s" },
        "up":    { "uv": [ 0, 0, 16, 16 ], "texture": "#body_s" },
        "north": { "uv": [ 0, 0, 16, 16 ], "texture": "#body_s" },
        "south": { "uv": [ 0.5, 0, 7.5, 5.5 ], "texture": "#body_s" },
        "west":  { "uv": [ 16, 0, 0, 16 ], "texture": "#chest" },
        "east":  { "uv": [ 0, 0, 16, 16 ], "texture": "#chest" }
    }
},
{
    "__comment": "R_Hand",
    "from": [ 5.4375, 13.5, 8 ],
    "to": [ 6.4375, 15, 16.5 ],
    "rotation": { "origin": [ 5.4375, 15, 8 ], "axis": "x", "angle": 22.5 },
    "faces": {
        "down":  { "uv": [ 12, 0, 16, 16 ], "rotation": 180, "texture": "#hand" },
        "up":    { "uv": [ 12, 0, 16, 16 ], "texture": "#hand" },
        "north": { "uv": [ 0, 13, 4, 16 ], "texture": "#hand" },
        "south": { "uv": [ 0, 13, 4, 16 ], "texture": "#hand" },
        "west":  { "uv": [ 8, 0, 12, 16 ], "rotation": 270, "texture": "#hand" },
        "east":  { "uv": [ 0, 0, 4, 16 ], "rotation": 90, "texture": "#hand" }
    }
},
{
    "__comment": "L_Hand",
    "from": [ 10, 6, 7.5 ],
    "to": [ 11, 14.5, 9 ],
    "rotation": { "origin": [ 10, 14.5, 7.5 ], "axis": "z", "angle": 22.5 },
    "faces": {
        "down":  { "uv": [ 1.5, 16, 0, 15 ], "texture": "#hand" },
        "up":    { "uv": [ 0, 15, 1.5, 16 ], "texture": "#hand" },
        "north": { "uv": [ 12, 0, 16, 16 ], "texture": "#hand" },
        "south": { "uv": [ 4, 0, 8, 16 ], "texture": "#hand" },
        "west":  { "uv": [ 0, 0, 4, 16 ], "texture": "#hand" },
        "east":  { "uv": [ 8, 0, 12, 16 ], "texture": "#hand" }
    }
},
{
    "from": [ 3.5, 12.8125, 8.125 ],
    "to": [ 5.5, 14.3125, 8.1875 ],
    "rotation": { "origin": [ 3.5, 14.3125, 8.125 ], "axis": "x", "angle": -45 },
    "faces": {
        "north": { "uv": [ 0, 0, 4, 5 ], "rotation": 90, "texture": "#deck" },
        "south": { "uv": [ 4, 0, 0, 5 ], "rotation": 270, "texture": "#deck" }
    }
},
{
    "from": [ 12, 13.5, 8 ],
    "to": [ 13.5, 15.5, 8.0625 ],
    "rotation": { "origin": [ 12, 15.5, 8 ], "axis": "z", "angle": -45 },
    "faces": {
        "north": { "uv": [ 4, 0, 0, 5 ], "texture": "#deck" },
        "south": { "uv": [ 0, 0, 4, 5 ], "texture": "#deck" }
    }
},
{
    "__comment": "R_Leg",
    "from": [ 6.85, -0.5, 7.5 ],
    "to": [ 8.35, 7.5, 9 ],
    "faces": {
        "down":  { "uv": [ 9, 9, 7.5, 7.5 ], "texture": "#head_d" },
        "up":    { "uv": [ 7, 7.5, 8.5, 9 ], "texture": "#head_d" },
        "north": { "uv": [ 0, 0, 4, 16 ], "texture": "#leg" },
        "south": { "uv": [ 0, 0, 4, 16 ], "texture": "#leg" },
        "west":  { "uv": [ 0, 0, 4, 16 ], "texture": "#leg" },
        "east":  { "uv": [ 0, 0, 4, 16 ], "texture": "#leg" }
    }
},
{
    "__comment": "L_Leg",
    "from": [ 8.65, -0.5, 7.5 ],
    "to": [ 10.15, 7.5, 9 ],
    "faces": {
        "down":  { "uv": [ 9, 9, 7.5, 7.5 ], "texture": "#head_d" },
        "up":    { "uv": [ 7, 7.5, 8.5, 9 ], "texture": "#head_d" },
        "north": { "uv": [ 0, 0, 4, 16 ], "texture": "#leg" },
        "south": { "uv": [ 0, 0, 4, 16 ], "texture": "#leg" },
        "west":  { "uv": [ 0, 0, 4, 16 ], "texture": "#leg" },
        "east":  { "uv": [ 0, 0, 4, 16 ], "texture": "#leg" }
    }
},
{
    "__comment": "Skirt01",
    "from": [ 6, 7, 6.5 ],
    "to": [ 11, 8, 10.5 ],
    "faces": {
        "up":    { "uv": [ 1.5, 12.5, 6.5, 16 ], "texture": "#body_s" },
        "north": { "uv": [ 1.5, 12.5, 6.5, 14 ], "texture": "#body_s" },
        "south": { "uv": [ 1.5, 12.5, 6.5, 14 ], "texture": "#body_s" },
        "west":  { "uv": [ 2, 12.5, 6, 14 ], "texture": "#body_s" },
        "east":  { "uv": [ 2, 12.5, 6, 14 ], "texture": "#body_s" }
    }
},
{
    "__comment": "Skirt02",
    "from": [ 5.5, 5.5, 6 ],
    "to": [ 11.5, 7, 11 ],
    "faces": {
        "up":    { "uv": [ 1.5, 12.5, 6.5, 16 ], "texture": "#body_s" },
        "north": { "uv": [ 1.5, 12.5, 6.5, 14 ], "texture": "#body_s" },
        "south": { "uv": [ 1.5, 12.5, 6.5, 14 ], "texture": "#body_s" },
        "west":  { "uv": [ 2, 12.5, 6, 14 ], "texture": "#body_s" },
        "east":  { "uv": [ 2, 12.5, 6, 14 ], "texture": "#body_s" }
    }
},
{
    "__comment": "Skirt03",
    "from": [ 5, 1.5, 5.5 ],
    "to": [ 12, 5.5, 11.5 ],
    "faces": {
        "up":    { "uv": [ 1.5, 12.5, 6.5, 16 ], "texture": "#body_s" },
        "north": { "uv": [ 1.5, 12.5, 6.5, 14 ], "texture": "#body_s" },
        "south": { "uv": [ 1.5, 12.5, 6.5, 14 ], "texture": "#body_s" },
        "west":  { "uv": [ 2, 12.5, 6, 14 ], "texture": "#body_s" },
        "east":  { "uv": [ 2, 12.5, 6, 14 ], "texture": "#body_s" }
    }
},
{
    "__comment": "Hair01",
    "from": [ 6.5, 17, 10.5 ],
    "to": [ 10.5, 20, 10.75 ],
    "faces": {
        "south": { "uv": [ 1, 0, 15, 10 ], "texture": "#hair" },
        "west":  { "uv": [ 15, 0, 16, 10 ], "texture": "#hair" },
        "east":  { "uv": [ 0, 0, 1, 10 ], "texture": "#hair" }
    }
},
{
    "__comment": "hair02",
    "from": [ 6, 14, 6.0125 ],
    "to": [ 6.5, 19.5, 10.5125 ],
    "faces": {
        "north": { "uv": [ 0, 0, 1, 16 ], "texture": "#hair02" },
        "south": { "uv": [ 0, 0, 1, 16 ], "texture": "#hair02" },
        "west":  { "uv": [ 0, 0, 16, 16 ], "texture": "#hair02" }
    }
},
{
    "__comment": "hair03",
    "from": [ 10.5, 14, 6.0125 ],
    "to": [ 11, 19.5, 10.5125 ],
    "faces": {
        "north": { "uv": [ 0, 0, 1, 16 ], "texture": "#hair02" },
        "south": { "uv": [ 0, 0, 1, 16 ], "texture": "#hair02" },
        "east":  { "uv": [ 0, 0, 16, 16 ], "texture": "#hair02" }
    }
},
{
    "__comment": "hair04",
    "from": [ 6, 14.5, 6 ],
    "to": [ 11, 19.5, 6.5 ],
    "faces": {
        "down":  { "uv": [ 0, 0, 16, 1 ], "texture": "#hair02" },
        "north": { "uv": [ 0, 0, 16, 16 ], "texture": "#hair02" },
        "south": { "uv": [ 0, 0, 16, 16 ], "texture": "#hair02" },
        "west":  { "uv": [ 0, 0, 1, 16 ], "texture": "#hair02" },
        "east":  { "uv": [ 0, 0, 1, 16 ], "texture": "#hair02" }
    }
},
{
    "__comment": "hair05",
    "from": [ 6, 10, 6.5 ],
    "to": [ 11, 15, 7 ],
    "faces": {
        "down":  { "uv": [ 0, 0, 16, 0.5 ], "texture": "#hair02" },
        "north": { "uv": [ 0, 0, 16, 16 ], "texture": "#hair02" },
        "south": { "uv": [ 0, 0, 16, 16 ], "texture": "#hair02" },
        "west":  { "uv": [ 0, 0, 1, 16 ], "texture": "#hair02" },
        "east":  { "uv": [ 0, 0, 1, 16 ], "texture": "#hair02" }
    }
}
],
"display": {
    "thirdperson_righthand": {
        "rotation": [ 8, 180, 1 ],
        "translation": [ -5.67, -10, 10.02 ],
        "scale": [ 1.5, 1.5, 1.5 ]
    },
    "thirdperson_lefthand": {
        "rotation": [ 8, 180, 1 ],
        "translation": [ -5.67, -10, 10.02 ],
        "scale": [ 1.5, 1.5, 1.5 ]
    },
    "head": {
        "rotation": [ 0, 180, 0 ],
        "translation": [ 0, 0, 0 ],
        "scale": [ 1, 1, 1 ]
    },
    "ground": {
        "rotation": [ 0, 0, 0 ],
        "translation": [ 0, 20.79, 0 ],
        "scale": [ 1.8, 1.8, 1.8 ]
    },
    "fixed": {
        "rotation": [ 0, 180, 0 ],
        "translation": [ 0, 0, 0 ],
        "scale": [ 1, 1, 1 ]
    },
    "firstperson_righthand": {
        "rotation": [ 0, 180, 0 ],
        "translation": [ 0, 0, 0 ],
        "scale": [ 1, 1, 1 ]
    },
    "firstperson_lefthand": {
        "rotation": [ 0, 180, 0 ],
        "translation": [ 0, 0, 0 ],
        "scale": [ 1, 1, 1 ]
    },
    "gui": {
        "rotation": [ 0, 0, 0 ],
        "translation": [ -0.19, -1.13, 0 ],
        "scale": [ 0.5, 0.5, 0.5 ]
    }
}
}