{
	"__comment": "Designed by Zeibo with Cubik Studio - https://cubik.studio",
	"textures": {
		"particle": "blocks/e_particle",
		"texture": "blocks/e_texture",
		"wood_sword": "weapons/wood_sword",
		"wood_knife": "weapons/wood_knife"
	},
	"elements": [ 	 
		{
			"__comment": "Box1",
			"from": [ 0, 8, 14 ],
			"to": [ 3.5, 9, 14.5 ],
			"faces": {
				"down": { "uv": [ 0, 14.5, 3.5, 14 ], "texture": "#wood_sword" },
				"up": { "uv": [ 0, 14, 3.5, 14.5 ], "texture": "#wood_sword" },
				"north": { "uv": [ 3.5, 14, 0, 14.5 ], "texture": "#wood_sword" },
				"south": { "uv": [ 0, 14, 3.5, 14.5 ], "texture": "#wood_sword" },
				"west": { "uv": [ 0, 14, 0.5, 14.5 ], "texture": "#wood_sword", "rotation": 270 },
				"east": { "uv": [ 3.5, 14.5, 3, 14 ], "texture": "#wood_sword", "rotation": 270 }
			}
		},
		{
			"__comment": "Box2",
			"from": [ 0, 8, 14.5 ],
			"to": [ 3, 9, 15 ],
			"faces": {
				"down": { "uv": [ 0, 15, 3, 14.5 ], "texture": "#wood_sword" },
				"up": { "uv": [ 0, 14.5, 3, 15 ], "texture": "#wood_sword" },
				"north": { "uv": [ 3, 14.5, 0, 15 ], "texture": "#wood_sword" },
				"south": { "uv": [ 0, 14.5, 3, 15 ], "texture": "#wood_sword" },
				"west": { "uv": [ 0, 14.5, 0.5, 15 ], "texture": "#wood_sword", "rotation": 270 },
				"east": { "uv": [ 3, 15, 2.5, 14.5 ], "texture": "#wood_sword", "rotation": 270 }
			}
		},
		{
			"__comment": "Box3",
			"from": [ 0, 8, 15 ],
			"to": [ 2.5, 9, 15.5 ],
			"faces": {
				"down": { "uv": [ 0, 15.5, 2.5, 15 ], "texture": "#wood_sword" },
				"up": { "uv": [ 0, 15, 2.5, 15.5 ], "texture": "#wood_sword" },
				"north": { "uv": [ 2.5, 15, 0, 15.5 ], "texture": "#wood_sword" },
				"south": { "uv": [ 0, 15, 2.5, 15.5 ], "texture": "#wood_sword" },
				"west": { "uv": [ 0, 15, 0.5, 15.5 ], "texture": "#wood_sword", "rotation": 270 },
				"east": { "uv": [ 2.5, 15.5, 2, 15 ], "texture": "#wood_sword", "rotation": 270 }
			}
		},
		{
			"__comment": "Box4",
			"from": [ 0, 8, 15.5 ],
			"to": [ 2, 9, 16 ],
			"faces": {
				"down": { "uv": [ 0, 16, 2, 15.5 ], "texture": "#wood_sword" },
				"up": { "uv": [ 0, 15.5, 2, 16 ], "texture": "#wood_sword" },
				"north": { "uv": [ 2, 15.5, 0, 16 ], "texture": "#wood_sword" },
				"south": { "uv": [ 0, 15.5, 2, 16 ], "texture": "#wood_sword" },
				"west": { "uv": [ 0, 15.5, 0.5, 16 ], "texture": "#wood_sword", "rotation": 270 },
				"east": { "uv": [ 2, 16, 1.5, 15.5 ], "texture": "#wood_sword", "rotation": 270 }
			}
		},
		{
			"__comment": "Box5",
			"from": [ 0.5, 8, 13.5 ],
			"to": [ 4, 9, 14 ],
			"faces": {
				"down": { "uv": [ 0.5, 14, 4, 13.5 ], "texture": "#wood_sword" },
				"up": { "uv": [ 0.5, 13.5, 4, 14 ], "texture": "#wood_sword" },
				"north": { "uv": [ 4, 13.5, 0.5, 14 ], "texture": "#wood_sword" },
				"south": { "uv": [ 0.5, 13.5, 4, 14 ], "texture": "#wood_sword" },
				"west": { "uv": [ 0.5, 13.5, 1, 14 ], "texture": "#wood_sword", "rotation": 270 },
				"east": { "uv": [ 4, 14, 3.5, 13.5 ], "texture": "#wood_sword", "rotation": 270 }
			}
		},
		{
			"__comment": "Box6",
			"from": [ 1, 8, 13 ],
			"to": [ 8.5, 9, 13.5 ],
			"faces": {
				"down": { "uv": [ 1, 13.5, 8.5, 13 ], "texture": "#wood_sword" },
				"up": { "uv": [ 1, 13, 8.5, 13.5 ], "texture": "#wood_sword" },
				"north": { "uv": [ 8.5, 13, 1, 13.5 ], "texture": "#wood_sword" },
				"south": { "uv": [ 1, 13, 8.5, 13.5 ], "texture": "#wood_sword" },
				"west": { "uv": [ 1, 13, 1.5, 13.5 ], "texture": "#wood_sword", "rotation": 270 },
				"east": { "uv": [ 8.5, 13.5, 8, 13 ], "texture": "#wood_sword", "rotation": 270 }
			}
		},
		{
			"__comment": "Box7",
			"from": [ 1.5, 8, 12.5 ],
			"to": [ 7.5, 9, 13 ],
			"faces": {
				"down": { "uv": [ 1.5, 13, 7.5, 12.5 ], "texture": "#wood_sword" },
				"up": { "uv": [ 1.5, 12.5, 7.5, 13 ], "texture": "#wood_sword" },
				"north": { "uv": [ 7.5, 12.5, 1.5, 13 ], "texture": "#wood_sword" },
				"south": { "uv": [ 1.5, 12.5, 7.5, 13 ], "texture": "#wood_sword" },
				"west": { "uv": [ 1.5, 12.5, 2, 13 ], "texture": "#wood_sword", "rotation": 270 },
				"east": { "uv": [ 7.5, 13, 7, 12.5 ], "texture": "#wood_sword", "rotation": 270 }
			}
		},
		{
			"__comment": "Box8",
			"from": [ 2, 8, 6.5 ],
			"to": [ 2.5, 9, 11 ],
			"faces": {
				"down": { "uv": [ 2, 11, 2.5, 6.5 ], "texture": "#wood_sword" },
				"up": { "uv": [ 2, 6.5, 2.5, 11 ], "texture": "#wood_sword" },
				"north": { "uv": [ 2.5, 6.5, 2, 7 ], "texture": "#wood_sword" },
				"south": { "uv": [ 2, 10.5, 2.5, 11 ], "texture": "#wood_sword" },
				"west": { "uv": [ 2, 6.5, 2.5, 11 ], "texture": "#wood_sword", "rotation": 270 },
				"east": { "uv": [ 2.5, 11, 2, 6.5 ], "texture": "#wood_sword", "rotation": 270 }
			}
		},
		{
			"__comment": "Box9",
			"from": [ 2, 8, 12 ],
			"to": [ 7, 9, 12.5 ],
			"faces": {
				"down": { "uv": [ 2, 12.5, 7, 12 ], "texture": "#wood_sword" },
				"up": { "uv": [ 2, 12, 7, 12.5 ], "texture": "#wood_sword" },
				"north": { "uv": [ 7, 12, 2, 12.5 ], "texture": "#wood_sword" },
				"south": { "uv": [ 2, 12, 7, 12.5 ], "texture": "#wood_sword" },
				"west": { "uv": [ 2, 12, 2.5, 12.5 ], "texture": "#wood_sword", "rotation": 270 },
				"east": { "uv": [ 7, 12.5, 6.5, 12 ], "texture": "#wood_sword", "rotation": 270 }
			}
		},
		{
			"__comment": "Box10",
			"from": [ 2.5, 8, 7.5 ],
			"to": [ 3, 9, 12 ],
			"faces": {
				"down": { "uv": [ 2.5, 12, 3, 7.5 ], "texture": "#wood_sword" },
				"up": { "uv": [ 2.5, 7.5, 3, 12 ], "texture": "#wood_sword" },
				"north": { "uv": [ 3, 7.5, 2.5, 8 ], "texture": "#wood_sword" },
				"south": { "uv": [ 2.5, 11.5, 3, 12 ], "texture": "#wood_sword" },
				"west": { "uv": [ 2.5, 7.5, 3, 12 ], "texture": "#wood_sword", "rotation": 270 },
				"east": { "uv": [ 3, 12, 2.5, 7.5 ], "texture": "#wood_sword", "rotation": 270 }
			}
		},
		{
			"__comment": "Box11",
			"from": [ 3, 8, 8.5 ],
			"to": [ 3.5, 9, 12 ],
			"faces": {
				"down": { "uv": [ 3, 12, 3.5, 8.5 ], "texture": "#wood_sword" },
				"up": { "uv": [ 3, 8.5, 3.5, 12 ], "texture": "#wood_sword" },
				"north": { "uv": [ 3.5, 8.5, 3, 9 ], "texture": "#wood_sword" },
				"south": { "uv": [ 3, 11.5, 3.5, 12 ], "texture": "#wood_sword" },
				"west": { "uv": [ 3, 8.5, 3.5, 12 ], "texture": "#wood_sword", "rotation": 270 },
				"east": { "uv": [ 3.5, 12, 3, 8.5 ], "texture": "#wood_sword", "rotation": 270 }
			}
		},
		{
			"__comment": "Box12",
			"from": [ 3.5, 8, 9 ],
			"to": [ 4, 9, 12 ],
			"faces": {
				"down": { "uv": [ 3.5, 12, 4, 9 ], "texture": "#wood_sword" },
				"up": { "uv": [ 3.5, 9, 4, 12 ], "texture": "#wood_sword" },
				"north": { "uv": [ 4, 9, 3.5, 9.5 ], "texture": "#wood_sword" },
				"south": { "uv": [ 3.5, 11.5, 4, 12 ], "texture": "#wood_sword" },
				"west": { "uv": [ 3.5, 9, 4, 12 ], "texture": "#wood_sword", "rotation": 270 },
				"east": { "uv": [ 4, 12, 3.5, 9 ], "texture": "#wood_sword", "rotation": 270 }
			}
		},
		{
			"__comment": "Box13",
			"from": [ 4, 8, 9.5 ],
			"to": [ 8, 9, 10 ],
			"faces": {
				"down": { "uv": [ 4, 10, 8, 9.5 ], "texture": "#wood_sword" },
				"up": { "uv": [ 4, 9.5, 8, 10 ], "texture": "#wood_sword" },
				"north": { "uv": [ 8, 9.5, 4, 10 ], "texture": "#wood_sword" },
				"south": { "uv": [ 4, 9.5, 8, 10 ], "texture": "#wood_sword" },
				"west": { "uv": [ 4, 9.5, 4.5, 10 ], "texture": "#wood_sword", "rotation": 270 },
				"east": { "uv": [ 8, 10, 7.5, 9.5 ], "texture": "#wood_sword", "rotation": 270 }
			}
		},
		{
			"__comment": "Box14",
			"from": [ 4, 8, 10 ],
			"to": [ 7.5, 9, 10.5 ],
			"faces": {
				"down": { "uv": [ 4, 10.5, 7.5, 10 ], "texture": "#wood_sword" },
				"up": { "uv": [ 4, 10, 7.5, 10.5 ], "texture": "#wood_sword" },
				"north": { "uv": [ 7.5, 10, 4, 10.5 ], "texture": "#wood_sword" },
				"south": { "uv": [ 4, 10, 7.5, 10.5 ], "texture": "#wood_sword" },
				"west": { "uv": [ 4, 10, 4.5, 10.5 ], "texture": "#wood_sword", "rotation": 270 },
				"east": { "uv": [ 7.5, 10.5, 7, 10 ], "texture": "#wood_sword", "rotation": 270 }
			}
		},
		{
			"__comment": "Box15",
			"from": [ 4, 8, 10.5 ],
			"to": [ 7, 9, 11 ],
			"faces": {
				"down": { "uv": [ 4, 11, 7, 10.5 ], "texture": "#wood_sword" },
				"up": { "uv": [ 4, 10.5, 7, 11 ], "texture": "#wood_sword" },
				"north": { "uv": [ 7, 10.5, 4, 11 ], "texture": "#wood_sword" },
				"south": { "uv": [ 4, 10.5, 7, 11 ], "texture": "#wood_sword" },
				"west": { "uv": [ 4, 10.5, 4.5, 11 ], "texture": "#wood_sword", "rotation": 270 },
				"east": { "uv": [ 7, 11, 6.5, 10.5 ], "texture": "#wood_sword", "rotation": 270 }
			}
		},
		{
			"__comment": "Box16",
			"from": [ 4, 8, 11 ],
			"to": [ 6.5, 9, 12 ],
			"faces": {
				"down": { "uv": [ 4, 12, 6.5, 11 ], "texture": "#wood_sword" },
				"up": { "uv": [ 4, 11, 6.5, 12 ], "texture": "#wood_sword" },
				"north": { "uv": [ 6.5, 11, 4, 11.5 ], "texture": "#wood_sword" },
				"south": { "uv": [ 4, 11.5, 6.5, 12 ], "texture": "#wood_sword" },
				"west": { "uv": [ 4, 11, 4.5, 12 ], "texture": "#wood_sword", "rotation": 270 },
				"east": { "uv": [ 6.5, 12, 6, 11 ], "texture": "#wood_sword", "rotation": 270 }
			}
		},
		{
			"__comment": "Box17",
			"from": [ 4.5, 8, 9 ],
			"to": [ 8.5, 9, 9.5 ],
			"faces": {
				"down": { "uv": [ 4.5, 9.5, 8.5, 9 ], "texture": "#wood_sword" },
				"up": { "uv": [ 4.5, 9, 8.5, 9.5 ], "texture": "#wood_sword" },
				"north": { "uv": [ 8.5, 9, 4.5, 9.5 ], "texture": "#wood_sword" },
				"south": { "uv": [ 4.5, 9, 8.5, 9.5 ], "texture": "#wood_sword" },
				"west": { "uv": [ 4.5, 9, 5, 9.5 ], "texture": "#wood_sword", "rotation": 270 },
				"east": { "uv": [ 8.5, 9.5, 8, 9 ], "texture": "#wood_sword", "rotation": 270 }
			}
		},
		{
			"__comment": "Box18",
			"from": [ 5, 8, 8 ],
			"to": [ 9.5, 9, 8.5 ],
			"faces": {
				"down": { "uv": [ 5, 8.5, 9.5, 8 ], "texture": "#wood_sword" },
				"up": { "uv": [ 5, 8, 9.5, 8.5 ], "texture": "#wood_sword" },
				"north": { "uv": [ 9.5, 8, 5, 8.5 ], "texture": "#wood_sword" },
				"south": { "uv": [ 5, 8, 9.5, 8.5 ], "texture": "#wood_sword" },
				"west": { "uv": [ 5, 8, 5.5, 8.5 ], "texture": "#wood_sword", "rotation": 270 },
				"east": { "uv": [ 9.5, 8.5, 9, 8 ], "texture": "#wood_sword", "rotation": 270 }
			}
		},
		{
			"__comment": "Box19",
			"from": [ 5, 8, 8.5 ],
			"to": [ 9, 9, 9 ],
			"faces": {
				"down": { "uv": [ 5, 9, 9, 8.5 ], "texture": "#wood_sword" },
				"up": { "uv": [ 5, 8.5, 9, 9 ], "texture": "#wood_sword" },
				"north": { "uv": [ 9, 8.5, 5, 9 ], "texture": "#wood_sword" },
				"south": { "uv": [ 5, 8.5, 9, 9 ], "texture": "#wood_sword" },
				"west": { "uv": [ 5, 8.5, 5.5, 9 ], "texture": "#wood_sword", "rotation": 270 },
				"east": { "uv": [ 9, 9, 8.5, 8.5 ], "texture": "#wood_sword", "rotation": 270 }
			}
		},
		{
			"__comment": "Box20",
			"from": [ 5, 8, 13.5 ],
			"to": [ 9.5, 9, 14 ],
			"faces": {
				"down": { "uv": [ 5, 14, 9.5, 13.5 ], "texture": "#wood_sword" },
				"up": { "uv": [ 5, 13.5, 9.5, 14 ], "texture": "#wood_sword" },
				"north": { "uv": [ 9.5, 13.5, 5, 14 ], "texture": "#wood_sword" },
				"south": { "uv": [ 5, 13.5, 9.5, 14 ], "texture": "#wood_sword" },
				"west": { "uv": [ 5, 13.5, 5.5, 14 ], "texture": "#wood_sword", "rotation": 270 },
				"east": { "uv": [ 9.5, 14, 9, 13.5 ], "texture": "#wood_sword", "rotation": 270 }
			}
		},
		{
			"__comment": "Box21",
			"from": [ 5.5, 8, 7.5 ],
			"to": [ 10, 9, 8 ],
			"faces": {
				"down": { "uv": [ 5.5, 8, 10, 7.5 ], "texture": "#wood_sword" },
				"up": { "uv": [ 5.5, 7.5, 10, 8 ], "texture": "#wood_sword" },
				"north": { "uv": [ 10, 7.5, 5.5, 8 ], "texture": "#wood_sword" },
				"south": { "uv": [ 5.5, 7.5, 10, 8 ], "texture": "#wood_sword" },
				"west": { "uv": [ 5.5, 7.5, 6, 8 ], "texture": "#wood_sword", "rotation": 270 },
				"east": { "uv": [ 10, 8, 9.5, 7.5 ], "texture": "#wood_sword", "rotation": 270 }
			}
		},
		{
			"__comment": "Box22",
			"from": [ 6, 8, 7 ],
			"to": [ 10.5, 9, 7.5 ],
			"faces": {
				"down": { "uv": [ 6, 7.5, 10.5, 7 ], "texture": "#wood_sword" },
				"up": { "uv": [ 6, 7, 10.5, 7.5 ], "texture": "#wood_sword" },
				"north": { "uv": [ 10.5, 7, 6, 7.5 ], "texture": "#wood_sword" },
				"south": { "uv": [ 6, 7, 10.5, 7.5 ], "texture": "#wood_sword" },
				"west": { "uv": [ 6, 7, 6.5, 7.5 ], "texture": "#wood_sword", "rotation": 270 },
				"east": { "uv": [ 10.5, 7.5, 10, 7 ], "texture": "#wood_sword", "rotation": 270 }
			}
		},
		{
			"__comment": "Box23",
			"from": [ 6.5, 8, 6.5 ],
			"to": [ 11, 9, 7 ],
			"faces": {
				"down": { "uv": [ 6.5, 7, 11, 6.5 ], "texture": "#wood_sword" },
				"up": { "uv": [ 6.5, 6.5, 11, 7 ], "texture": "#wood_sword" },
				"north": { "uv": [ 11, 6.5, 6.5, 7 ], "texture": "#wood_sword" },
				"south": { "uv": [ 6.5, 6.5, 11, 7 ], "texture": "#wood_sword" },
				"west": { "uv": [ 6.5, 6.5, 7, 7 ], "texture": "#wood_sword", "rotation": 270 },
				"east": { "uv": [ 11, 7, 10.5, 6.5 ], "texture": "#wood_sword", "rotation": 270 }
			}
		},
		{
			"__comment": "Box24",
			"from": [ 7, 8, 6 ],
			"to": [ 11.5, 9, 6.5 ],
			"faces": {
				"down": { "uv": [ 7, 6.5, 11.5, 6 ], "texture": "#wood_sword" },
				"up": { "uv": [ 7, 6, 11.5, 6.5 ], "texture": "#wood_sword" },
				"north": { "uv": [ 11.5, 6, 7, 6.5 ], "texture": "#wood_sword" },
				"south": { "uv": [ 7, 6, 11.5, 6.5 ], "texture": "#wood_sword" },
				"west": { "uv": [ 7, 6, 7.5, 6.5 ], "texture": "#wood_sword", "rotation": 270 },
				"east": { "uv": [ 11.5, 6.5, 11, 6 ], "texture": "#wood_sword", "rotation": 270 }
			}
		},
		{
			"__comment": "Box25",
			"from": [ 7.5, 8, 5.5 ],
			"to": [ 12, 9, 6 ],
			"faces": {
				"down": { "uv": [ 7.5, 6, 12, 5.5 ], "texture": "#wood_sword" },
				"up": { "uv": [ 7.5, 5.5, 12, 6 ], "texture": "#wood_sword" },
				"north": { "uv": [ 12, 5.5, 7.5, 6 ], "texture": "#wood_sword" },
				"south": { "uv": [ 7.5, 5.5, 12, 6 ], "texture": "#wood_sword" },
				"west": { "uv": [ 7.5, 5.5, 8, 6 ], "texture": "#wood_sword", "rotation": 270 },
				"east": { "uv": [ 12, 6, 11.5, 5.5 ], "texture": "#wood_sword", "rotation": 270 }
			}
		},
		{
			"__comment": "Box26",
			"from": [ 8, 8, 5 ],
			"to": [ 12.5, 9, 5.5 ],
			"faces": {
				"down": { "uv": [ 8, 5.5, 12.5, 5 ], "texture": "#wood_sword" },
				"up": { "uv": [ 8, 5, 12.5, 5.5 ], "texture": "#wood_sword" },
				"north": { "uv": [ 12.5, 5, 8, 5.5 ], "texture": "#wood_sword" },
				"south": { "uv": [ 8, 5, 12.5, 5.5 ], "texture": "#wood_sword" },
				"west": { "uv": [ 8, 5, 8.5, 5.5 ], "texture": "#wood_sword", "rotation": 270 },
				"east": { "uv": [ 12.5, 5.5, 12, 5 ], "texture": "#wood_sword", "rotation": 270 }
			}
		},
		{
			"__comment": "Box27",
			"from": [ 8.5, 8, 4.5 ],
			"to": [ 13, 9, 5 ],
			"faces": {
				"down": { "uv": [ 8.5, 5, 13, 4.5 ], "texture": "#wood_sword" },
				"up": { "uv": [ 8.5, 4.5, 13, 5 ], "texture": "#wood_sword" },
				"north": { "uv": [ 13, 4.5, 8.5, 5 ], "texture": "#wood_sword" },
				"south": { "uv": [ 8.5, 4.5, 13, 5 ], "texture": "#wood_sword" },
				"west": { "uv": [ 8.5, 4.5, 9, 5 ], "texture": "#wood_sword", "rotation": 270 },
				"east": { "uv": [ 13, 5, 12.5, 4.5 ], "texture": "#wood_sword", "rotation": 270 }
			}
		},
		{
			"__comment": "Box28",
			"from": [ 9, 8, 4 ],
			"to": [ 13.5, 9, 4.5 ],
			"faces": {
				"down": { "uv": [ 9, 4.5, 13.5, 4 ], "texture": "#wood_sword" },
				"up": { "uv": [ 9, 4, 13.5, 4.5 ], "texture": "#wood_sword" },
				"north": { "uv": [ 13.5, 4, 9, 4.5 ], "texture": "#wood_sword" },
				"south": { "uv": [ 9, 4, 13.5, 4.5 ], "texture": "#wood_sword" },
				"west": { "uv": [ 9, 4, 9.5, 4.5 ], "texture": "#wood_sword", "rotation": 270 },
				"east": { "uv": [ 13.5, 4.5, 13, 4 ], "texture": "#wood_sword", "rotation": 270 }
			}
		},
		{
			"__comment": "Box29",
			"from": [ 9.5, 8, 3.5 ],
			"to": [ 14, 9, 4 ],
			"faces": {
				"down": { "uv": [ 9.5, 4, 14, 3.5 ], "texture": "#wood_sword" },
				"up": { "uv": [ 9.5, 3.5, 14, 4 ], "texture": "#wood_sword" },
				"north": { "uv": [ 14, 3.5, 9.5, 4 ], "texture": "#wood_sword" },
				"south": { "uv": [ 9.5, 3.5, 14, 4 ], "texture": "#wood_sword" },
				"west": { "uv": [ 9.5, 3.5, 10, 4 ], "texture": "#wood_sword", "rotation": 270 },
				"east": { "uv": [ 14, 4, 13.5, 3.5 ], "texture": "#wood_sword", "rotation": 270 }
			}
		},
		{
			"__comment": "Box30",
			"from": [ 10, 8, 3 ],
			"to": [ 14, 9, 3.5 ],
			"faces": {
				"down": { "uv": [ 10, 3.5, 14, 3 ], "texture": "#wood_sword" },
				"up": { "uv": [ 10, 3, 14, 3.5 ], "texture": "#wood_sword" },
				"north": { "uv": [ 14, 3, 10, 3.5 ], "texture": "#wood_sword" },
				"south": { "uv": [ 10, 3, 14, 3.5 ], "texture": "#wood_sword" },
				"west": { "uv": [ 10, 3, 10.5, 3.5 ], "texture": "#wood_sword", "rotation": 270 },
				"east": { "uv": [ 14, 3.5, 13.5, 3 ], "texture": "#wood_sword", "rotation": 270 }
			}
		},
		{
			"__comment": "Box31",
			"from": [ 10.5, 8, 2.5 ],
			"to": [ 14, 9, 3 ],
			"faces": {
				"down": { "uv": [ 10.5, 3, 14, 2.5 ], "texture": "#wood_sword" },
				"up": { "uv": [ 10.5, 2.5, 14, 3 ], "texture": "#wood_sword" },
				"north": { "uv": [ 14, 2.5, 10.5, 3 ], "texture": "#wood_sword" },
				"south": { "uv": [ 10.5, 2.5, 14, 3 ], "texture": "#wood_sword" },
				"west": { "uv": [ 10.5, 2.5, 11, 3 ], "texture": "#wood_sword", "rotation": 270 },
				"east": { "uv": [ 14, 3, 13.5, 2.5 ], "texture": "#wood_sword", "rotation": 270 }
			}
		},
		{
			"__comment": "Box32",
			"from": [ 11, 8, 2 ],
			"to": [ 14, 9, 2.5 ],
			"faces": {
				"down": { "uv": [ 11, 2.5, 14, 2 ], "texture": "#wood_sword" },
				"up": { "uv": [ 11, 2, 14, 2.5 ], "texture": "#wood_sword" },
				"north": { "uv": [ 14, 2, 11, 2.5 ], "texture": "#wood_sword" },
				"south": { "uv": [ 11, 2, 14, 2.5 ], "texture": "#wood_sword" },
				"west": { "uv": [ 11, 2, 11.5, 2.5 ], "texture": "#wood_sword", "rotation": 270 },
				"east": { "uv": [ 14, 2.5, 13.5, 2 ], "texture": "#wood_sword", "rotation": 270 }
			}
		},
		{
			"__comment": "Box33",
			"from": [ 11.5, 8, 1.5 ],
			"to": [ 14, 9, 2 ],
			"faces": {
				"down": { "uv": [ 11.5, 2, 14, 1.5 ], "texture": "#wood_sword" },
				"up": { "uv": [ 11.5, 1.5, 14, 2 ], "texture": "#wood_sword" },
				"north": { "uv": [ 14, 1.5, 11.5, 2 ], "texture": "#wood_sword" },
				"south": { "uv": [ 11.5, 1.5, 14, 2 ], "texture": "#wood_sword" },
				"west": { "uv": [ 11.5, 1.5, 12, 2 ], "texture": "#wood_sword", "rotation": 270 },
				"east": { "uv": [ 14, 2, 13.5, 1.5 ], "texture": "#wood_sword", "rotation": 270 }
			}
		},
		{
			"__comment": "Box34",
			"from": [ 0, 8, 14 ],
			"to": [ 3.5, 9, 14.5 ],
			"faces": {
				"down": { "uv": [ 0, 14.5, 3.5, 14 ], "texture": "#wood_knife" },
				"up": { "uv": [ 0, 14, 3.5, 14.5 ], "texture": "#wood_knife" },
				"north": { "uv": [ 3.5, 14, 0, 14.5 ], "texture": "#wood_knife" },
				"south": { "uv": [ 0, 14, 3.5, 14.5 ], "texture": "#wood_knife" },
				"west": { "uv": [ 0, 14, 0.5, 14.5 ], "texture": "#wood_knife", "rotation": 270 },
				"east": { "uv": [ 3.5, 14.5, 3, 14 ], "texture": "#wood_knife", "rotation": 270 }
			}
		},
		{
			"__comment": "Box35",
			"from": [ 0, 8, 14.5 ],
			"to": [ 3, 9, 15 ],
			"faces": {
				"down": { "uv": [ 0, 15, 3, 14.5 ], "texture": "#wood_knife" },
				"up": { "uv": [ 0, 14.5, 3, 15 ], "texture": "#wood_knife" },
				"north": { "uv": [ 3, 14.5, 0, 15 ], "texture": "#wood_knife" },
				"south": { "uv": [ 0, 14.5, 3, 15 ], "texture": "#wood_knife" },
				"west": { "uv": [ 0, 14.5, 0.5, 15 ], "texture": "#wood_knife", "rotation": 270 },
				"east": { "uv": [ 3, 15, 2.5, 14.5 ], "texture": "#wood_knife", "rotation": 270 }
			}
		},
		{
			"__comment": "Box36",
			"from": [ 0, 8, 15 ],
			"to": [ 2.5, 9, 15.5 ],
			"faces": {
				"down": { "uv": [ 0, 15.5, 2.5, 15 ], "texture": "#wood_knife" },
				"up": { "uv": [ 0, 15, 2.5, 15.5 ], "texture": "#wood_knife" },
				"north": { "uv": [ 2.5, 15, 0, 15.5 ], "texture": "#wood_knife" },
				"south": { "uv": [ 0, 15, 2.5, 15.5 ], "texture": "#wood_knife" },
				"west": { "uv": [ 0, 15, 0.5, 15.5 ], "texture": "#wood_knife", "rotation": 270 },
				"east": { "uv": [ 2.5, 15.5, 2, 15 ], "texture": "#wood_knife", "rotation": 270 }
			}
		},
		{
			"__comment": "Box37",
			"from": [ 0, 8, 15.5 ],
			"to": [ 2, 9, 16 ],
			"faces": {
				"down": { "uv": [ 0, 16, 2, 15.5 ], "texture": "#wood_knife" },
				"up": { "uv": [ 0, 15.5, 2, 16 ], "texture": "#wood_knife" },
				"north": { "uv": [ 2, 15.5, 0, 16 ], "texture": "#wood_knife" },
				"south": { "uv": [ 0, 15.5, 2, 16 ], "texture": "#wood_knife" },
				"west": { "uv": [ 0, 15.5, 0.5, 16 ], "texture": "#wood_knife", "rotation": 270 },
				"east": { "uv": [ 2, 16, 1.5, 15.5 ], "texture": "#wood_knife", "rotation": 270 }
			}
		},
		{
			"__comment": "Box38",
			"from": [ 0.5, 8, 13.5 ],
			"to": [ 4, 9, 14 ],
			"faces": {
				"down": { "uv": [ 0.5, 14, 4, 13.5 ], "texture": "#wood_knife" },
				"up": { "uv": [ 0.5, 13.5, 4, 14 ], "texture": "#wood_knife" },
				"north": { "uv": [ 4, 13.5, 0.5, 14 ], "texture": "#wood_knife" },
				"south": { "uv": [ 0.5, 13.5, 4, 14 ], "texture": "#wood_knife" },
				"west": { "uv": [ 0.5, 13.5, 1, 14 ], "texture": "#wood_knife", "rotation": 270 },
				"east": { "uv": [ 4, 14, 3.5, 13.5 ], "texture": "#wood_knife", "rotation": 270 }
			}
		},
		{
			"__comment": "Box39",
			"from": [ 1, 8, 13 ],
			"to": [ 4.5, 9, 13.5 ],
			"faces": {
				"down": { "uv": [ 1, 13.5, 4.5, 13 ], "texture": "#wood_knife" },
				"up": { "uv": [ 1, 13, 4.5, 13.5 ], "texture": "#wood_knife" },
				"north": { "uv": [ 4.5, 13, 1, 13.5 ], "texture": "#wood_knife" },
				"south": { "uv": [ 1, 13, 4.5, 13.5 ], "texture": "#wood_knife" },
				"west": { "uv": [ 1, 13, 1.5, 13.5 ], "texture": "#wood_knife", "rotation": 270 },
				"east": { "uv": [ 4.5, 13.5, 4, 13 ], "texture": "#wood_knife", "rotation": 270 }
			}
		},
		{
			"__comment": "Box40",
			"from": [ 1.5, 8, 7.5 ],
			"to": [ 3, 9, 10 ],
			"faces": {
				"down": { "uv": [ 1.5, 10, 3, 7.5 ], "texture": "#wood_knife" },
				"up": { "uv": [ 1.5, 7.5, 3, 10 ], "texture": "#wood_knife" },
				"north": { "uv": [ 3, 7.5, 1.5, 8 ], "texture": "#wood_knife" },
				"south": { "uv": [ 1.5, 9.5, 3, 10 ], "texture": "#wood_knife" },
				"west": { "uv": [ 1.5, 7.5, 2, 10 ], "texture": "#wood_knife", "rotation": 270 },
				"east": { "uv": [ 3, 10, 2.5, 7.5 ], "texture": "#wood_knife", "rotation": 270 }
			}
		},
		{
			"__comment": "Box41",
			"from": [ 1.5, 8, 12.5 ],
			"to": [ 7.5, 9, 13 ],
			"faces": {
				"down": { "uv": [ 1.5, 13, 7.5, 12.5 ], "texture": "#wood_knife" },
				"up": { "uv": [ 1.5, 12.5, 7.5, 13 ], "texture": "#wood_knife" },
				"north": { "uv": [ 7.5, 12.5, 1.5, 13 ], "texture": "#wood_knife" },
				"south": { "uv": [ 1.5, 12.5, 7.5, 13 ], "texture": "#wood_knife" },
				"west": { "uv": [ 1.5, 12.5, 2, 13 ], "texture": "#wood_knife", "rotation": 270 },
				"east": { "uv": [ 7.5, 13, 7, 12.5 ], "texture": "#wood_knife", "rotation": 270 }
			}
		},
		{
			"__comment": "Box42",
			"from": [ 2, 8, 6.5 ],
			"to": [ 2.5, 9, 11 ],
			"faces": {
				"down": { "uv": [ 2, 11, 2.5, 6.5 ], "texture": "#wood_knife" },
				"up": { "uv": [ 2, 6.5, 2.5, 11 ], "texture": "#wood_knife" },
				"north": { "uv": [ 2.5, 6.5, 2, 7 ], "texture": "#wood_knife" },
				"south": { "uv": [ 2, 10.5, 2.5, 11 ], "texture": "#wood_knife" },
				"west": { "uv": [ 2, 6.5, 2.5, 11 ], "texture": "#wood_knife", "rotation": 270 },
				"east": { "uv": [ 2.5, 11, 2, 6.5 ], "texture": "#wood_knife", "rotation": 270 }
			}
		},
		{
			"__comment": "Box43",
			"from": [ 2, 8, 12 ],
			"to": [ 7, 9, 12.5 ],
			"faces": {
				"down": { "uv": [ 2, 12.5, 7, 12 ], "texture": "#wood_knife" },
				"up": { "uv": [ 2, 12, 7, 12.5 ], "texture": "#wood_knife" },
				"north": { "uv": [ 7, 12, 2, 12.5 ], "texture": "#wood_knife" },
				"south": { "uv": [ 2, 12, 7, 12.5 ], "texture": "#wood_knife" },
				"west": { "uv": [ 2, 12, 2.5, 12.5 ], "texture": "#wood_knife", "rotation": 270 },
				"east": { "uv": [ 7, 12.5, 6.5, 12 ], "texture": "#wood_knife", "rotation": 270 }
			}
		},
		{
			"__comment": "Box44",
			"from": [ 2.5, 8, 7 ],
			"to": [ 3, 9, 11 ],
			"faces": {
				"down": { "uv": [ 2.5, 11, 3, 7 ], "texture": "#wood_knife" },
				"up": { "uv": [ 2.5, 7, 3, 11 ], "texture": "#wood_knife" },
				"north": { "uv": [ 3, 7, 2.5, 7.5 ], "texture": "#wood_knife" },
				"south": { "uv": [ 2.5, 10.5, 3, 11 ], "texture": "#wood_knife" },
				"west": { "uv": [ 2.5, 7, 3, 11 ], "texture": "#wood_knife", "rotation": 270 },
				"east": { "uv": [ 3, 11, 2.5, 7 ], "texture": "#wood_knife", "rotation": 270 }
			}
		},
		{
			"__comment": "Box45",
			"from": [ 2.5, 8, 11.5 ],
			"to": [ 7, 9, 12 ],
			"faces": {
				"down": { "uv": [ 2.5, 12, 7, 11.5 ], "texture": "#wood_knife" },
				"up": { "uv": [ 2.5, 11.5, 7, 12 ], "texture": "#wood_knife" },
				"north": { "uv": [ 7, 11.5, 2.5, 12 ], "texture": "#wood_knife" },
				"south": { "uv": [ 2.5, 11.5, 7, 12 ], "texture": "#wood_knife" },
				"west": { "uv": [ 2.5, 11.5, 3, 12 ], "texture": "#wood_knife", "rotation": 270 },
				"east": { "uv": [ 7, 12, 6.5, 11.5 ], "texture": "#wood_knife", "rotation": 270 }
			}
		},
		{
			"__comment": "Box46",
			"from": [ 3, 8, 8.5 ],
			"to": [ 3.5, 9, 11.5 ],
			"faces": {
				"down": { "uv": [ 3, 11.5, 3.5, 8.5 ], "texture": "#wood_knife" },
				"up": { "uv": [ 3, 8.5, 3.5, 11.5 ], "texture": "#wood_knife" },
				"north": { "uv": [ 3.5, 8.5, 3, 9 ], "texture": "#wood_knife" },
				"south": { "uv": [ 3, 11, 3.5, 11.5 ], "texture": "#wood_knife" },
				"west": { "uv": [ 3, 8.5, 3.5, 11.5 ], "texture": "#wood_knife", "rotation": 270 },
				"east": { "uv": [ 3.5, 11.5, 3, 8.5 ], "texture": "#wood_knife", "rotation": 270 }
			}
		},
		{
			"__comment": "Box47",
			"from": [ 3.5, 8, 9 ],
			"to": [ 8.5, 9, 9.5 ],
			"faces": {
				"down": { "uv": [ 3.5, 9.5, 8.5, 9 ], "texture": "#wood_knife" },
				"up": { "uv": [ 3.5, 9, 8.5, 9.5 ], "texture": "#wood_knife" },
				"north": { "uv": [ 8.5, 9, 3.5, 9.5 ], "texture": "#wood_knife" },
				"south": { "uv": [ 3.5, 9, 8.5, 9.5 ], "texture": "#wood_knife" },
				"west": { "uv": [ 3.5, 9, 4, 9.5 ], "texture": "#wood_knife", "rotation": 270 },
				"east": { "uv": [ 8.5, 9.5, 8, 9 ], "texture": "#wood_knife", "rotation": 270 }
			}
		},
		{
			"__comment": "Box48",
			"from": [ 3.5, 8, 9.5 ],
			"to": [ 8, 9, 10 ],
			"faces": {
				"down": { "uv": [ 3.5, 10, 8, 9.5 ], "texture": "#wood_knife" },
				"up": { "uv": [ 3.5, 9.5, 8, 10 ], "texture": "#wood_knife" },
				"north": { "uv": [ 8, 9.5, 3.5, 10 ], "texture": "#wood_knife" },
				"south": { "uv": [ 3.5, 9.5, 8, 10 ], "texture": "#wood_knife" },
				"west": { "uv": [ 3.5, 9.5, 4, 10 ], "texture": "#wood_knife", "rotation": 270 },
				"east": { "uv": [ 8, 10, 7.5, 9.5 ], "texture": "#wood_knife", "rotation": 270 }
			}
		},
		{
			"__comment": "Box49",
			"from": [ 3.5, 8, 10 ],
			"to": [ 7.5, 9, 11 ],
			"faces": {
				"down": { "uv": [ 3.5, 11, 7.5, 10 ], "texture": "#wood_knife" },
				"up": { "uv": [ 3.5, 10, 7.5, 11 ], "texture": "#wood_knife" },
				"north": { "uv": [ 7.5, 10, 3.5, 10.5 ], "texture": "#wood_knife" },
				"south": { "uv": [ 3.5, 10.5, 7.5, 11 ], "texture": "#wood_knife" },
				"west": { "uv": [ 3.5, 10, 4, 11 ], "texture": "#wood_knife", "rotation": 270 },
				"east": { "uv": [ 7.5, 11, 7, 10 ], "texture": "#wood_knife", "rotation": 270 }
			}
		},
		{
			"__comment": "Box50",
			"from": [ 3.5, 8, 11 ],
			"to": [ 7, 9, 11.5 ],
			"faces": {
				"down": { "uv": [ 3.5, 11.5, 7, 11 ], "texture": "#wood_knife" },
				"up": { "uv": [ 3.5, 11, 7, 11.5 ], "texture": "#wood_knife" },
				"north": { "uv": [ 7, 11, 3.5, 11.5 ], "texture": "#wood_knife" },
				"south": { "uv": [ 3.5, 11, 7, 11.5 ], "texture": "#wood_knife" },
				"west": { "uv": [ 3.5, 11, 4, 11.5 ], "texture": "#wood_knife", "rotation": 270 },
				"east": { "uv": [ 7, 11.5, 6.5, 11 ], "texture": "#wood_knife", "rotation": 270 }
			}
		},
		{
			"__comment": "Box51",
			"from": [ 4, 8, 8.5 ],
			"to": [ 9, 9, 9 ],
			"faces": {
				"down": { "uv": [ 4, 9, 9, 8.5 ], "texture": "#wood_knife" },
				"up": { "uv": [ 4, 8.5, 9, 9 ], "texture": "#wood_knife" },
				"north": { "uv": [ 9, 8.5, 4, 9 ], "texture": "#wood_knife" },
				"south": { "uv": [ 4, 8.5, 9, 9 ], "texture": "#wood_knife" },
				"west": { "uv": [ 4, 8.5, 4.5, 9 ], "texture": "#wood_knife", "rotation": 270 },
				"east": { "uv": [ 9, 9, 8.5, 8.5 ], "texture": "#wood_knife", "rotation": 270 }
			}
		},
		{
			"__comment": "Box52",
			"from": [ 5, 8, 8 ],
			"to": [ 9.5, 9, 8.5 ],
			"faces": {
				"down": { "uv": [ 5, 8.5, 9.5, 8 ], "texture": "#wood_knife" },
				"up": { "uv": [ 5, 8, 9.5, 8.5 ], "texture": "#wood_knife" },
				"north": { "uv": [ 9.5, 8, 5, 8.5 ], "texture": "#wood_knife" },
				"south": { "uv": [ 5, 8, 9.5, 8.5 ], "texture": "#wood_knife" },
				"west": { "uv": [ 5, 8, 5.5, 8.5 ], "texture": "#wood_knife", "rotation": 270 },
				"east": { "uv": [ 9.5, 8.5, 9, 8 ], "texture": "#wood_knife", "rotation": 270 }
			}
		},
		{
			"__comment": "Box53",
			"from": [ 5, 8, 13 ],
			"to": [ 9, 9, 14 ],
			"faces": {
				"down": { "uv": [ 5, 14, 9, 13 ], "texture": "#wood_knife" },
				"up": { "uv": [ 5, 13, 9, 14 ], "texture": "#wood_knife" },
				"north": { "uv": [ 9, 13, 5, 13.5 ], "texture": "#wood_knife" },
				"south": { "uv": [ 5, 13.5, 9, 14 ], "texture": "#wood_knife" },
				"west": { "uv": [ 5, 13, 5.5, 14 ], "texture": "#wood_knife", "rotation": 270 },
				"east": { "uv": [ 9, 14, 8.5, 13 ], "texture": "#wood_knife", "rotation": 270 }
			}
		},
		{
			"__comment": "Box54",
			"from": [ 5.5, 8, 7.5 ],
			"to": [ 10, 9, 8 ],
			"faces": {
				"down": { "uv": [ 5.5, 8, 10, 7.5 ], "texture": "#wood_knife" },
				"up": { "uv": [ 5.5, 7.5, 10, 8 ], "texture": "#wood_knife" },
				"north": { "uv": [ 10, 7.5, 5.5, 8 ], "texture": "#wood_knife" },
				"south": { "uv": [ 5.5, 7.5, 10, 8 ], "texture": "#wood_knife" },
				"west": { "uv": [ 5.5, 7.5, 6, 8 ], "texture": "#wood_knife", "rotation": 270 },
				"east": { "uv": [ 10, 8, 9.5, 7.5 ], "texture": "#wood_knife", "rotation": 270 }
			}
		},
		{
			"__comment": "Box55",
			"from": [ 6, 8, 7 ],
			"to": [ 10.5, 9, 7.5 ],
			"faces": {
				"down": { "uv": [ 6, 7.5, 10.5, 7 ], "texture": "#wood_knife" },
				"up": { "uv": [ 6, 7, 10.5, 7.5 ], "texture": "#wood_knife" },
				"north": { "uv": [ 10.5, 7, 6, 7.5 ], "texture": "#wood_knife" },
				"south": { "uv": [ 6, 7, 10.5, 7.5 ], "texture": "#wood_knife" },
				"west": { "uv": [ 6, 7, 6.5, 7.5 ], "texture": "#wood_knife", "rotation": 270 },
				"east": { "uv": [ 10.5, 7.5, 10, 7 ], "texture": "#wood_knife", "rotation": 270 }
			}
		},
		{
			"__comment": "Box56",
			"from": [ 6, 8, 14 ],
			"to": [ 8.5, 9, 14.5 ],
			"faces": {
				"down": { "uv": [ 6, 14.5, 8.5, 14 ], "texture": "#wood_knife" },
				"up": { "uv": [ 6, 14, 8.5, 14.5 ], "texture": "#wood_knife" },
				"north": { "uv": [ 8.5, 14, 6, 14.5 ], "texture": "#wood_knife" },
				"south": { "uv": [ 6, 14, 8.5, 14.5 ], "texture": "#wood_knife" },
				"west": { "uv": [ 6, 14, 6.5, 14.5 ], "texture": "#wood_knife", "rotation": 270 },
				"east": { "uv": [ 8.5, 14.5, 8, 14 ], "texture": "#wood_knife", "rotation": 270 }
			}
		},
		{
			"__comment": "Box57",
			"from": [ 6.5, 8, 6.5 ],
			"to": [ 11, 9, 7 ],
			"faces": {
				"down": { "uv": [ 6.5, 7, 11, 6.5 ], "texture": "#wood_knife" },
				"up": { "uv": [ 6.5, 6.5, 11, 7 ], "texture": "#wood_knife" },
				"north": { "uv": [ 11, 6.5, 6.5, 7 ], "texture": "#wood_knife" },
				"south": { "uv": [ 6.5, 6.5, 11, 7 ], "texture": "#wood_knife" },
				"west": { "uv": [ 6.5, 6.5, 7, 7 ], "texture": "#wood_knife", "rotation": 270 },
				"east": { "uv": [ 11, 7, 10.5, 6.5 ], "texture": "#wood_knife", "rotation": 270 }
			}
		},
		{
			"__comment": "Box58",
			"from": [ 7, 8, 6 ],
			"to": [ 11.5, 9, 6.5 ],
			"faces": {
				"down": { "uv": [ 7, 6.5, 11.5, 6 ], "texture": "#wood_knife" },
				"up": { "uv": [ 7, 6, 11.5, 6.5 ], "texture": "#wood_knife" },
				"north": { "uv": [ 11.5, 6, 7, 6.5 ], "texture": "#wood_knife" },
				"south": { "uv": [ 7, 6, 11.5, 6.5 ], "texture": "#wood_knife" },
				"west": { "uv": [ 7, 6, 7.5, 6.5 ], "texture": "#wood_knife", "rotation": 270 },
				"east": { "uv": [ 11.5, 6.5, 11, 6 ], "texture": "#wood_knife", "rotation": 270 }
			}
		},
		{
			"__comment": "Box59",
			"from": [ 7.5, 8, 5.5 ],
			"to": [ 12, 9, 6 ],
			"faces": {
				"down": { "uv": [ 7.5, 6, 12, 5.5 ], "texture": "#wood_knife" },
				"up": { "uv": [ 7.5, 5.5, 12, 6 ], "texture": "#wood_knife" },
				"north": { "uv": [ 12, 5.5, 7.5, 6 ], "texture": "#wood_knife" },
				"south": { "uv": [ 7.5, 5.5, 12, 6 ], "texture": "#wood_knife" },
				"west": { "uv": [ 7.5, 5.5, 8, 6 ], "texture": "#wood_knife", "rotation": 270 },
				"east": { "uv": [ 12, 6, 11.5, 5.5 ], "texture": "#wood_knife", "rotation": 270 }
			}
		},
		{
			"__comment": "Box60",
			"from": [ 8, 8, 5 ],
			"to": [ 12.5, 9, 5.5 ],
			"faces": {
				"down": { "uv": [ 8, 5.5, 12.5, 5 ], "texture": "#wood_knife" },
				"up": { "uv": [ 8, 5, 12.5, 5.5 ], "texture": "#wood_knife" },
				"north": { "uv": [ 12.5, 5, 8, 5.5 ], "texture": "#wood_knife" },
				"south": { "uv": [ 8, 5, 12.5, 5.5 ], "texture": "#wood_knife" },
				"west": { "uv": [ 8, 5, 8.5, 5.5 ], "texture": "#wood_knife", "rotation": 270 },
				"east": { "uv": [ 12.5, 5.5, 12, 5 ], "texture": "#wood_knife", "rotation": 270 }
			}
		},
		{
			"__comment": "Box61",
			"from": [ 8.5, 8, 4.5 ],
			"to": [ 13, 9, 5 ],
			"faces": {
				"down": { "uv": [ 8.5, 5, 13, 4.5 ], "texture": "#wood_knife" },
				"up": { "uv": [ 8.5, 4.5, 13, 5 ], "texture": "#wood_knife" },
				"north": { "uv": [ 13, 4.5, 8.5, 5 ], "texture": "#wood_knife" },
				"south": { "uv": [ 8.5, 4.5, 13, 5 ], "texture": "#wood_knife" },
				"west": { "uv": [ 8.5, 4.5, 9, 5 ], "texture": "#wood_knife", "rotation": 270 },
				"east": { "uv": [ 13, 5, 12.5, 4.5 ], "texture": "#wood_knife", "rotation": 270 }
			}
		},
		{
			"__comment": "Box62",
			"from": [ 9, 8, 4 ],
			"to": [ 13.5, 9, 4.5 ],
			"faces": {
				"down": { "uv": [ 9, 4.5, 13.5, 4 ], "texture": "#wood_knife" },
				"up": { "uv": [ 9, 4, 13.5, 4.5 ], "texture": "#wood_knife" },
				"north": { "uv": [ 13.5, 4, 9, 4.5 ], "texture": "#wood_knife" },
				"south": { "uv": [ 9, 4, 13.5, 4.5 ], "texture": "#wood_knife" },
				"west": { "uv": [ 9, 4, 9.5, 4.5 ], "texture": "#wood_knife", "rotation": 270 },
				"east": { "uv": [ 13.5, 4.5, 13, 4 ], "texture": "#wood_knife", "rotation": 270 }
			}
		},
		{
			"__comment": "Box63",
			"from": [ 9, 8, 13.5 ],
			"to": [ 9.5, 9, 14 ],
			"faces": {
				"down": { "uv": [ 9, 14, 9.5, 13.5 ], "texture": "#wood_knife" },
				"up": { "uv": [ 9, 13.5, 9.5, 14 ], "texture": "#wood_knife" },
				"north": { "uv": [ 9.5, 13.5, 9, 14 ], "texture": "#wood_knife" },
				"south": { "uv": [ 9, 13.5, 9.5, 14 ], "texture": "#wood_knife" },
				"west": { "uv": [ 9, 13.5, 9.5, 14 ], "texture": "#wood_knife", "rotation": 270 },
				"east": { "uv": [ 9.5, 14, 9, 13.5 ], "texture": "#wood_knife", "rotation": 270 }
			}
		},
		{
			"__comment": "Box64",
			"from": [ 9.5, 8, 3.5 ],
			"to": [ 14, 9, 4 ],
			"faces": {
				"down": { "uv": [ 9.5, 4, 14, 3.5 ], "texture": "#wood_knife" },
				"up": { "uv": [ 9.5, 3.5, 14, 4 ], "texture": "#wood_knife" },
				"north": { "uv": [ 14, 3.5, 9.5, 4 ], "texture": "#wood_knife" },
				"south": { "uv": [ 9.5, 3.5, 14, 4 ], "texture": "#wood_knife" },
				"west": { "uv": [ 9.5, 3.5, 10, 4 ], "texture": "#wood_knife", "rotation": 270 },
				"east": { "uv": [ 14, 4, 13.5, 3.5 ], "texture": "#wood_knife", "rotation": 270 }
			}
		},
		{
			"__comment": "Box65",
			"from": [ 10, 8, 3 ],
			"to": [ 14.5, 9, 3.5 ],
			"faces": {
				"down": { "uv": [ 10, 3.5, 14.5, 3 ], "texture": "#wood_knife" },
				"up": { "uv": [ 10, 3, 14.5, 3.5 ], "texture": "#wood_knife" },
				"north": { "uv": [ 14.5, 3, 10, 3.5 ], "texture": "#wood_knife" },
				"south": { "uv": [ 10, 3, 14.5, 3.5 ], "texture": "#wood_knife" },
				"west": { "uv": [ 10, 3, 10.5, 3.5 ], "texture": "#wood_knife", "rotation": 270 },
				"east": { "uv": [ 14.5, 3.5, 14, 3 ], "texture": "#wood_knife", "rotation": 270 }
			}
		},
		{
			"__comment": "Box66",
			"from": [ 10.5, 8, 2.5 ],
			"to": [ 15, 9, 3 ],
			"faces": {
				"down": { "uv": [ 10.5, 3, 15, 2.5 ], "texture": "#wood_knife" },
				"up": { "uv": [ 10.5, 2.5, 15, 3 ], "texture": "#wood_knife" },
				"north": { "uv": [ 15, 2.5, 10.5, 3 ], "texture": "#wood_knife" },
				"south": { "uv": [ 10.5, 2.5, 15, 3 ], "texture": "#wood_knife" },
				"west": { "uv": [ 10.5, 2.5, 11, 3 ], "texture": "#wood_knife", "rotation": 270 },
				"east": { "uv": [ 15, 3, 14.5, 2.5 ], "texture": "#wood_knife", "rotation": 270 }
			}
		},
		{
			"__comment": "Box67",
			"from": [ 11, 8, 2 ],
			"to": [ 15.5, 9, 2.5 ],
			"faces": {
				"down": { "uv": [ 11, 2.5, 15.5, 2 ], "texture": "#wood_knife" },
				"up": { "uv": [ 11, 2, 15.5, 2.5 ], "texture": "#wood_knife" },
				"north": { "uv": [ 15.5, 2, 11, 2.5 ], "texture": "#wood_knife" },
				"south": { "uv": [ 11, 2, 15.5, 2.5 ], "texture": "#wood_knife" },
				"west": { "uv": [ 11, 2, 11.5, 2.5 ], "texture": "#wood_knife", "rotation": 270 },
				"east": { "uv": [ 15.5, 2.5, 15, 2 ], "texture": "#wood_knife", "rotation": 270 }
			}
		},
		{
			"__comment": "Box68",
			"from": [ 11.5, 8, 1.5 ],
			"to": [ 16, 9, 2 ],
			"faces": {
				"down": { "uv": [ 11.5, 2, 16, 1.5 ], "texture": "#wood_knife" },
				"up": { "uv": [ 11.5, 1.5, 16, 2 ], "texture": "#wood_knife" },
				"north": { "uv": [ 16, 1.5, 11.5, 2 ], "texture": "#wood_knife" },
				"south": { "uv": [ 11.5, 1.5, 16, 2 ], "texture": "#wood_knife" },
				"west": { "uv": [ 11.5, 1.5, 12, 2 ], "texture": "#wood_knife", "rotation": 270 },
				"east": { "uv": [ 16, 2, 15.5, 1.5 ], "texture": "#wood_knife", "rotation": 270 }
			}
		},
		{
			"__comment": "Box69",
			"from": [ 12, 8, 1 ],
			"to": [ 16, 9, 1.5 ],
			"faces": {
				"down": { "uv": [ 12, 1.5, 16, 1 ], "texture": "#wood_knife" },
				"up": { "uv": [ 12, 1, 16, 1.5 ], "texture": "#wood_knife" },
				"north": { "uv": [ 16, 1, 12, 1.5 ], "texture": "#wood_knife" },
				"south": { "uv": [ 12, 1, 16, 1.5 ], "texture": "#wood_knife" },
				"west": { "uv": [ 12, 1, 12.5, 1.5 ], "texture": "#wood_knife", "rotation": 270 },
				"east": { "uv": [ 16, 1.5, 15.5, 1 ], "texture": "#wood_knife", "rotation": 270 }
			}
		},
		{
			"__comment": "Box70",
			"from": [ 13, 8, 0.5 ],
			"to": [ 16, 9, 1 ],
			"faces": {
				"down": { "uv": [ 13, 1, 16, 0.5 ], "texture": "#wood_knife" },
				"up": { "uv": [ 13, 0.5, 16, 1 ], "texture": "#wood_knife" },
				"north": { "uv": [ 16, 0.5, 13, 1 ], "texture": "#wood_knife" },
				"south": { "uv": [ 13, 0.5, 16, 1 ], "texture": "#wood_knife" },
				"west": { "uv": [ 13, 0.5, 13.5, 1 ], "texture": "#wood_knife", "rotation": 270 },
				"east": { "uv": [ 16, 1, 15.5, 0.5 ], "texture": "#wood_knife", "rotation": 270 }
			}
		}
	],
	"display": {
		"thirdperson_righthand": {
			"rotation":  [ 154, 0, -65 ],
			"translation":  [ 2.7832, 9.0433, 4.8695 ],
			"scale":  [ 1.35, 1, 1.2 ]
		},
		"firstperson_righthand": {
			"rotation":  [ 140, 11, -99 ],
			"translation":  [ 0.6956, 5.5652, 0 ],
			"scale":  [ 1.3, 1, 1.1 ]
		},
		"gui": {
			"rotation":  [ 103, 9, 0 ],
			"translation":  [ 0.2, 0.6, 13.913 ],
			"scale":  [ 1.3, 1.1, 1.1 ]
		},
		"ground": {
			"rotation":  [ 55, 0, -53 ],
			"translation":  [ 0, 7.6521, 0 ],
			"scale":  [ 1.3, 1, 1.1 ]
		},
		"fixed": {
			"rotation":  [ 90, 90, 0 ],
			"translation":  [ 0, 1, 0 ],
			"scale":  [ 1.3, 1.1, 1.1 ]
		}
	}
}