{
	"__comment": "Designed by S9855027 with BDcraft Cubik PRO 0.96 Beta - http://bdcraft.net",
	"textures": {
		"texture": "succubus_a50",
		"1": "succubus_b50",
		"2": "succubus_bb50",
		"3": "succubus_bbb50",
		"4": "succubus_bbbb50",
		"texture2": "succubus_c50",
		"texture3": "succubus_d50",
		"texture4": "succubus_deck"
	},
	"elements": [ 	 
		{
			"__comment": "Head",
			"from": [ 7.25, 15.5, 6.5 ],
			"to": [ 9.75, 20, 10.5 ],
			"faces": {
				"down": { "uv": [ 1.5, 2.5, 2.5, 3.5 ], "texture": "#texture" },
				"north": { "uv": [ 1.5, 2.5, 2.5, 3.5 ], "texture": "#texture" },
				"south": { "uv": [ 0.5, 0, 3.5, 4 ], "texture": "#texture" },
				"west": { "uv": [ 1.5, 2.5, 2.5, 3.5 ], "texture": "#texture" },
				"east": { "uv": [ 1.5, 2.5, 2.5, 3.5 ], "texture": "#texture" }
			}
		},
		{
			"__comment": "Hat01",
			"from": [ 5.5, 19.5, 5.48 ],
			"to": [ 11.5, 20, 11.48 ],
			"faces": {
				"down": { "uv": [ 8, 4, 12, 7.5 ], "texture": "#texture" },
				"up": { "uv": [ 8, 4, 12, 7.5 ], "texture": "#texture" },
				"north": { "uv": [ 8, 4, 12, 7.5 ], "texture": "#texture" },
				"south": { "uv": [ 8, 4, 12, 7.5 ], "texture": "#texture" },
				"west": { "uv": [ 8, 4, 12, 7.5 ], "texture": "#texture" },
				"east": { "uv": [ 8, 4, 12, 7.5 ], "texture": "#texture" }
			}
		},
		{
			"__comment": "Hat02",
			"from": [ 6.5, 20, 5.98 ],
			"to": [ 10.5, 22, 10.98 ],
			"faces": {
				"up": { "uv": [ 12, 8, 16, 12 ], "texture": "#texture" },
				"north": { "uv": [ 4, 4, 8, 8 ], "texture": "#texture" },
				"south": { "uv": [ 0, 4, 4, 8 ], "texture": "#texture" },
				"west": { "uv": [ 4, 4, 8, 8 ], "texture": "#texture" },
				"east": { "uv": [ 4, 4, 8, 8 ], "texture": "#texture" }
			}
		},
		{
			"__comment": "Hat03",
			"from": [ 7, 19, 6 ],
			"to": [ 10, 23, 9.5 ],
			"rotation": { "origin": [ 7, 23, 6 ], "axis": "x", "angle": -22.5 },
			"faces": {
				"up": { "uv": [ 12, 8, 16, 12 ], "texture": "#texture" },
				"north": { "uv": [ 12, 8, 16, 12 ], "texture": "#texture" },
				"south": { "uv": [ 12, 8, 16, 12 ], "texture": "#texture" },
				"west": { "uv": [ 12, 8, 16, 12 ], "texture": "#texture" },
				"east": { "uv": [ 12, 8, 16, 12 ], "texture": "#texture" }
			}
		},
		{
			"__comment": "Hat04",
			"from": [ 8, 20, 6.9375 ],
			"to": [ 9, 24.5, 8.4375 ],
			"rotation": { "origin": [ 8, 24.5, 6.9375 ], "axis": "x", "angle": 45 },
			"faces": {
				"down": { "uv": [ 12, 8, 16, 12 ], "texture": "#texture" },
				"up": { "uv": [ 12, 8, 16, 12 ], "texture": "#texture" },
				"north": { "uv": [ 12, 8, 16, 12 ], "texture": "#texture" },
				"south": { "uv": [ 12, 8, 16, 12 ], "texture": "#texture" },
				"west": { "uv": [ 12, 8, 16, 12 ], "texture": "#texture" },
				"east": { "uv": [ 12, 8, 16, 12 ], "texture": "#texture" }
			}
		},
		{
			"__comment": "Hat05",
			"from": [ 7.5, 22.5, 6.6875 ],
			"to": [ 9.5, 24.5, 9.1875 ],
			"faces": {
				"down": { "uv": [ 12, 8, 16, 12 ], "texture": "#texture" },
				"up": { "uv": [ 12, 8, 16, 12 ], "texture": "#texture" },
				"north": { "uv": [ 12, 8, 16, 12 ], "texture": "#texture" },
				"south": { "uv": [ 12, 8, 16, 12 ], "texture": "#texture" },
				"west": { "uv": [ 12, 8, 16, 12 ], "texture": "#texture" },
				"east": { "uv": [ 12, 8, 16, 12 ], "texture": "#texture" }
			}
		},
		{
			"__comment": "Neck",
			"from": [ 7.75, 13.625, 7.5 ],
			"to": [ 9.25, 17.125, 9.5 ],
			"faces": {
				"down": { "uv": [ 1.5, 2, 2.5, 3 ], "texture": "#texture" },
				"up": { "uv": [ 1.5, 2, 2.5, 3 ], "texture": "#texture" },
				"north": { "uv": [ 1.5, 8, 2.5, 9 ], "texture": "#texture" },
				"south": { "uv": [ 1.5, 8, 2.5, 9 ], "texture": "#texture" },
				"west": { "uv": [ 1.5, 8, 2.5, 9 ], "texture": "#texture" },
				"east": { "uv": [ 1.5, 8, 2.5, 9 ], "texture": "#texture" }
			}
		},
		{
			"__comment": "Chest",
			"from": [ 7, 11.1875, 8.5 ],
			"to": [ 10, 13.1875, 10.5 ],
			"rotation": { "origin": [ 7, 13.1875, 8.5 ], "axis": "x", "angle": -45 },
			"faces": {
				"down": { "uv": [ 0, 10.5, 4, 12.5 ], "texture": "#texture" },
				"up": { "uv": [ 0, 0, 16, 16 ], "texture": "#texture" },
				"north": { "uv": [ 0, 0, 16, 16 ], "texture": "#texture" },
				"south": { "uv": [ 0, 8, 4, 10 ], "texture": "#texture" },
				"west": { "uv": [ 2, 9.5, 4, 11 ], "texture": "#texture", "rotation": 90 },
				"east": { "uv": [ 0, 9.5, 2, 11 ], "texture": "#texture", "rotation": 270 }
			}
		},
		{
			"__comment": "Element",
			"from": [ 4.5, 12.5, 8 ],
			"to": [ 6, 14.5, 8.0625 ],
			"rotation": { "origin": [ 4.5, 14.5, 8 ], "axis": "z", "angle": 45 },
			"faces": {
				"north": { "uv": [ 0, 0, 4, 5 ], "texture": "#texture" },
				"south": { "uv": [ 4, 0, 0, 5 ], "texture": "#texture" }
			}
		},
		{
			"__comment": "Element",
			"from": [ 11.5, 13.5, 8 ],
			"to": [ 13.5, 15.5, 8.0625 ],
			"rotation": { "origin": [ 11.5, 15.5, 8 ], "axis": "z", "angle": -45 },
			"faces": {
				"north": { "uv": [ 4, 0, 0, 5 ], "texture": "#texture" },
				"south": { "uv": [ 0, 0, 4, 5 ], "texture": "#texture" }
			}
		},
		{
			"__comment": "Hair01",
			"from": [ 6.5, 16.5, 10.5 ],
			"to": [ 10.5, 20, 10.75 ],
			"faces": {
				"south": { "uv": [ 8, 0, 12, 4 ], "texture": "#texture" },
				"west": { "uv": [ 8, 0, 8.5, 4 ], "texture": "#texture" },
				"east": { "uv": [ 11, 0, 12, 4 ], "texture": "#texture" }
			}
		},
		{
			"__comment": "hair02",
			"from": [ 6, 16.5, 6.0125 ],
			"to": [ 6.5, 19.5, 10.5125 ],
			"faces": {
				"north": { "uv": [ 4, 0, 4.5, 4 ], "texture": "#texture" },
				"south": { "uv": [ 4, 0, 4.5, 4 ], "texture": "#texture" },
				"west": { "uv": [ 4, 0, 8, 4 ], "texture": "#texture" },
				"east": { "uv": [ 4, 0, 8, 4 ], "texture": "#texture" }
			}
		},
		{
			"__comment": "hair03",
			"from": [ 10.5, 16.625, 6.0125 ],
			"to": [ 11, 19.625, 10.5125 ],
			"faces": {
				"north": { "uv": [ 4, 0, 5, 4 ], "texture": "#texture" },
				"south": { "uv": [ 4, 0, 5, 4 ], "texture": "#texture" },
				"west": { "uv": [ 4, 0, 8, 4 ], "texture": "#texture" },
				"east": { "uv": [ 4, 0, 8, 4 ], "texture": "#texture" }
			}
		},
		{
			"__comment": "hair04",
			"from": [ 6.5, 13.75, 6 ],
			"to": [ 10.5, 19.75, 6.5 ],
			"faces": {
				"down": { "uv": [ 0, 0, 16, 1 ], "texture": "#texture" },
				"north": { "uv": [ 4, 0, 8, 4 ], "texture": "#texture" },
				"south": { "uv": [ 4, 0, 8, 4 ], "texture": "#texture" },
				"west": { "uv": [ 4, 0, 4.5, 4 ], "texture": "#texture" },
				"east": { "uv": [ 7, 0, 7.5, 4 ], "texture": "#texture" }
			}
		},
		{
			"__comment": "Hat01",
			"from": [ 5.5, 19.25, 11.375 ],
			"to": [ 7, 19.75, 12.375 ],
			"faces": {
				"down": { "uv": [ 8, 4, 12, 7.5 ], "texture": "#texture" },
				"up": { "uv": [ 8, 4, 12, 7.5 ], "texture": "#texture" },
				"north": { "uv": [ 8, 6, 12, 7 ], "texture": "#texture" },
				"south": { "uv": [ 8, 7, 12, 8 ], "texture": "#texture" },
				"west": { "uv": [ 8, 6, 12, 7 ], "texture": "#texture" },
				"east": { "uv": [ 8, 6, 12, 7 ], "texture": "#texture" }
			}
		},
		{
			"__comment": "Hat01",
			"from": [ 6.875, 19.375, 11.375 ],
			"to": [ 8.375, 19.875, 12.875 ],
			"faces": {
				"down": { "uv": [ 8, 4, 12, 7.5 ], "texture": "#texture" },
				"up": { "uv": [ 8, 4, 12, 7.5 ], "texture": "#texture" },
				"north": { "uv": [ 8, 6, 12, 7 ], "texture": "#texture" },
				"south": { "uv": [ 8, 7, 12, 8 ], "texture": "#texture" },
				"west": { "uv": [ 8, 6, 12, 7 ], "texture": "#texture" },
				"east": { "uv": [ 8, 6, 12, 7 ], "texture": "#texture" }
			}
		},
		{
			"__comment": "Hat01",
			"from": [ 8.375, 19.625, 11.375 ],
			"to": [ 9.875, 20.125, 12.875 ],
			"faces": {
				"down": { "uv": [ 8, 4, 12, 7.5 ], "texture": "#texture" },
				"up": { "uv": [ 8, 4, 12, 7.5 ], "texture": "#texture" },
				"north": { "uv": [ 8, 7, 12, 8 ], "texture": "#texture" },
				"south": { "uv": [ 8, 7, 12, 8 ], "texture": "#texture" },
				"west": { "uv": [ 8, 6, 12, 7 ], "texture": "#texture" },
				"east": { "uv": [ 8, 6, 12, 7 ], "texture": "#texture" }
			}
		},
		{
			"__comment": "Hat01",
			"from": [ 9.875, 19.75, 11.375 ],
			"to": [ 11.375, 20.25, 12.375 ],
			"faces": {
				"down": { "uv": [ 8, 4, 12, 7.5 ], "texture": "#texture" },
				"up": { "uv": [ 8, 4, 12, 7.5 ], "texture": "#texture" },
				"north": { "uv": [ 8, 7, 12, 8 ], "texture": "#texture" },
				"south": { "uv": [ 8, 7, 12, 8 ], "texture": "#texture" },
				"west": { "uv": [ 8, 7, 12, 8 ], "texture": "#texture" },
				"east": { "uv": [ 8, 7, 12, 8 ], "texture": "#texture" }
			}
		},
		{
			"__comment": "Hat01",
			"from": [ 11, 19.75, 10.5 ],
			"to": [ 12.5, 20.25, 11.5 ],
			"faces": {
				"down": { "uv": [ 8, 4, 12, 7.5 ], "texture": "#texture" },
				"up": { "uv": [ 8, 4, 12, 7.5 ], "texture": "#texture" },
				"north": { "uv": [ 8, 7, 12, 8 ], "texture": "#texture" },
				"south": { "uv": [ 8, 7, 12, 8 ], "texture": "#texture" },
				"west": { "uv": [ 8, 7, 12, 8 ], "texture": "#texture" },
				"east": { "uv": [ 8, 7, 12, 8 ], "texture": "#texture" }
			}
		},
		{
			"__comment": "Hat01",
			"from": [ 11.25, 19.75, 9.5 ],
			"to": [ 12.75, 20.25, 10.5 ],
			"faces": {
				"down": { "uv": [ 8, 4, 12, 7.5 ], "texture": "#texture" },
				"up": { "uv": [ 8, 4, 12, 7.5 ], "texture": "#texture" },
				"north": { "uv": [ 8, 6, 12, 7 ], "texture": "#texture" },
				"south": { "uv": [ 8, 7, 12, 8 ], "texture": "#texture" },
				"west": { "uv": [ 8, 7, 12, 8 ], "texture": "#texture" },
				"east": { "uv": [ 8, 7, 12, 8 ], "texture": "#texture" }
			}
		},
		{
			"__comment": "Hat01",
			"from": [ 11.375, 19.875, 8.5 ],
			"to": [ 12.875, 20.375, 9.5 ],
			"faces": {
				"down": { "uv": [ 8, 4, 12, 7.5 ], "texture": "#texture" },
				"up": { "uv": [ 8, 4, 12, 7.5 ], "texture": "#texture" },
				"north": { "uv": [ 8, 6, 12, 7 ], "texture": "#texture" },
				"south": { "uv": [ 8, 7, 12, 8 ], "texture": "#texture" },
				"west": { "uv": [ 8, 7, 12, 8 ], "texture": "#texture" },
				"east": { "uv": [ 8, 7, 12, 8 ], "texture": "#texture" }
			}
		},
		{
			"__comment": "Hat01",
			"from": [ 11.375, 20, 7.5 ],
			"to": [ 12.875, 20.5, 8.5 ],
			"faces": {
				"down": { "uv": [ 8, 4, 12, 7.5 ], "texture": "#texture" },
				"up": { "uv": [ 8, 4, 12, 7.5 ], "texture": "#texture" },
				"north": { "uv": [ 8, 6, 12, 7 ], "texture": "#texture" },
				"south": { "uv": [ 8, 7, 12, 8 ], "texture": "#texture" },
				"west": { "uv": [ 8, 6, 12, 7 ], "texture": "#texture" },
				"east": { "uv": [ 8, 7, 12, 8 ], "texture": "#texture" }
			}
		},
		{
			"__comment": "Hat01",
			"from": [ 11.375, 19.875, 6.5 ],
			"to": [ 12.875, 20.375, 7.5 ],
			"faces": {
				"down": { "uv": [ 8, 4, 12, 7.5 ], "texture": "#texture" },
				"up": { "uv": [ 8, 4, 12, 7.5 ], "texture": "#texture" },
				"north": { "uv": [ 8, 6, 12, 7 ], "texture": "#texture" },
				"south": { "uv": [ 8, 6, 12, 7 ], "texture": "#texture" },
				"west": { "uv": [ 8, 7, 12, 8 ], "texture": "#texture" },
				"east": { "uv": [ 8, 7, 12, 8 ], "texture": "#texture" }
			}
		},
		{
			"__comment": "Hat01",
			"from": [ 11, 19.875, 5.5 ],
			"to": [ 12.5, 20.375, 6.5 ],
			"faces": {
				"down": { "uv": [ 8, 4, 12, 7.5 ], "texture": "#texture" },
				"up": { "uv": [ 8, 4, 12, 7.5 ], "texture": "#texture" },
				"north": { "uv": [ 8, 7, 12, 8 ], "texture": "#texture" },
				"south": { "uv": [ 8, 7, 12, 8 ], "texture": "#texture" },
				"west": { "uv": [ 8, 7, 12, 8 ], "texture": "#texture" },
				"east": { "uv": [ 8, 7, 12, 8 ], "texture": "#texture" }
			}
		},
		{
			"__comment": "Hat01",
			"from": [ 5.5, 19.75, 4.5 ],
			"to": [ 7, 20.25, 5.5 ],
			"faces": {
				"down": { "uv": [ 8, 4, 12, 7.5 ], "texture": "#texture" },
				"up": { "uv": [ 8, 4, 12, 7.5 ], "texture": "#texture" },
				"north": { "uv": [ 8, 7, 12, 8 ], "texture": "#texture" },
				"south": { "uv": [ 8, 7, 12, 8 ], "texture": "#texture" },
				"west": { "uv": [ 8, 7, 12, 8 ], "texture": "#texture" },
				"east": { "uv": [ 8, 7, 12, 8 ], "texture": "#texture" }
			}
		},
		{
			"__comment": "Hat01",
			"from": [ 7, 19.75, 4 ],
			"to": [ 8.5, 20.25, 5.5 ],
			"faces": {
				"down": { "uv": [ 8, 4, 12, 7.5 ], "texture": "#texture" },
				"up": { "uv": [ 8, 4, 12, 7.5 ], "texture": "#texture" },
				"north": { "uv": [ 8, 7, 12, 8 ], "texture": "#texture" },
				"south": { "uv": [ 8, 7, 12, 8 ], "texture": "#texture" },
				"west": { "uv": [ 8, 7, 12, 8 ], "texture": "#texture" },
				"east": { "uv": [ 8, 6, 12, 7 ], "texture": "#texture" }
			}
		},
		{
			"__comment": "Hat01",
			"from": [ 4.5, 19.75, 5.5 ],
			"to": [ 6, 20.25, 6.5 ],
			"faces": {
				"down": { "uv": [ 8, 4, 12, 7.5 ], "texture": "#texture" },
				"up": { "uv": [ 8, 4, 12, 7.5 ], "texture": "#texture" },
				"north": { "uv": [ 8, 7, 12, 8 ], "texture": "#texture" },
				"south": { "uv": [ 8, 7, 12, 8 ], "texture": "#texture" },
				"west": { "uv": [ 8, 7, 12, 8 ], "texture": "#texture" },
				"east": { "uv": [ 8, 7, 12, 8 ], "texture": "#texture" }
			}
		},
		{
			"__comment": "Hat01",
			"from": [ 8.5, 19.875, 4 ],
			"to": [ 10, 20.375, 5.5 ],
			"faces": {
				"down": { "uv": [ 8, 4, 12, 7.5 ], "texture": "#texture" },
				"up": { "uv": [ 8, 4, 12, 7.5 ], "texture": "#texture" },
				"north": { "uv": [ 8, 7, 12, 8 ], "texture": "#texture" },
				"south": { "uv": [ 8, 7, 12, 8 ], "texture": "#texture" },
				"west": { "uv": [ 8, 7, 12, 8 ], "texture": "#texture" },
				"east": { "uv": [ 8, 7, 12, 8 ], "texture": "#texture" }
			}
		},
		{
			"__comment": "Hat01",
			"from": [ 10, 19.875, 4.5 ],
			"to": [ 11.5, 20.375, 5.5 ],
			"faces": {
				"down": { "uv": [ 8, 4, 12, 7.5 ], "texture": "#texture" },
				"up": { "uv": [ 8, 4, 12, 7.5 ], "texture": "#texture" },
				"north": { "uv": [ 8, 7, 12, 8 ], "texture": "#texture" },
				"south": { "uv": [ 8, 7, 12, 8 ], "texture": "#texture" },
				"west": { "uv": [ 8, 7, 12, 8 ], "texture": "#texture" },
				"east": { "uv": [ 8, 7, 12, 8 ], "texture": "#texture" }
			}
		},
		{
			"__comment": "Hat01",
			"from": [ 4.125, 19.75, 6.5 ],
			"to": [ 5.625, 20.25, 7.5 ],
			"faces": {
				"down": { "uv": [ 8, 4, 12, 7.5 ], "texture": "#texture" },
				"up": { "uv": [ 8, 4, 12, 7.5 ], "texture": "#texture" },
				"north": { "uv": [ 8, 6, 12, 7 ], "texture": "#texture" },
				"south": { "uv": [ 8, 7, 12, 8 ], "texture": "#texture" },
				"west": { "uv": [ 8, 7, 12, 8 ], "texture": "#texture" },
				"east": { "uv": [ 8, 7, 12, 8 ], "texture": "#texture" }
			}
		},
		{
			"__comment": "Hat01",
			"from": [ 4.125, 19.75, 7.5 ],
			"to": [ 5.625, 20.25, 8.5 ],
			"faces": {
				"down": { "uv": [ 8, 4, 12, 7.5 ], "texture": "#texture" },
				"up": { "uv": [ 8, 4, 12, 7.5 ], "texture": "#texture" },
				"north": { "uv": [ 8, 6, 12, 7 ], "texture": "#texture" },
				"south": { "uv": [ 8, 7, 12, 8 ], "texture": "#texture" },
				"west": { "uv": [ 8, 7, 12, 8 ], "texture": "#texture" },
				"east": { "uv": [ 8, 7, 12, 8 ], "texture": "#texture" }
			}
		},
		{
			"__comment": "Hat01",
			"from": [ 4.125, 19.5, 8.5 ],
			"to": [ 5.625, 20, 9.5 ],
			"faces": {
				"down": { "uv": [ 8, 4, 12, 7.5 ], "texture": "#texture" },
				"up": { "uv": [ 8, 4, 12, 7.5 ], "texture": "#texture" },
				"north": { "uv": [ 8, 6, 12, 7 ], "texture": "#texture" },
				"south": { "uv": [ 8, 7, 12, 8 ], "texture": "#texture" },
				"west": { "uv": [ 8, 7, 12, 8 ], "texture": "#texture" },
				"east": { "uv": [ 8, 6, 12, 7 ], "texture": "#texture" }
			}
		},
		{
			"__comment": "Hat01",
			"from": [ 4.125, 19.5, 9.5 ],
			"to": [ 5.625, 20, 10.5 ],
			"faces": {
				"down": { "uv": [ 8, 4, 12, 7.5 ], "texture": "#texture" },
				"up": { "uv": [ 8, 4, 12, 7.5 ], "texture": "#texture" },
				"north": { "uv": [ 8, 6, 12, 7 ], "texture": "#texture" },
				"south": { "uv": [ 8, 7, 12, 8 ], "texture": "#texture" },
				"west": { "uv": [ 8, 7, 12, 8 ], "texture": "#texture" },
				"east": { "uv": [ 8, 7, 12, 8 ], "texture": "#texture" }
			}
		},
		{
			"__comment": "Hat01",
			"from": [ 4.375, 19.25, 10.5 ],
			"to": [ 5.875, 19.75, 11.5 ],
			"faces": {
				"down": { "uv": [ 8, 4, 12, 7.5 ], "texture": "#texture" },
				"up": { "uv": [ 8, 4, 12, 7.5 ], "texture": "#texture" },
				"north": { "uv": [ 8, 6, 12, 7 ], "texture": "#texture" },
				"south": { "uv": [ 8, 7, 12, 8 ], "texture": "#texture" },
				"west": { "uv": [ 8, 7, 12, 8 ], "texture": "#texture" },
				"east": { "uv": [ 8, 6, 12, 7 ], "texture": "#texture" }
			}
		},
		{
			"__comment": "Hat01",
			"from": [ 4.5, 19.125, 11 ],
			"to": [ 6, 19.625, 12 ],
			"faces": {
				"down": { "uv": [ 8, 4, 12, 7.5 ], "texture": "#texture" },
				"up": { "uv": [ 8, 4, 12, 7.5 ], "texture": "#texture" },
				"north": { "uv": [ 8, 6, 12, 7 ], "texture": "#texture" },
				"south": { "uv": [ 8, 7, 12, 8 ], "texture": "#texture" },
				"west": { "uv": [ 8, 7, 12, 8 ], "texture": "#texture" },
				"east": { "uv": [ 8, 6, 12, 7 ], "texture": "#texture" }
			}
		},
		{
			"__comment": "Hat01",
			"from": [ 10.5, 19.75, 11 ],
			"to": [ 12.5, 20.25, 12 ],
			"faces": {
				"down": { "uv": [ 8, 4, 12, 7.5 ], "texture": "#texture" },
				"up": { "uv": [ 8, 4, 12, 7.5 ], "texture": "#texture" },
				"north": { "uv": [ 8, 7, 12, 8 ], "texture": "#texture" },
				"south": { "uv": [ 8, 7, 12, 8 ], "texture": "#texture" },
				"west": { "uv": [ 8, 7, 12, 8 ], "texture": "#texture" },
				"east": { "uv": [ 8, 7, 12, 8 ], "texture": "#texture" }
			}
		},
		{
			"__comment": "Body",
			"from": [ 6.5, 7.5, 6.75 ],
			"to": [ 10.5, 10, 10.25 ],
			"faces": {
				"down": { "uv": [ 4.5, 13, 7.5, 15.5 ], "texture": "#texture", "rotation": 270 },
				"up": { "uv": [ 12, 12, 16, 16 ], "texture": "#texture" },
				"north": { "uv": [ 8, 14, 12, 16 ], "texture": "#texture" },
				"south": { "uv": [ 0, 14, 4, 16 ], "texture": "#texture" },
				"west": { "uv": [ 8, 14, 4, 16 ], "texture": "#texture" },
				"east": { "uv": [ 4, 14, 8, 16 ], "texture": "#texture" }
			}
		},
		{
			"__comment": "Body",
			"from": [ 7, 10, 7.25 ],
			"to": [ 10, 11.5, 9.75 ],
			"faces": {
				"down": { "uv": [ 9.5, 10.5, 5.5, 6.5625 ], "texture": "#texture" },
				"up": { "uv": [ 0, 8, 4, 9 ], "texture": "#texture" },
				"north": { "uv": [ 8, 13, 12, 14 ], "texture": "#texture" },
				"south": { "uv": [ 0, 13, 4, 14 ], "texture": "#texture" },
				"west": { "uv": [ 8, 13, 4, 14 ], "texture": "#texture" },
				"east": { "uv": [ 4, 13, 8, 14 ], "texture": "#texture" }
			}
		},
		{
			"__comment": "Body",
			"from": [ 6.5, 13, 7 ],
			"to": [ 10.5, 15, 10 ],
			"faces": {
				"down": { "uv": [ 12, 12, 16, 16 ], "texture": "#texture" },
				"up": { "uv": [ 0, 8, 4, 9 ], "texture": "#texture" },
				"north": { "uv": [ 8, 8, 12, 11 ], "texture": "#texture" },
				"south": { "uv": [ 0, 8, 4, 11 ], "texture": "#texture" },
				"west": { "uv": [ 8, 8, 4, 11 ], "texture": "#texture" },
				"east": { "uv": [ 4, 8, 8, 11 ], "texture": "#texture" }
			}
		},
		{
			"__comment": "Body",
			"from": [ 6.75, 11.5, 7 ],
			"to": [ 10.25, 13, 10 ],
			"faces": {
				"down": { "uv": [ 9, 13.5, 3, 12 ], "texture": "#texture", "rotation": 270 },
				"up": { "uv": [ 0, 8, 4, 9 ], "texture": "#texture" },
				"north": { "uv": [ 8, 11, 12, 13 ], "texture": "#texture" },
				"south": { "uv": [ 0, 11, 4, 13 ], "texture": "#texture" },
				"west": { "uv": [ 8, 11, 4, 13 ], "texture": "#texture" },
				"east": { "uv": [ 4, 11, 8, 13 ], "texture": "#texture" }
			}
		},
		{
			"__comment": "Head",
			"from": [ 9.75, 15.75, 6.5 ],
			"to": [ 10.25, 19.75, 10.5 ],
			"faces": {
				"down": { "uv": [ 1.5, 2.5, 2.5, 3.5 ], "texture": "#texture" },
				"north": { "uv": [ 1.5, 2.5, 2.5, 3.5 ], "texture": "#texture" },
				"south": { "uv": [ 3.5, 0, 4, 4 ], "texture": "#texture" },
				"west": { "uv": [ 1.5, 2.5, 2.5, 3.5 ], "texture": "#texture" },
				"east": { "uv": [ 1.5, 2.5, 2.5, 3.5 ], "texture": "#texture" }
			}
		},
		{
			"__comment": "Head",
			"from": [ 6.75, 15.75, 6.5 ],
			"to": [ 7.25, 19.75, 10.5 ],
			"faces": {
				"down": { "uv": [ 1.5, 2.5, 2.5, 3.5 ], "texture": "#texture" },
				"north": { "uv": [ 1.5, 2.5, 2.5, 3.5 ], "texture": "#texture" },
				"south": { "uv": [ 0, 0, 0.5, 4 ], "texture": "#texture" },
				"west": { "uv": [ 1.5, 2.5, 2.5, 3.5 ], "texture": "#texture" },
				"east": { "uv": [ 1.5, 2.5, 2.5, 3.5 ], "texture": "#texture" }
			}
		},
		{
			"__comment": "Leg",
			"from": [ 6.5, 6, 7.25 ],
			"to": [ 8.5, 8.5, 9.75 ],
			"faces": {
				"down": { "uv": [ 0, 0, 16, 16 ], "texture": "#texture2" },
				"up": { "uv": [ 0, 0, 16, 16 ], "texture": "#texture2" },
				"north": { "uv": [ 0, 0, 16, 16 ], "texture": "#texture2" },
				"south": { "uv": [ 0, 0, 16, 16 ], "texture": "#texture2" },
				"west": { "uv": [ 0, 0, 16, 16 ], "texture": "#texture2" },
				"east": { "uv": [ 0, 0, 16, 16 ], "texture": "#texture2" }
			}
		},
		{
			"__comment": "Leg",
			"from": [ 8.625, 5.875, 7.25 ],
			"to": [ 10.625, 8.375, 9.75 ],
			"faces": {
				"down": { "uv": [ 0, 0, 16, 16 ], "texture": "#texture2" },
				"up": { "uv": [ 0, 0, 16, 16 ], "texture": "#texture2" },
				"north": { "uv": [ 0, 0, 16, 16 ], "texture": "#texture2" },
				"south": { "uv": [ 0, 0, 16, 16 ], "texture": "#texture2" },
				"west": { "uv": [ 0, 0, 16, 16 ], "texture": "#texture2" },
				"east": { "uv": [ 0, 0, 16, 16 ], "texture": "#texture2" }
			}
		},
		{
			"__comment": "Leg",
			"from": [ 9, -1.5, 7.75 ],
			"to": [ 10.5, 6.5, 9.25 ],
			"faces": {
				"down": { "uv": [ 0, 0, 16, 16 ], "texture": "#texture2" },
				"up": { "uv": [ 0, 0, 16, 16 ], "texture": "#texture2" },
				"north": { "uv": [ 0, 0, 16, 16 ], "texture": "#texture2" },
				"south": { "uv": [ 0, 0, 16, 16 ], "texture": "#texture2" },
				"west": { "uv": [ 0, 0, 16, 16 ], "texture": "#texture2" },
				"east": { "uv": [ 0, 0, 16, 16 ], "texture": "#texture2" }
			}
		},
		{
			"__comment": "Leg",
			"from": [ 6.625, -1.5, 7.75 ],
			"to": [ 8.125, 6.5, 9.25 ],
			"faces": {
				"down": { "uv": [ 0, 0, 16, 16 ], "texture": "#texture2" },
				"up": { "uv": [ 0, 0, 16, 16 ], "texture": "#texture2" },
				"north": { "uv": [ 0, 0, 16, 16 ], "texture": "#texture2" },
				"south": { "uv": [ 0, 0, 16, 16 ], "texture": "#texture2" },
				"west": { "uv": [ 0, 0, 16, 16 ], "texture": "#texture2" },
				"east": { "uv": [ 0, 0, 16, 16 ], "texture": "#texture2" }
			}
		},
		{
			"__comment": "hair04",
			"from": [ 7, 11.5, 6.5 ],
			"to": [ 10, 17, 7 ],
			"faces": {
				"down": { "uv": [ 0, 0, 16, 1 ], "texture": "#texture" },
				"north": { "uv": [ 4, 0, 8, 4 ], "texture": "#texture" },
				"south": { "uv": [ 4, 0, 8, 4 ], "texture": "#texture" },
				"west": { "uv": [ 4, 0, 4.5, 4 ], "texture": "#texture" },
				"east": { "uv": [ 7, 0, 7.5, 4 ], "texture": "#texture" }
			}
		},
		{
			"__comment": "hair02",
			"from": [ 6.25, 15.5, 6.5 ],
			"to": [ 6.75, 18.5, 10 ],
			"faces": {
				"north": { "uv": [ 4, 0, 4.5, 4 ], "texture": "#texture" },
				"south": { "uv": [ 4, 0, 4.5, 4 ], "texture": "#texture" },
				"west": { "uv": [ 4, 0, 8, 4 ], "texture": "#texture" },
				"east": { "uv": [ 4, 0, 8, 4 ], "texture": "#texture" }
			}
		},
		{
			"__comment": "hair02",
			"from": [ 10.25, 15.5, 6.5 ],
			"to": [ 10.75, 18.5, 10 ],
			"faces": {
				"north": { "uv": [ 4, 0, 4.5, 4 ], "texture": "#texture" },
				"south": { "uv": [ 4, 0, 4.5, 4 ], "texture": "#texture" },
				"west": { "uv": [ 4, 0, 8, 4 ], "texture": "#texture" },
				"east": { "uv": [ 4, 0, 8, 4 ], "texture": "#texture" }
			}
		},
		{
			"__comment": "hand",
			"from": [ 5.5, 6.5, 8 ],
			"to": [ 6.5, 14.5, 9.5 ],
			"faces": {
				"down": { "uv": [ 0, 0, 16, 16 ], "texture": "#texture2" },
				"up": { "uv": [ 0, 0, 16, 16 ], "texture": "#texture2" },
				"north": { "uv": [ 0, 0, 16, 16 ], "texture": "#texture2" },
				"south": { "uv": [ 0, 0, 16, 16 ], "texture": "#texture2" },
				"west": { "uv": [ 0, 0, 16, 16 ], "texture": "#texture2" },
				"east": { "uv": [ 0, 0, 16, 16 ], "texture": "#texture2" }
			}
		},
		{
			"__comment": "hand",
			"from": [ 10.5, 6.5, 8 ],
			"to": [ 11.5, 14.5, 9.5 ],
			"faces": {
				"down": { "uv": [ 0, 0, 16, 16 ], "texture": "#texture2" },
				"up": { "uv": [ 0, 0, 16, 16 ], "texture": "#texture2" },
				"north": { "uv": [ 0, 0, 16, 16 ], "texture": "#texture2" },
				"south": { "uv": [ 0, 0, 16, 16 ], "texture": "#texture2" },
				"west": { "uv": [ 0, 0, 16, 16 ], "texture": "#texture2" },
				"east": { "uv": [ 0, 0, 16, 16 ], "texture": "#texture2" }
			}
		},
		{
			"__comment": "hand",
			"from": [ 5.25, 7.5, 7.75 ],
			"to": [ 6.75, 11, 9.75 ],
			"faces": {
				"north": { "uv": [ 0, 0, 16, 16 ], "texture": "#texture3" },
				"south": { "uv": [ 0, 0, 16, 16 ], "texture": "#texture3" },
				"west": { "uv": [ 0, 0, 16, 16 ], "texture": "#texture3" },
				"east": { "uv": [ 0, 0, 16, 16 ], "texture": "#texture3" }
			}
		},
		{
			"__comment": "hand",
			"from": [ 10.25, 7.5, 7.75 ],
			"to": [ 11.75, 11, 9.75 ],
			"faces": {
				"north": { "uv": [ 0, 0, 16, 16 ], "texture": "#texture3" },
				"south": { "uv": [ 0, 0, 16, 16 ], "texture": "#texture3" },
				"west": { "uv": [ 0, 0, 16, 16 ], "texture": "#texture3" },
				"east": { "uv": [ 0, 0, 16, 16 ], "texture": "#texture3" }
			}
		},
		{
			"__comment": "PlaneZ74",
			"from": [ 1.5, 12.125, 9.5 ],
			"to": [ 5.5, 16.125, 9.501 ],
			"rotation": { "origin": [ 1.5, 12.125, 9.5 ], "axis": "x", "angle": -45 },
			"faces": {
				"north": { "uv": [ 11.5, 3.5, 4, 11.5 ], "texture": "#texture4" },
				"south": { "uv": [ 4, 3.5, 11.5, 11.5 ], "texture": "#texture4" }
			}
		},
		{
			"__comment": "PlaneZ74",
			"from": [ 11.5, 12, 9.5 ],
			"to": [ 15.5, 16, 9.501 ],
			"rotation": { "origin": [ 11.5, 12, 9.5 ], "axis": "x", "angle": -45 },
			"faces": {
				"north": { "uv": [ 4, 3.5, 11.5, 11.5 ], "texture": "#texture4" },
				"south": { "uv": [ 11.5, 3.5, 4, 11.5 ], "texture": "#texture4" }
			}
		},
		{
			"__comment": "clotha",
			"from": [ 7.25, 6.375, 10 ],
			"to": [ 9.75, 8.875, 10.5 ],
			"faces": {
				"down": { "uv": [ 7.5, 5.5, 9.5, 6 ], "texture": "#1" },
				"up": { "uv": [ 7.5, 10, 9.5, 10.5 ], "texture": "#1" },
				"north": { "uv": [ 6.5, 7.125, 8.5, 9.625 ], "texture": "#1" },
				"south": { "uv": [ 0, 0, 16, 16 ], "texture": "#1" },
				"west": { "uv": [ 10, 7.125, 10.5, 9.625 ], "texture": "#1" },
				"east": { "uv": [ 5.5, 7.125, 6, 9.625 ], "texture": "#1" }
			}
		},
		{
			"__comment": "clotha1",
			"from": [ 7.125, 6.5, 6.5 ],
			"to": [ 9.625, 9, 7 ],
			"faces": {
				"down": { "uv": [ 7.5, 5.5, 9.5, 6 ], "texture": "#1" },
				"up": { "uv": [ 7.5, 10, 9.5, 10.5 ], "texture": "#1" },
				"north": { "uv": [ 6.5, 7.125, 8.5, 9.625 ], "texture": "#1" },
				"south": { "uv": [ 0, 0, 16, 16 ], "texture": "#1" },
				"west": { "uv": [ 10, 7.125, 10.5, 9.625 ], "texture": "#1" },
				"east": { "uv": [ 5.5, 7.125, 6, 9.625 ], "texture": "#1" }
			}
		},
		{
			"__comment": "clotha2",
			"from": [ 7.5, 2.5, 10.125 ],
			"to": [ 9.5, 6.5, 10.625 ],
			"faces": {
				"down": { "uv": [ 7.5, 5.5, 9.5, 6 ], "texture": "#1" },
				"up": { "uv": [ 7.5, 10, 9.5, 10.5 ], "texture": "#1" },
				"north": { "uv": [ 6.5, 7.125, 8.5, 9.625 ], "texture": "#1" },
				"south": { "uv": [ 0, 0, 16, 16 ], "texture": "#1" },
				"west": { "uv": [ 10, 7.125, 10.5, 9.625 ], "texture": "#1" },
				"east": { "uv": [ 5.5, 7.125, 6, 9.625 ], "texture": "#1" }
			}
		},
		{
			"__comment": "clotha3",
			"from": [ 7.5, 2.5, 6.375 ],
			"to": [ 9.5, 6.5, 6.875 ],
			"faces": {
				"down": { "uv": [ 7.5, 5.5, 9.5, 6 ], "texture": "#1" },
				"up": { "uv": [ 7.5, 10, 9.5, 10.5 ], "texture": "#1" },
				"north": { "uv": [ 6.5, 7.125, 8.5, 9.625 ], "texture": "#1" },
				"south": { "uv": [ 0, 0, 16, 16 ], "texture": "#1" },
				"west": { "uv": [ 10, 7.125, 10.5, 9.625 ], "texture": "#1" },
				"east": { "uv": [ 5.5, 7.125, 6, 9.625 ], "texture": "#1" }
			}
		},
		{
			"__comment": "clotha4",
			"from": [ 7.75, -0.5, 10.25 ],
			"to": [ 9.25, 2.5, 10.75 ],
			"faces": {
				"down": { "uv": [ 7.5, 5.5, 9.5, 6 ], "texture": "#1" },
				"up": { "uv": [ 7.5, 10, 9.5, 10.5 ], "texture": "#1" },
				"north": { "uv": [ 6.5, 7.125, 8.5, 9.625 ], "texture": "#1" },
				"south": { "uv": [ 0, 0, 16, 16 ], "texture": "#1" },
				"west": { "uv": [ 10, 7.125, 10.5, 9.625 ], "texture": "#1" },
				"east": { "uv": [ 5.5, 7.125, 6, 9.625 ], "texture": "#1" }
			}
		},
		{
			"__comment": "clotha5",
			"from": [ 7.75, -0.5, 6.25 ],
			"to": [ 9.25, 2.5, 6.75 ],
			"faces": {
				"down": { "uv": [ 7.5, 5.5, 9.5, 6 ], "texture": "#1" },
				"up": { "uv": [ 7.5, 10, 9.5, 10.5 ], "texture": "#1" },
				"north": { "uv": [ 6.5, 7.125, 8.5, 9.625 ], "texture": "#1" },
				"south": { "uv": [ 0, 0, 16, 16 ], "texture": "#1" },
				"west": { "uv": [ 10, 7.125, 10.5, 9.625 ], "texture": "#1" },
				"east": { "uv": [ 5.5, 7.125, 6, 9.625 ], "texture": "#1" }
			}
		},
		{
			"__comment": "clothb",
			"from": [ 7.25, 6.375, 10.125 ],
			"to": [ 9.75, 8.875, 10.625 ],
			"faces": {
				"down": { "uv": [ 7.5, 5.5, 9.5, 6 ], "texture": "#2" },
				"up": { "uv": [ 7.5, 10, 9.5, 10.5 ], "texture": "#2" },
				"north": { "uv": [ 6.5, 7.125, 8.5, 9.625 ], "texture": "#2" },
				"south": { "uv": [ 0, 0, 16, 16 ], "texture": "#2" },
				"west": { "uv": [ 10, 7.125, 10.5, 9.625 ], "texture": "#2" },
				"east": { "uv": [ 5.5, 7.125, 6, 9.625 ], "texture": "#2" }
			}
		},
		{
			"__comment": "clothb1",
			"from": [ 7.125, 6.5, 6.375 ],
			"to": [ 9.625, 9, 6.875 ],
			"faces": {
				"down": { "uv": [ 7.5, 5.5, 9.5, 6 ], "texture": "#2" },
				"up": { "uv": [ 7.5, 10, 9.5, 10.5 ], "texture": "#2" },
				"north": { "uv": [ 6.5, 7.125, 8.5, 9.625 ], "texture": "#2" },
				"south": { "uv": [ 0, 0, 16, 16 ], "texture": "#2" },
				"west": { "uv": [ 10, 7.125, 10.5, 9.625 ], "texture": "#2" },
				"east": { "uv": [ 5.5, 7.125, 6, 9.625 ], "texture": "#2" }
			}
		},
		{
			"__comment": "clothb2",
			"from": [ 7.5, 2.5, 10.25 ],
			"to": [ 9.5, 6.5, 10.75 ],
			"faces": {
				"down": { "uv": [ 7.5, 5.5, 9.5, 6 ], "texture": "#2" },
				"up": { "uv": [ 7.5, 10, 9.5, 10.5 ], "texture": "#2" },
				"north": { "uv": [ 6.5, 7.125, 8.5, 9.625 ], "texture": "#2" },
				"south": { "uv": [ 0, 0, 16, 16 ], "texture": "#2" },
				"west": { "uv": [ 10, 7.125, 10.5, 9.625 ], "texture": "#2" },
				"east": { "uv": [ 5.5, 7.125, 6, 9.625 ], "texture": "#2" }
			}
		},
		{
			"__comment": "clothb3",
			"from": [ 7.5, 2.5, 6.25 ],
			"to": [ 9.5, 6.5, 6.75 ],
			"faces": {
				"down": { "uv": [ 7.5, 5.5, 9.5, 6 ], "texture": "#2" },
				"up": { "uv": [ 7.5, 10, 9.5, 10.5 ], "texture": "#2" },
				"north": { "uv": [ 6.5, 7.125, 8.5, 9.625 ], "texture": "#2" },
				"south": { "uv": [ 0, 0, 16, 16 ], "texture": "#2" },
				"west": { "uv": [ 10, 7.125, 10.5, 9.625 ], "texture": "#2" },
				"east": { "uv": [ 5.5, 7.125, 6, 9.625 ], "texture": "#2" }
			}
		},
		{
			"__comment": "clothb4",
			"from": [ 7.75, -0.5, 10.125 ],
			"to": [ 9.25, 2.5, 10.625 ],
			"faces": {
				"down": { "uv": [ 7.5, 5.5, 9.5, 6 ], "texture": "#2" },
				"up": { "uv": [ 7.5, 10, 9.5, 10.5 ], "texture": "#2" },
				"north": { "uv": [ 6.5, 7.125, 8.5, 9.625 ], "texture": "#2" },
				"south": { "uv": [ 0, 0, 16, 16 ], "texture": "#2" },
				"west": { "uv": [ 10, 7.125, 10.5, 9.625 ], "texture": "#2" },
				"east": { "uv": [ 5.5, 7.125, 6, 9.625 ], "texture": "#2" }
			}
		},
		{
			"__comment": "clothb5",
			"from": [ 7.75, -0.5, 6.375 ],
			"to": [ 9.25, 2.5, 6.875 ],
			"faces": {
				"down": { "uv": [ 7.5, 5.5, 9.5, 6 ], "texture": "#2" },
				"up": { "uv": [ 7.5, 10, 9.5, 10.5 ], "texture": "#2" },
				"north": { "uv": [ 6.5, 7.125, 8.5, 9.625 ], "texture": "#2" },
				"south": { "uv": [ 0, 0, 16, 16 ], "texture": "#2" },
				"west": { "uv": [ 10, 7.125, 10.5, 9.625 ], "texture": "#2" },
				"east": { "uv": [ 5.5, 7.125, 6, 9.625 ], "texture": "#2" }
			}
		},
		{
			"__comment": "clothc",
			"from": [ 7.25, 6.375, 10.25 ],
			"to": [ 9.75, 8.875, 10.75 ],
			"faces": {
				"down": { "uv": [ 7.5, 5.5, 9.5, 6 ], "texture": "#3" },
				"up": { "uv": [ 7.5, 10, 9.5, 10.5 ], "texture": "#3" },
				"north": { "uv": [ 6.5, 7.125, 8.5, 9.625 ], "texture": "#3" },
				"south": { "uv": [ 0, 0, 16, 16 ], "texture": "#3" },
				"west": { "uv": [ 10, 7.125, 10.5, 9.625 ], "texture": "#3" },
				"east": { "uv": [ 5.5, 7.125, 6, 9.625 ], "texture": "#3" }
			}
		},
		{
			"__comment": "clothc1",
			"from": [ 7.125, 6.5, 6.25 ],
			"to": [ 9.625, 9, 6.75 ],
			"faces": {
				"down": { "uv": [ 7.5, 5.5, 9.5, 6 ], "texture": "#3" },
				"up": { "uv": [ 7.5, 10, 9.5, 10.5 ], "texture": "#3" },
				"north": { "uv": [ 6.5, 7.125, 8.5, 9.625 ], "texture": "#3" },
				"south": { "uv": [ 0, 0, 16, 16 ], "texture": "#3" },
				"west": { "uv": [ 10, 7.125, 10.5, 9.625 ], "texture": "#3" },
				"east": { "uv": [ 5.5, 7.125, 6, 9.625 ], "texture": "#3" }
			}
		},
		{
			"__comment": "clothc2",
			"from": [ 7.5, 2.5, 10.125 ],
			"to": [ 9.5, 6.5, 10.625 ],
			"faces": {
				"down": { "uv": [ 7.5, 5.5, 9.5, 6 ], "texture": "#3" },
				"up": { "uv": [ 7.5, 10, 9.5, 10.5 ], "texture": "#3" },
				"north": { "uv": [ 6.5, 7.125, 8.5, 9.625 ], "texture": "#3" },
				"south": { "uv": [ 0, 0, 16, 16 ], "texture": "#3" },
				"west": { "uv": [ 10, 7.125, 10.5, 9.625 ], "texture": "#3" },
				"east": { "uv": [ 5.5, 7.125, 6, 9.625 ], "texture": "#3" }
			}
		},
		{
			"__comment": "clothc3",
			"from": [ 7.5, 2.5, 6.375 ],
			"to": [ 9.5, 6.5, 6.875 ],
			"faces": {
				"down": { "uv": [ 7.5, 5.5, 9.5, 6 ], "texture": "#3" },
				"up": { "uv": [ 7.5, 10, 9.5, 10.5 ], "texture": "#3" },
				"north": { "uv": [ 6.5, 7.125, 8.5, 9.625 ], "texture": "#3" },
				"south": { "uv": [ 0, 0, 16, 16 ], "texture": "#3" },
				"west": { "uv": [ 10, 7.125, 10.5, 9.625 ], "texture": "#3" },
				"east": { "uv": [ 5.5, 7.125, 6, 9.625 ], "texture": "#3" }
			}
		},
		{
			"__comment": "clothc4",
			"from": [ 7.75, -0.5, 10 ],
			"to": [ 9.25, 2.5, 10.5 ],
			"faces": {
				"down": { "uv": [ 7.5, 5.5, 9.5, 6 ], "texture": "#3" },
				"up": { "uv": [ 7.5, 10, 9.5, 10.5 ], "texture": "#3" },
				"north": { "uv": [ 6.5, 7.125, 8.5, 9.625 ], "texture": "#3" },
				"south": { "uv": [ 0, 0, 16, 16 ], "texture": "#3" },
				"west": { "uv": [ 10, 7.125, 10.5, 9.625 ], "texture": "#3" },
				"east": { "uv": [ 5.5, 7.125, 6, 9.625 ], "texture": "#3" }
			}
		},
		{
			"__comment": "clothc5",
			"from": [ 7.75, -0.5, 6.5 ],
			"to": [ 9.25, 2.5, 7 ],
			"faces": {
				"down": { "uv": [ 7.5, 5.5, 9.5, 6 ], "texture": "#3" },
				"up": { "uv": [ 7.5, 10, 9.5, 10.5 ], "texture": "#3" },
				"north": { "uv": [ 6.5, 7.125, 8.5, 9.625 ], "texture": "#3" },
				"south": { "uv": [ 0, 0, 16, 16 ], "texture": "#3" },
				"west": { "uv": [ 10, 7.125, 10.5, 9.625 ], "texture": "#3" },
				"east": { "uv": [ 5.5, 7.125, 6, 9.625 ], "texture": "#3" }
			}
		},
		{
			"__comment": "clothd",
			"from": [ 7.25, 6.375, 10.125 ],
			"to": [ 9.75, 8.875, 10.625 ],
			"faces": {
				"down": { "uv": [ 7.5, 5.5, 9.5, 6 ], "texture": "#4" },
				"up": { "uv": [ 7.5, 10, 9.5, 10.5 ], "texture": "#4" },
				"north": { "uv": [ 6.5, 7.125, 8.5, 9.625 ], "texture": "#4" },
				"south": { "uv": [ 0, 0, 16, 16 ], "texture": "#4" },
				"west": { "uv": [ 10, 7.125, 10.5, 9.625 ], "texture": "#4" },
				"east": { "uv": [ 5.5, 7.125, 6, 9.625 ], "texture": "#4" }
			}
		},
		{
			"__comment": "clothd1",
			"from": [ 7.125, 6.5, 6.375 ],
			"to": [ 9.625, 9, 6.875 ],
			"faces": {
				"down": { "uv": [ 7.5, 5.5, 9.5, 6 ], "texture": "#4" },
				"up": { "uv": [ 7.5, 10, 9.5, 10.5 ], "texture": "#4" },
				"north": { "uv": [ 6.5, 7.125, 8.5, 9.625 ], "texture": "#4" },
				"south": { "uv": [ 0, 0, 16, 16 ], "texture": "#4" },
				"west": { "uv": [ 10, 7.125, 10.5, 9.625 ], "texture": "#4" },
				"east": { "uv": [ 5.5, 7.125, 6, 9.625 ], "texture": "#4" }
			}
		},
		{
			"__comment": "clothd2",
			"from": [ 7.5, 2.5, 10 ],
			"to": [ 9.5, 6.5, 10.5 ],
			"faces": {
				"down": { "uv": [ 7.5, 5.5, 9.5, 6 ], "texture": "#4" },
				"up": { "uv": [ 7.5, 10, 9.5, 10.5 ], "texture": "#4" },
				"north": { "uv": [ 6.5, 7.125, 8.5, 9.625 ], "texture": "#4" },
				"south": { "uv": [ 0, 0, 16, 16 ], "texture": "#4" },
				"west": { "uv": [ 10, 7.125, 10.5, 9.625 ], "texture": "#4" },
				"east": { "uv": [ 5.5, 7.125, 6, 9.625 ], "texture": "#4" }
			}
		},
		{
			"__comment": "clothd3",
			"from": [ 7.5, 2.5, 6.5 ],
			"to": [ 9.5, 6.5, 7 ],
			"faces": {
				"down": { "uv": [ 7.5, 5.5, 9.5, 6 ], "texture": "#4" },
				"up": { "uv": [ 7.5, 10, 9.5, 10.5 ], "texture": "#4" },
				"north": { "uv": [ 6.5, 7.125, 8.5, 9.625 ], "texture": "#4" },
				"south": { "uv": [ 0, 0, 16, 16 ], "texture": "#4" },
				"west": { "uv": [ 10, 7.125, 10.5, 9.625 ], "texture": "#4" },
				"east": { "uv": [ 5.5, 7.125, 6, 9.625 ], "texture": "#4" }
			}
		},
		{
			"__comment": "clothd4",
			"from": [ 7.75, -0.5, 10.125 ],
			"to": [ 9.25, 2.5, 10.625 ],
			"faces": {
				"down": { "uv": [ 7.5, 5.5, 9.5, 6 ], "texture": "#4" },
				"up": { "uv": [ 7.5, 10, 9.5, 10.5 ], "texture": "#4" },
				"north": { "uv": [ 6.5, 7.125, 8.5, 9.625 ], "texture": "#4" },
				"south": { "uv": [ 0, 0, 16, 16 ], "texture": "#4" },
				"west": { "uv": [ 10, 7.125, 10.5, 9.625 ], "texture": "#4" },
				"east": { "uv": [ 5.5, 7.125, 6, 9.625 ], "texture": "#4" }
			}
		},
		{
			"__comment": "clothd5",
			"from": [ 7.75, -0.5, 6.375 ],
			"to": [ 9.25, 2.5, 6.875 ],
			"faces": {
				"down": { "uv": [ 7.5, 5.5, 9.5, 6 ], "texture": "#4" },
				"up": { "uv": [ 7.5, 10, 9.5, 10.5 ], "texture": "#4" },
				"north": { "uv": [ 6.5, 7.125, 8.5, 9.625 ], "texture": "#4" },
				"south": { "uv": [ 0, 0, 16, 16 ], "texture": "#4" },
				"west": { "uv": [ 10, 7.125, 10.5, 9.625 ], "texture": "#4" },
				"east": { "uv": [ 5.5, 7.125, 6, 9.625 ], "texture": "#4" }
			}
		}
	],
	"display": {
		"thirdperson_righthand": {
			"rotation":  [ 8, 180, 1 ],
			"translation":  [ -5.67, 5.67, 10.02 ],
			"scale":  [ 1.8, 1.8, 1.8 ]
		},
		"thirdperson_lefthand": {
			"rotation":  [ 8, 180, 1 ],
			"translation":  [ -5.67, 5.67, 10.02 ],
			"scale":  [ 1.8, 1.8, 1.8 ]
		},
		"firstperson_righthand": {
			"rotation":  [ 0, 180, 0 ]
		},
		"firstperson_lefthand": {
			"rotation":  [ 0, 180, 0 ]
		},
		"gui": {
			"translation":  [ -0.19, -1.13, 0 ],
			"scale":  [ 0.5, 0.5, 0.5 ]
		},
		"head": {
			"rotation":  [ 0, 180, 0 ]
		},
		"ground": {
			"translation":  [ 0, 20.79, 0 ],
			"scale":  [ 1.8, 1.8, 1.8 ]
		},
		"fixed": {
			"rotation":  [ 0, 180, 0 ]
		}
	}
}