{
	"__comment": "Designed by Zeibo with Cubik Studio - https://cubik.studio",
	"textures": {
		"particle": "blocks/e_particle",
		"texture": "blocks/ice",
		"texture1": "blocks/ice_packed"
	},
	"elements": [ 	 
		{
			"__comment": "Box1",
			"from": [ -5.5, -14, 17 ],
			"to": [ 2, -6.5, 23.5 ],
			"faces": {
				"down": { "uv": [ 0, 0, 16, 16 ], "texture": "#texture" },
				"up": { "uv": [ 0, 0, 16, 16 ], "texture": "#texture" },
				"north": { "uv": [ 0, 0, 16, 16 ], "texture": "#texture" },
				"south": { "uv": [ 0, 0, 16, 16 ], "texture": "#texture" },
				"west": { "uv": [ 0, 0, 16, 16 ], "texture": "#texture" },
				"east": { "uv": [ 0, 0, 16, 16 ], "texture": "#texture" }
			}
		},
		{
			"__comment": "Box1",
			"from": [ 17, -13.5, 16 ],
			"to": [ 23, -6.5, 22 ],
			"rotation": { "origin": [ 17, -13.5, 16 ], "axis": "y", "angle": -45 },
			"faces": {
				"down": { "uv": [ 0, 0, 16, 16 ], "texture": "#texture1" },
				"up": { "uv": [ 0, 0, 16, 16 ], "texture": "#texture1" },
				"north": { "uv": [ 0, 0, 16, 16 ], "texture": "#texture1" },
				"south": { "uv": [ 0, 0, 16, 16 ], "texture": "#texture1" },
				"west": { "uv": [ 0, 0, 16, 16 ], "texture": "#texture1" },
				"east": { "uv": [ 0, 0, 16, 16 ], "texture": "#texture1" }
			}
		},
		{
			"__comment": "Box1",
			"from": [ 5, -12, -7.5 ],
			"to": [ 11.5, -5, 0 ],
			"rotation": { "origin": [ 5, -12, -7.5 ], "axis": "z", "angle": -22.5 },
			"faces": {
				"down": { "uv": [ 0, 0, 16, 16 ], "texture": "#texture1" },
				"up": { "uv": [ 0, 0, 16, 16 ], "texture": "#texture1" },
				"north": { "uv": [ 0, 0, 16, 16 ], "texture": "#texture1" },
				"south": { "uv": [ 0, 0, 16, 16 ], "texture": "#texture1" },
				"west": { "uv": [ 0, 0, 16, 16 ], "texture": "#texture1" },
				"east": { "uv": [ 0, 0, 16, 16 ], "texture": "#texture1" }
			}
		},
		{
			"__comment": "Box1",
			"from": [ -13, -9, 1.5 ],
			"to": [ -6, -2, 8.5 ],
			"rotation": { "origin": [ -13, -9, 1.5 ], "axis": "z", "angle": -45 },
			"faces": {
				"down": { "uv": [ 0, 0, 16, 16 ], "texture": "#texture" },
				"up": { "uv": [ 0, 0, 16, 16 ], "texture": "#texture" },
				"north": { "uv": [ 0, 0, 16, 16 ], "texture": "#texture" },
				"south": { "uv": [ 0, 0, 16, 16 ], "texture": "#texture" },
				"west": { "uv": [ 0, 0, 16, 16 ], "texture": "#texture" },
				"east": { "uv": [ 0, 0, 16, 16 ], "texture": "#texture" }
			}
		},
		{
			"__comment": "Box1",
			"from": [ 20, -12.5, 1 ],
			"to": [ 27, -5.5, 8 ],
			"rotation": { "origin": [ 20, -12.5, 1 ], "axis": "z", "angle": -22.5 },
			"faces": {
				"down": { "uv": [ 0, 0, 16, 16 ], "texture": "#texture" },
				"up": { "uv": [ 0, 0, 16, 16 ], "texture": "#texture" },
				"north": { "uv": [ 0, 0, 16, 16 ], "texture": "#texture" },
				"south": { "uv": [ 0, 0, 16, 16 ], "texture": "#texture" },
				"west": { "uv": [ 0, 0, 16, 16 ], "texture": "#texture" },
				"east": { "uv": [ 0, 0, 16, 16 ], "texture": "#texture" }
			}
		},
		{
			"__comment": "Box1",
			"from": [ -2, -14.5, 8 ],
			"to": [ 12.5, -3, 17.5 ],
			"rotation": { "origin": [ -2, -14.5, 8 ], "axis": "x", "angle": -22.5 },
			"faces": {
				"down": { "uv": [ 0, 0, 16, 16 ], "texture": "#texture" },
				"up": { "uv": [ 0, 0, 16, 16 ], "texture": "#texture" },
				"north": { "uv": [ 0, 0, 16, 16 ], "texture": "#texture" },
				"south": { "uv": [ 0, 0, 16, 16 ], "texture": "#texture" },
				"west": { "uv": [ 0, 0, 16, 16 ], "texture": "#texture" },
				"east": { "uv": [ 0, 0, 16, 16 ], "texture": "#texture" }
			}
		},
		{
			"__comment": "Box1",
			"from": [ 11, -3.5, 4 ],
			"to": [ 21, 7, 18.5 ],
			"rotation": { "origin": [ 11, -3.5, 4 ], "axis": "z", "angle": -45 },
			"faces": {
				"down": { "uv": [ 0, 0, 16, 16 ], "texture": "#texture1" },
				"up": { "uv": [ 0, 0, 16, 16 ], "texture": "#texture1" },
				"north": { "uv": [ 0, 0, 16, 16 ], "texture": "#texture1" },
				"south": { "uv": [ 0, 0, 16, 16 ], "texture": "#texture1" },
				"west": { "uv": [ 0, 0, 16, 16 ], "texture": "#texture1" },
				"east": { "uv": [ 0, 0, 16, 16 ], "texture": "#texture1" }
			}
		},
		{
			"__comment": "Box1",
			"from": [ -16.3837, -10.2622, -13 ],
			"to": [ -1.383699, 4.237803, 1.5 ],
			"rotation": { "origin": [ -2, 4, -13 ], "axis": "z", "angle": 22.5 },
			"faces": {
				"down": { "uv": [ 16, 16, 0, 0 ], "texture": "#texture1" },
				"up": { "uv": [ 16, 16, 0, 0 ], "texture": "#texture1" },
				"north": { "uv": [ 0, 0, 16, 16 ], "texture": "#texture1", "rotation": 180 },
				"south": { "uv": [ 0, 0, 16, 16 ], "texture": "#texture1", "rotation": 180 },
				"west": { "uv": [ 0, 0, 16, 16 ], "texture": "#texture1", "rotation": 180 },
				"east": { "uv": [ 0, 0, 16, 16 ], "texture": "#texture1", "rotation": 180 }
			}
		},
		{
			"__comment": "Box1",
			"from": [ 21.5, -15, -2 ],
			"to": [ 31, -5.5, 8 ],
			"rotation": { "origin": [ 21.5, -15, -2 ], "axis": "x", "angle": -45 },
			"faces": {
				"down": { "uv": [ 0, 0, 16, 16 ], "texture": "#texture" },
				"up": { "uv": [ 0, 0, 16, 16 ], "texture": "#texture" },
				"north": { "uv": [ 0, 0, 16, 16 ], "texture": "#texture" },
				"south": { "uv": [ 0, 0, 16, 16 ], "texture": "#texture" },
				"west": { "uv": [ 0, 0, 16, 16 ], "texture": "#texture" },
				"east": { "uv": [ 0, 0, 16, 16 ], "texture": "#texture" }
			}
		}
	],
	"display": {
		"head": {
			"translation":  [ 0, -20.17, 0 ],
			"scale":  [ 1.5, 1.5, 1.5 ]
		}
	}
}