{
	"__comment": "Designed by Zeibo with Cubik Studio - https://cubik.studio",
	"textures": {
		"texture": "mc/mc_as"
	},
	"elements": [ 	 
		{
			"__comment": "PlaneZ3",
			"from": [ 3.5, 0, -1 ],
			"to": [ 12.5, 5, -0.999 ],
			"faces": {
				"north": { "uv": [ 0, 0, 16, 16 ], "texture": "#texture" },
				"south": { "uv": [ 0, 0, 16, 16 ], "texture": "#texture" }
			}
		},
		{
			"__comment": "PlaneX6",
			"from": [ 17, 0, 3.625 ],
			"to": [ 17.001, 5, 12.125 ],
			"faces": {
				"west": { "uv": [ 0, 0, 16, 16 ], "texture": "#texture" },
				"east": { "uv": [ 0, 0, 16, 16 ], "texture": "#texture" }
			}
		},
		{
			"__comment": "PlaneZ3",
			"from": [ 11.625, -0.125, 17.75 ],
			"to": [ 20.625, 4.875, 17.751 ],
			"rotation": { "origin": [ 11.625, -0.125, 17.75 ], "axis": "y", "angle": 45 },
			"faces": {
				"north": { "uv": [ 0, 0, 16, 16 ], "texture": "#texture" },
				"south": { "uv": [ 0, 0, 16, 16 ], "texture": "#texture" }
			}
		},
		{
			"__comment": "PlaneZ3",
			"from": [ -2, 0, 4.25 ],
			"to": [ 7, 5, 4.251 ],
			"rotation": { "origin": [ -2, 0, 4.25 ], "axis": "y", "angle": 45 },
			"faces": {
				"north": { "uv": [ 0, 0, 16, 16 ], "texture": "#texture" },
				"south": { "uv": [ 0, 0, 16, 16 ], "texture": "#texture" }
			}
		},
		{
			"__comment": "PlaneZ3",
			"from": [ 12, -0.125, -1.375 ],
			"to": [ 21, 4.875, -1.374 ],
			"rotation": { "origin": [ 12, -0.125, -1.375 ], "axis": "y", "angle": -45 },
			"faces": {
				"north": { "uv": [ 0, 0, 16, 16 ], "texture": "#texture" },
				"south": { "uv": [ 0, 0, 16, 16 ], "texture": "#texture" }
			}
		}
	],
	"display": {
		"head": {
			"translation":  [ 0, -18.08, 0 ],
			"scale":  [ 4, 4, 4 ]
		}
	}
}