{
	"__comment": "Designed by Zeibo with Cubik Studio - https://cubik.studio",
	"textures": {
		"Voxel-FFFFC5": "etarmors/elf_ear",
		"Voxel-FFF5C5": "etarmors/elf_ear2"
	},
	"elements": [ 	 
		{
			"__comment": "Voxel-FFFFC5",
			"from": [ 0.25, 1, -0.5 ],
			"to": [ 0.75, 1.5, 0 ],
			"faces": {
				"down": { "uv": [ 0, 0, 16, 16 ], "texture": "#Voxel-FFFFC5" },
				"up": { "uv": [ 0, 0, 16, 16 ], "texture": "#Voxel-FFFFC5" },
				"north": { "uv": [ 0, 0, 16, 16 ], "texture": "#Voxel-FFFFC5" },
				"south": { "uv": [ 0, 0, 16, 16 ], "texture": "#Voxel-FFFFC5" },
				"west": { "uv": [ 0, 0, 16, 16 ], "texture": "#Voxel-FFFFC5" },
				"east": { "uv": [ 0, 0, 16, 16 ], "texture": "#Voxel-FFFFC5" }
			}
		},
		{
			"__comment": "Voxel-FFFFC5",
			"from": [ 0.25, 1.5, 0 ],
			"to": [ 0.75, 2, 0.5 ],
			"faces": {
				"down": { "uv": [ 0, 0, 16, 16 ], "texture": "#Voxel-FFFFC5" },
				"up": { "uv": [ 0, 0, 16, 16 ], "texture": "#Voxel-FFFFC5" },
				"north": { "uv": [ 0, 0, 16, 16 ], "texture": "#Voxel-FFFFC5" },
				"south": { "uv": [ 0, 0, 16, 16 ], "texture": "#Voxel-FFFFC5" },
				"west": { "uv": [ 0, 0, 16, 16 ], "texture": "#Voxel-FFFFC5" },
				"east": { "uv": [ 0, 0, 16, 16 ], "texture": "#Voxel-FFFFC5" }
			}
		},
		{
			"__comment": "Voxel-FFFFC5",
			"from": [ 0.25, 2, 0 ],
			"to": [ 0.75, 2.5, 0.5 ],
			"faces": {
				"down": { "uv": [ 0, 0, 16, 16 ], "texture": "#Voxel-FFFFC5" },
				"up": { "uv": [ 0, 0, 16, 16 ], "texture": "#Voxel-FFFFC5" },
				"north": { "uv": [ 0, 0, 16, 16 ], "texture": "#Voxel-FFFFC5" },
				"south": { "uv": [ 0, 0, 16, 16 ], "texture": "#Voxel-FFFFC5" },
				"west": { "uv": [ 0, 0, 16, 16 ], "texture": "#Voxel-FFFFC5" },
				"east": { "uv": [ 0, 0, 16, 16 ], "texture": "#Voxel-FFFFC5" }
			}
		},
		{
			"__comment": "Voxel-FFFFC5",
			"from": [ 0.25, 2.5, 0.5 ],
			"to": [ 0.75, 3, 1 ],
			"faces": {
				"down": { "uv": [ 0, 0, 16, 16 ], "texture": "#Voxel-FFFFC5" },
				"up": { "uv": [ 0, 0, 16, 16 ], "texture": "#Voxel-FFFFC5" },
				"north": { "uv": [ 0, 0, 16, 16 ], "texture": "#Voxel-FFFFC5" },
				"south": { "uv": [ 0, 0, 16, 16 ], "texture": "#Voxel-FFFFC5" },
				"west": { "uv": [ 0, 0, 16, 16 ], "texture": "#Voxel-FFFFC5" },
				"east": { "uv": [ 0, 0, 16, 16 ], "texture": "#Voxel-FFFFC5" }
			}
		},
		{
			"__comment": "Voxel-FFFFC5",
			"from": [ 0.25, 2.5, 1 ],
			"to": [ 0.75, 3, 1.5 ],
			"faces": {
				"down": { "uv": [ 0, 0, 16, 16 ], "texture": "#Voxel-FFFFC5" },
				"up": { "uv": [ 0, 0, 16, 16 ], "texture": "#Voxel-FFFFC5" },
				"north": { "uv": [ 0, 0, 16, 16 ], "texture": "#Voxel-FFFFC5" },
				"south": { "uv": [ 0, 0, 16, 16 ], "texture": "#Voxel-FFFFC5" },
				"west": { "uv": [ 0, 0, 16, 16 ], "texture": "#Voxel-FFFFC5" },
				"east": { "uv": [ 0, 0, 16, 16 ], "texture": "#Voxel-FFFFC5" }
			}
		},
		{
			"__comment": "Voxel-FFFFC5",
			"from": [ 0.25, 2.5, 1.5 ],
			"to": [ 0.75, 3, 2 ],
			"faces": {
				"down": { "uv": [ 0, 0, 16, 16 ], "texture": "#Voxel-FFFFC5" },
				"up": { "uv": [ 0, 0, 16, 16 ], "texture": "#Voxel-FFFFC5" },
				"north": { "uv": [ 0, 0, 16, 16 ], "texture": "#Voxel-FFFFC5" },
				"south": { "uv": [ 0, 0, 16, 16 ], "texture": "#Voxel-FFFFC5" },
				"west": { "uv": [ 0, 0, 16, 16 ], "texture": "#Voxel-FFFFC5" },
				"east": { "uv": [ 0, 0, 16, 16 ], "texture": "#Voxel-FFFFC5" }
			}
		},
		{
			"__comment": "Voxel-FFFFC5",
			"from": [ 0.25, 2.5, 2 ],
			"to": [ 0.75, 3, 2.5 ],
			"faces": {
				"down": { "uv": [ 0, 0, 16, 16 ], "texture": "#Voxel-FFFFC5" },
				"up": { "uv": [ 0, 0, 16, 16 ], "texture": "#Voxel-FFFFC5" },
				"north": { "uv": [ 0, 0, 16, 16 ], "texture": "#Voxel-FFFFC5" },
				"south": { "uv": [ 0, 0, 16, 16 ], "texture": "#Voxel-FFFFC5" },
				"west": { "uv": [ 0, 0, 16, 16 ], "texture": "#Voxel-FFFFC5" },
				"east": { "uv": [ 0, 0, 16, 16 ], "texture": "#Voxel-FFFFC5" }
			}
		},
		{
			"__comment": "Voxel-FFFFC5",
			"from": [ 0.25, 2.5, 2.5 ],
			"to": [ 0.75, 3, 3 ],
			"faces": {
				"down": { "uv": [ 0, 0, 16, 16 ], "texture": "#Voxel-FFFFC5" },
				"up": { "uv": [ 0, 0, 16, 16 ], "texture": "#Voxel-FFFFC5" },
				"north": { "uv": [ 0, 0, 16, 16 ], "texture": "#Voxel-FFFFC5" },
				"south": { "uv": [ 0, 0, 16, 16 ], "texture": "#Voxel-FFFFC5" },
				"west": { "uv": [ 0, 0, 16, 16 ], "texture": "#Voxel-FFFFC5" },
				"east": { "uv": [ 0, 0, 16, 16 ], "texture": "#Voxel-FFFFC5" }
			}
		},
		{
			"__comment": "Voxel-FFFFC5",
			"from": [ 0.25, 2.5, 3 ],
			"to": [ 0.75, 3, 3.5 ],
			"faces": {
				"down": { "uv": [ 0, 0, 16, 16 ], "texture": "#Voxel-FFFFC5" },
				"up": { "uv": [ 0, 0, 16, 16 ], "texture": "#Voxel-FFFFC5" },
				"north": { "uv": [ 0, 0, 16, 16 ], "texture": "#Voxel-FFFFC5" },
				"south": { "uv": [ 0, 0, 16, 16 ], "texture": "#Voxel-FFFFC5" },
				"west": { "uv": [ 0, 0, 16, 16 ], "texture": "#Voxel-FFFFC5" },
				"east": { "uv": [ 0, 0, 16, 16 ], "texture": "#Voxel-FFFFC5" }
			}
		},
		{
			"__comment": "Voxel-FFFFC5",
			"from": [ 0.25, 2.5, 3.5 ],
			"to": [ 0.75, 3, 4 ],
			"faces": {
				"down": { "uv": [ 0, 0, 16, 16 ], "texture": "#Voxel-FFFFC5" },
				"up": { "uv": [ 0, 0, 16, 16 ], "texture": "#Voxel-FFFFC5" },
				"north": { "uv": [ 0, 0, 16, 16 ], "texture": "#Voxel-FFFFC5" },
				"south": { "uv": [ 0, 0, 16, 16 ], "texture": "#Voxel-FFFFC5" },
				"west": { "uv": [ 0, 0, 16, 16 ], "texture": "#Voxel-FFFFC5" },
				"east": { "uv": [ 0, 0, 16, 16 ], "texture": "#Voxel-FFFFC5" }
			}
		},
		{
			"__comment": "Voxel-FFFFC5",
			"from": [ 0.25, 2.5, 4 ],
			"to": [ 0.75, 3, 4.5 ],
			"faces": {
				"down": { "uv": [ 0, 0, 16, 16 ], "texture": "#Voxel-FFFFC5" },
				"up": { "uv": [ 0, 0, 16, 16 ], "texture": "#Voxel-FFFFC5" },
				"north": { "uv": [ 0, 0, 16, 16 ], "texture": "#Voxel-FFFFC5" },
				"south": { "uv": [ 0, 0, 16, 16 ], "texture": "#Voxel-FFFFC5" },
				"west": { "uv": [ 0, 0, 16, 16 ], "texture": "#Voxel-FFFFC5" },
				"east": { "uv": [ 0, 0, 16, 16 ], "texture": "#Voxel-FFFFC5" }
			}
		},
		{
			"__comment": "Voxel-FFFFC5",
			"from": [ 0.25, 2.5, 4.5 ],
			"to": [ 0.75, 3, 5 ],
			"faces": {
				"down": { "uv": [ 0, 0, 16, 16 ], "texture": "#Voxel-FFFFC5" },
				"up": { "uv": [ 0, 0, 16, 16 ], "texture": "#Voxel-FFFFC5" },
				"north": { "uv": [ 0, 0, 16, 16 ], "texture": "#Voxel-FFFFC5" },
				"south": { "uv": [ 0, 0, 16, 16 ], "texture": "#Voxel-FFFFC5" },
				"west": { "uv": [ 0, 0, 16, 16 ], "texture": "#Voxel-FFFFC5" },
				"east": { "uv": [ 0, 0, 16, 16 ], "texture": "#Voxel-FFFFC5" }
			}
		},
		{
			"__comment": "Voxel-FFFFC5",
			"from": [ 0.25, 2.5, 5 ],
			"to": [ 0.75, 3, 5.5 ],
			"faces": {
				"down": { "uv": [ 0, 0, 16, 16 ], "texture": "#Voxel-FFFFC5" },
				"up": { "uv": [ 0, 0, 16, 16 ], "texture": "#Voxel-FFFFC5" },
				"north": { "uv": [ 0, 0, 16, 16 ], "texture": "#Voxel-FFFFC5" },
				"south": { "uv": [ 0, 0, 16, 16 ], "texture": "#Voxel-FFFFC5" },
				"west": { "uv": [ 0, 0, 16, 16 ], "texture": "#Voxel-FFFFC5" },
				"east": { "uv": [ 0, 0, 16, 16 ], "texture": "#Voxel-FFFFC5" }
			}
		},
		{
			"__comment": "Voxel-FFFFC5",
			"from": [ 15.25, 1, -0.5 ],
			"to": [ 15.75, 1.5, 0 ],
			"faces": {
				"down": { "uv": [ 0, 0, 16, 16 ], "texture": "#Voxel-FFFFC5" },
				"up": { "uv": [ 0, 0, 16, 16 ], "texture": "#Voxel-FFFFC5" },
				"north": { "uv": [ 0, 0, 16, 16 ], "texture": "#Voxel-FFFFC5" },
				"south": { "uv": [ 0, 0, 16, 16 ], "texture": "#Voxel-FFFFC5" },
				"west": { "uv": [ 0, 0, 16, 16 ], "texture": "#Voxel-FFFFC5" },
				"east": { "uv": [ 0, 0, 16, 16 ], "texture": "#Voxel-FFFFC5" }
			}
		},
		{
			"__comment": "Voxel-FFFFC5",
			"from": [ 15.25, 1.5, 0 ],
			"to": [ 15.75, 2, 0.5 ],
			"faces": {
				"down": { "uv": [ 0, 0, 16, 16 ], "texture": "#Voxel-FFFFC5" },
				"up": { "uv": [ 0, 0, 16, 16 ], "texture": "#Voxel-FFFFC5" },
				"north": { "uv": [ 0, 0, 16, 16 ], "texture": "#Voxel-FFFFC5" },
				"south": { "uv": [ 0, 0, 16, 16 ], "texture": "#Voxel-FFFFC5" },
				"west": { "uv": [ 0, 0, 16, 16 ], "texture": "#Voxel-FFFFC5" },
				"east": { "uv": [ 0, 0, 16, 16 ], "texture": "#Voxel-FFFFC5" }
			}
		},
		{
			"__comment": "Voxel-FFFFC5",
			"from": [ 15.25, 2, 0 ],
			"to": [ 15.75, 2.5, 0.5 ],
			"faces": {
				"down": { "uv": [ 0, 0, 16, 16 ], "texture": "#Voxel-FFFFC5" },
				"up": { "uv": [ 0, 0, 16, 16 ], "texture": "#Voxel-FFFFC5" },
				"north": { "uv": [ 0, 0, 16, 16 ], "texture": "#Voxel-FFFFC5" },
				"south": { "uv": [ 0, 0, 16, 16 ], "texture": "#Voxel-FFFFC5" },
				"west": { "uv": [ 0, 0, 16, 16 ], "texture": "#Voxel-FFFFC5" },
				"east": { "uv": [ 0, 0, 16, 16 ], "texture": "#Voxel-FFFFC5" }
			}
		},
		{
			"__comment": "Voxel-FFFFC5",
			"from": [ 15.25, 2.5, 0.5 ],
			"to": [ 15.75, 3, 1 ],
			"faces": {
				"down": { "uv": [ 0, 0, 16, 16 ], "texture": "#Voxel-FFFFC5" },
				"up": { "uv": [ 0, 0, 16, 16 ], "texture": "#Voxel-FFFFC5" },
				"north": { "uv": [ 0, 0, 16, 16 ], "texture": "#Voxel-FFFFC5" },
				"south": { "uv": [ 0, 0, 16, 16 ], "texture": "#Voxel-FFFFC5" },
				"west": { "uv": [ 0, 0, 16, 16 ], "texture": "#Voxel-FFFFC5" },
				"east": { "uv": [ 0, 0, 16, 16 ], "texture": "#Voxel-FFFFC5" }
			}
		},
		{
			"__comment": "Voxel-FFFFC5",
			"from": [ 15.25, 2.5, 1 ],
			"to": [ 15.75, 3, 1.5 ],
			"faces": {
				"down": { "uv": [ 0, 0, 16, 16 ], "texture": "#Voxel-FFFFC5" },
				"up": { "uv": [ 0, 0, 16, 16 ], "texture": "#Voxel-FFFFC5" },
				"north": { "uv": [ 0, 0, 16, 16 ], "texture": "#Voxel-FFFFC5" },
				"south": { "uv": [ 0, 0, 16, 16 ], "texture": "#Voxel-FFFFC5" },
				"west": { "uv": [ 0, 0, 16, 16 ], "texture": "#Voxel-FFFFC5" },
				"east": { "uv": [ 0, 0, 16, 16 ], "texture": "#Voxel-FFFFC5" }
			}
		},
		{
			"__comment": "Voxel-FFFFC5",
			"from": [ 15.25, 2.5, 1.5 ],
			"to": [ 15.75, 3, 2 ],
			"faces": {
				"down": { "uv": [ 0, 0, 16, 16 ], "texture": "#Voxel-FFFFC5" },
				"up": { "uv": [ 0, 0, 16, 16 ], "texture": "#Voxel-FFFFC5" },
				"north": { "uv": [ 0, 0, 16, 16 ], "texture": "#Voxel-FFFFC5" },
				"south": { "uv": [ 0, 0, 16, 16 ], "texture": "#Voxel-FFFFC5" },
				"west": { "uv": [ 0, 0, 16, 16 ], "texture": "#Voxel-FFFFC5" },
				"east": { "uv": [ 0, 0, 16, 16 ], "texture": "#Voxel-FFFFC5" }
			}
		},
		{
			"__comment": "Voxel-FFFFC5",
			"from": [ 15.25, 2.5, 2 ],
			"to": [ 15.75, 3, 2.5 ],
			"faces": {
				"down": { "uv": [ 0, 0, 16, 16 ], "texture": "#Voxel-FFFFC5" },
				"up": { "uv": [ 0, 0, 16, 16 ], "texture": "#Voxel-FFFFC5" },
				"north": { "uv": [ 0, 0, 16, 16 ], "texture": "#Voxel-FFFFC5" },
				"south": { "uv": [ 0, 0, 16, 16 ], "texture": "#Voxel-FFFFC5" },
				"west": { "uv": [ 0, 0, 16, 16 ], "texture": "#Voxel-FFFFC5" },
				"east": { "uv": [ 0, 0, 16, 16 ], "texture": "#Voxel-FFFFC5" }
			}
		},
		{
			"__comment": "Voxel-FFFFC5",
			"from": [ 15.25, 2.5, 2.5 ],
			"to": [ 15.75, 3, 3 ],
			"faces": {
				"down": { "uv": [ 0, 0, 16, 16 ], "texture": "#Voxel-FFFFC5" },
				"up": { "uv": [ 0, 0, 16, 16 ], "texture": "#Voxel-FFFFC5" },
				"north": { "uv": [ 0, 0, 16, 16 ], "texture": "#Voxel-FFFFC5" },
				"south": { "uv": [ 0, 0, 16, 16 ], "texture": "#Voxel-FFFFC5" },
				"west": { "uv": [ 0, 0, 16, 16 ], "texture": "#Voxel-FFFFC5" },
				"east": { "uv": [ 0, 0, 16, 16 ], "texture": "#Voxel-FFFFC5" }
			}
		},
		{
			"__comment": "Voxel-FFFFC5",
			"from": [ 15.25, 2.5, 3 ],
			"to": [ 15.75, 3, 3.5 ],
			"faces": {
				"down": { "uv": [ 0, 0, 16, 16 ], "texture": "#Voxel-FFFFC5" },
				"up": { "uv": [ 0, 0, 16, 16 ], "texture": "#Voxel-FFFFC5" },
				"north": { "uv": [ 0, 0, 16, 16 ], "texture": "#Voxel-FFFFC5" },
				"south": { "uv": [ 0, 0, 16, 16 ], "texture": "#Voxel-FFFFC5" },
				"west": { "uv": [ 0, 0, 16, 16 ], "texture": "#Voxel-FFFFC5" },
				"east": { "uv": [ 0, 0, 16, 16 ], "texture": "#Voxel-FFFFC5" }
			}
		},
		{
			"__comment": "Voxel-FFFFC5",
			"from": [ 15.25, 2.5, 3.5 ],
			"to": [ 15.75, 3, 4 ],
			"faces": {
				"down": { "uv": [ 0, 0, 16, 16 ], "texture": "#Voxel-FFFFC5" },
				"up": { "uv": [ 0, 0, 16, 16 ], "texture": "#Voxel-FFFFC5" },
				"north": { "uv": [ 0, 0, 16, 16 ], "texture": "#Voxel-FFFFC5" },
				"south": { "uv": [ 0, 0, 16, 16 ], "texture": "#Voxel-FFFFC5" },
				"west": { "uv": [ 0, 0, 16, 16 ], "texture": "#Voxel-FFFFC5" },
				"east": { "uv": [ 0, 0, 16, 16 ], "texture": "#Voxel-FFFFC5" }
			}
		},
		{
			"__comment": "Voxel-FFFFC5",
			"from": [ 15.25, 2.5, 4 ],
			"to": [ 15.75, 3, 4.5 ],
			"faces": {
				"down": { "uv": [ 0, 0, 16, 16 ], "texture": "#Voxel-FFFFC5" },
				"up": { "uv": [ 0, 0, 16, 16 ], "texture": "#Voxel-FFFFC5" },
				"north": { "uv": [ 0, 0, 16, 16 ], "texture": "#Voxel-FFFFC5" },
				"south": { "uv": [ 0, 0, 16, 16 ], "texture": "#Voxel-FFFFC5" },
				"west": { "uv": [ 0, 0, 16, 16 ], "texture": "#Voxel-FFFFC5" },
				"east": { "uv": [ 0, 0, 16, 16 ], "texture": "#Voxel-FFFFC5" }
			}
		},
		{
			"__comment": "Voxel-FFFFC5",
			"from": [ 15.25, 2.5, 4.5 ],
			"to": [ 15.75, 3, 5 ],
			"faces": {
				"down": { "uv": [ 0, 0, 16, 16 ], "texture": "#Voxel-FFFFC5" },
				"up": { "uv": [ 0, 0, 16, 16 ], "texture": "#Voxel-FFFFC5" },
				"north": { "uv": [ 0, 0, 16, 16 ], "texture": "#Voxel-FFFFC5" },
				"south": { "uv": [ 0, 0, 16, 16 ], "texture": "#Voxel-FFFFC5" },
				"west": { "uv": [ 0, 0, 16, 16 ], "texture": "#Voxel-FFFFC5" },
				"east": { "uv": [ 0, 0, 16, 16 ], "texture": "#Voxel-FFFFC5" }
			}
		},
		{
			"__comment": "Voxel-FFFFC5",
			"from": [ 15.25, 2.5, 5 ],
			"to": [ 15.75, 3, 5.5 ],
			"faces": {
				"down": { "uv": [ 0, 0, 16, 16 ], "texture": "#Voxel-FFFFC5" },
				"up": { "uv": [ 0, 0, 16, 16 ], "texture": "#Voxel-FFFFC5" },
				"north": { "uv": [ 0, 0, 16, 16 ], "texture": "#Voxel-FFFFC5" },
				"south": { "uv": [ 0, 0, 16, 16 ], "texture": "#Voxel-FFFFC5" },
				"west": { "uv": [ 0, 0, 16, 16 ], "texture": "#Voxel-FFFFC5" },
				"east": { "uv": [ 0, 0, 16, 16 ], "texture": "#Voxel-FFFFC5" }
			}
		},
		{
			"__comment": "Voxel-FFFFC5",
			"from": [ 1.25, 0, 0 ],
			"to": [ 1.75, 0.5, 0.5 ],
			"faces": {
				"down": { "uv": [ 0, 0, 16, 16 ], "texture": "#Voxel-FFFFC5" },
				"up": { "uv": [ 0, 0, 16, 16 ], "texture": "#Voxel-FFFFC5" },
				"north": { "uv": [ 0, 0, 16, 16 ], "texture": "#Voxel-FFFFC5" },
				"south": { "uv": [ 0, 0, 16, 16 ], "texture": "#Voxel-FFFFC5" },
				"west": { "uv": [ 0, 0, 16, 16 ], "texture": "#Voxel-FFFFC5" },
				"east": { "uv": [ 0, 0, 16, 16 ], "texture": "#Voxel-FFFFC5" }
			}
		},
		{
			"__comment": "Voxel-FFFFC5",
			"from": [ 1.25, 0.5, 0 ],
			"to": [ 1.75, 1, 0.5 ],
			"faces": {
				"down": { "uv": [ 0, 0, 16, 16 ], "texture": "#Voxel-FFFFC5" },
				"up": { "uv": [ 0, 0, 16, 16 ], "texture": "#Voxel-FFFFC5" },
				"north": { "uv": [ 0, 0, 16, 16 ], "texture": "#Voxel-FFFFC5" },
				"south": { "uv": [ 0, 0, 16, 16 ], "texture": "#Voxel-FFFFC5" },
				"west": { "uv": [ 0, 0, 16, 16 ], "texture": "#Voxel-FFFFC5" },
				"east": { "uv": [ 0, 0, 16, 16 ], "texture": "#Voxel-FFFFC5" }
			}
		},
		{
			"__comment": "Voxel-FFFFC5",
			"from": [ 1.25, 0.5, 0.5 ],
			"to": [ 1.75, 1, 1 ],
			"faces": {
				"down": { "uv": [ 0, 0, 16, 16 ], "texture": "#Voxel-FFFFC5" },
				"up": { "uv": [ 0, 0, 16, 16 ], "texture": "#Voxel-FFFFC5" },
				"north": { "uv": [ 0, 0, 16, 16 ], "texture": "#Voxel-FFFFC5" },
				"south": { "uv": [ 0, 0, 16, 16 ], "texture": "#Voxel-FFFFC5" },
				"west": { "uv": [ 0, 0, 16, 16 ], "texture": "#Voxel-FFFFC5" },
				"east": { "uv": [ 0, 0, 16, 16 ], "texture": "#Voxel-FFFFC5" }
			}
		},
		{
			"__comment": "Voxel-FFFFC5",
			"from": [ 1.25, 1, 0.5 ],
			"to": [ 1.75, 1.5, 1 ],
			"faces": {
				"down": { "uv": [ 0, 0, 16, 16 ], "texture": "#Voxel-FFFFC5" },
				"up": { "uv": [ 0, 0, 16, 16 ], "texture": "#Voxel-FFFFC5" },
				"north": { "uv": [ 0, 0, 16, 16 ], "texture": "#Voxel-FFFFC5" },
				"south": { "uv": [ 0, 0, 16, 16 ], "texture": "#Voxel-FFFFC5" },
				"west": { "uv": [ 0, 0, 16, 16 ], "texture": "#Voxel-FFFFC5" },
				"east": { "uv": [ 0, 0, 16, 16 ], "texture": "#Voxel-FFFFC5" }
			}
		},
		{
			"__comment": "Voxel-FFFFC5",
			"from": [ 1.25, 1.5, 0.5 ],
			"to": [ 1.75, 2, 1 ],
			"faces": {
				"down": { "uv": [ 0, 0, 16, 16 ], "texture": "#Voxel-FFFFC5" },
				"up": { "uv": [ 0, 0, 16, 16 ], "texture": "#Voxel-FFFFC5" },
				"north": { "uv": [ 0, 0, 16, 16 ], "texture": "#Voxel-FFFFC5" },
				"south": { "uv": [ 0, 0, 16, 16 ], "texture": "#Voxel-FFFFC5" },
				"west": { "uv": [ 0, 0, 16, 16 ], "texture": "#Voxel-FFFFC5" },
				"east": { "uv": [ 0, 0, 16, 16 ], "texture": "#Voxel-FFFFC5" }
			}
		},
		{
			"__comment": "Voxel-FFFFC5",
			"from": [ 1.25, 0.5, 1 ],
			"to": [ 1.75, 1, 1.5 ],
			"faces": {
				"down": { "uv": [ 0, 0, 16, 16 ], "texture": "#Voxel-FFFFC5" },
				"up": { "uv": [ 0, 0, 16, 16 ], "texture": "#Voxel-FFFFC5" },
				"north": { "uv": [ 0, 0, 16, 16 ], "texture": "#Voxel-FFFFC5" },
				"south": { "uv": [ 0, 0, 16, 16 ], "texture": "#Voxel-FFFFC5" },
				"west": { "uv": [ 0, 0, 16, 16 ], "texture": "#Voxel-FFFFC5" },
				"east": { "uv": [ 0, 0, 16, 16 ], "texture": "#Voxel-FFFFC5" }
			}
		},
		{
			"__comment": "Voxel-FFFFC5",
			"from": [ 1.25, 1, 1 ],
			"to": [ 1.75, 1.5, 1.5 ],
			"faces": {
				"down": { "uv": [ 0, 0, 16, 16 ], "texture": "#Voxel-FFFFC5" },
				"up": { "uv": [ 0, 0, 16, 16 ], "texture": "#Voxel-FFFFC5" },
				"north": { "uv": [ 0, 0, 16, 16 ], "texture": "#Voxel-FFFFC5" },
				"south": { "uv": [ 0, 0, 16, 16 ], "texture": "#Voxel-FFFFC5" },
				"west": { "uv": [ 0, 0, 16, 16 ], "texture": "#Voxel-FFFFC5" },
				"east": { "uv": [ 0, 0, 16, 16 ], "texture": "#Voxel-FFFFC5" }
			}
		},
		{
			"__comment": "Voxel-FFFFC5",
			"from": [ 1.25, 1.5, 1 ],
			"to": [ 1.75, 2, 1.5 ],
			"faces": {
				"down": { "uv": [ 0, 0, 16, 16 ], "texture": "#Voxel-FFFFC5" },
				"up": { "uv": [ 0, 0, 16, 16 ], "texture": "#Voxel-FFFFC5" },
				"north": { "uv": [ 0, 0, 16, 16 ], "texture": "#Voxel-FFFFC5" },
				"south": { "uv": [ 0, 0, 16, 16 ], "texture": "#Voxel-FFFFC5" },
				"west": { "uv": [ 0, 0, 16, 16 ], "texture": "#Voxel-FFFFC5" },
				"east": { "uv": [ 0, 0, 16, 16 ], "texture": "#Voxel-FFFFC5" }
			}
		},
		{
			"__comment": "Voxel-FFFFC5",
			"from": [ 1.25, 0.5, 1.5 ],
			"to": [ 1.75, 1, 2 ],
			"faces": {
				"down": { "uv": [ 0, 0, 16, 16 ], "texture": "#Voxel-FFFFC5" },
				"up": { "uv": [ 0, 0, 16, 16 ], "texture": "#Voxel-FFFFC5" },
				"north": { "uv": [ 0, 0, 16, 16 ], "texture": "#Voxel-FFFFC5" },
				"south": { "uv": [ 0, 0, 16, 16 ], "texture": "#Voxel-FFFFC5" },
				"west": { "uv": [ 0, 0, 16, 16 ], "texture": "#Voxel-FFFFC5" },
				"east": { "uv": [ 0, 0, 16, 16 ], "texture": "#Voxel-FFFFC5" }
			}
		},
		{
			"__comment": "Voxel-FFFFC5",
			"from": [ 1.25, 1, 1.5 ],
			"to": [ 1.75, 1.5, 2 ],
			"faces": {
				"down": { "uv": [ 0, 0, 16, 16 ], "texture": "#Voxel-FFFFC5" },
				"up": { "uv": [ 0, 0, 16, 16 ], "texture": "#Voxel-FFFFC5" },
				"north": { "uv": [ 0, 0, 16, 16 ], "texture": "#Voxel-FFFFC5" },
				"south": { "uv": [ 0, 0, 16, 16 ], "texture": "#Voxel-FFFFC5" },
				"west": { "uv": [ 0, 0, 16, 16 ], "texture": "#Voxel-FFFFC5" },
				"east": { "uv": [ 0, 0, 16, 16 ], "texture": "#Voxel-FFFFC5" }
			}
		},
		{
			"__comment": "Voxel-FFFFC5",
			"from": [ 1.25, 1.5, 1.5 ],
			"to": [ 1.75, 2, 2 ],
			"faces": {
				"down": { "uv": [ 0, 0, 16, 16 ], "texture": "#Voxel-FFFFC5" },
				"up": { "uv": [ 0, 0, 16, 16 ], "texture": "#Voxel-FFFFC5" },
				"north": { "uv": [ 0, 0, 16, 16 ], "texture": "#Voxel-FFFFC5" },
				"south": { "uv": [ 0, 0, 16, 16 ], "texture": "#Voxel-FFFFC5" },
				"west": { "uv": [ 0, 0, 16, 16 ], "texture": "#Voxel-FFFFC5" },
				"east": { "uv": [ 0, 0, 16, 16 ], "texture": "#Voxel-FFFFC5" }
			}
		},
		{
			"__comment": "Voxel-FFFFC5",
			"from": [ 1.25, 1, 2 ],
			"to": [ 1.75, 1.5, 2.5 ],
			"faces": {
				"down": { "uv": [ 0, 0, 16, 16 ], "texture": "#Voxel-FFFFC5" },
				"up": { "uv": [ 0, 0, 16, 16 ], "texture": "#Voxel-FFFFC5" },
				"north": { "uv": [ 0, 0, 16, 16 ], "texture": "#Voxel-FFFFC5" },
				"south": { "uv": [ 0, 0, 16, 16 ], "texture": "#Voxel-FFFFC5" },
				"west": { "uv": [ 0, 0, 16, 16 ], "texture": "#Voxel-FFFFC5" },
				"east": { "uv": [ 0, 0, 16, 16 ], "texture": "#Voxel-FFFFC5" }
			}
		},
		{
			"__comment": "Voxel-FFFFC5",
			"from": [ 1.25, 1.5, 2 ],
			"to": [ 1.75, 2, 2.5 ],
			"faces": {
				"down": { "uv": [ 0, 0, 16, 16 ], "texture": "#Voxel-FFFFC5" },
				"up": { "uv": [ 0, 0, 16, 16 ], "texture": "#Voxel-FFFFC5" },
				"north": { "uv": [ 0, 0, 16, 16 ], "texture": "#Voxel-FFFFC5" },
				"south": { "uv": [ 0, 0, 16, 16 ], "texture": "#Voxel-FFFFC5" },
				"west": { "uv": [ 0, 0, 16, 16 ], "texture": "#Voxel-FFFFC5" },
				"east": { "uv": [ 0, 0, 16, 16 ], "texture": "#Voxel-FFFFC5" }
			}
		},
		{
			"__comment": "Voxel-FFFFC5",
			"from": [ 1.25, 1, 2.5 ],
			"to": [ 1.75, 1.5, 3 ],
			"faces": {
				"down": { "uv": [ 0, 0, 16, 16 ], "texture": "#Voxel-FFFFC5" },
				"up": { "uv": [ 0, 0, 16, 16 ], "texture": "#Voxel-FFFFC5" },
				"north": { "uv": [ 0, 0, 16, 16 ], "texture": "#Voxel-FFFFC5" },
				"south": { "uv": [ 0, 0, 16, 16 ], "texture": "#Voxel-FFFFC5" },
				"west": { "uv": [ 0, 0, 16, 16 ], "texture": "#Voxel-FFFFC5" },
				"east": { "uv": [ 0, 0, 16, 16 ], "texture": "#Voxel-FFFFC5" }
			}
		},
		{
			"__comment": "Voxel-FFFFC5",
			"from": [ 1.25, 1.5, 2.5 ],
			"to": [ 1.75, 2, 3 ],
			"faces": {
				"down": { "uv": [ 0, 0, 16, 16 ], "texture": "#Voxel-FFFFC5" },
				"up": { "uv": [ 0, 0, 16, 16 ], "texture": "#Voxel-FFFFC5" },
				"north": { "uv": [ 0, 0, 16, 16 ], "texture": "#Voxel-FFFFC5" },
				"south": { "uv": [ 0, 0, 16, 16 ], "texture": "#Voxel-FFFFC5" },
				"west": { "uv": [ 0, 0, 16, 16 ], "texture": "#Voxel-FFFFC5" },
				"east": { "uv": [ 0, 0, 16, 16 ], "texture": "#Voxel-FFFFC5" }
			}
		},
		{
			"__comment": "Voxel-FFFFC5",
			"from": [ 1.25, 1.5, 3 ],
			"to": [ 1.75, 2, 3.5 ],
			"faces": {
				"down": { "uv": [ 0, 0, 16, 16 ], "texture": "#Voxel-FFFFC5" },
				"up": { "uv": [ 0, 0, 16, 16 ], "texture": "#Voxel-FFFFC5" },
				"north": { "uv": [ 0, 0, 16, 16 ], "texture": "#Voxel-FFFFC5" },
				"south": { "uv": [ 0, 0, 16, 16 ], "texture": "#Voxel-FFFFC5" },
				"west": { "uv": [ 0, 0, 16, 16 ], "texture": "#Voxel-FFFFC5" },
				"east": { "uv": [ 0, 0, 16, 16 ], "texture": "#Voxel-FFFFC5" }
			}
		},
		{
			"__comment": "Voxel-FFFFC5",
			"from": [ 1.25, 1.5, 3.5 ],
			"to": [ 1.75, 2, 4 ],
			"faces": {
				"down": { "uv": [ 0, 0, 16, 16 ], "texture": "#Voxel-FFFFC5" },
				"up": { "uv": [ 0, 0, 16, 16 ], "texture": "#Voxel-FFFFC5" },
				"north": { "uv": [ 0, 0, 16, 16 ], "texture": "#Voxel-FFFFC5" },
				"south": { "uv": [ 0, 0, 16, 16 ], "texture": "#Voxel-FFFFC5" },
				"west": { "uv": [ 0, 0, 16, 16 ], "texture": "#Voxel-FFFFC5" },
				"east": { "uv": [ 0, 0, 16, 16 ], "texture": "#Voxel-FFFFC5" }
			}
		},
		{
			"__comment": "Voxel-FFFFC5",
			"from": [ 14.25, 0.5, 0 ],
			"to": [ 14.75, 1, 0.5 ],
			"faces": {
				"down": { "uv": [ 0, 0, 16, 16 ], "texture": "#Voxel-FFFFC5" },
				"up": { "uv": [ 0, 0, 16, 16 ], "texture": "#Voxel-FFFFC5" },
				"north": { "uv": [ 0, 0, 16, 16 ], "texture": "#Voxel-FFFFC5" },
				"south": { "uv": [ 0, 0, 16, 16 ], "texture": "#Voxel-FFFFC5" },
				"west": { "uv": [ 0, 0, 16, 16 ], "texture": "#Voxel-FFFFC5" },
				"east": { "uv": [ 0, 0, 16, 16 ], "texture": "#Voxel-FFFFC5" }
			}
		},
		{
			"__comment": "Voxel-FFFFC5",
			"from": [ 14.25, 0.5, 0.5 ],
			"to": [ 14.75, 1, 1 ],
			"faces": {
				"down": { "uv": [ 0, 0, 16, 16 ], "texture": "#Voxel-FFFFC5" },
				"up": { "uv": [ 0, 0, 16, 16 ], "texture": "#Voxel-FFFFC5" },
				"north": { "uv": [ 0, 0, 16, 16 ], "texture": "#Voxel-FFFFC5" },
				"south": { "uv": [ 0, 0, 16, 16 ], "texture": "#Voxel-FFFFC5" },
				"west": { "uv": [ 0, 0, 16, 16 ], "texture": "#Voxel-FFFFC5" },
				"east": { "uv": [ 0, 0, 16, 16 ], "texture": "#Voxel-FFFFC5" }
			}
		},
		{
			"__comment": "Voxel-FFFFC5",
			"from": [ 14.25, 0.5, 1 ],
			"to": [ 14.75, 1, 1.5 ],
			"faces": {
				"down": { "uv": [ 0, 0, 16, 16 ], "texture": "#Voxel-FFFFC5" },
				"up": { "uv": [ 0, 0, 16, 16 ], "texture": "#Voxel-FFFFC5" },
				"north": { "uv": [ 0, 0, 16, 16 ], "texture": "#Voxel-FFFFC5" },
				"south": { "uv": [ 0, 0, 16, 16 ], "texture": "#Voxel-FFFFC5" },
				"west": { "uv": [ 0, 0, 16, 16 ], "texture": "#Voxel-FFFFC5" },
				"east": { "uv": [ 0, 0, 16, 16 ], "texture": "#Voxel-FFFFC5" }
			}
		},
		{
			"__comment": "Voxel-FFFFC5",
			"from": [ 14.25, 1, 0.5 ],
			"to": [ 14.75, 1.5, 1 ],
			"faces": {
				"down": { "uv": [ 0, 0, 16, 16 ], "texture": "#Voxel-FFFFC5" },
				"up": { "uv": [ 0, 0, 16, 16 ], "texture": "#Voxel-FFFFC5" },
				"north": { "uv": [ 0, 0, 16, 16 ], "texture": "#Voxel-FFFFC5" },
				"south": { "uv": [ 0, 0, 16, 16 ], "texture": "#Voxel-FFFFC5" },
				"west": { "uv": [ 0, 0, 16, 16 ], "texture": "#Voxel-FFFFC5" },
				"east": { "uv": [ 0, 0, 16, 16 ], "texture": "#Voxel-FFFFC5" }
			}
		},
		{
			"__comment": "Voxel-FFFFC5",
			"from": [ 14.25, 1, 1 ],
			"to": [ 14.75, 1.5, 1.5 ],
			"faces": {
				"down": { "uv": [ 0, 0, 16, 16 ], "texture": "#Voxel-FFFFC5" },
				"up": { "uv": [ 0, 0, 16, 16 ], "texture": "#Voxel-FFFFC5" },
				"north": { "uv": [ 0, 0, 16, 16 ], "texture": "#Voxel-FFFFC5" },
				"south": { "uv": [ 0, 0, 16, 16 ], "texture": "#Voxel-FFFFC5" },
				"west": { "uv": [ 0, 0, 16, 16 ], "texture": "#Voxel-FFFFC5" },
				"east": { "uv": [ 0, 0, 16, 16 ], "texture": "#Voxel-FFFFC5" }
			}
		},
		{
			"__comment": "Voxel-FFFFC5",
			"from": [ 14.25, 1.5, 0.5 ],
			"to": [ 14.75, 2, 1 ],
			"faces": {
				"down": { "uv": [ 0, 0, 16, 16 ], "texture": "#Voxel-FFFFC5" },
				"up": { "uv": [ 0, 0, 16, 16 ], "texture": "#Voxel-FFFFC5" },
				"north": { "uv": [ 0, 0, 16, 16 ], "texture": "#Voxel-FFFFC5" },
				"south": { "uv": [ 0, 0, 16, 16 ], "texture": "#Voxel-FFFFC5" },
				"west": { "uv": [ 0, 0, 16, 16 ], "texture": "#Voxel-FFFFC5" },
				"east": { "uv": [ 0, 0, 16, 16 ], "texture": "#Voxel-FFFFC5" }
			}
		},
		{
			"__comment": "Voxel-FFFFC5",
			"from": [ 14.25, 1.5, 1 ],
			"to": [ 14.75, 2, 1.5 ],
			"faces": {
				"down": { "uv": [ 0, 0, 16, 16 ], "texture": "#Voxel-FFFFC5" },
				"up": { "uv": [ 0, 0, 16, 16 ], "texture": "#Voxel-FFFFC5" },
				"north": { "uv": [ 0, 0, 16, 16 ], "texture": "#Voxel-FFFFC5" },
				"south": { "uv": [ 0, 0, 16, 16 ], "texture": "#Voxel-FFFFC5" },
				"west": { "uv": [ 0, 0, 16, 16 ], "texture": "#Voxel-FFFFC5" },
				"east": { "uv": [ 0, 0, 16, 16 ], "texture": "#Voxel-FFFFC5" }
			}
		},
		{
			"__comment": "Voxel-FFFFC5",
			"from": [ 14.25, 0.5, 1.5 ],
			"to": [ 14.75, 1, 2 ],
			"faces": {
				"down": { "uv": [ 0, 0, 16, 16 ], "texture": "#Voxel-FFFFC5" },
				"up": { "uv": [ 0, 0, 16, 16 ], "texture": "#Voxel-FFFFC5" },
				"north": { "uv": [ 0, 0, 16, 16 ], "texture": "#Voxel-FFFFC5" },
				"south": { "uv": [ 0, 0, 16, 16 ], "texture": "#Voxel-FFFFC5" },
				"west": { "uv": [ 0, 0, 16, 16 ], "texture": "#Voxel-FFFFC5" },
				"east": { "uv": [ 0, 0, 16, 16 ], "texture": "#Voxel-FFFFC5" }
			}
		},
		{
			"__comment": "Voxel-FFFFC5",
			"from": [ 14.25, 1, 1.5 ],
			"to": [ 14.75, 1.5, 2 ],
			"faces": {
				"down": { "uv": [ 0, 0, 16, 16 ], "texture": "#Voxel-FFFFC5" },
				"up": { "uv": [ 0, 0, 16, 16 ], "texture": "#Voxel-FFFFC5" },
				"north": { "uv": [ 0, 0, 16, 16 ], "texture": "#Voxel-FFFFC5" },
				"south": { "uv": [ 0, 0, 16, 16 ], "texture": "#Voxel-FFFFC5" },
				"west": { "uv": [ 0, 0, 16, 16 ], "texture": "#Voxel-FFFFC5" },
				"east": { "uv": [ 0, 0, 16, 16 ], "texture": "#Voxel-FFFFC5" }
			}
		},
		{
			"__comment": "Voxel-FFFFC5",
			"from": [ 14.25, 1.5, 1.5 ],
			"to": [ 14.75, 2, 2 ],
			"faces": {
				"down": { "uv": [ 0, 0, 16, 16 ], "texture": "#Voxel-FFFFC5" },
				"up": { "uv": [ 0, 0, 16, 16 ], "texture": "#Voxel-FFFFC5" },
				"north": { "uv": [ 0, 0, 16, 16 ], "texture": "#Voxel-FFFFC5" },
				"south": { "uv": [ 0, 0, 16, 16 ], "texture": "#Voxel-FFFFC5" },
				"west": { "uv": [ 0, 0, 16, 16 ], "texture": "#Voxel-FFFFC5" },
				"east": { "uv": [ 0, 0, 16, 16 ], "texture": "#Voxel-FFFFC5" }
			}
		},
		{
			"__comment": "Voxel-FFFFC5",
			"from": [ 14.25, 1, 2 ],
			"to": [ 14.75, 1.5, 2.5 ],
			"faces": {
				"down": { "uv": [ 0, 0, 16, 16 ], "texture": "#Voxel-FFFFC5" },
				"up": { "uv": [ 0, 0, 16, 16 ], "texture": "#Voxel-FFFFC5" },
				"north": { "uv": [ 0, 0, 16, 16 ], "texture": "#Voxel-FFFFC5" },
				"south": { "uv": [ 0, 0, 16, 16 ], "texture": "#Voxel-FFFFC5" },
				"west": { "uv": [ 0, 0, 16, 16 ], "texture": "#Voxel-FFFFC5" },
				"east": { "uv": [ 0, 0, 16, 16 ], "texture": "#Voxel-FFFFC5" }
			}
		},
		{
			"__comment": "Voxel-FFFFC5",
			"from": [ 14.25, 1.5, 2 ],
			"to": [ 14.75, 2, 2.5 ],
			"faces": {
				"down": { "uv": [ 0, 0, 16, 16 ], "texture": "#Voxel-FFFFC5" },
				"up": { "uv": [ 0, 0, 16, 16 ], "texture": "#Voxel-FFFFC5" },
				"north": { "uv": [ 0, 0, 16, 16 ], "texture": "#Voxel-FFFFC5" },
				"south": { "uv": [ 0, 0, 16, 16 ], "texture": "#Voxel-FFFFC5" },
				"west": { "uv": [ 0, 0, 16, 16 ], "texture": "#Voxel-FFFFC5" },
				"east": { "uv": [ 0, 0, 16, 16 ], "texture": "#Voxel-FFFFC5" }
			}
		},
		{
			"__comment": "Voxel-FFFFC5",
			"from": [ 14.25, 1, 2.5 ],
			"to": [ 14.75, 1.5, 3 ],
			"faces": {
				"down": { "uv": [ 0, 0, 16, 16 ], "texture": "#Voxel-FFFFC5" },
				"up": { "uv": [ 0, 0, 16, 16 ], "texture": "#Voxel-FFFFC5" },
				"north": { "uv": [ 0, 0, 16, 16 ], "texture": "#Voxel-FFFFC5" },
				"south": { "uv": [ 0, 0, 16, 16 ], "texture": "#Voxel-FFFFC5" },
				"west": { "uv": [ 0, 0, 16, 16 ], "texture": "#Voxel-FFFFC5" },
				"east": { "uv": [ 0, 0, 16, 16 ], "texture": "#Voxel-FFFFC5" }
			}
		},
		{
			"__comment": "Voxel-FFFFC5",
			"from": [ 14.25, 1.5, 2.5 ],
			"to": [ 14.75, 2, 3 ],
			"faces": {
				"down": { "uv": [ 0, 0, 16, 16 ], "texture": "#Voxel-FFFFC5" },
				"up": { "uv": [ 0, 0, 16, 16 ], "texture": "#Voxel-FFFFC5" },
				"north": { "uv": [ 0, 0, 16, 16 ], "texture": "#Voxel-FFFFC5" },
				"south": { "uv": [ 0, 0, 16, 16 ], "texture": "#Voxel-FFFFC5" },
				"west": { "uv": [ 0, 0, 16, 16 ], "texture": "#Voxel-FFFFC5" },
				"east": { "uv": [ 0, 0, 16, 16 ], "texture": "#Voxel-FFFFC5" }
			}
		},
		{
			"__comment": "Voxel-FFFFC5",
			"from": [ 14.25, 1.5, 3 ],
			"to": [ 14.75, 2, 3.5 ],
			"faces": {
				"down": { "uv": [ 0, 0, 16, 16 ], "texture": "#Voxel-FFFFC5" },
				"up": { "uv": [ 0, 0, 16, 16 ], "texture": "#Voxel-FFFFC5" },
				"north": { "uv": [ 0, 0, 16, 16 ], "texture": "#Voxel-FFFFC5" },
				"south": { "uv": [ 0, 0, 16, 16 ], "texture": "#Voxel-FFFFC5" },
				"west": { "uv": [ 0, 0, 16, 16 ], "texture": "#Voxel-FFFFC5" },
				"east": { "uv": [ 0, 0, 16, 16 ], "texture": "#Voxel-FFFFC5" }
			}
		},
		{
			"__comment": "Voxel-FFFFC5",
			"from": [ 14.25, 1.5, 3.5 ],
			"to": [ 14.75, 2, 4 ],
			"faces": {
				"down": { "uv": [ 0, 0, 16, 16 ], "texture": "#Voxel-FFFFC5" },
				"up": { "uv": [ 0, 0, 16, 16 ], "texture": "#Voxel-FFFFC5" },
				"north": { "uv": [ 0, 0, 16, 16 ], "texture": "#Voxel-FFFFC5" },
				"south": { "uv": [ 0, 0, 16, 16 ], "texture": "#Voxel-FFFFC5" },
				"west": { "uv": [ 0, 0, 16, 16 ], "texture": "#Voxel-FFFFC5" },
				"east": { "uv": [ 0, 0, 16, 16 ], "texture": "#Voxel-FFFFC5" }
			}
		},
		{
			"__comment": "Voxel-FFF5C5",
			"from": [ 0.75, 0, 0 ],
			"to": [ 1.25, 0.5, 0.5 ],
			"faces": {
				"down": { "uv": [ 0, 0, 16, 16 ], "texture": "#Voxel-FFF5C5" },
				"up": { "uv": [ 0, 0, 16, 16 ], "texture": "#Voxel-FFF5C5" },
				"north": { "uv": [ 0, 0, 16, 16 ], "texture": "#Voxel-FFF5C5" },
				"south": { "uv": [ 0, 0, 16, 16 ], "texture": "#Voxel-FFF5C5" },
				"west": { "uv": [ 0, 0, 16, 16 ], "texture": "#Voxel-FFF5C5" },
				"east": { "uv": [ 0, 0, 16, 16 ], "texture": "#Voxel-FFF5C5" }
			}
		},
		{
			"__comment": "Voxel-FFF5C5",
			"from": [ 0.75, 0, 0.5 ],
			"to": [ 1.25, 0.5, 1 ],
			"faces": {
				"down": { "uv": [ 0, 0, 16, 16 ], "texture": "#Voxel-FFF5C5" },
				"up": { "uv": [ 0, 0, 16, 16 ], "texture": "#Voxel-FFF5C5" },
				"north": { "uv": [ 0, 0, 16, 16 ], "texture": "#Voxel-FFF5C5" },
				"south": { "uv": [ 0, 0, 16, 16 ], "texture": "#Voxel-FFF5C5" },
				"west": { "uv": [ 0, 0, 16, 16 ], "texture": "#Voxel-FFF5C5" },
				"east": { "uv": [ 0, 0, 16, 16 ], "texture": "#Voxel-FFF5C5" }
			}
		},
		{
			"__comment": "Voxel-FFF5C5",
			"from": [ 0.75, 0, 1 ],
			"to": [ 1.25, 0.5, 1.5 ],
			"faces": {
				"down": { "uv": [ 0, 0, 16, 16 ], "texture": "#Voxel-FFF5C5" },
				"up": { "uv": [ 0, 0, 16, 16 ], "texture": "#Voxel-FFF5C5" },
				"north": { "uv": [ 0, 0, 16, 16 ], "texture": "#Voxel-FFF5C5" },
				"south": { "uv": [ 0, 0, 16, 16 ], "texture": "#Voxel-FFF5C5" },
				"west": { "uv": [ 0, 0, 16, 16 ], "texture": "#Voxel-FFF5C5" },
				"east": { "uv": [ 0, 0, 16, 16 ], "texture": "#Voxel-FFF5C5" }
			}
		},
		{
			"__comment": "Voxel-FFF5C5",
			"from": [ 0.75, 0, 1.5 ],
			"to": [ 1.25, 0.5, 2 ],
			"faces": {
				"down": { "uv": [ 0, 0, 16, 16 ], "texture": "#Voxel-FFF5C5" },
				"up": { "uv": [ 0, 0, 16, 16 ], "texture": "#Voxel-FFF5C5" },
				"north": { "uv": [ 0, 0, 16, 16 ], "texture": "#Voxel-FFF5C5" },
				"south": { "uv": [ 0, 0, 16, 16 ], "texture": "#Voxel-FFF5C5" },
				"west": { "uv": [ 0, 0, 16, 16 ], "texture": "#Voxel-FFF5C5" },
				"east": { "uv": [ 0, 0, 16, 16 ], "texture": "#Voxel-FFF5C5" }
			}
		},
		{
			"__comment": "Voxel-FFF5C5",
			"from": [ 0.75, 0.5, -0.5 ],
			"to": [ 1.25, 1, 0 ],
			"faces": {
				"down": { "uv": [ 0, 0, 16, 16 ], "texture": "#Voxel-FFF5C5" },
				"up": { "uv": [ 0, 0, 16, 16 ], "texture": "#Voxel-FFF5C5" },
				"north": { "uv": [ 0, 0, 16, 16 ], "texture": "#Voxel-FFF5C5" },
				"south": { "uv": [ 0, 0, 16, 16 ], "texture": "#Voxel-FFF5C5" },
				"west": { "uv": [ 0, 0, 16, 16 ], "texture": "#Voxel-FFF5C5" },
				"east": { "uv": [ 0, 0, 16, 16 ], "texture": "#Voxel-FFF5C5" }
			}
		},
		{
			"__comment": "Voxel-FFF5C5",
			"from": [ 0.75, 0.5, 0 ],
			"to": [ 1.25, 1, 0.5 ],
			"faces": {
				"down": { "uv": [ 0, 0, 16, 16 ], "texture": "#Voxel-FFF5C5" },
				"up": { "uv": [ 0, 0, 16, 16 ], "texture": "#Voxel-FFF5C5" },
				"north": { "uv": [ 0, 0, 16, 16 ], "texture": "#Voxel-FFF5C5" },
				"south": { "uv": [ 0, 0, 16, 16 ], "texture": "#Voxel-FFF5C5" },
				"west": { "uv": [ 0, 0, 16, 16 ], "texture": "#Voxel-FFF5C5" },
				"east": { "uv": [ 0, 0, 16, 16 ], "texture": "#Voxel-FFF5C5" }
			}
		},
		{
			"__comment": "Voxel-FFF5C5",
			"from": [ 0.75, 0.5, 2 ],
			"to": [ 1.25, 1, 2.5 ],
			"faces": {
				"down": { "uv": [ 0, 0, 16, 16 ], "texture": "#Voxel-FFF5C5" },
				"up": { "uv": [ 0, 0, 16, 16 ], "texture": "#Voxel-FFF5C5" },
				"north": { "uv": [ 0, 0, 16, 16 ], "texture": "#Voxel-FFF5C5" },
				"south": { "uv": [ 0, 0, 16, 16 ], "texture": "#Voxel-FFF5C5" },
				"west": { "uv": [ 0, 0, 16, 16 ], "texture": "#Voxel-FFF5C5" },
				"east": { "uv": [ 0, 0, 16, 16 ], "texture": "#Voxel-FFF5C5" }
			}
		},
		{
			"__comment": "Voxel-FFF5C5",
			"from": [ 0.75, 0.5, 2.5 ],
			"to": [ 1.25, 1, 3 ],
			"faces": {
				"down": { "uv": [ 0, 0, 16, 16 ], "texture": "#Voxel-FFF5C5" },
				"up": { "uv": [ 0, 0, 16, 16 ], "texture": "#Voxel-FFF5C5" },
				"north": { "uv": [ 0, 0, 16, 16 ], "texture": "#Voxel-FFF5C5" },
				"south": { "uv": [ 0, 0, 16, 16 ], "texture": "#Voxel-FFF5C5" },
				"west": { "uv": [ 0, 0, 16, 16 ], "texture": "#Voxel-FFF5C5" },
				"east": { "uv": [ 0, 0, 16, 16 ], "texture": "#Voxel-FFF5C5" }
			}
		},
		{
			"__comment": "Voxel-FFF5C5",
			"from": [ 0.75, 1, 0 ],
			"to": [ 1.25, 1.5, 0.5 ],
			"faces": {
				"down": { "uv": [ 0, 0, 16, 16 ], "texture": "#Voxel-FFF5C5" },
				"up": { "uv": [ 0, 0, 16, 16 ], "texture": "#Voxel-FFF5C5" },
				"north": { "uv": [ 0, 0, 16, 16 ], "texture": "#Voxel-FFF5C5" },
				"south": { "uv": [ 0, 0, 16, 16 ], "texture": "#Voxel-FFF5C5" },
				"west": { "uv": [ 0, 0, 16, 16 ], "texture": "#Voxel-FFF5C5" },
				"east": { "uv": [ 0, 0, 16, 16 ], "texture": "#Voxel-FFF5C5" }
			}
		},
		{
			"__comment": "Voxel-FFF5C5",
			"from": [ 0.75, 1, 3 ],
			"to": [ 1.25, 1.5, 3.5 ],
			"faces": {
				"down": { "uv": [ 0, 0, 16, 16 ], "texture": "#Voxel-FFF5C5" },
				"up": { "uv": [ 0, 0, 16, 16 ], "texture": "#Voxel-FFF5C5" },
				"north": { "uv": [ 0, 0, 16, 16 ], "texture": "#Voxel-FFF5C5" },
				"south": { "uv": [ 0, 0, 16, 16 ], "texture": "#Voxel-FFF5C5" },
				"west": { "uv": [ 0, 0, 16, 16 ], "texture": "#Voxel-FFF5C5" },
				"east": { "uv": [ 0, 0, 16, 16 ], "texture": "#Voxel-FFF5C5" }
			}
		},
		{
			"__comment": "Voxel-FFF5C5",
			"from": [ 0.75, 1, 3.5 ],
			"to": [ 1.25, 1.5, 4 ],
			"faces": {
				"down": { "uv": [ 0, 0, 16, 16 ], "texture": "#Voxel-FFF5C5" },
				"up": { "uv": [ 0, 0, 16, 16 ], "texture": "#Voxel-FFF5C5" },
				"north": { "uv": [ 0, 0, 16, 16 ], "texture": "#Voxel-FFF5C5" },
				"south": { "uv": [ 0, 0, 16, 16 ], "texture": "#Voxel-FFF5C5" },
				"west": { "uv": [ 0, 0, 16, 16 ], "texture": "#Voxel-FFF5C5" },
				"east": { "uv": [ 0, 0, 16, 16 ], "texture": "#Voxel-FFF5C5" }
			}
		},
		{
			"__comment": "Voxel-FFF5C5",
			"from": [ 0.75, 1.5, 0.5 ],
			"to": [ 1.25, 2, 1 ],
			"faces": {
				"down": { "uv": [ 0, 0, 16, 16 ], "texture": "#Voxel-FFF5C5" },
				"up": { "uv": [ 0, 0, 16, 16 ], "texture": "#Voxel-FFF5C5" },
				"north": { "uv": [ 0, 0, 16, 16 ], "texture": "#Voxel-FFF5C5" },
				"south": { "uv": [ 0, 0, 16, 16 ], "texture": "#Voxel-FFF5C5" },
				"west": { "uv": [ 0, 0, 16, 16 ], "texture": "#Voxel-FFF5C5" },
				"east": { "uv": [ 0, 0, 16, 16 ], "texture": "#Voxel-FFF5C5" }
			}
		},
		{
			"__comment": "Voxel-FFF5C5",
			"from": [ 0.75, 1.5, 4 ],
			"to": [ 1.25, 2, 4.5 ],
			"faces": {
				"down": { "uv": [ 0, 0, 16, 16 ], "texture": "#Voxel-FFF5C5" },
				"up": { "uv": [ 0, 0, 16, 16 ], "texture": "#Voxel-FFF5C5" },
				"north": { "uv": [ 0, 0, 16, 16 ], "texture": "#Voxel-FFF5C5" },
				"south": { "uv": [ 0, 0, 16, 16 ], "texture": "#Voxel-FFF5C5" },
				"west": { "uv": [ 0, 0, 16, 16 ], "texture": "#Voxel-FFF5C5" },
				"east": { "uv": [ 0, 0, 16, 16 ], "texture": "#Voxel-FFF5C5" }
			}
		},
		{
			"__comment": "Voxel-FFF5C5",
			"from": [ 0.75, 2, 0.5 ],
			"to": [ 1.25, 2.5, 1 ],
			"faces": {
				"down": { "uv": [ 0, 0, 16, 16 ], "texture": "#Voxel-FFF5C5" },
				"up": { "uv": [ 0, 0, 16, 16 ], "texture": "#Voxel-FFF5C5" },
				"north": { "uv": [ 0, 0, 16, 16 ], "texture": "#Voxel-FFF5C5" },
				"south": { "uv": [ 0, 0, 16, 16 ], "texture": "#Voxel-FFF5C5" },
				"west": { "uv": [ 0, 0, 16, 16 ], "texture": "#Voxel-FFF5C5" },
				"east": { "uv": [ 0, 0, 16, 16 ], "texture": "#Voxel-FFF5C5" }
			}
		},
		{
			"__comment": "Voxel-FFF5C5",
			"from": [ 0.75, 2, 1 ],
			"to": [ 1.25, 2.5, 1.5 ],
			"faces": {
				"down": { "uv": [ 0, 0, 16, 16 ], "texture": "#Voxel-FFF5C5" },
				"up": { "uv": [ 0, 0, 16, 16 ], "texture": "#Voxel-FFF5C5" },
				"north": { "uv": [ 0, 0, 16, 16 ], "texture": "#Voxel-FFF5C5" },
				"south": { "uv": [ 0, 0, 16, 16 ], "texture": "#Voxel-FFF5C5" },
				"west": { "uv": [ 0, 0, 16, 16 ], "texture": "#Voxel-FFF5C5" },
				"east": { "uv": [ 0, 0, 16, 16 ], "texture": "#Voxel-FFF5C5" }
			}
		},
		{
			"__comment": "Voxel-FFF5C5",
			"from": [ 0.75, 2, 1.5 ],
			"to": [ 1.25, 2.5, 2 ],
			"faces": {
				"down": { "uv": [ 0, 0, 16, 16 ], "texture": "#Voxel-FFF5C5" },
				"up": { "uv": [ 0, 0, 16, 16 ], "texture": "#Voxel-FFF5C5" },
				"north": { "uv": [ 0, 0, 16, 16 ], "texture": "#Voxel-FFF5C5" },
				"south": { "uv": [ 0, 0, 16, 16 ], "texture": "#Voxel-FFF5C5" },
				"west": { "uv": [ 0, 0, 16, 16 ], "texture": "#Voxel-FFF5C5" },
				"east": { "uv": [ 0, 0, 16, 16 ], "texture": "#Voxel-FFF5C5" }
			}
		},
		{
			"__comment": "Voxel-FFF5C5",
			"from": [ 0.75, 2, 2 ],
			"to": [ 1.25, 2.5, 2.5 ],
			"faces": {
				"down": { "uv": [ 0, 0, 16, 16 ], "texture": "#Voxel-FFF5C5" },
				"up": { "uv": [ 0, 0, 16, 16 ], "texture": "#Voxel-FFF5C5" },
				"north": { "uv": [ 0, 0, 16, 16 ], "texture": "#Voxel-FFF5C5" },
				"south": { "uv": [ 0, 0, 16, 16 ], "texture": "#Voxel-FFF5C5" },
				"west": { "uv": [ 0, 0, 16, 16 ], "texture": "#Voxel-FFF5C5" },
				"east": { "uv": [ 0, 0, 16, 16 ], "texture": "#Voxel-FFF5C5" }
			}
		},
		{
			"__comment": "Voxel-FFF5C5",
			"from": [ 0.75, 2, 2.5 ],
			"to": [ 1.25, 2.5, 3 ],
			"faces": {
				"down": { "uv": [ 0, 0, 16, 16 ], "texture": "#Voxel-FFF5C5" },
				"up": { "uv": [ 0, 0, 16, 16 ], "texture": "#Voxel-FFF5C5" },
				"north": { "uv": [ 0, 0, 16, 16 ], "texture": "#Voxel-FFF5C5" },
				"south": { "uv": [ 0, 0, 16, 16 ], "texture": "#Voxel-FFF5C5" },
				"west": { "uv": [ 0, 0, 16, 16 ], "texture": "#Voxel-FFF5C5" },
				"east": { "uv": [ 0, 0, 16, 16 ], "texture": "#Voxel-FFF5C5" }
			}
		},
		{
			"__comment": "Voxel-FFF5C5",
			"from": [ 0.75, 2, 3 ],
			"to": [ 1.25, 2.5, 3.5 ],
			"faces": {
				"down": { "uv": [ 0, 0, 16, 16 ], "texture": "#Voxel-FFF5C5" },
				"up": { "uv": [ 0, 0, 16, 16 ], "texture": "#Voxel-FFF5C5" },
				"north": { "uv": [ 0, 0, 16, 16 ], "texture": "#Voxel-FFF5C5" },
				"south": { "uv": [ 0, 0, 16, 16 ], "texture": "#Voxel-FFF5C5" },
				"west": { "uv": [ 0, 0, 16, 16 ], "texture": "#Voxel-FFF5C5" },
				"east": { "uv": [ 0, 0, 16, 16 ], "texture": "#Voxel-FFF5C5" }
			}
		},
		{
			"__comment": "Voxel-FFF5C5",
			"from": [ 0.75, 2, 3.5 ],
			"to": [ 1.25, 2.5, 4 ],
			"faces": {
				"down": { "uv": [ 0, 0, 16, 16 ], "texture": "#Voxel-FFF5C5" },
				"up": { "uv": [ 0, 0, 16, 16 ], "texture": "#Voxel-FFF5C5" },
				"north": { "uv": [ 0, 0, 16, 16 ], "texture": "#Voxel-FFF5C5" },
				"south": { "uv": [ 0, 0, 16, 16 ], "texture": "#Voxel-FFF5C5" },
				"west": { "uv": [ 0, 0, 16, 16 ], "texture": "#Voxel-FFF5C5" },
				"east": { "uv": [ 0, 0, 16, 16 ], "texture": "#Voxel-FFF5C5" }
			}
		},
		{
			"__comment": "Voxel-FFF5C5",
			"from": [ 0.75, 2, 4 ],
			"to": [ 1.25, 2.5, 4.5 ],
			"faces": {
				"down": { "uv": [ 0, 0, 16, 16 ], "texture": "#Voxel-FFF5C5" },
				"up": { "uv": [ 0, 0, 16, 16 ], "texture": "#Voxel-FFF5C5" },
				"north": { "uv": [ 0, 0, 16, 16 ], "texture": "#Voxel-FFF5C5" },
				"south": { "uv": [ 0, 0, 16, 16 ], "texture": "#Voxel-FFF5C5" },
				"west": { "uv": [ 0, 0, 16, 16 ], "texture": "#Voxel-FFF5C5" },
				"east": { "uv": [ 0, 0, 16, 16 ], "texture": "#Voxel-FFF5C5" }
			}
		},
		{
			"__comment": "Voxel-FFF5C5",
			"from": [ 0.75, 2, 4.5 ],
			"to": [ 1.25, 2.5, 5 ],
			"faces": {
				"down": { "uv": [ 0, 0, 16, 16 ], "texture": "#Voxel-FFF5C5" },
				"up": { "uv": [ 0, 0, 16, 16 ], "texture": "#Voxel-FFF5C5" },
				"north": { "uv": [ 0, 0, 16, 16 ], "texture": "#Voxel-FFF5C5" },
				"south": { "uv": [ 0, 0, 16, 16 ], "texture": "#Voxel-FFF5C5" },
				"west": { "uv": [ 0, 0, 16, 16 ], "texture": "#Voxel-FFF5C5" },
				"east": { "uv": [ 0, 0, 16, 16 ], "texture": "#Voxel-FFF5C5" }
			}
		},
		{
			"__comment": "Voxel-FFF5C5",
			"from": [ 14.75, 0, 0 ],
			"to": [ 15.25, 0.5, 0.5 ],
			"faces": {
				"down": { "uv": [ 0, 0, 16, 16 ], "texture": "#Voxel-FFF5C5" },
				"up": { "uv": [ 0, 0, 16, 16 ], "texture": "#Voxel-FFF5C5" },
				"north": { "uv": [ 0, 0, 16, 16 ], "texture": "#Voxel-FFF5C5" },
				"south": { "uv": [ 0, 0, 16, 16 ], "texture": "#Voxel-FFF5C5" },
				"west": { "uv": [ 0, 0, 16, 16 ], "texture": "#Voxel-FFF5C5" },
				"east": { "uv": [ 0, 0, 16, 16 ], "texture": "#Voxel-FFF5C5" }
			}
		},
		{
			"__comment": "Voxel-FFF5C5",
			"from": [ 14.75, 0, 0.5 ],
			"to": [ 15.25, 0.5, 1 ],
			"faces": {
				"down": { "uv": [ 0, 0, 16, 16 ], "texture": "#Voxel-FFF5C5" },
				"up": { "uv": [ 0, 0, 16, 16 ], "texture": "#Voxel-FFF5C5" },
				"north": { "uv": [ 0, 0, 16, 16 ], "texture": "#Voxel-FFF5C5" },
				"south": { "uv": [ 0, 0, 16, 16 ], "texture": "#Voxel-FFF5C5" },
				"west": { "uv": [ 0, 0, 16, 16 ], "texture": "#Voxel-FFF5C5" },
				"east": { "uv": [ 0, 0, 16, 16 ], "texture": "#Voxel-FFF5C5" }
			}
		},
		{
			"__comment": "Voxel-FFF5C5",
			"from": [ 14.75, 0, 1 ],
			"to": [ 15.25, 0.5, 1.5 ],
			"faces": {
				"down": { "uv": [ 0, 0, 16, 16 ], "texture": "#Voxel-FFF5C5" },
				"up": { "uv": [ 0, 0, 16, 16 ], "texture": "#Voxel-FFF5C5" },
				"north": { "uv": [ 0, 0, 16, 16 ], "texture": "#Voxel-FFF5C5" },
				"south": { "uv": [ 0, 0, 16, 16 ], "texture": "#Voxel-FFF5C5" },
				"west": { "uv": [ 0, 0, 16, 16 ], "texture": "#Voxel-FFF5C5" },
				"east": { "uv": [ 0, 0, 16, 16 ], "texture": "#Voxel-FFF5C5" }
			}
		},
		{
			"__comment": "Voxel-FFF5C5",
			"from": [ 14.75, 0, 1.5 ],
			"to": [ 15.25, 0.5, 2 ],
			"faces": {
				"down": { "uv": [ 0, 0, 16, 16 ], "texture": "#Voxel-FFF5C5" },
				"up": { "uv": [ 0, 0, 16, 16 ], "texture": "#Voxel-FFF5C5" },
				"north": { "uv": [ 0, 0, 16, 16 ], "texture": "#Voxel-FFF5C5" },
				"south": { "uv": [ 0, 0, 16, 16 ], "texture": "#Voxel-FFF5C5" },
				"west": { "uv": [ 0, 0, 16, 16 ], "texture": "#Voxel-FFF5C5" },
				"east": { "uv": [ 0, 0, 16, 16 ], "texture": "#Voxel-FFF5C5" }
			}
		},
		{
			"__comment": "Voxel-FFF5C5",
			"from": [ 14.75, 0.5, -0.5 ],
			"to": [ 15.25, 1, 0 ],
			"faces": {
				"down": { "uv": [ 0, 0, 16, 16 ], "texture": "#Voxel-FFF5C5" },
				"up": { "uv": [ 0, 0, 16, 16 ], "texture": "#Voxel-FFF5C5" },
				"north": { "uv": [ 0, 0, 16, 16 ], "texture": "#Voxel-FFF5C5" },
				"south": { "uv": [ 0, 0, 16, 16 ], "texture": "#Voxel-FFF5C5" },
				"west": { "uv": [ 0, 0, 16, 16 ], "texture": "#Voxel-FFF5C5" },
				"east": { "uv": [ 0, 0, 16, 16 ], "texture": "#Voxel-FFF5C5" }
			}
		},
		{
			"__comment": "Voxel-FFF5C5",
			"from": [ 14.75, 0.5, 2 ],
			"to": [ 15.25, 1, 2.5 ],
			"faces": {
				"down": { "uv": [ 0, 0, 16, 16 ], "texture": "#Voxel-FFF5C5" },
				"up": { "uv": [ 0, 0, 16, 16 ], "texture": "#Voxel-FFF5C5" },
				"north": { "uv": [ 0, 0, 16, 16 ], "texture": "#Voxel-FFF5C5" },
				"south": { "uv": [ 0, 0, 16, 16 ], "texture": "#Voxel-FFF5C5" },
				"west": { "uv": [ 0, 0, 16, 16 ], "texture": "#Voxel-FFF5C5" },
				"east": { "uv": [ 0, 0, 16, 16 ], "texture": "#Voxel-FFF5C5" }
			}
		},
		{
			"__comment": "Voxel-FFF5C5",
			"from": [ 14.75, 0.5, 2.5 ],
			"to": [ 15.25, 1, 3 ],
			"faces": {
				"down": { "uv": [ 0, 0, 16, 16 ], "texture": "#Voxel-FFF5C5" },
				"up": { "uv": [ 0, 0, 16, 16 ], "texture": "#Voxel-FFF5C5" },
				"north": { "uv": [ 0, 0, 16, 16 ], "texture": "#Voxel-FFF5C5" },
				"south": { "uv": [ 0, 0, 16, 16 ], "texture": "#Voxel-FFF5C5" },
				"west": { "uv": [ 0, 0, 16, 16 ], "texture": "#Voxel-FFF5C5" },
				"east": { "uv": [ 0, 0, 16, 16 ], "texture": "#Voxel-FFF5C5" }
			}
		},
		{
			"__comment": "Voxel-FFF5C5",
			"from": [ 14.75, 1, 0 ],
			"to": [ 15.25, 1.5, 0.5 ],
			"faces": {
				"down": { "uv": [ 0, 0, 16, 16 ], "texture": "#Voxel-FFF5C5" },
				"up": { "uv": [ 0, 0, 16, 16 ], "texture": "#Voxel-FFF5C5" },
				"north": { "uv": [ 0, 0, 16, 16 ], "texture": "#Voxel-FFF5C5" },
				"south": { "uv": [ 0, 0, 16, 16 ], "texture": "#Voxel-FFF5C5" },
				"west": { "uv": [ 0, 0, 16, 16 ], "texture": "#Voxel-FFF5C5" },
				"east": { "uv": [ 0, 0, 16, 16 ], "texture": "#Voxel-FFF5C5" }
			}
		},
		{
			"__comment": "Voxel-FFF5C5",
			"from": [ 14.75, 1, 3 ],
			"to": [ 15.25, 1.5, 3.5 ],
			"faces": {
				"down": { "uv": [ 0, 0, 16, 16 ], "texture": "#Voxel-FFF5C5" },
				"up": { "uv": [ 0, 0, 16, 16 ], "texture": "#Voxel-FFF5C5" },
				"north": { "uv": [ 0, 0, 16, 16 ], "texture": "#Voxel-FFF5C5" },
				"south": { "uv": [ 0, 0, 16, 16 ], "texture": "#Voxel-FFF5C5" },
				"west": { "uv": [ 0, 0, 16, 16 ], "texture": "#Voxel-FFF5C5" },
				"east": { "uv": [ 0, 0, 16, 16 ], "texture": "#Voxel-FFF5C5" }
			}
		},
		{
			"__comment": "Voxel-FFF5C5",
			"from": [ 14.75, 1, 3.5 ],
			"to": [ 15.25, 1.5, 4 ],
			"faces": {
				"down": { "uv": [ 0, 0, 16, 16 ], "texture": "#Voxel-FFF5C5" },
				"up": { "uv": [ 0, 0, 16, 16 ], "texture": "#Voxel-FFF5C5" },
				"north": { "uv": [ 0, 0, 16, 16 ], "texture": "#Voxel-FFF5C5" },
				"south": { "uv": [ 0, 0, 16, 16 ], "texture": "#Voxel-FFF5C5" },
				"west": { "uv": [ 0, 0, 16, 16 ], "texture": "#Voxel-FFF5C5" },
				"east": { "uv": [ 0, 0, 16, 16 ], "texture": "#Voxel-FFF5C5" }
			}
		},
		{
			"__comment": "Voxel-FFF5C5",
			"from": [ 14.75, 1.5, 0.5 ],
			"to": [ 15.25, 2, 1 ],
			"faces": {
				"down": { "uv": [ 0, 0, 16, 16 ], "texture": "#Voxel-FFF5C5" },
				"up": { "uv": [ 0, 0, 16, 16 ], "texture": "#Voxel-FFF5C5" },
				"north": { "uv": [ 0, 0, 16, 16 ], "texture": "#Voxel-FFF5C5" },
				"south": { "uv": [ 0, 0, 16, 16 ], "texture": "#Voxel-FFF5C5" },
				"west": { "uv": [ 0, 0, 16, 16 ], "texture": "#Voxel-FFF5C5" },
				"east": { "uv": [ 0, 0, 16, 16 ], "texture": "#Voxel-FFF5C5" }
			}
		},
		{
			"__comment": "Voxel-FFF5C5",
			"from": [ 14.75, 1.5, 4 ],
			"to": [ 15.25, 2, 4.5 ],
			"faces": {
				"down": { "uv": [ 0, 0, 16, 16 ], "texture": "#Voxel-FFF5C5" },
				"up": { "uv": [ 0, 0, 16, 16 ], "texture": "#Voxel-FFF5C5" },
				"north": { "uv": [ 0, 0, 16, 16 ], "texture": "#Voxel-FFF5C5" },
				"south": { "uv": [ 0, 0, 16, 16 ], "texture": "#Voxel-FFF5C5" },
				"west": { "uv": [ 0, 0, 16, 16 ], "texture": "#Voxel-FFF5C5" },
				"east": { "uv": [ 0, 0, 16, 16 ], "texture": "#Voxel-FFF5C5" }
			}
		},
		{
			"__comment": "Voxel-FFF5C5",
			"from": [ 14.75, 2, 0.5 ],
			"to": [ 15.25, 2.5, 1 ],
			"faces": {
				"down": { "uv": [ 0, 0, 16, 16 ], "texture": "#Voxel-FFF5C5" },
				"up": { "uv": [ 0, 0, 16, 16 ], "texture": "#Voxel-FFF5C5" },
				"north": { "uv": [ 0, 0, 16, 16 ], "texture": "#Voxel-FFF5C5" },
				"south": { "uv": [ 0, 0, 16, 16 ], "texture": "#Voxel-FFF5C5" },
				"west": { "uv": [ 0, 0, 16, 16 ], "texture": "#Voxel-FFF5C5" },
				"east": { "uv": [ 0, 0, 16, 16 ], "texture": "#Voxel-FFF5C5" }
			}
		},
		{
			"__comment": "Voxel-FFF5C5",
			"from": [ 14.75, 2, 1 ],
			"to": [ 15.25, 2.5, 1.5 ],
			"faces": {
				"down": { "uv": [ 0, 0, 16, 16 ], "texture": "#Voxel-FFF5C5" },
				"up": { "uv": [ 0, 0, 16, 16 ], "texture": "#Voxel-FFF5C5" },
				"north": { "uv": [ 0, 0, 16, 16 ], "texture": "#Voxel-FFF5C5" },
				"south": { "uv": [ 0, 0, 16, 16 ], "texture": "#Voxel-FFF5C5" },
				"west": { "uv": [ 0, 0, 16, 16 ], "texture": "#Voxel-FFF5C5" },
				"east": { "uv": [ 0, 0, 16, 16 ], "texture": "#Voxel-FFF5C5" }
			}
		},
		{
			"__comment": "Voxel-FFF5C5",
			"from": [ 14.75, 2, 1.5 ],
			"to": [ 15.25, 2.5, 2 ],
			"faces": {
				"down": { "uv": [ 0, 0, 16, 16 ], "texture": "#Voxel-FFF5C5" },
				"up": { "uv": [ 0, 0, 16, 16 ], "texture": "#Voxel-FFF5C5" },
				"north": { "uv": [ 0, 0, 16, 16 ], "texture": "#Voxel-FFF5C5" },
				"south": { "uv": [ 0, 0, 16, 16 ], "texture": "#Voxel-FFF5C5" },
				"west": { "uv": [ 0, 0, 16, 16 ], "texture": "#Voxel-FFF5C5" },
				"east": { "uv": [ 0, 0, 16, 16 ], "texture": "#Voxel-FFF5C5" }
			}
		},
		{
			"__comment": "Voxel-FFF5C5",
			"from": [ 14.75, 2, 2 ],
			"to": [ 15.25, 2.5, 2.5 ],
			"faces": {
				"down": { "uv": [ 0, 0, 16, 16 ], "texture": "#Voxel-FFF5C5" },
				"up": { "uv": [ 0, 0, 16, 16 ], "texture": "#Voxel-FFF5C5" },
				"north": { "uv": [ 0, 0, 16, 16 ], "texture": "#Voxel-FFF5C5" },
				"south": { "uv": [ 0, 0, 16, 16 ], "texture": "#Voxel-FFF5C5" },
				"west": { "uv": [ 0, 0, 16, 16 ], "texture": "#Voxel-FFF5C5" },
				"east": { "uv": [ 0, 0, 16, 16 ], "texture": "#Voxel-FFF5C5" }
			}
		},
		{
			"__comment": "Voxel-FFF5C5",
			"from": [ 14.75, 2, 2.5 ],
			"to": [ 15.25, 2.5, 3 ],
			"faces": {
				"down": { "uv": [ 0, 0, 16, 16 ], "texture": "#Voxel-FFF5C5" },
				"up": { "uv": [ 0, 0, 16, 16 ], "texture": "#Voxel-FFF5C5" },
				"north": { "uv": [ 0, 0, 16, 16 ], "texture": "#Voxel-FFF5C5" },
				"south": { "uv": [ 0, 0, 16, 16 ], "texture": "#Voxel-FFF5C5" },
				"west": { "uv": [ 0, 0, 16, 16 ], "texture": "#Voxel-FFF5C5" },
				"east": { "uv": [ 0, 0, 16, 16 ], "texture": "#Voxel-FFF5C5" }
			}
		},
		{
			"__comment": "Voxel-FFF5C5",
			"from": [ 14.75, 2, 3 ],
			"to": [ 15.25, 2.5, 3.5 ],
			"faces": {
				"down": { "uv": [ 0, 0, 16, 16 ], "texture": "#Voxel-FFF5C5" },
				"up": { "uv": [ 0, 0, 16, 16 ], "texture": "#Voxel-FFF5C5" },
				"north": { "uv": [ 0, 0, 16, 16 ], "texture": "#Voxel-FFF5C5" },
				"south": { "uv": [ 0, 0, 16, 16 ], "texture": "#Voxel-FFF5C5" },
				"west": { "uv": [ 0, 0, 16, 16 ], "texture": "#Voxel-FFF5C5" },
				"east": { "uv": [ 0, 0, 16, 16 ], "texture": "#Voxel-FFF5C5" }
			}
		},
		{
			"__comment": "Voxel-FFF5C5",
			"from": [ 14.75, 2, 3.5 ],
			"to": [ 15.25, 2.5, 4 ],
			"faces": {
				"down": { "uv": [ 0, 0, 16, 16 ], "texture": "#Voxel-FFF5C5" },
				"up": { "uv": [ 0, 0, 16, 16 ], "texture": "#Voxel-FFF5C5" },
				"north": { "uv": [ 0, 0, 16, 16 ], "texture": "#Voxel-FFF5C5" },
				"south": { "uv": [ 0, 0, 16, 16 ], "texture": "#Voxel-FFF5C5" },
				"west": { "uv": [ 0, 0, 16, 16 ], "texture": "#Voxel-FFF5C5" },
				"east": { "uv": [ 0, 0, 16, 16 ], "texture": "#Voxel-FFF5C5" }
			}
		},
		{
			"__comment": "Voxel-FFF5C5",
			"from": [ 14.75, 2, 4 ],
			"to": [ 15.25, 2.5, 4.5 ],
			"faces": {
				"down": { "uv": [ 0, 0, 16, 16 ], "texture": "#Voxel-FFF5C5" },
				"up": { "uv": [ 0, 0, 16, 16 ], "texture": "#Voxel-FFF5C5" },
				"north": { "uv": [ 0, 0, 16, 16 ], "texture": "#Voxel-FFF5C5" },
				"south": { "uv": [ 0, 0, 16, 16 ], "texture": "#Voxel-FFF5C5" },
				"west": { "uv": [ 0, 0, 16, 16 ], "texture": "#Voxel-FFF5C5" },
				"east": { "uv": [ 0, 0, 16, 16 ], "texture": "#Voxel-FFF5C5" }
			}
		},
		{
			"__comment": "Voxel-FFF5C5",
			"from": [ 14.75, 2, 4.5 ],
			"to": [ 15.25, 2.5, 5 ],
			"faces": {
				"down": { "uv": [ 0, 0, 16, 16 ], "texture": "#Voxel-FFF5C5" },
				"up": { "uv": [ 0, 0, 16, 16 ], "texture": "#Voxel-FFF5C5" },
				"north": { "uv": [ 0, 0, 16, 16 ], "texture": "#Voxel-FFF5C5" },
				"south": { "uv": [ 0, 0, 16, 16 ], "texture": "#Voxel-FFF5C5" },
				"west": { "uv": [ 0, 0, 16, 16 ], "texture": "#Voxel-FFF5C5" },
				"east": { "uv": [ 0, 0, 16, 16 ], "texture": "#Voxel-FFF5C5" }
			}
		}
	],
	"display": {
		"thirdperson_righthand": {
			"rotation":  [ 0, 45, 119 ],
			"translation":  [ 0, -2.369, 3.4782 ],
			"scale":  [ 0.201, 0.5141, 0.375 ]
		},
		"thirdperson_lefthand": {
			"rotation":  [ 0, 45, 119 ],
			"translation":  [ 0, -2.369, 3.4782 ],
			"scale":  [ 0.201, 0.5141, 0.375 ]
		},
		"firstperson_righthand": {
			"rotation":  [ 44, 31, -8 ],
			"translation":  [ 11.826, 3.4774, 3.4782 ]
		},
		"firstperson_lefthand": {
			"rotation":  [ 44, 31, -8 ],
			"translation":  [ 11.826, 3.4774, 3.4782 ]
		},
		"gui": {
			"rotation":  [ 28, 124, 0 ],
			"translation":  [ 4.1739, 7.6521, 0 ]
		},
		"head": {
			"rotation":  [ -15, 0, 0 ],
			"translation":  [ 0, 9.7391, 6.9565 ],
			"scale":  [ 1.0259, 1.1304, 1.6173 ]
		},
		"ground": {
			"translation":  [ 0.6956, 13.913, 7.6514 ]
		},
		"fixed": {
			"rotation":  [ 0, 88, 0 ],
			"translation":  [ 5.5652, 6.9565, 4.8695 ]
		}
	}
}