{
	"__comment": "Designed by Zeibo with Cubik Studio - https://cubik.studio",
	"textures": {
		"particle": "blocks/e_particle",
		"texture": "blocks/log_oak"
	},
	"elements": [ 	 
		{
			"__comment": "Box1",
			"from": [ -8.75, 2, -4 ],
			"to": [ -6.25, 21.5, -1.5 ],
			"rotation": { "origin": [ -8.75, 2, -4 ], "axis": "x", "angle": 45 },
			"faces": {
				"down": { "uv": [ 0, 0, 16, 16 ], "texture": "#texture" },
				"up": { "uv": [ 0, 0, 16, 16 ], "texture": "#texture" },
				"north": { "uv": [ 0, 0, 8.5, 16 ], "texture": "#texture" },
				"south": { "uv": [ 0, 0, 8.5, 16 ], "texture": "#texture" },
				"west": { "uv": [ 0, 0, 8.5, 16 ], "texture": "#texture" },
				"east": { "uv": [ 0, 0, 8.5, 16 ], "texture": "#texture" }
			}
		},
		{
			"__comment": "Box1",
			"from": [ 7.5, 2, -4 ],
			"to": [ 10, 21.5, -1.5 ],
			"rotation": { "origin": [ 7.5, 2, -4 ], "axis": "x", "angle": 45 },
			"faces": {
				"down": { "uv": [ 0, 0, 16, 16 ], "texture": "#texture" },
				"up": { "uv": [ 0, 0, 16, 16 ], "texture": "#texture" },
				"north": { "uv": [ 0, 0, 8.5, 16 ], "texture": "#texture" },
				"south": { "uv": [ 0, 0, 8.5, 16 ], "texture": "#texture" },
				"west": { "uv": [ 0, 0, 8.5, 16 ], "texture": "#texture" },
				"east": { "uv": [ 0, 0, 8.5, 16 ], "texture": "#texture" }
			}
		},
		{
			"__comment": "Box1",
			"from": [ 22.75, 2, -4 ],
			"to": [ 25.25, 21.5, -1.5 ],
			"rotation": { "origin": [ 22.75, 2, -4 ], "axis": "x", "angle": 45 },
			"faces": {
				"down": { "uv": [ 0, 0, 16, 16 ], "texture": "#texture" },
				"up": { "uv": [ 0, 0, 16, 16 ], "texture": "#texture" },
				"north": { "uv": [ 0, 0, 8.5, 16 ], "texture": "#texture" },
				"south": { "uv": [ 0, 0, 8.5, 16 ], "texture": "#texture" },
				"west": { "uv": [ 0, 0, 8.5, 16 ], "texture": "#texture" },
				"east": { "uv": [ 0, 0, 8.5, 16 ], "texture": "#texture" }
			}
		},
		{
			"__comment": "Box1",
			"from": [ -6, 0.25, -1.25 ],
			"to": [ -3.5, 2.75, 18.25 ],
			"rotation": { "origin": [ -6, 0.25, 18.25 ], "axis": "x", "angle": 45 },
			"faces": {
				"down": { "uv": [ 8.5, 16, 0, 0 ], "texture": "#texture" },
				"up": { "uv": [ 0, 0, 8.5, 16 ], "texture": "#texture" },
				"north": { "uv": [ 16, 16, 0, 0 ], "texture": "#texture" },
				"south": { "uv": [ 0, 0, 16, 16 ], "texture": "#texture" },
				"west": { "uv": [ 0, 0, 8.5, 16 ], "texture": "#texture", "rotation": 270 },
				"east": { "uv": [ 0, 0, 8.5, 16 ], "texture": "#texture", "rotation": 90 }
			}
		},
		{
			"__comment": "Box1",
			"from": [ -5.875, 0, -1.5 ],
			"to": [ -3.375, 2.5, 18 ],
			"rotation": { "origin": [ -5.875, 0, 18 ], "axis": "x", "angle": 45 },
			"faces": {
				"down": { "uv": [ 8.5, 16, 0, 0 ], "texture": "#texture" },
				"up": { "uv": [ 0, 0, 8.5, 16 ], "texture": "#texture" },
				"north": { "uv": [ 16, 16, 0, 0 ], "texture": "#texture" },
				"south": { "uv": [ 0, 0, 16, 16 ], "texture": "#texture" },
				"west": { "uv": [ 0, 0, 8.5, 16 ], "texture": "#texture", "rotation": 270 },
				"east": { "uv": [ 0, 0, 8.5, 16 ], "texture": "#texture", "rotation": 90 }
			}
		},
		{
			"__comment": "Box1",
			"from": [ 10.5, 0, -1.375 ],
			"to": [ 13, 2.5, 18.125 ],
			"rotation": { "origin": [ 10.5, 0, 18.125 ], "axis": "x", "angle": 45 },
			"faces": {
				"down": { "uv": [ 8.5, 16, 0, 0 ], "texture": "#texture" },
				"up": { "uv": [ 0, 0, 8.5, 16 ], "texture": "#texture" },
				"north": { "uv": [ 16, 16, 0, 0 ], "texture": "#texture" },
				"south": { "uv": [ 0, 0, 16, 16 ], "texture": "#texture" },
				"west": { "uv": [ 0, 0, 8.5, 16 ], "texture": "#texture", "rotation": 270 },
				"east": { "uv": [ 0, 0, 8.5, 16 ], "texture": "#texture", "rotation": 90 }
			}
		},
		{
			"__comment": "Box1",
			"from": [ 25.5, 0, -1.375 ],
			"to": [ 28, 2.5, 18.125 ],
			"rotation": { "origin": [ 25.5, 0, 18.125 ], "axis": "x", "angle": 45 },
			"faces": {
				"down": { "uv": [ 8.5, 16, 0, 0 ], "texture": "#texture" },
				"up": { "uv": [ 0, 0, 8.5, 16 ], "texture": "#texture" },
				"north": { "uv": [ 16, 16, 0, 0 ], "texture": "#texture" },
				"south": { "uv": [ 0, 0, 16, 16 ], "texture": "#texture" },
				"west": { "uv": [ 0, 0, 8.5, 16 ], "texture": "#texture", "rotation": 270 },
				"east": { "uv": [ 0, 0, 8.5, 16 ], "texture": "#texture", "rotation": 90 }
			}
		},
		{
			"__comment": "Box1",
			"from": [ -12.5, 10.875, 10 ],
			"to": [ 31, 13.375, 12.5 ],
			"faces": {
				"down": { "uv": [ 8.5, 16, 0, 0 ], "texture": "#texture", "rotation": 90 },
				"up": { "uv": [ 0, 0, 8.5, 16 ], "texture": "#texture", "rotation": 270 },
				"north": { "uv": [ 0, 0, 8.5, 16 ], "texture": "#texture", "rotation": 90 },
				"south": { "uv": [ 0, 0, 8.5, 16 ], "texture": "#texture", "rotation": 270 },
				"west": { "uv": [ 0, 0, 16, 16 ], "texture": "#texture", "rotation": 270 },
				"east": { "uv": [ 16, 16, 0, 0 ], "texture": "#texture", "rotation": 90 }
			}
		},
		{
			"__comment": "Box1",
			"from": [ -12.5, 11, 3.5 ],
			"to": [ 31, 13.5, 6 ],
			"faces": {
				"down": { "uv": [ 8.5, 16, 0, 0 ], "texture": "#texture", "rotation": 90 },
				"up": { "uv": [ 0, 0, 8.5, 16 ], "texture": "#texture", "rotation": 270 },
				"north": { "uv": [ 0, 0, 8.5, 16 ], "texture": "#texture", "rotation": 90 },
				"south": { "uv": [ 0, 0, 8.5, 16 ], "texture": "#texture", "rotation": 270 },
				"west": { "uv": [ 0, 0, 16, 16 ], "texture": "#texture", "rotation": 270 },
				"east": { "uv": [ 16, 16, 0, 0 ], "texture": "#texture", "rotation": 90 }
			}
		},
		{
			"__comment": "Box1",
			"from": [ -7.75, 15, 10.25 ],
			"to": [ -7.25, 22.5, 10.75 ],
			"rotation": { "origin": [ -7.75, 15, 10.25 ], "axis": "x", "angle": 45 },
			"faces": {
				"down": { "uv": [ 0, 0, 16, 16 ], "texture": "#texture" },
				"up": { "uv": [ 0, 0, 16, 16 ], "texture": "#texture" },
				"north": { "uv": [ 0, 0, 8.5, 16 ], "texture": "#texture" },
				"south": { "uv": [ 0, 0, 8.5, 16 ], "texture": "#texture" },
				"west": { "uv": [ 0, 0, 8.5, 16 ], "texture": "#texture" },
				"east": { "uv": [ 0, 0, 8.5, 16 ], "texture": "#texture" }
			}
		},
		{
			"__comment": "Box1",
			"from": [ 8.5, 15, 10.25 ],
			"to": [ 9, 22.5, 10.75 ],
			"rotation": { "origin": [ 8.5, 15, 10.25 ], "axis": "x", "angle": 45 },
			"faces": {
				"down": { "uv": [ 0, 0, 16, 16 ], "texture": "#texture" },
				"up": { "uv": [ 0, 0, 16, 16 ], "texture": "#texture" },
				"north": { "uv": [ 0, 0, 8.5, 16 ], "texture": "#texture" },
				"south": { "uv": [ 0, 0, 8.5, 16 ], "texture": "#texture" },
				"west": { "uv": [ 0, 0, 8.5, 16 ], "texture": "#texture" },
				"east": { "uv": [ 0, 0, 8.5, 16 ], "texture": "#texture" }
			}
		},
		{
			"__comment": "Box1",
			"from": [ 23.75, 15, 10.25 ],
			"to": [ 24.25, 22.5, 10.75 ],
			"rotation": { "origin": [ 23.75, 15, 10.25 ], "axis": "x", "angle": 45 },
			"faces": {
				"down": { "uv": [ 0, 0, 16, 16 ], "texture": "#texture" },
				"up": { "uv": [ 0, 0, 16, 16 ], "texture": "#texture" },
				"north": { "uv": [ 0, 0, 8.5, 16 ], "texture": "#texture" },
				"south": { "uv": [ 0, 0, 8.5, 16 ], "texture": "#texture" },
				"west": { "uv": [ 0, 0, 8.5, 16 ], "texture": "#texture" },
				"east": { "uv": [ 0, 0, 8.5, 16 ], "texture": "#texture" }
			}
		},
		{
			"__comment": "Box1",
			"from": [ 26.625, 14.5, 5.25 ],
			"to": [ 27.125, 22, 5.75 ],
			"rotation": { "origin": [ 26.625, 14.5, 5.25 ], "axis": "x", "angle": -45 },
			"faces": {
				"down": { "uv": [ 0, 0, 16, 16 ], "texture": "#texture" },
				"up": { "uv": [ 0, 0, 16, 16 ], "texture": "#texture" },
				"north": { "uv": [ 0, 0, 8.5, 16 ], "texture": "#texture" },
				"south": { "uv": [ 0, 0, 8.5, 16 ], "texture": "#texture" },
				"west": { "uv": [ 0, 0, 8.5, 16 ], "texture": "#texture" },
				"east": { "uv": [ 0, 0, 8.5, 16 ], "texture": "#texture" }
			}
		},
		{
			"__comment": "Box1",
			"from": [ 11.5, 14.5, 5.5 ],
			"to": [ 12, 22, 6 ],
			"rotation": { "origin": [ 11.5, 14.5, 5.5 ], "axis": "x", "angle": -45 },
			"faces": {
				"down": { "uv": [ 0, 0, 16, 16 ], "texture": "#texture" },
				"up": { "uv": [ 0, 0, 16, 16 ], "texture": "#texture" },
				"north": { "uv": [ 0, 0, 8.5, 16 ], "texture": "#texture" },
				"south": { "uv": [ 0, 0, 8.5, 16 ], "texture": "#texture" },
				"west": { "uv": [ 0, 0, 8.5, 16 ], "texture": "#texture" },
				"east": { "uv": [ 0, 0, 8.5, 16 ], "texture": "#texture" }
			}
		},
		{
			"__comment": "Box1",
			"from": [ -4.875, 14.5, 5.5 ],
			"to": [ -4.375, 22, 6 ],
			"rotation": { "origin": [ -4.875, 14.5, 5.5 ], "axis": "x", "angle": -45 },
			"faces": {
				"down": { "uv": [ 0, 0, 16, 16 ], "texture": "#texture" },
				"up": { "uv": [ 0, 0, 16, 16 ], "texture": "#texture" },
				"north": { "uv": [ 0, 0, 8.5, 16 ], "texture": "#texture" },
				"south": { "uv": [ 0, 0, 8.5, 16 ], "texture": "#texture" },
				"west": { "uv": [ 0, 0, 8.5, 16 ], "texture": "#texture" },
				"east": { "uv": [ 0, 0, 8.5, 16 ], "texture": "#texture" }
			}
		}
	],
	"display": {
		"thirdperson_righthand": {
			"rotation":  [ 72, 103, 0 ],
			"translation":  [ 0, -2.086, -1.391 ],
			"scale":  [ 0.5, 0.75, 0.5 ]
		},
		"firstperson_righthand": {
			"rotation":  [ 38, -95, 25 ],
			"translation":  [ 8.0865, -0.973, 3.9126 ],
			"scale":  [ 0.68, 0.68, 0.68 ]
		},
		"gui": {
			"rotation":  [ 17, 45, 5 ],
			"translation":  [ -0.695, -0.695, 9.7391 ],
			"scale":  [ 0.5, 0.75, 0.5 ]
		},
		"head": {
			"translation":  [ 0, -34.78, 0 ],
			"scale":  [ 1.5, 2.5, 2 ]
		},
		"ground": {
			"translation":  [ 0, 4.1739, 0 ],
			"scale":  [ 0.78, 1, 0.78 ]
		}
	}
}