{
	"__comment": "Designed by Zeibo with Cubik Studio - https://cubik.studio",
	"textures": {
		"particle": "blocks/e_particle",
		"texture": "mvpweapon/seaweed"
	},
	"elements": [ 	 
		{
			"__comment": "Box1",
			"from": [ 6, 0, 1.5 ],
			"to": [ 9, 16, 2 ],
			"faces": {
				"down": { "uv": [ 0, 2.5, 16, 3.5 ], "texture": "#texture" },
				"up": { "uv": [ 0, 7, 16, 8 ], "texture": "#texture" },
				"north": { "uv": [ 0, 0, 16, 16 ], "texture": "#texture" },
				"south": { "uv": [ 0, 0, 16, 16 ], "texture": "#texture" },
				"west": { "uv": [ 9, 0, 10, 16 ], "texture": "#texture" },
				"east": { "uv": [ 6, 0, 7, 16 ], "texture": "#texture" }
			}
		},
		{
			"__comment": "Box1",
			"from": [ 5, 0, 2 ],
			"to": [ 6, 16, 2.5 ],
			"faces": {
				"down": { "uv": [ 0, 2.5, 16, 3.5 ], "texture": "#texture" },
				"up": { "uv": [ 0, 7, 16, 8 ], "texture": "#texture" },
				"north": { "uv": [ 0, 0, 16, 16 ], "texture": "#texture" },
				"south": { "uv": [ 0, 0, 16, 16 ], "texture": "#texture" },
				"west": { "uv": [ 9, 0, 10, 16 ], "texture": "#texture" },
				"east": { "uv": [ 6, 0, 7, 16 ], "texture": "#texture" }
			}
		},
		{
			"__comment": "Box1",
			"from": [ 9, 0, 2 ],
			"to": [ 10, 16, 2.5 ],
			"faces": {
				"down": { "uv": [ 0, 2.5, 16, 3.5 ], "texture": "#texture" },
				"up": { "uv": [ 0, 7, 16, 8 ], "texture": "#texture" },
				"north": { "uv": [ 0, 0, 16, 16 ], "texture": "#texture" },
				"south": { "uv": [ 0, 0, 16, 16 ], "texture": "#texture" },
				"west": { "uv": [ 9, 0, 10, 16 ], "texture": "#texture" },
				"east": { "uv": [ 6, 0, 7, 16 ], "texture": "#texture" }
			}
		},
		{
			"__comment": "Box1",
			"from": [ 4.5, 0, 2.5 ],
			"to": [ 5, 16, 3 ],
			"faces": {
				"down": { "uv": [ 0, 2.5, 16, 3.5 ], "texture": "#texture" },
				"up": { "uv": [ 0, 7, 16, 8 ], "texture": "#texture" },
				"north": { "uv": [ 0, 0, 16, 16 ], "texture": "#texture" },
				"south": { "uv": [ 0, 0, 16, 16 ], "texture": "#texture" },
				"west": { "uv": [ 9, 0, 10, 16 ], "texture": "#texture" },
				"east": { "uv": [ 6, 0, 7, 16 ], "texture": "#texture" }
			}
		},
		{
			"__comment": "Box1",
			"from": [ 4.5, 0, 8 ],
			"to": [ 5, 16, 8.5 ],
			"faces": {
				"down": { "uv": [ 0, 2.5, 16, 3.5 ], "texture": "#texture" },
				"up": { "uv": [ 0, 7, 16, 8 ], "texture": "#texture" },
				"north": { "uv": [ 0, 0, 16, 16 ], "texture": "#texture" },
				"south": { "uv": [ 0, 0, 16, 16 ], "texture": "#texture" },
				"west": { "uv": [ 9, 0, 10, 16 ], "texture": "#texture" },
				"east": { "uv": [ 6, 0, 7, 16 ], "texture": "#texture" }
			}
		},
		{
			"__comment": "Box1",
			"from": [ 10, 0, 2.5 ],
			"to": [ 10.5, 16, 3 ],
			"faces": {
				"down": { "uv": [ 0, 2.5, 16, 3.5 ], "texture": "#texture" },
				"up": { "uv": [ 0, 7, 16, 8 ], "texture": "#texture" },
				"north": { "uv": [ 0, 0, 16, 16 ], "texture": "#texture" },
				"south": { "uv": [ 0, 0, 16, 16 ], "texture": "#texture" },
				"west": { "uv": [ 9, 0, 10, 16 ], "texture": "#texture" },
				"east": { "uv": [ 6, 0, 7, 16 ], "texture": "#texture" }
			}
		},
		{
			"__comment": "Box1",
			"from": [ 10, 0, 8 ],
			"to": [ 10.5, 16, 8.5 ],
			"faces": {
				"down": { "uv": [ 0, 2.5, 16, 3.5 ], "texture": "#texture" },
				"up": { "uv": [ 0, 7, 16, 8 ], "texture": "#texture" },
				"north": { "uv": [ 0, 0, 16, 16 ], "texture": "#texture" },
				"south": { "uv": [ 0, 0, 16, 16 ], "texture": "#texture" },
				"west": { "uv": [ 9, 0, 10, 16 ], "texture": "#texture" },
				"east": { "uv": [ 6, 0, 7, 16 ], "texture": "#texture" }
			}
		},
		{
			"__comment": "Box1",
			"from": [ 9, 0, 8.5 ],
			"to": [ 10, 16, 9 ],
			"faces": {
				"down": { "uv": [ 0, 2.5, 16, 3.5 ], "texture": "#texture" },
				"up": { "uv": [ 0, 7, 16, 8 ], "texture": "#texture" },
				"north": { "uv": [ 0, 0, 16, 16 ], "texture": "#texture" },
				"south": { "uv": [ 0, 0, 16, 16 ], "texture": "#texture" },
				"west": { "uv": [ 9, 0, 10, 16 ], "texture": "#texture" },
				"east": { "uv": [ 6, 0, 7, 16 ], "texture": "#texture" }
			}
		},
		{
			"__comment": "Box1",
			"from": [ 5, 0, 8.5 ],
			"to": [ 6, 16, 9 ],
			"faces": {
				"down": { "uv": [ 0, 2.5, 16, 3.5 ], "texture": "#texture" },
				"up": { "uv": [ 0, 7, 16, 8 ], "texture": "#texture" },
				"north": { "uv": [ 0, 0, 16, 16 ], "texture": "#texture" },
				"south": { "uv": [ 0, 0, 16, 16 ], "texture": "#texture" },
				"west": { "uv": [ 9, 0, 10, 16 ], "texture": "#texture" },
				"east": { "uv": [ 6, 0, 7, 16 ], "texture": "#texture" }
			}
		},
		{
			"__comment": "Box1",
			"from": [ 4, 0, 3 ],
			"to": [ 4.5, 16, 4 ],
			"faces": {
				"down": { "uv": [ 0, 2.5, 16, 3.5 ], "texture": "#texture" },
				"up": { "uv": [ 0, 7, 16, 8 ], "texture": "#texture" },
				"north": { "uv": [ 0, 0, 16, 16 ], "texture": "#texture" },
				"south": { "uv": [ 0, 0, 16, 16 ], "texture": "#texture" },
				"west": { "uv": [ 9, 0, 10, 16 ], "texture": "#texture" },
				"east": { "uv": [ 6, 0, 7, 16 ], "texture": "#texture" }
			}
		},
		{
			"__comment": "Box1",
			"from": [ 10.5, 0, 3 ],
			"to": [ 11, 16, 4 ],
			"faces": {
				"down": { "uv": [ 0, 2.5, 16, 3.5 ], "texture": "#texture" },
				"up": { "uv": [ 0, 7, 16, 8 ], "texture": "#texture" },
				"north": { "uv": [ 0, 0, 16, 16 ], "texture": "#texture" },
				"south": { "uv": [ 0, 0, 16, 16 ], "texture": "#texture" },
				"west": { "uv": [ 9, 0, 10, 16 ], "texture": "#texture" },
				"east": { "uv": [ 6, 0, 7, 16 ], "texture": "#texture" }
			}
		},
		{
			"__comment": "Box1",
			"from": [ 3.5, 0, 4 ],
			"to": [ 4, 16, 7 ],
			"faces": {
				"down": { "uv": [ 0, 2.5, 16, 3.5 ], "texture": "#texture" },
				"up": { "uv": [ 0, 7, 16, 8 ], "texture": "#texture" },
				"north": { "uv": [ 0, 0, 16, 16 ], "texture": "#texture" },
				"south": { "uv": [ 0, 0, 16, 16 ], "texture": "#texture" },
				"west": { "uv": [ 9, 0, 10, 16 ], "texture": "#texture" },
				"east": { "uv": [ 6, 0, 7, 16 ], "texture": "#texture" }
			}
		},
		{
			"__comment": "Box1",
			"from": [ 11, 0, 4 ],
			"to": [ 11.5, 16, 7 ],
			"faces": {
				"down": { "uv": [ 0, 2.5, 16, 3.5 ], "texture": "#texture" },
				"up": { "uv": [ 0, 7, 16, 8 ], "texture": "#texture" },
				"north": { "uv": [ 0, 0, 16, 16 ], "texture": "#texture" },
				"south": { "uv": [ 0, 0, 16, 16 ], "texture": "#texture" },
				"west": { "uv": [ 9, 0, 10, 16 ], "texture": "#texture" },
				"east": { "uv": [ 6, 0, 7, 16 ], "texture": "#texture" }
			}
		},
		{
			"__comment": "Box1",
			"from": [ 4, 0, 7 ],
			"to": [ 4.5, 16, 8 ],
			"faces": {
				"down": { "uv": [ 0, 2.5, 16, 3.5 ], "texture": "#texture" },
				"up": { "uv": [ 0, 7, 16, 8 ], "texture": "#texture" },
				"north": { "uv": [ 0, 0, 16, 16 ], "texture": "#texture" },
				"south": { "uv": [ 0, 0, 16, 16 ], "texture": "#texture" },
				"west": { "uv": [ 9, 0, 10, 16 ], "texture": "#texture" },
				"east": { "uv": [ 6, 0, 7, 16 ], "texture": "#texture" }
			}
		},
		{
			"__comment": "Box1",
			"from": [ 10.5, 0, 7 ],
			"to": [ 11, 16, 8 ],
			"faces": {
				"down": { "uv": [ 0, 2.5, 16, 3.5 ], "texture": "#texture" },
				"up": { "uv": [ 0, 7, 16, 8 ], "texture": "#texture" },
				"north": { "uv": [ 0, 0, 16, 16 ], "texture": "#texture" },
				"south": { "uv": [ 0, 0, 16, 16 ], "texture": "#texture" },
				"west": { "uv": [ 9, 0, 10, 16 ], "texture": "#texture" },
				"east": { "uv": [ 6, 0, 7, 16 ], "texture": "#texture" }
			}
		},
		{
			"__comment": "Box1",
			"from": [ 6, 0, 9 ],
			"to": [ 9, 16, 9.5 ],
			"faces": {
				"down": { "uv": [ 0, 2.5, 16, 3.5 ], "texture": "#texture" },
				"up": { "uv": [ 0, 7, 16, 8 ], "texture": "#texture" },
				"north": { "uv": [ 0, 0, 16, 16 ], "texture": "#texture" },
				"south": { "uv": [ 0, 0, 16, 16 ], "texture": "#texture" },
				"west": { "uv": [ 9, 0, 10, 16 ], "texture": "#texture" },
				"east": { "uv": [ 6, 0, 7, 16 ], "texture": "#texture" }
			}
		}
	]
}