{
	"__comment": "Designed by Zeibo with Cubik Studio - https://cubik.studio",
	"textures": {
		"particle": "blocks/e_particle",
		"texture": "blocks/log_jungle",
		"texture1": "blocks/leaves_jungle"
	},
	"elements": [ 	 
		{
			"__comment": "Box1",
			"from": [ 7, -14.25, 7 ],
			"to": [ 8, -13.25, 8 ],
			"faces": {
				"down": { "uv": [ 7, 8, 8, 9 ], "texture": "#texture" },
				"up": { "uv": [ 7, 7, 8, 8 ], "texture": "#texture" },
				"north": { "uv": [ 8, 13.25, 9, 14.25 ], "texture": "#texture" },
				"south": { "uv": [ 7, 13.25, 8, 14.25 ], "texture": "#texture" },
				"west": { "uv": [ 7, 13.25, 8, 14.25 ], "texture": "#texture" },
				"east": { "uv": [ 8, 13.25, 9, 14.25 ], "texture": "#texture" }
			}
		},
		{
			"__comment": "Box2",
			"from": [ 6.5, -13.375, 7 ],
			"to": [ 7.5, -12.375, 8 ],
			"faces": {
				"down": { "uv": [ 6.5, 1, 7.5, 2 ], "texture": "#texture" },
				"up": { "uv": [ 6.5, 14, 7.5, 15 ], "texture": "#texture" },
				"north": { "uv": [ 8.5, 12.375, 9.5, 13.375 ], "texture": "#texture" },
				"south": { "uv": [ 6.5, 12.375, 7.5, 13.375 ], "texture": "#texture" },
				"west": { "uv": [ 14, 12.375, 15, 13.375 ], "texture": "#texture" },
				"east": { "uv": [ 1, 12.375, 2, 13.375 ], "texture": "#texture" }
			}
		},
		{
			"__comment": "Box3",
			"from": [ 7.125, -13, 6.625 ],
			"to": [ 9.125, -9.5, 9.125 ],
			"faces": {
				"down": { "uv": [ 7.125, 15.875, 9.125, 16 ], "texture": "#texture" },
				"up": { "uv": [ 7.125, 0, 9.125, 0.125 ], "texture": "#texture" },
				"north": { "uv": [ 6.875, 9.5, 8.875, 13 ], "texture": "#texture" },
				"south": { "uv": [ 7.125, 9.5, 9.125, 13 ], "texture": "#texture" },
				"west": { "uv": [ 0, 9.5, 0.125, 13 ], "texture": "#texture" },
				"east": { "uv": [ 15.875, 9.5, 16, 13 ], "texture": "#texture" }
			}
		},
		{
			"__comment": "Box4",
			"from": [ 5.625, -10.75, 7.25 ],
			"to": [ 8.125, -7.75, 9.25 ],
			"faces": {
				"down": { "uv": [ 5.625, 15.75, 8.125, 16 ], "texture": "#texture" },
				"up": { "uv": [ 5.625, 0, 8.125, 0.25 ], "texture": "#texture" },
				"north": { "uv": [ 7.875, 7.75, 10.375, 10.75 ], "texture": "#texture" },
				"south": { "uv": [ 5.625, 7.75, 8.125, 10.75 ], "texture": "#texture" },
				"west": { "uv": [ 0, 7.75, 0.25, 10.75 ], "texture": "#texture" },
				"east": { "uv": [ 15.75, 7.75, 16, 10.75 ], "texture": "#texture" }
			}
		},
		{
			"__comment": "Box5",
			"from": [ 6.5, -9.125, 6.75 ],
			"to": [ 9.5, -6.125, 9.25 ],
			"faces": {
				"down": { "uv": [ 6.5, 15.75, 9.5, 16 ], "texture": "#texture" },
				"up": { "uv": [ 6.5, 0, 9.5, 0.25 ], "texture": "#texture" },
				"north": { "uv": [ 6.5, 6.125, 9.5, 9.125 ], "texture": "#texture" },
				"south": { "uv": [ 6.5, 6.125, 9.5, 9.125 ], "texture": "#texture" },
				"west": { "uv": [ 0, 6.125, 0.25, 9.125 ], "texture": "#texture" },
				"east": { "uv": [ 15.75, 6.125, 16, 9.125 ], "texture": "#texture" }
			}
		},
		{
			"__comment": "Box6",
			"from": [ 5.5, -7, 7.5 ],
			"to": [ 8.5, -4, 10 ],
			"faces": {
				"down": { "uv": [ 5.5, 15, 8.5, 16 ], "texture": "#texture" },
				"up": { "uv": [ 5.5, 0, 8.5, 1 ], "texture": "#texture" },
				"north": { "uv": [ 7.5, 4, 10.5, 7 ], "texture": "#texture" },
				"south": { "uv": [ 5.5, 4, 8.5, 7 ], "texture": "#texture" },
				"west": { "uv": [ 0, 4, 1, 7 ], "texture": "#texture" },
				"east": { "uv": [ 15, 4, 16, 7 ], "texture": "#texture" }
			}
		},
		{
			"__comment": "Box7",
			"from": [ 6.5, -1, 6.75 ],
			"to": [ 9.5, 2, 9.25 ],
			"faces": {
				"down": { "uv": [ 6.5, 15.75, 9.5, 16 ], "texture": "#texture" },
				"up": { "uv": [ 6.5, 0, 9.5, 0.25 ], "texture": "#texture" },
				"north": { "uv": [ 6.5, 14, 9.5, 16 ], "texture": "#texture" },
				"south": { "uv": [ 6.5, 14, 9.5, 16 ], "texture": "#texture" },
				"west": { "uv": [ 0, 14, 0.25, 16 ], "texture": "#texture" },
				"east": { "uv": [ 15.75, 14, 16, 16 ], "texture": "#texture" }
			}
		},
		{
			"__comment": "Box8",
			"from": [ 5.5, 1.5, 6.5 ],
			"to": [ 8.5, 4.5, 9 ],
			"faces": {
				"down": { "uv": [ 5.5, 0, 8.5, 2.5 ], "texture": "#texture" },
				"up": { "uv": [ 5.5, 13.5, 8.5, 16 ], "texture": "#texture" },
				"north": { "uv": [ 7.5, 11.5, 10.5, 14.5 ], "texture": "#texture" },
				"south": { "uv": [ 5.5, 11.5, 8.5, 14.5 ], "texture": "#texture" },
				"west": { "uv": [ 13.5, 11.5, 16, 14.5 ], "texture": "#texture" },
				"east": { "uv": [ 0, 11.5, 2.5, 14.5 ], "texture": "#texture" }
			}
		},
		{
			"__comment": "Box9",
			"from": [ 6.5, 3.5, 7 ],
			"to": [ 9.5, 6.5, 9.5 ],
			"faces": {
				"down": { "uv": [ 6.5, 15.5, 9.5, 16 ], "texture": "#texture" },
				"up": { "uv": [ 6.5, 0, 9.5, 0.5 ], "texture": "#texture" },
				"north": { "uv": [ 6.5, 9.5, 9.5, 12.5 ], "texture": "#texture" },
				"south": { "uv": [ 6.5, 9.5, 9.5, 12.5 ], "texture": "#texture" },
				"west": { "uv": [ 0, 9.5, 0.5, 12.5 ], "texture": "#texture" },
				"east": { "uv": [ 15.5, 9.5, 16, 12.5 ], "texture": "#texture" }
			}
		},
		{
			"__comment": "Box10",
			"from": [ 5.5, 5, 7.5 ],
			"to": [ 8.5, 8, 10 ],
			"faces": {
				"down": { "uv": [ 5.5, 15, 8.5, 16 ], "texture": "#texture" },
				"up": { "uv": [ 5.5, 0, 8.5, 1 ], "texture": "#texture" },
				"north": { "uv": [ 7.5, 8, 10.5, 11 ], "texture": "#texture" },
				"south": { "uv": [ 5.5, 8, 8.5, 11 ], "texture": "#texture" },
				"west": { "uv": [ 0, 8, 1, 11 ], "texture": "#texture" },
				"east": { "uv": [ 15, 8, 16, 11 ], "texture": "#texture" }
			}
		},
		{
			"__comment": "Box11",
			"from": [ 7, 5.5, 6.5 ],
			"to": [ 10, 8.5, 9 ],
			"faces": {
				"down": { "uv": [ 7, 0, 10, 2.5 ], "texture": "#texture" },
				"up": { "uv": [ 7, 13.5, 10, 16 ], "texture": "#texture" },
				"north": { "uv": [ 6, 7.5, 9, 10.5 ], "texture": "#texture" },
				"south": { "uv": [ 7, 7.5, 10, 10.5 ], "texture": "#texture" },
				"west": { "uv": [ 13.5, 7.5, 16, 10.5 ], "texture": "#texture" },
				"east": { "uv": [ 0, 7.5, 2.5, 10.5 ], "texture": "#texture" }
			}
		},
		{
			"__comment": "Box12",
			"from": [ 5.5, 7, 7.25 ],
			"to": [ 8.5, 10, 9.75 ],
			"faces": {
				"down": { "uv": [ 5.5, 15.25, 8.5, 16 ], "texture": "#texture" },
				"up": { "uv": [ 5.5, 0, 8.5, 0.75 ], "texture": "#texture" },
				"north": { "uv": [ 7.5, 6, 10.5, 9 ], "texture": "#texture" },
				"south": { "uv": [ 5.5, 6, 8.5, 9 ], "texture": "#texture" },
				"west": { "uv": [ 0, 6, 0.75, 9 ], "texture": "#texture" },
				"east": { "uv": [ 15.25, 6, 16, 9 ], "texture": "#texture" }
			}
		},
		{
			"__comment": "Box13",
			"from": [ 5.5, -3.625, 7.25 ],
			"to": [ 8.5, -0.625, 9.75 ],
			"faces": {
				"down": { "uv": [ 5.5, 15.25, 8.5, 16 ], "texture": "#texture" },
				"up": { "uv": [ 5.5, 0, 8.5, 0.75 ], "texture": "#texture" },
				"north": { "uv": [ 7.5, 0.625, 10.5, 3.625 ], "texture": "#texture" },
				"south": { "uv": [ 5.5, 0.625, 8.5, 3.625 ], "texture": "#texture" },
				"west": { "uv": [ 0, 0.625, 0.75, 3.625 ], "texture": "#texture" },
				"east": { "uv": [ 15.25, 0.625, 16, 3.625 ], "texture": "#texture" }
			}
		},
		{
			"__comment": "Box14",
			"from": [ 6.5, -5.375, 6.75 ],
			"to": [ 9.5, -2.375, 9.25 ],
			"faces": {
				"down": { "uv": [ 6.5, 15.75, 9.5, 16 ], "texture": "#texture" },
				"up": { "uv": [ 6.5, 0, 9.5, 0.25 ], "texture": "#texture" },
				"north": { "uv": [ 6.5, 2.375, 9.5, 5.375 ], "texture": "#texture" },
				"south": { "uv": [ 6.5, 2.375, 9.5, 5.375 ], "texture": "#texture" },
				"west": { "uv": [ 0, 2.375, 0.25, 5.375 ], "texture": "#texture" },
				"east": { "uv": [ 15.75, 2.375, 16, 5.375 ], "texture": "#texture" }
			}
		},
		{
			"__comment": "Box15",
			"from": [ 4, 8.5, 7 ],
			"to": [ 7, 11.5, 9.5 ],
			"faces": {
				"down": { "uv": [ 4, 15.5, 7, 16 ], "texture": "#texture" },
				"up": { "uv": [ 4, 0, 7, 0.5 ], "texture": "#texture" },
				"north": { "uv": [ 9, 4.5, 12, 7.5 ], "texture": "#texture" },
				"south": { "uv": [ 4, 4.5, 7, 7.5 ], "texture": "#texture" },
				"west": { "uv": [ 0, 4.5, 0.5, 7.5 ], "texture": "#texture" },
				"east": { "uv": [ 15.5, 4.5, 16, 7.5 ], "texture": "#texture" }
			}
		},
		{
			"__comment": "Box16",
			"from": [ 1.75, 9, 6.5 ],
			"to": [ 4.75, 12, 9 ],
			"faces": {
				"down": { "uv": [ 1.75, 0, 4.75, 2.5 ], "texture": "#texture" },
				"up": { "uv": [ 1.75, 13.5, 4.75, 16 ], "texture": "#texture" },
				"north": { "uv": [ 11.25, 4, 14.25, 7 ], "texture": "#texture" },
				"south": { "uv": [ 1.75, 4, 4.75, 7 ], "texture": "#texture" },
				"west": { "uv": [ 13.5, 4, 16, 7 ], "texture": "#texture" },
				"east": { "uv": [ 0, 4, 2.5, 7 ], "texture": "#texture" }
			}
		},
		{
			"__comment": "Box17",
			"from": [ 13, 9, 7.875 ],
			"to": [ 16, 12, 10.375 ],
			"faces": {
				"down": { "uv": [ 13, 14.625, 16, 16 ], "texture": "#texture" },
				"up": { "uv": [ 13, 0, 16, 1.375 ], "texture": "#texture" },
				"north": { "uv": [ 0, 4, 3, 7 ], "texture": "#texture" },
				"south": { "uv": [ 13, 4, 16, 7 ], "texture": "#texture" },
				"west": { "uv": [ 0, 4, 1.375, 7 ], "texture": "#texture" },
				"east": { "uv": [ 14.625, 4, 16, 7 ], "texture": "#texture" }
			}
		},
		{
			"__comment": "Box18",
			"from": [ 15.5, 9.75, 7.875 ],
			"to": [ 20, 11.25, 9.375 ],
			"faces": {
				"down": { "uv": [ 15.5, 15.625, 16, 16 ], "texture": "#texture" },
				"up": { "uv": [ 15.5, 0, 16, 0.375 ], "texture": "#texture" },
				"north": { "uv": [ 0, 4.75, 0.5, 6.25 ], "texture": "#texture" },
				"south": { "uv": [ 15.5, 4.75, 16, 6.25 ], "texture": "#texture" },
				"west": { "uv": [ 0, 4.75, 0.375, 6.25 ], "texture": "#texture" },
				"east": { "uv": [ 15.625, 4.75, 16, 6.25 ], "texture": "#texture" }
			}
		},
		{
			"__comment": "Box19",
			"from": [ -4.75, 11.125, 6.625 ],
			"to": [ 0.25, 13.125, 8.125 ],
			"faces": {
				"down": { "uv": [ 0, 0.875, 0.25, 2.375 ], "texture": "#texture" },
				"up": { "uv": [ 0, 13.625, 0.25, 15.125 ], "texture": "#texture" },
				"north": { "uv": [ 15.75, 2.875, 16, 4.875 ], "texture": "#texture" },
				"south": { "uv": [ 0, 2.875, 0.25, 4.875 ], "texture": "#texture" },
				"west": { "uv": [ 13.625, 2.875, 15.125, 4.875 ], "texture": "#texture" },
				"east": { "uv": [ 0.875, 2.875, 2.375, 4.875 ], "texture": "#texture" }
			}
		},
		{
			"__comment": "Box20",
			"from": [ 10.5, 8.5, 7.25 ],
			"to": [ 13.5, 11.5, 9.75 ],
			"faces": {
				"down": { "uv": [ 10.5, 15.25, 13.5, 16 ], "texture": "#texture" },
				"up": { "uv": [ 10.5, 0, 13.5, 0.75 ], "texture": "#texture" },
				"north": { "uv": [ 2.5, 4.5, 5.5, 7.5 ], "texture": "#texture" },
				"south": { "uv": [ 10.5, 4.5, 13.5, 7.5 ], "texture": "#texture" },
				"west": { "uv": [ 0, 4.5, 0.75, 7.5 ], "texture": "#texture" },
				"east": { "uv": [ 15.25, 4.5, 16, 7.5 ], "texture": "#texture" }
			}
		},
		{
			"__comment": "Box21",
			"from": [ 8, 7.5, 7 ],
			"to": [ 11, 10.5, 9.5 ],
			"faces": {
				"down": { "uv": [ 8, 15.5, 11, 16 ], "texture": "#texture" },
				"up": { "uv": [ 8, 0, 11, 0.5 ], "texture": "#texture" },
				"north": { "uv": [ 5, 5.5, 8, 8.5 ], "texture": "#texture" },
				"south": { "uv": [ 8, 5.5, 11, 8.5 ], "texture": "#texture" },
				"west": { "uv": [ 0, 5.5, 0.5, 8.5 ], "texture": "#texture" },
				"east": { "uv": [ 15.5, 5.5, 16, 8.5 ], "texture": "#texture" }
			}
		},
		{
			"__comment": "Box22",
			"from": [ -0.5, 10.5, 6.375 ],
			"to": [ 2.5, 13.5, 8.875 ],
			"faces": {
				"down": { "uv": [ 0, 0.125, 2.5, 2.625 ], "texture": "#texture" },
				"up": { "uv": [ 0, 13.375, 2.5, 15.875 ], "texture": "#texture" },
				"north": { "uv": [ 13.5, 2.5, 16, 5.5 ], "texture": "#texture" },
				"south": { "uv": [ 0, 2.5, 2.5, 5.5 ], "texture": "#texture" },
				"west": { "uv": [ 13.375, 2.5, 15.875, 5.5 ], "texture": "#texture" },
				"east": { "uv": [ 0.125, 2.5, 2.625, 5.5 ], "texture": "#texture" }
			}
		},
		{
			"__comment": "Box23",
			"from": [ -8, 6.5, 2 ],
			"to": [ 3, 17, 12.5 ],
			"faces": {
				"down": { "uv": [ 0, 0, 16, 16 ], "texture": "#texture1" },
				"up": { "uv": [ 0, 0, 16, 16 ], "texture": "#texture1" },
				"north": { "uv": [ 0, 0, 16, 16 ], "texture": "#texture1" },
				"south": { "uv": [ 0, 0, 16, 16 ], "texture": "#texture1" },
				"west": { "uv": [ 0, 0, 16, 16 ], "texture": "#texture1" },
				"east": { "uv": [ 0, 0, 16, 16 ], "texture": "#texture1" }
			}
		},
		{
			"__comment": "Box23",
			"from": [ 9.5, 5, 6.5 ],
			"to": [ 20.5, 15.5, 17 ],
			"faces": {
				"down": { "uv": [ 0, 0, 16, 16 ], "texture": "#texture1" },
				"up": { "uv": [ 0, 0, 16, 16 ], "texture": "#texture1" },
				"north": { "uv": [ 0, 0, 16, 16 ], "texture": "#texture1" },
				"south": { "uv": [ 0, 0, 16, 16 ], "texture": "#texture1" },
				"west": { "uv": [ 0, 0, 16, 16 ], "texture": "#texture1" },
				"east": { "uv": [ 0, 0, 16, 16 ], "texture": "#texture1" }
			}
		},
		{
			"__comment": "Box23",
			"from": [ 1, 12, -5.5 ],
			"to": [ 12, 22.5, 5 ],
			"faces": {
				"down": { "uv": [ 0, 0, 16, 16 ], "texture": "#texture1" },
				"up": { "uv": [ 0, 0, 16, 16 ], "texture": "#texture1" },
				"north": { "uv": [ 0, 0, 16, 16 ], "texture": "#texture1" },
				"south": { "uv": [ 0, 0, 16, 16 ], "texture": "#texture1" },
				"west": { "uv": [ 0, 0, 16, 16 ], "texture": "#texture1" },
				"east": { "uv": [ 0, 0, 16, 16 ], "texture": "#texture1" }
			}
		},
		{
			"__comment": "Box23",
			"from": [ 0.5, 19.5, -1 ],
			"to": [ 11.5, 30, 9.5 ],
			"faces": {
				"down": { "uv": [ 0, 0, 16, 16 ], "texture": "#texture1" },
				"up": { "uv": [ 0, 0, 16, 16 ], "texture": "#texture1" },
				"north": { "uv": [ 0, 0, 16, 16 ], "texture": "#texture1" },
				"south": { "uv": [ 0, 0, 16, 16 ], "texture": "#texture1" },
				"west": { "uv": [ 0, 0, 16, 16 ], "texture": "#texture1" },
				"east": { "uv": [ 0, 0, 16, 16 ], "texture": "#texture1" }
			}
		},
		{
			"__comment": "Box23",
			"from": [ -2, 21, 7.5 ],
			"to": [ 9, 31.5, 18 ],
			"faces": {
				"down": { "uv": [ 0, 0, 16, 16 ], "texture": "#texture1" },
				"up": { "uv": [ 0, 0, 16, 16 ], "texture": "#texture1" },
				"north": { "uv": [ 0, 0, 16, 16 ], "texture": "#texture1" },
				"south": { "uv": [ 0, 0, 16, 16 ], "texture": "#texture1" },
				"west": { "uv": [ 0, 0, 16, 16 ], "texture": "#texture1" },
				"east": { "uv": [ 0, 0, 16, 16 ], "texture": "#texture1" }
			}
		},
		{
			"__comment": "Box23",
			"from": [ 1.5, 3.5, -1.5 ],
			"to": [ 12.5, 14, 9 ],
			"faces": {
				"down": { "uv": [ 0, 0, 16, 16 ], "texture": "#texture1" },
				"up": { "uv": [ 0, 0, 16, 16 ], "texture": "#texture1" },
				"north": { "uv": [ 0, 0, 16, 16 ], "texture": "#texture1" },
				"south": { "uv": [ 0, 0, 16, 16 ], "texture": "#texture1" },
				"west": { "uv": [ 0, 0, 16, 16 ], "texture": "#texture1" },
				"east": { "uv": [ 0, 0, 16, 16 ], "texture": "#texture1" }
			}
		},
		{
			"__comment": "Box23",
			"from": [ 3.5, 13.5, 8.5 ],
			"to": [ 14.5, 24, 19 ],
			"faces": {
				"down": { "uv": [ 0, 0, 16, 16 ], "texture": "#texture1" },
				"up": { "uv": [ 0, 0, 16, 16 ], "texture": "#texture1" },
				"north": { "uv": [ 0, 0, 16, 16 ], "texture": "#texture1" },
				"south": { "uv": [ 0, 0, 16, 16 ], "texture": "#texture1" },
				"west": { "uv": [ 0, 0, 16, 16 ], "texture": "#texture1" },
				"east": { "uv": [ 0, 0, 16, 16 ], "texture": "#texture1" }
			}
		},
		{
			"__comment": "Box23",
			"from": [ 10, 8, -1 ],
			"to": [ 21, 18.5, 9.5 ],
			"faces": {
				"down": { "uv": [ 0, 0, 16, 16 ], "texture": "#texture1" },
				"up": { "uv": [ 0, 0, 16, 16 ], "texture": "#texture1" },
				"north": { "uv": [ 0, 0, 16, 16 ], "texture": "#texture1" },
				"south": { "uv": [ 0, 0, 16, 16 ], "texture": "#texture1" },
				"west": { "uv": [ 0, 0, 16, 16 ], "texture": "#texture1" },
				"east": { "uv": [ 0, 0, 16, 16 ], "texture": "#texture1" }
			}
		},
		{
			"__comment": "Box23",
			"from": [ 8, 4, -8.5 ],
			"to": [ 19, 14.5, 2 ],
			"faces": {
				"down": { "uv": [ 0, 0, 16, 16 ], "texture": "#texture1" },
				"up": { "uv": [ 0, 0, 16, 16 ], "texture": "#texture1" },
				"north": { "uv": [ 0, 0, 16, 16 ], "texture": "#texture1" },
				"south": { "uv": [ 0, 0, 16, 16 ], "texture": "#texture1" },
				"west": { "uv": [ 0, 0, 16, 16 ], "texture": "#texture1" },
				"east": { "uv": [ 0, 0, 16, 16 ], "texture": "#texture1" }
			}
		},
		{
			"__comment": "Box23",
			"from": [ 3, 16, 2.5 ],
			"to": [ 14, 26.5, 13 ],
			"faces": {
				"down": { "uv": [ 0, 0, 16, 16 ], "texture": "#texture1" },
				"up": { "uv": [ 0, 0, 16, 16 ], "texture": "#texture1" },
				"north": { "uv": [ 0, 0, 16, 16 ], "texture": "#texture1" },
				"south": { "uv": [ 0, 0, 16, 16 ], "texture": "#texture1" },
				"west": { "uv": [ 0, 0, 16, 16 ], "texture": "#texture1" },
				"east": { "uv": [ 0, 0, 16, 16 ], "texture": "#texture1" }
			}
		}
	],
	"display": {
		"thirdperson_righthand": {
			"rotation":  [ 13, 52, 0 ],
			"translation":  [ 0, 13.216, 4.1739 ],
			"scale":  [ 0.6, 1.1, 0.6 ]
		},
		"thirdperson_lefthand": {
			"rotation":  [ 13, 52, 0 ],
			"translation":  [ 0, 13.216, 4.1739 ],
			"scale":  [ 0.6, 1.1, 0.6 ]
		},
		"firstperson_righthand": {
			"rotation":  [ -9, 0, 0 ],
			"translation":  [ 2.7826, 16, 0 ],
			"scale":  [ 0.7, 1.2, 0.7 ]
		},
		"firstperson_lefthand": {
			"rotation":  [ -9, 0, 0 ],
			"translation":  [ 2.7826, 16, 0 ],
			"scale":  [ 0.7, 1.2, 0.7 ]
		},
		"gui": {
			"rotation":  [ -31, 169, 50 ],
			"scale":  [ 0.5, 0.7, 0.5 ]
		},
		"head": {
			"rotation":  [ 0, 180, 0 ],
			"translation":  [ -1.391, -0.695, 0 ]
		},
		"ground": {
			"rotation":  [ 61, 121, 0 ],
			"translation":  [ 0, 16, 0 ],
			"scale":  [ 0.7, 1.2, 0.7 ]
		},
		"fixed": {
			"scale":  [ 0.7, 1.2, 0.7 ]
		}
	}
}