{
	"__comment": "Designed by Zeibo with Cubik Studio - https://cubik.studio",
	"textures": {
		"particle": "blocks/e_particle",
		"texture": "blocks/e_texture",
		"2": "weapons/2"
	},
	"elements": [ 	 
		{
			"__comment": "B",
			"from": [ 7.25, 8, 27.5 ],
			"to": [ 7.625, 9.5, 29.75 ],
			"faces": {
				"down": { "uv": [ 7.75, 15.25, 7.875, 14.5 ], "texture": "#2" },
				"up": { "uv": [ 7.75, 14.5, 7.875, 15.25 ], "texture": "#2" },
				"north": { "uv": [ 7.875, 14.5, 7.75, 14.625 ], "texture": "#2" },
				"south": { "uv": [ 7.75, 15.125, 7.875, 15.25 ], "texture": "#2" },
				"west": { "uv": [ 7.75, 14.5, 7.875, 15.25 ], "texture": "#2", "rotation": 270 },
				"east": { "uv": [ 7.875, 15.25, 7.75, 14.5 ], "texture": "#2", "rotation": 270 }
			}
		},
		{
			"__comment": "B1",
			"from": [ 7.625, 8, 27.125 ],
			"to": [ 8, 9.5, 27.5 ],
			"faces": {
				"down": { "uv": [ 7.875, 14.5, 8, 14.375 ], "texture": "#2" },
				"up": { "uv": [ 7.875, 14.375, 8, 14.5 ], "texture": "#2" },
				"north": { "uv": [ 8, 14.375, 7.875, 14.5 ], "texture": "#2" },
				"south": { "uv": [ 7.875, 14.375, 8, 14.5 ], "texture": "#2" },
				"west": { "uv": [ 7.875, 14.375, 8, 14.5 ], "texture": "#2", "rotation": 270 },
				"east": { "uv": [ 8, 14.5, 7.875, 14.375 ], "texture": "#2", "rotation": 270 }
			}
		},
		{
			"__comment": "B2",
			"from": [ 7.625, 8, 29.75 ],
			"to": [ 8, 9.5, 30.125 ],
			"faces": {
				"down": { "uv": [ 7.875, 15.375, 8, 15.25 ], "texture": "#2" },
				"up": { "uv": [ 7.875, 15.25, 8, 15.375 ], "texture": "#2" },
				"north": { "uv": [ 8, 15.25, 7.875, 15.375 ], "texture": "#2" },
				"south": { "uv": [ 7.875, 15.25, 8, 15.375 ], "texture": "#2" },
				"west": { "uv": [ 7.875, 15.25, 8, 15.375 ], "texture": "#2", "rotation": 270 },
				"east": { "uv": [ 8, 15.375, 7.875, 15.25 ], "texture": "#2", "rotation": 270 }
			}
		},
		{
			"__comment": "B3",
			"from": [ 8, 8, 3.125 ],
			"to": [ 8.75, 9.5, 3.5 ],
			"faces": {
				"down": { "uv": [ 8, 6.5, 8.25, 6.375 ], "texture": "#2" },
				"up": { "uv": [ 8, 6.375, 8.25, 6.5 ], "texture": "#2" },
				"north": { "uv": [ 8.25, 6.375, 8, 6.5 ], "texture": "#2" },
				"south": { "uv": [ 8, 6.375, 8.25, 6.5 ], "texture": "#2" },
				"west": { "uv": [ 8, 6.375, 8.125, 6.5 ], "texture": "#2", "rotation": 270 },
				"east": { "uv": [ 8.25, 6.5, 8.125, 6.375 ], "texture": "#2", "rotation": 270 }
			}
		},
		{
			"__comment": "B4",
			"from": [ 8, 8, 3.5 ],
			"to": [ 8.375, 9.5, 15.125 ],
			"faces": {
				"down": { "uv": [ 8, 10.375, 8.125, 6.5 ], "texture": "#2" },
				"up": { "uv": [ 8, 6.5, 8.125, 10.375 ], "texture": "#2" },
				"north": { "uv": [ 8.125, 6.5, 8, 6.625 ], "texture": "#2" },
				"south": { "uv": [ 8, 10.25, 8.125, 10.375 ], "texture": "#2" },
				"west": { "uv": [ 8, 6.5, 8.125, 10.375 ], "texture": "#2", "rotation": 270 },
				"east": { "uv": [ 8.125, 10.375, 8, 6.5 ], "texture": "#2", "rotation": 270 }
			}
		},
		{
			"__comment": "B5",
			"from": [ 8, 8, 26.75 ],
			"to": [ 8.375, 9.5, 27.125 ],
			"faces": {
				"down": { "uv": [ 8, 14.375, 8.125, 14.25 ], "texture": "#2" },
				"up": { "uv": [ 8, 14.25, 8.125, 14.375 ], "texture": "#2" },
				"north": { "uv": [ 8.125, 14.25, 8, 14.375 ], "texture": "#2" },
				"south": { "uv": [ 8, 14.25, 8.125, 14.375 ], "texture": "#2" },
				"west": { "uv": [ 8, 14.25, 8.125, 14.375 ], "texture": "#2", "rotation": 270 },
				"east": { "uv": [ 8.125, 14.375, 8, 14.25 ], "texture": "#2", "rotation": 270 }
			}
		},
		{
			"__comment": "B6",
			"from": [ 8, 8, 30.125 ],
			"to": [ 8.375, 9.5, 30.5 ],
			"faces": {
				"down": { "uv": [ 8, 15.5, 8.125, 15.375 ], "texture": "#2" },
				"up": { "uv": [ 8, 15.375, 8.125, 15.5 ], "texture": "#2" },
				"north": { "uv": [ 8.125, 15.375, 8, 15.5 ], "texture": "#2" },
				"south": { "uv": [ 8, 15.375, 8.125, 15.5 ], "texture": "#2" },
				"west": { "uv": [ 8, 15.375, 8.125, 15.5 ], "texture": "#2", "rotation": 270 },
				"east": { "uv": [ 8.125, 15.5, 8, 15.375 ], "texture": "#2", "rotation": 270 }
			}
		},
		{
			"__comment": "B7",
			"from": [ 8.375, 8, -5.125 ],
			"to": [ 8.75, 9.5, 3.125 ],
			"faces": {
				"down": { "uv": [ 8.125, 6.375, 8.25, 3.625 ], "texture": "#2" },
				"up": { "uv": [ 8.125, 3.625, 8.25, 6.375 ], "texture": "#2" },
				"north": { "uv": [ 8.25, 3.625, 8.125, 3.75 ], "texture": "#2" },
				"south": { "uv": [ 8.125, 6.25, 8.25, 6.375 ], "texture": "#2" },
				"west": { "uv": [ 8.125, 3.625, 8.25, 6.375 ], "texture": "#2", "rotation": 270 },
				"east": { "uv": [ 8.25, 6.375, 8.125, 3.625 ], "texture": "#2", "rotation": 270 }
			}
		},
		{
			"__comment": "B8",
			"from": [ 8.375, 8, 14.75 ],
			"to": [ 8.75, 9.5, 26.75 ],
			"faces": {
				"down": { "uv": [ 8.125, 14.25, 8.25, 10.25 ], "texture": "#2" },
				"up": { "uv": [ 8.125, 10.25, 8.25, 14.25 ], "texture": "#2" },
				"north": { "uv": [ 8.25, 10.25, 8.125, 10.375 ], "texture": "#2" },
				"south": { "uv": [ 8.125, 14.125, 8.25, 14.25 ], "texture": "#2" },
				"west": { "uv": [ 8.125, 10.25, 8.25, 14.25 ], "texture": "#2", "rotation": 270 },
				"east": { "uv": [ 8.25, 14.25, 8.125, 10.25 ], "texture": "#2", "rotation": 270 }
			}
		},
		{
			"__comment": "B9",
			"from": [ 8.375, 8, 29.75 ],
			"to": [ 8.75, 9.5, 30.125 ],
			"faces": {
				"down": { "uv": [ 8.125, 15.375, 8.25, 15.25 ], "texture": "#2" },
				"up": { "uv": [ 8.125, 15.25, 8.25, 15.375 ], "texture": "#2" },
				"north": { "uv": [ 8.25, 15.25, 8.125, 15.375 ], "texture": "#2" },
				"south": { "uv": [ 8.125, 15.25, 8.25, 15.375 ], "texture": "#2" },
				"west": { "uv": [ 8.125, 15.25, 8.25, 15.375 ], "texture": "#2", "rotation": 270 },
				"east": { "uv": [ 8.25, 15.375, 8.125, 15.25 ], "texture": "#2", "rotation": 270 }
			}
		},
		{
			"__comment": "B10",
			"from": [ 8.75, 8, 29.375 ],
			"to": [ 9.5, 9.5, 29.75 ],
			"faces": {
				"down": { "uv": [ 8.25, 15.25, 8.5, 15.125 ], "texture": "#2" },
				"up": { "uv": [ 8.25, 15.125, 8.5, 15.25 ], "texture": "#2" },
				"north": { "uv": [ 8.5, 15.125, 8.25, 15.25 ], "texture": "#2" },
				"south": { "uv": [ 8.25, 15.125, 8.5, 15.25 ], "texture": "#2" },
				"west": { "uv": [ 8.25, 15.125, 8.375, 15.25 ], "texture": "#2", "rotation": 270 },
				"east": { "uv": [ 8.5, 15.25, 8.375, 15.125 ], "texture": "#2", "rotation": 270 }
			}
		},
		{
			"__comment": "B11",
			"from": [ 9.5, 8, 29 ],
			"to": [ 9.875, 9.5, 29.375 ],
			"faces": {
				"down": { "uv": [ 8.5, 15.125, 8.625, 15 ], "texture": "#2" },
				"up": { "uv": [ 8.5, 15, 8.625, 15.125 ], "texture": "#2" },
				"north": { "uv": [ 8.625, 15, 8.5, 15.125 ], "texture": "#2" },
				"south": { "uv": [ 8.5, 15, 8.625, 15.125 ], "texture": "#2" },
				"west": { "uv": [ 8.5, 15, 8.625, 15.125 ], "texture": "#2", "rotation": 270 },
				"east": { "uv": [ 8.625, 15.125, 8.5, 15 ], "texture": "#2", "rotation": 270 }
			}
		},
		{
			"__comment": "B12",
			"from": [ 9.875, 8, 28.625 ],
			"to": [ 10.625, 9.5, 29 ],
			"faces": {
				"down": { "uv": [ 8.625, 15, 8.875, 14.875 ], "texture": "#2" },
				"up": { "uv": [ 8.625, 14.875, 8.875, 15 ], "texture": "#2" },
				"north": { "uv": [ 8.875, 14.875, 8.625, 15 ], "texture": "#2" },
				"south": { "uv": [ 8.625, 14.875, 8.875, 15 ], "texture": "#2" },
				"west": { "uv": [ 8.625, 14.875, 8.75, 15 ], "texture": "#2", "rotation": 270 },
				"east": { "uv": [ 8.875, 15, 8.75, 14.875 ], "texture": "#2", "rotation": 270 }
			}
		}
	]
}