{
	"__comment": "Designed by Zeibo with Cubik Studio - https://cubik.studio",
	"textures": {
		"particle": "blocks/e_particle",
		"texture": "blocks/e_texture",
		"4": "weapons/4"
	},
	"elements": [ 	 
		{
			"__comment": "D",
			"from": [ 5.375, 8, -9.25 ],
			"to": [ 5.75, 8.75, -6.625 ],
			"faces": {
				"down": { "uv": [ 7.125, 3.125, 7.25, 2.25 ], "texture": "#4" },
				"up": { "uv": [ 7.125, 2.25, 7.25, 3.125 ], "texture": "#4" },
				"north": { "uv": [ 7.25, 2.25, 7.125, 2.375 ], "texture": "#4" },
				"south": { "uv": [ 7.125, 3, 7.25, 3.125 ], "texture": "#4" },
				"west": { "uv": [ 7.125, 2.25, 7.25, 3.125 ], "texture": "#4", "rotation": 270 },
				"east": { "uv": [ 7.25, 3.125, 7.125, 2.25 ], "texture": "#4", "rotation": 270 }
			}
		},
		{
			"__comment": "D1",
			"from": [ 5.75, 8, -7 ],
			"to": [ 6.125, 8.75, -5.875 ],
			"faces": {
				"down": { "uv": [ 7.25, 3.375, 7.375, 3 ], "texture": "#4" },
				"up": { "uv": [ 7.25, 3, 7.375, 3.375 ], "texture": "#4" },
				"north": { "uv": [ 7.375, 3, 7.25, 3.125 ], "texture": "#4" },
				"south": { "uv": [ 7.25, 3.25, 7.375, 3.375 ], "texture": "#4" },
				"west": { "uv": [ 7.25, 3, 7.375, 3.375 ], "texture": "#4", "rotation": 270 },
				"east": { "uv": [ 7.375, 3.375, 7.25, 3 ], "texture": "#4", "rotation": 270 }
			}
		},
		{
			"__comment": "D2",
			"from": [ 5.75, 8, 11.75 ],
			"to": [ 7.625, 8.75, 12.125 ],
			"faces": {
				"down": { "uv": [ 7.25, 9.375, 7.875, 9.25 ], "texture": "#4" },
				"up": { "uv": [ 7.25, 9.25, 7.875, 9.375 ], "texture": "#4" },
				"north": { "uv": [ 7.875, 9.25, 7.25, 9.375 ], "texture": "#4" },
				"south": { "uv": [ 7.25, 9.25, 7.875, 9.375 ], "texture": "#4" },
				"west": { "uv": [ 7.25, 9.25, 7.375, 9.375 ], "texture": "#4", "rotation": 270 },
				"east": { "uv": [ 7.875, 9.375, 7.75, 9.25 ], "texture": "#4", "rotation": 270 }
			}
		},
		{
			"__comment": "D3",
			"from": [ 5.75, 8, 26.375 ],
			"to": [ 7.625, 8.75, 26.75 ],
			"faces": {
				"down": { "uv": [ 7.25, 14.25, 7.875, 14.125 ], "texture": "#4" },
				"up": { "uv": [ 7.25, 14.125, 7.875, 14.25 ], "texture": "#4" },
				"north": { "uv": [ 7.875, 14.125, 7.25, 14.25 ], "texture": "#4" },
				"south": { "uv": [ 7.25, 14.125, 7.875, 14.25 ], "texture": "#4" },
				"west": { "uv": [ 7.25, 14.125, 7.375, 14.25 ], "texture": "#4", "rotation": 270 },
				"east": { "uv": [ 7.875, 14.25, 7.75, 14.125 ], "texture": "#4", "rotation": 270 }
			}
		},
		{
			"__comment": "D4",
			"from": [ 6.125, 8, -6.625 ],
			"to": [ 6.5, 8.75, -5.5 ],
			"faces": {
				"down": { "uv": [ 7.375, 3.5, 7.5, 3.125 ], "texture": "#4" },
				"up": { "uv": [ 7.375, 3.125, 7.5, 3.5 ], "texture": "#4" },
				"north": { "uv": [ 7.5, 3.125, 7.375, 3.25 ], "texture": "#4" },
				"south": { "uv": [ 7.375, 3.375, 7.5, 3.5 ], "texture": "#4" },
				"west": { "uv": [ 7.375, 3.125, 7.5, 3.5 ], "texture": "#4", "rotation": 270 },
				"east": { "uv": [ 7.5, 3.5, 7.375, 3.125 ], "texture": "#4", "rotation": 270 }
			}
		},
		{
			"__comment": "D5",
			"from": [ 6.125, 8, 5.375 ],
			"to": [ 8, 8.75, 5.75 ],
			"faces": {
				"down": { "uv": [ 7.375, 7.25, 8, 7.125 ], "texture": "#4" },
				"up": { "uv": [ 7.375, 7.125, 8, 7.25 ], "texture": "#4" },
				"north": { "uv": [ 8, 7.125, 7.375, 7.25 ], "texture": "#4" },
				"south": { "uv": [ 7.375, 7.125, 8, 7.25 ], "texture": "#4" },
				"west": { "uv": [ 7.375, 7.125, 7.5, 7.25 ], "texture": "#4", "rotation": 270 },
				"east": { "uv": [ 8, 7.25, 7.875, 7.125 ], "texture": "#4", "rotation": 270 }
			}
		},
		{
			"__comment": "D6",
			"from": [ 6.125, 8, 26.75 ],
			"to": [ 7.25, 8.75, 27.5 ],
			"faces": {
				"down": { "uv": [ 7.375, 14.5, 7.75, 14.25 ], "texture": "#4" },
				"up": { "uv": [ 7.375, 14.25, 7.75, 14.5 ], "texture": "#4" },
				"north": { "uv": [ 7.75, 14.25, 7.375, 14.375 ], "texture": "#4" },
				"south": { "uv": [ 7.375, 14.375, 7.75, 14.5 ], "texture": "#4" },
				"west": { "uv": [ 7.375, 14.25, 7.5, 14.5 ], "texture": "#4", "rotation": 270 },
				"east": { "uv": [ 7.75, 14.5, 7.625, 14.25 ], "texture": "#4", "rotation": 270 }
			}
		},
		{
			"__comment": "D7",
			"from": [ 6.125, 8, 27.5 ],
			"to": [ 6.875, 8.75, 29.375 ],
			"faces": {
				"down": { "uv": [ 7.375, 15.125, 7.625, 14.5 ], "texture": "#4" },
				"up": { "uv": [ 7.375, 14.5, 7.625, 15.125 ], "texture": "#4" },
				"north": { "uv": [ 7.625, 14.5, 7.375, 14.625 ], "texture": "#4" },
				"south": { "uv": [ 7.375, 15, 7.625, 15.125 ], "texture": "#4" },
				"west": { "uv": [ 7.375, 14.5, 7.5, 15.125 ], "texture": "#4", "rotation": 270 },
				"east": { "uv": [ 7.625, 15.125, 7.5, 14.5 ], "texture": "#4", "rotation": 270 }
			}
		},
		{
			"__comment": "D8",
			"from": [ 6.5, 8, -6.25 ],
			"to": [ 6.875, 8.75, -5.125 ],
			"faces": {
				"down": { "uv": [ 7.5, 3.625, 7.625, 3.25 ], "texture": "#4" },
				"up": { "uv": [ 7.5, 3.25, 7.625, 3.625 ], "texture": "#4" },
				"north": { "uv": [ 7.625, 3.25, 7.5, 3.375 ], "texture": "#4" },
				"south": { "uv": [ 7.5, 3.5, 7.625, 3.625 ], "texture": "#4" },
				"west": { "uv": [ 7.5, 3.25, 7.625, 3.625 ], "texture": "#4", "rotation": 270 },
				"east": { "uv": [ 7.625, 3.625, 7.5, 3.25 ], "texture": "#4", "rotation": 270 }
			}
		},
		{
			"__comment": "D9",
			"from": [ 6.5, 8, 5.75 ],
			"to": [ 8, 8.75, 6.125 ],
			"faces": {
				"down": { "uv": [ 7.5, 7.375, 8, 7.25 ], "texture": "#4" },
				"up": { "uv": [ 7.5, 7.25, 8, 7.375 ], "texture": "#4" },
				"north": { "uv": [ 8, 7.25, 7.5, 7.375 ], "texture": "#4" },
				"south": { "uv": [ 7.5, 7.25, 8, 7.375 ], "texture": "#4" },
				"west": { "uv": [ 7.5, 7.25, 7.625, 7.375 ], "texture": "#4", "rotation": 270 },
				"east": { "uv": [ 8, 7.375, 7.875, 7.25 ], "texture": "#4", "rotation": 270 }
			}
		},
		{
			"__comment": "D10",
			"from": [ 6.5, 8, 12.125 ],
			"to": [ 7.625, 8.75, 12.5 ],
			"faces": {
				"down": { "uv": [ 7.5, 9.5, 7.875, 9.375 ], "texture": "#4" },
				"up": { "uv": [ 7.5, 9.375, 7.875, 9.5 ], "texture": "#4" },
				"north": { "uv": [ 7.875, 9.375, 7.5, 9.5 ], "texture": "#4" },
				"south": { "uv": [ 7.5, 9.375, 7.875, 9.5 ], "texture": "#4" },
				"west": { "uv": [ 7.5, 9.375, 7.625, 9.5 ], "texture": "#4", "rotation": 270 },
				"east": { "uv": [ 7.875, 9.5, 7.75, 9.375 ], "texture": "#4", "rotation": 270 }
			}
		},
		{
			"__comment": "D11",
			"from": [ 6.5, 8, 29.375 ],
			"to": [ 6.875, 8.75, 30.125 ],
			"faces": {
				"down": { "uv": [ 7.5, 15.375, 7.625, 15.125 ], "texture": "#4" },
				"up": { "uv": [ 7.5, 15.125, 7.625, 15.375 ], "texture": "#4" },
				"north": { "uv": [ 7.625, 15.125, 7.5, 15.25 ], "texture": "#4" },
				"south": { "uv": [ 7.5, 15.25, 7.625, 15.375 ], "texture": "#4" },
				"west": { "uv": [ 7.5, 15.125, 7.625, 15.375 ], "texture": "#4", "rotation": 270 },
				"east": { "uv": [ 7.625, 15.375, 7.5, 15.125 ], "texture": "#4", "rotation": 270 }
			}
		},
		{
			"__comment": "D12",
			"from": [ 6.875, 8, -5.5 ],
			"to": [ 7.625, 8.75, -4.75 ],
			"faces": {
				"down": { "uv": [ 7.625, 3.75, 7.875, 3.5 ], "texture": "#4" },
				"up": { "uv": [ 7.625, 3.5, 7.875, 3.75 ], "texture": "#4" },
				"north": { "uv": [ 7.875, 3.5, 7.625, 3.625 ], "texture": "#4" },
				"south": { "uv": [ 7.625, 3.625, 7.875, 3.75 ], "texture": "#4" },
				"west": { "uv": [ 7.625, 3.5, 7.75, 3.75 ], "texture": "#4", "rotation": 270 },
				"east": { "uv": [ 7.875, 3.75, 7.75, 3.5 ], "texture": "#4", "rotation": 270 }
			}
		},
		{
			"__comment": "D13",
			"from": [ 6.875, 8, 12.5 ],
			"to": [ 7.625, 8.75, 12.875 ],
			"faces": {
				"down": { "uv": [ 7.625, 9.625, 7.875, 9.5 ], "texture": "#4" },
				"up": { "uv": [ 7.625, 9.5, 7.875, 9.625 ], "texture": "#4" },
				"north": { "uv": [ 7.875, 9.5, 7.625, 9.625 ], "texture": "#4" },
				"south": { "uv": [ 7.625, 9.5, 7.875, 9.625 ], "texture": "#4" },
				"west": { "uv": [ 7.625, 9.5, 7.75, 9.625 ], "texture": "#4", "rotation": 270 },
				"east": { "uv": [ 7.875, 9.625, 7.75, 9.5 ], "texture": "#4", "rotation": 270 }
			}
		},
		{
			"__comment": "D14",
			"from": [ 6.875, 8, 26 ],
			"to": [ 8, 8.75, 26.375 ],
			"faces": {
				"down": { "uv": [ 7.625, 14.125, 8, 14 ], "texture": "#4" },
				"up": { "uv": [ 7.625, 14, 8, 14.125 ], "texture": "#4" },
				"north": { "uv": [ 8, 14, 7.625, 14.125 ], "texture": "#4" },
				"south": { "uv": [ 7.625, 14, 8, 14.125 ], "texture": "#4" },
				"west": { "uv": [ 7.625, 14, 7.75, 14.125 ], "texture": "#4", "rotation": 270 },
				"east": { "uv": [ 8, 14.125, 7.875, 14 ], "texture": "#4", "rotation": 270 }
			}
		},
		{
			"__comment": "D15",
			"from": [ 6.875, 8, 29.75 ],
			"to": [ 7.25, 8.75, 30.5 ],
			"faces": {
				"down": { "uv": [ 7.625, 15.5, 7.75, 15.25 ], "texture": "#4" },
				"up": { "uv": [ 7.625, 15.25, 7.75, 15.5 ], "texture": "#4" },
				"north": { "uv": [ 7.75, 15.25, 7.625, 15.375 ], "texture": "#4" },
				"south": { "uv": [ 7.625, 15.375, 7.75, 15.5 ], "texture": "#4" },
				"west": { "uv": [ 7.625, 15.25, 7.75, 15.5 ], "texture": "#4", "rotation": 270 },
				"east": { "uv": [ 7.75, 15.5, 7.625, 15.25 ], "texture": "#4", "rotation": 270 }
			}
		},
		{
			"__comment": "D16",
			"from": [ 7.25, 8, -4.75 ],
			"to": [ 8, 8.75, -4.375 ],
			"faces": {
				"down": { "uv": [ 7.75, 3.875, 8, 3.75 ], "texture": "#4" },
				"up": { "uv": [ 7.75, 3.75, 8, 3.875 ], "texture": "#4" },
				"north": { "uv": [ 8, 3.75, 7.75, 3.875 ], "texture": "#4" },
				"south": { "uv": [ 7.75, 3.75, 8, 3.875 ], "texture": "#4" },
				"west": { "uv": [ 7.75, 3.75, 7.875, 3.875 ], "texture": "#4", "rotation": 270 },
				"east": { "uv": [ 8, 3.875, 7.875, 3.75 ], "texture": "#4", "rotation": 270 }
			}
		},
		{
			"__comment": "D17",
			"from": [ 7.25, 8, 2.375 ],
			"to": [ 8, 8.75, 5.375 ],
			"faces": {
				"down": { "uv": [ 7.75, 7.125, 8, 6.125 ], "texture": "#4" },
				"up": { "uv": [ 7.75, 6.125, 8, 7.125 ], "texture": "#4" },
				"north": { "uv": [ 8, 6.125, 7.75, 6.25 ], "texture": "#4" },
				"south": { "uv": [ 7.75, 7, 8, 7.125 ], "texture": "#4" },
				"west": { "uv": [ 7.75, 6.125, 7.875, 7.125 ], "texture": "#4", "rotation": 270 },
				"east": { "uv": [ 8, 7.125, 7.875, 6.125 ], "texture": "#4", "rotation": 270 }
			}
		},
		{
			"__comment": "D18",
			"from": [ 7.25, 8, 12.875 ],
			"to": [ 7.625, 8.75, 15.875 ],
			"faces": {
				"down": { "uv": [ 7.75, 10.625, 7.875, 9.625 ], "texture": "#4" },
				"up": { "uv": [ 7.75, 9.625, 7.875, 10.625 ], "texture": "#4" },
				"north": { "uv": [ 7.875, 9.625, 7.75, 9.75 ], "texture": "#4" },
				"south": { "uv": [ 7.75, 10.5, 7.875, 10.625 ], "texture": "#4" },
				"west": { "uv": [ 7.75, 9.625, 7.875, 10.625 ], "texture": "#4", "rotation": 270 },
				"east": { "uv": [ 7.875, 10.625, 7.75, 9.625 ], "texture": "#4", "rotation": 270 }
			}
		},
		{
			"__comment": "D19",
			"from": [ 7.25, 8, 22.625 ],
			"to": [ 8, 8.75, 26 ],
			"faces": {
				"down": { "uv": [ 7.75, 14, 8, 12.875 ], "texture": "#4" },
				"up": { "uv": [ 7.75, 12.875, 8, 14 ], "texture": "#4" },
				"north": { "uv": [ 8, 12.875, 7.75, 13 ], "texture": "#4" },
				"south": { "uv": [ 7.75, 13.875, 8, 14 ], "texture": "#4" },
				"west": { "uv": [ 7.75, 12.875, 7.875, 14 ], "texture": "#4", "rotation": 270 },
				"east": { "uv": [ 8, 14, 7.875, 12.875 ], "texture": "#4", "rotation": 270 }
			}
		},
		{
			"__comment": "D20",
			"from": [ 7.25, 8, 30.125 ],
			"to": [ 7.625, 8.75, 30.875 ],
			"faces": {
				"down": { "uv": [ 7.75, 15.625, 7.875, 15.375 ], "texture": "#4" },
				"up": { "uv": [ 7.75, 15.375, 7.875, 15.625 ], "texture": "#4" },
				"north": { "uv": [ 7.875, 15.375, 7.75, 15.5 ], "texture": "#4" },
				"south": { "uv": [ 7.75, 15.5, 7.875, 15.625 ], "texture": "#4" },
				"west": { "uv": [ 7.75, 15.375, 7.875, 15.625 ], "texture": "#4", "rotation": 270 },
				"east": { "uv": [ 7.875, 15.625, 7.75, 15.375 ], "texture": "#4", "rotation": 270 }
			}
		},
		{
			"__comment": "D21",
			"from": [ 7.625, 8, -5.125 ],
			"to": [ 8, 8.75, 2.375 ],
			"faces": {
				"down": { "uv": [ 7.875, 6.125, 8, 3.625 ], "texture": "#4" },
				"up": { "uv": [ 7.875, 3.625, 8, 6.125 ], "texture": "#4" },
				"north": { "uv": [ 8, 3.625, 7.875, 3.75 ], "texture": "#4" },
				"south": { "uv": [ 7.875, 6, 8, 6.125 ], "texture": "#4" },
				"west": { "uv": [ 7.875, 3.625, 8, 6.125 ], "texture": "#4", "rotation": 270 },
				"east": { "uv": [ 8, 6.125, 7.875, 3.625 ], "texture": "#4", "rotation": 270 }
			}
		},
		{
			"__comment": "D22",
			"from": [ 7.625, 8, 15.5 ],
			"to": [ 8, 8.75, 22.625 ],
			"faces": {
				"down": { "uv": [ 7.875, 12.875, 8, 10.5 ], "texture": "#4" },
				"up": { "uv": [ 7.875, 10.5, 8, 12.875 ], "texture": "#4" },
				"north": { "uv": [ 8, 10.5, 7.875, 10.625 ], "texture": "#4" },
				"south": { "uv": [ 7.875, 12.75, 8, 12.875 ], "texture": "#4" },
				"west": { "uv": [ 7.875, 10.5, 8, 12.875 ], "texture": "#4", "rotation": 270 },
				"east": { "uv": [ 8, 12.875, 7.875, 10.5 ], "texture": "#4", "rotation": 270 }
			}
		},
		{
			"__comment": "D23",
			"from": [ 7.625, 8, 30.875 ],
			"to": [ 8.75, 8.75, 31.25 ],
			"faces": {
				"down": { "uv": [ 7.875, 15.75, 8.25, 15.625 ], "texture": "#4" },
				"up": { "uv": [ 7.875, 15.625, 8.25, 15.75 ], "texture": "#4" },
				"north": { "uv": [ 8.25, 15.625, 7.875, 15.75 ], "texture": "#4" },
				"south": { "uv": [ 7.875, 15.625, 8.25, 15.75 ], "texture": "#4" },
				"west": { "uv": [ 7.875, 15.625, 8, 15.75 ], "texture": "#4", "rotation": 270 },
				"east": { "uv": [ 8.25, 15.75, 8.125, 15.625 ], "texture": "#4", "rotation": 270 }
			}
		},
		{
			"__comment": "D24",
			"from": [ 8.75, 8, 30.125 ],
			"to": [ 9.5, 8.75, 30.5 ],
			"faces": {
				"down": { "uv": [ 8.25, 15.5, 8.5, 15.375 ], "texture": "#4" },
				"up": { "uv": [ 8.25, 15.375, 8.5, 15.5 ], "texture": "#4" },
				"north": { "uv": [ 8.5, 15.375, 8.25, 15.5 ], "texture": "#4" },
				"south": { "uv": [ 8.25, 15.375, 8.5, 15.5 ], "texture": "#4" },
				"west": { "uv": [ 8.25, 15.375, 8.375, 15.5 ], "texture": "#4", "rotation": 270 },
				"east": { "uv": [ 8.5, 15.5, 8.375, 15.375 ], "texture": "#4", "rotation": 270 }
			}
		},
		{
			"__comment": "D25",
			"from": [ 8.75, 8, 30.5 ],
			"to": [ 9.125, 8.75, 30.875 ],
			"faces": {
				"down": { "uv": [ 8.25, 15.625, 8.375, 15.5 ], "texture": "#4" },
				"up": { "uv": [ 8.25, 15.5, 8.375, 15.625 ], "texture": "#4" },
				"north": { "uv": [ 8.375, 15.5, 8.25, 15.625 ], "texture": "#4" },
				"south": { "uv": [ 8.25, 15.5, 8.375, 15.625 ], "texture": "#4" },
				"west": { "uv": [ 8.25, 15.5, 8.375, 15.625 ], "texture": "#4", "rotation": 270 },
				"east": { "uv": [ 8.375, 15.625, 8.25, 15.5 ], "texture": "#4", "rotation": 270 }
			}
		},
		{
			"__comment": "D26",
			"from": [ 9.5, 8, 29.375 ],
			"to": [ 9.875, 8.75, 29.75 ],
			"faces": {
				"down": { "uv": [ 8.5, 15.25, 8.625, 15.125 ], "texture": "#4" },
				"up": { "uv": [ 8.5, 15.125, 8.625, 15.25 ], "texture": "#4" },
				"north": { "uv": [ 8.625, 15.125, 8.5, 15.25 ], "texture": "#4" },
				"south": { "uv": [ 8.5, 15.125, 8.625, 15.25 ], "texture": "#4" },
				"west": { "uv": [ 8.5, 15.125, 8.625, 15.25 ], "texture": "#4", "rotation": 270 },
				"east": { "uv": [ 8.625, 15.25, 8.5, 15.125 ], "texture": "#4", "rotation": 270 }
			}
		},
		{
			"__comment": "D27",
			"from": [ 9.875, 8, 29 ],
			"to": [ 10.25, 8.75, 29.375 ],
			"faces": {
				"down": { "uv": [ 8.625, 15.125, 8.75, 15 ], "texture": "#4" },
				"up": { "uv": [ 8.625, 15, 8.75, 15.125 ], "texture": "#4" },
				"north": { "uv": [ 8.75, 15, 8.625, 15.125 ], "texture": "#4" },
				"south": { "uv": [ 8.625, 15, 8.75, 15.125 ], "texture": "#4" },
				"west": { "uv": [ 8.625, 15, 8.75, 15.125 ], "texture": "#4", "rotation": 270 },
				"east": { "uv": [ 8.75, 15.125, 8.625, 15 ], "texture": "#4", "rotation": 270 }
			}
		}
	]
}