{
"__comment": "Designed by S9855027 with BDcraft Cubik PRO 0.96 Beta - http://bdcraft.net",
"textures": {
    "particle": "blocks/straw",
    "texture": "blocks/straw"
},
"elements": [ 
{
    "__comment": "3",
    "from": [ 3.5, 12, 13.5 ],
    "to": [ 4.5, 16, 14 ],
    "faces": {
        "down":  { "uv": [ 10, 16, 10.5, 15.5 ], "texture": "#texture", "cullface": "down" },
        "up":    { "uv": [ 10, 12, 10.5, 12.5 ], "texture": "#texture", "cullface": "up" },
        "north": { "uv": [ 10, 12, 10.5, 16 ], "texture": "#texture", "cullface": "north" },
        "south": { "uv": [ 10.5, 12, 10, 16 ], "texture": "#texture", "cullface": "south" },
        "west":  { "uv": [ 10, 12, 10.5, 16 ], "texture": "#texture", "cullface": "west" },
        "east":  { "uv": [ 10.5, 12, 10, 16 ], "texture": "#texture", "cullface": "east" }
    }
},
{
    "__comment": "3",
    "from": [ 11.5, 12, 13.5 ],
    "to": [ 12.5, 16, 14 ],
    "faces": {
        "down":  { "uv": [ 4.5, 8.5, 3.5, 8 ], "texture": "#texture", "cullface": "down" },
        "up":    { "uv": [ 11, 9, 12, 9.5 ], "texture": "#texture", "cullface": "up" },
        "north": { "uv": [ 1, 0, 2, 16 ], "texture": "#texture", "cullface": "north" },
        "south": { "uv": [ 0.5, 0, 1.5, 16 ], "texture": "#texture", "cullface": "south" },
        "west":  { "uv": [ 0.5, 0, 1.5, 16 ], "texture": "#texture", "cullface": "west" },
        "east":  { "uv": [ 0.5, 0, 1.5, 16 ], "texture": "#texture", "cullface": "east" }
    }
},
{
    "__comment": "3",
    "from": [ 13.5, 12, 11.5 ],
    "to": [ 14, 16, 12.5 ],
    "faces": {
        "down":  { "uv": [ 4, 10.5, 3.5, 9.5 ], "texture": "#texture", "cullface": "down" },
        "up":    { "uv": [ 11.5, 9.5, 12, 10.5 ], "texture": "#texture", "cullface": "up" },
        "north": { "uv": [ 3.5, 10, 4, 14 ], "texture": "#texture", "cullface": "north" },
        "south": { "uv": [ 12.5, 8, 13, 12 ], "texture": "#texture", "cullface": "south" },
        "west":  { "uv": [ 12.5, 9.5, 13.5, 13.5 ], "texture": "#texture", "cullface": "west" },
        "east":  { "uv": [ 11.5, 9.5, 12.5, 13.5 ], "texture": "#texture", "cullface": "east" }
    }
},
{
    "__comment": "3",
    "from": [ 2, 12, 11.5 ],
    "to": [ 2.5, 16, 12.5 ],
    "faces": {
        "down":  { "uv": [ 3, 10, 3.5, 9 ], "texture": "#texture", "cullface": "down" },
        "up":    { "uv": [ 3, 9, 3.5, 10 ], "texture": "#texture", "cullface": "up" },
        "north": { "uv": [ 3, 9, 3.5, 9.5 ], "texture": "#texture", "cullface": "north" },
        "south": { "uv": [ 3, 10, 3.5, 9.5 ], "texture": "#texture", "cullface": "south" },
        "west":  { "uv": [ 3, 9, 3.5, 9.5 ], "texture": "#texture", "cullface": "west" },
        "east":  { "uv": [ 3.5, 9, 3, 9.5 ], "texture": "#texture", "cullface": "east" }
    }
},
{
    "__comment": "3",
    "from": [ 2, 12, 3.5 ],
    "to": [ 2.5, 16, 4.5 ],
    "faces": {
        "down":  { "uv": [ 3, 10, 3.5, 9 ], "texture": "#texture", "cullface": "down" },
        "up":    { "uv": [ 3, 9, 3.5, 10 ], "texture": "#texture", "cullface": "up" },
        "north": { "uv": [ 3, 9, 3.5, 9.5 ], "texture": "#texture", "cullface": "north" },
        "south": { "uv": [ 3, 10, 3.5, 9.5 ], "texture": "#texture", "cullface": "south" },
        "west":  { "uv": [ 3, 9, 3.5, 9.5 ], "texture": "#texture", "cullface": "west" },
        "east":  { "uv": [ 3.5, 9, 3, 9.5 ], "texture": "#texture", "cullface": "east" }
    }
},
{
    "__comment": "3",
    "from": [ 13.5, 12, 3.5 ],
    "to": [ 14, 16, 4.5 ],
    "faces": {
        "down":  { "uv": [ 3, 10, 3.5, 9 ], "texture": "#texture", "cullface": "down" },
        "up":    { "uv": [ 3, 9, 3.5, 10 ], "texture": "#texture", "cullface": "up" },
        "north": { "uv": [ 3, 9, 3.5, 9.5 ], "texture": "#texture", "cullface": "north" },
        "south": { "uv": [ 3, 10, 3.5, 9.5 ], "texture": "#texture", "cullface": "south" },
        "west":  { "uv": [ 3, 9, 3.5, 9.5 ], "texture": "#texture", "cullface": "west" },
        "east":  { "uv": [ 3.5, 9, 3, 9.5 ], "texture": "#texture", "cullface": "east" }
    }
},
{
    "__comment": "3",
    "from": [ 3.5, 12, 2 ],
    "to": [ 4.5, 16, 2.5 ],
    "faces": {
        "down":  { "uv": [ 10, 16, 10.5, 15.5 ], "texture": "#texture", "cullface": "down" },
        "up":    { "uv": [ 10, 12, 10.5, 12.5 ], "texture": "#texture", "cullface": "up" },
        "north": { "uv": [ 10, 12, 10.5, 16 ], "texture": "#texture", "cullface": "north" },
        "south": { "uv": [ 10.5, 12, 10, 16 ], "texture": "#texture", "cullface": "south" },
        "west":  { "uv": [ 10, 12, 10.5, 16 ], "texture": "#texture", "cullface": "west" },
        "east":  { "uv": [ 10.5, 12, 10, 16 ], "texture": "#texture", "cullface": "east" }
    }
},
{
    "__comment": "3",
    "from": [ 11.5, 12, 2 ],
    "to": [ 12.5, 16, 2.5 ],
    "faces": {
        "down":  { "uv": [ 4.5, 8.5, 3.5, 8 ], "texture": "#texture", "cullface": "down" },
        "up":    { "uv": [ 11, 9, 12, 9.5 ], "texture": "#texture", "cullface": "up" },
        "north": { "uv": [ 1, 0, 2, 16 ], "texture": "#texture", "cullface": "north" },
        "south": { "uv": [ 0.5, 0, 1.5, 16 ], "texture": "#texture", "cullface": "south" },
        "west":  { "uv": [ 0.5, 0, 1.5, 16 ], "texture": "#texture", "cullface": "west" },
        "east":  { "uv": [ 0.5, 0, 1.5, 16 ], "texture": "#texture", "cullface": "east" }
    }
},
{
    "__comment": "1",
    "from": [ 6, 12, 14.5 ],
    "to": [ 10, 16, 15 ],
    "faces": {
        "down":  { "uv": [ 1.5, 0, 14.5, 16 ], "texture": "#texture", "cullface": "down" },
        "up":    { "uv": [ 1.5, 0, 14.5, 16 ], "texture": "#texture", "cullface": "up" },
        "north": { "uv": [ 1.5, 0, 14.5, 16 ], "texture": "#texture", "cullface": "north" },
        "south": { "uv": [ 1.5, 0, 14.5, 16 ], "texture": "#texture", "cullface": "south" },
        "west":  { "uv": [ 1.5, 0, 2, 16 ], "texture": "#texture", "cullface": "west" },
        "east":  { "uv": [ 1.5, 0, 2, 16 ], "texture": "#texture", "cullface": "east" }
    }
},
{
    "__comment": "1",
    "from": [ 1, 12, 6 ],
    "to": [ 1.5, 16, 10 ],
    "faces": {
        "down":  { "uv": [ 13.5, 16, 1, 0 ], "rotation": 270, "texture": "#texture", "cullface": "down" },
        "up":    { "uv": [ 1, 0, 14, 16 ], "rotation": 90, "texture": "#texture", "cullface": "up" },
        "north": { "uv": [ 12, 12, 12.5, 16 ], "texture": "#texture", "cullface": "north" },
        "south": { "uv": [ 3.5, 12, 4, 16 ], "texture": "#texture", "cullface": "south" },
        "west":  { "uv": [ 1.5, 0, 14.5, 16 ], "texture": "#texture", "cullface": "west" },
        "east":  { "uv": [ 1.5, 0, 14.5, 16 ], "texture": "#texture", "cullface": "east" }
    }
},
{
    "__comment": "1",
    "from": [ 14.5, 12, 6 ],
    "to": [ 15, 16, 10 ],
    "faces": {
        "down":  { "uv": [ 13.5, 16, 1, 0 ], "rotation": 270, "texture": "#texture", "cullface": "down" },
        "up":    { "uv": [ 1, 0, 14, 16 ], "rotation": 90, "texture": "#texture", "cullface": "up" },
        "north": { "uv": [ 12, 12, 12.5, 16 ], "texture": "#texture", "cullface": "north" },
        "south": { "uv": [ 3.5, 12, 4, 16 ], "texture": "#texture", "cullface": "south" },
        "west":  { "uv": [ 1.5, 0, 14.5, 16 ], "texture": "#texture", "cullface": "west" },
        "east":  { "uv": [ 1.5, 0, 14.5, 16 ], "texture": "#texture", "cullface": "east" }
    }
},
{
    "__comment": "1",
    "from": [ 6, 12, 1 ],
    "to": [ 10, 16, 1.5 ],
    "faces": {
        "down":  { "uv": [ 1.5, 0, 14.5, 16 ], "texture": "#texture", "cullface": "down" },
        "up":    { "uv": [ 1.5, 0, 14.5, 16 ], "texture": "#texture", "cullface": "up" },
        "north": { "uv": [ 1.5, 0, 14.5, 16 ], "texture": "#texture", "cullface": "north" },
        "south": { "uv": [ 1.5, 0, 14.5, 16 ], "texture": "#texture", "cullface": "south" },
        "west":  { "uv": [ 1.5, 0, 2, 16 ], "texture": "#texture", "cullface": "west" },
        "east":  { "uv": [ 1.5, 0, 2, 16 ], "texture": "#texture", "cullface": "east" }
    }
},
{
    "__comment": "2",
    "from": [ 4.5, 12, 14 ],
    "to": [ 6, 16, 14.5 ],
    "faces": {
        "down":  { "uv": [ 10, 16, 10.5, 15.5 ], "texture": "#texture", "cullface": "down" },
        "up":    { "uv": [ 10, 12, 10.5, 12.5 ], "texture": "#texture", "cullface": "up" },
        "north": { "uv": [ 10, 12, 10.5, 16 ], "texture": "#texture", "cullface": "north" },
        "south": { "uv": [ 10.5, 12, 10, 16 ], "texture": "#texture", "cullface": "south" },
        "west":  { "uv": [ 10, 12, 10.5, 16 ], "texture": "#texture", "cullface": "west" },
        "east":  { "uv": [ 10.5, 12, 10, 16 ], "texture": "#texture", "cullface": "east" }
    }
},
{
    "__comment": "2",
    "from": [ 10, 12, 14 ],
    "to": [ 11.5, 16, 14.5 ],
    "faces": {
        "down":  { "uv": [ 4.5, 8.5, 3.5, 8 ], "texture": "#texture", "cullface": "down" },
        "up":    { "uv": [ 11, 9, 12, 9.5 ], "texture": "#texture", "cullface": "up" },
        "north": { "uv": [ 1, 0, 2, 16 ], "texture": "#texture", "cullface": "north" },
        "south": { "uv": [ 0.5, 0, 1.5, 16 ], "texture": "#texture", "cullface": "south" },
        "west":  { "uv": [ 0.5, 0, 1.5, 16 ], "texture": "#texture", "cullface": "west" },
        "east":  { "uv": [ 0.5, 0, 1.5, 16 ], "texture": "#texture", "cullface": "east" }
    }
},
{
    "__comment": "2",
    "from": [ 14, 12, 10 ],
    "to": [ 14.5, 16, 11.5 ],
    "faces": {
        "down":  { "uv": [ 4, 10.5, 3.5, 9.5 ], "texture": "#texture", "cullface": "down" },
        "up":    { "uv": [ 11.5, 9.5, 12, 10.5 ], "texture": "#texture", "cullface": "up" },
        "north": { "uv": [ 3.5, 10, 4, 14 ], "texture": "#texture", "cullface": "north" },
        "south": { "uv": [ 12.5, 8, 13, 12 ], "texture": "#texture", "cullface": "south" },
        "west":  { "uv": [ 12.5, 9.5, 13.5, 13.5 ], "texture": "#texture", "cullface": "west" },
        "east":  { "uv": [ 11.5, 9.5, 12.5, 13.5 ], "texture": "#texture", "cullface": "east" }
    }
},
{
    "__comment": "2",
    "from": [ 1.5, 12, 10 ],
    "to": [ 2, 16, 11.5 ],
    "faces": {
        "down":  { "uv": [ 3, 10, 3.5, 9 ], "texture": "#texture", "cullface": "down" },
        "up":    { "uv": [ 3, 9, 3.5, 10 ], "texture": "#texture", "cullface": "up" },
        "north": { "uv": [ 3, 9, 3.5, 9.5 ], "texture": "#texture", "cullface": "north" },
        "south": { "uv": [ 3, 10, 3.5, 9.5 ], "texture": "#texture", "cullface": "south" },
        "west":  { "uv": [ 3, 9, 3.5, 9.5 ], "texture": "#texture", "cullface": "west" },
        "east":  { "uv": [ 3.5, 9, 3, 9.5 ], "texture": "#texture", "cullface": "east" }
    }
},
{
    "__comment": "2",
    "from": [ 1.5, 12, 4.5 ],
    "to": [ 2, 16, 6 ],
    "faces": {
        "down":  { "uv": [ 3, 10, 3.5, 9 ], "texture": "#texture", "cullface": "down" },
        "up":    { "uv": [ 3, 9, 3.5, 10 ], "texture": "#texture", "cullface": "up" },
        "north": { "uv": [ 3, 9, 3.5, 9.5 ], "texture": "#texture", "cullface": "north" },
        "south": { "uv": [ 3, 10, 3.5, 9.5 ], "texture": "#texture", "cullface": "south" },
        "west":  { "uv": [ 3, 9, 3.5, 9.5 ], "texture": "#texture", "cullface": "west" },
        "east":  { "uv": [ 3.5, 9, 3, 9.5 ], "texture": "#texture", "cullface": "east" }
    }
},
{
    "__comment": "2",
    "from": [ 14, 12, 4.5 ],
    "to": [ 14.5, 16, 6 ],
    "faces": {
        "down":  { "uv": [ 3, 10, 3.5, 9 ], "texture": "#texture", "cullface": "down" },
        "up":    { "uv": [ 3, 9, 3.5, 10 ], "texture": "#texture", "cullface": "up" },
        "north": { "uv": [ 3, 9, 3.5, 9.5 ], "texture": "#texture", "cullface": "north" },
        "south": { "uv": [ 3, 10, 3.5, 9.5 ], "texture": "#texture", "cullface": "south" },
        "west":  { "uv": [ 3, 9, 3.5, 9.5 ], "texture": "#texture", "cullface": "west" },
        "east":  { "uv": [ 3.5, 9, 3, 9.5 ], "texture": "#texture", "cullface": "east" }
    }
},
{
    "__comment": "2",
    "from": [ 4.5, 12, 1.5 ],
    "to": [ 6, 16, 2 ],
    "faces": {
        "down":  { "uv": [ 10, 16, 10.5, 15.5 ], "texture": "#texture", "cullface": "down" },
        "up":    { "uv": [ 10, 12, 10.5, 12.5 ], "texture": "#texture", "cullface": "up" },
        "north": { "uv": [ 10, 12, 10.5, 16 ], "texture": "#texture", "cullface": "north" },
        "south": { "uv": [ 10.5, 12, 10, 16 ], "texture": "#texture", "cullface": "south" },
        "west":  { "uv": [ 10, 12, 10.5, 16 ], "texture": "#texture", "cullface": "west" },
        "east":  { "uv": [ 10.5, 12, 10, 16 ], "texture": "#texture", "cullface": "east" }
    }
},
{
    "__comment": "2",
    "from": [ 10, 12, 1.5 ],
    "to": [ 11.5, 16, 2 ],
    "faces": {
        "down":  { "uv": [ 4.5, 8.5, 3.5, 8 ], "texture": "#texture", "cullface": "down" },
        "up":    { "uv": [ 11, 9, 12, 9.5 ], "texture": "#texture", "cullface": "up" },
        "north": { "uv": [ 1, 0, 2, 16 ], "texture": "#texture", "cullface": "north" },
        "south": { "uv": [ 0.5, 0, 1.5, 16 ], "texture": "#texture", "cullface": "south" },
        "west":  { "uv": [ 0.5, 0, 1.5, 16 ], "texture": "#texture", "cullface": "west" },
        "east":  { "uv": [ 0.5, 0, 1.5, 16 ], "texture": "#texture", "cullface": "east" }
    }
},
{
    "__comment": "4",
    "from": [ 13, 12, 12.5 ],
    "to": [ 13.5, 16, 13 ],
    "faces": {
        "down":  { "uv": [ 3, 13, 2.5, 12.5 ], "texture": "#texture", "cullface": "down" },
        "up":    { "uv": [ 13, 12.5, 13.5, 13 ], "texture": "#texture", "cullface": "up" },
        "north": { "uv": [ 2.5, 0, 3, 4 ], "texture": "#texture", "cullface": "north" },
        "south": { "uv": [ 13, 0, 13.5, 4 ], "texture": "#texture", "cullface": "south" },
        "west":  { "uv": [ 12.5, 0, 13, 4 ], "texture": "#texture", "cullface": "west" },
        "east":  { "uv": [ 3, 0, 3.5, 4 ], "texture": "#texture", "cullface": "east" }
    }
},
{
    "__comment": "4",
    "from": [ 3, 12, 13 ],
    "to": [ 3.5, 16, 13.5 ],
    "faces": {
        "down":  { "uv": [ 5, 10, 5.5, 9.5 ], "texture": "#texture", "cullface": "down" },
        "up":    { "uv": [ 5, 9.5, 5.5, 10 ], "texture": "#texture", "cullface": "up" },
        "north": { "uv": [ 5, 9.5, 5.5, 10 ], "texture": "#texture", "cullface": "north" },
        "south": { "uv": [ 5.5, 9.5, 5, 10 ], "texture": "#texture", "cullface": "south" },
        "west":  { "uv": [ 5, 9.5, 5.5, 10 ], "texture": "#texture", "cullface": "west" },
        "east":  { "uv": [ 5.5, 9.5, 5, 10 ], "texture": "#texture", "cullface": "east" }
    }
},
{
    "__comment": "4",
    "from": [ 13, 12, 3 ],
    "to": [ 13.5, 16, 3.5 ],
    "faces": {
        "down":  { "uv": [ 3, 3.5, 2.5, 3 ], "texture": "#texture", "cullface": "down" },
        "up":    { "uv": [ 13, 3, 13.5, 3.5 ], "texture": "#texture", "cullface": "up" },
        "north": { "uv": [ 2.5, 0, 3, 4 ], "texture": "#texture", "cullface": "north" },
        "south": { "uv": [ 13, 0, 13.5, 4 ], "texture": "#texture", "cullface": "south" },
        "west":  { "uv": [ 3, 0, 3.5, 4 ], "texture": "#texture", "cullface": "west" },
        "east":  { "uv": [ 12.5, 0, 13, 4 ], "texture": "#texture", "cullface": "east" }
    }
},
{
    "__comment": "4",
    "from": [ 3, 12, 2.5 ],
    "to": [ 3.5, 16, 3 ],
    "faces": {
        "down":  { "uv": [ 5, 10, 5.5, 9.5 ], "texture": "#texture", "cullface": "down" },
        "up":    { "uv": [ 5, 9.5, 5.5, 10 ], "texture": "#texture", "cullface": "up" },
        "north": { "uv": [ 5, 9.5, 5.5, 10 ], "texture": "#texture", "cullface": "north" },
        "south": { "uv": [ 5.5, 9.5, 5, 10 ], "texture": "#texture", "cullface": "south" },
        "west":  { "uv": [ 5, 9.5, 5.5, 10 ], "texture": "#texture", "cullface": "west" },
        "east":  { "uv": [ 5.5, 9.5, 5, 10 ], "texture": "#texture", "cullface": "east" }
    }
},
{
    "__comment": "4",
    "from": [ 12.5, 12, 13 ],
    "to": [ 13, 16, 13.5 ],
    "faces": {
        "down":  { "uv": [ 3.5, 13.5, 3, 13 ], "texture": "#texture", "cullface": "down" },
        "up":    { "uv": [ 12.5, 13, 13, 13.5 ], "texture": "#texture", "cullface": "up" },
        "north": { "uv": [ 3, 0, 3.5, 4 ], "texture": "#texture", "cullface": "north" },
        "south": { "uv": [ 12.5, 0, 13, 4 ], "texture": "#texture", "cullface": "south" },
        "west":  { "uv": [ 13, 0, 13.5, 4 ], "texture": "#texture", "cullface": "west" },
        "east":  { "uv": [ 2.5, 0, 3, 4 ], "texture": "#texture", "cullface": "east" }
    }
},
{
    "__comment": "4",
    "from": [ 2.5, 12, 12.5 ],
    "to": [ 3, 16, 13 ],
    "faces": {
        "down":  { "uv": [ 5, 10, 5.5, 9.5 ], "texture": "#texture", "cullface": "down" },
        "up":    { "uv": [ 5, 9.5, 5.5, 10 ], "texture": "#texture", "cullface": "up" },
        "north": { "uv": [ 5, 9.5, 5.5, 10 ], "texture": "#texture", "cullface": "north" },
        "south": { "uv": [ 5.5, 9.5, 5, 10 ], "texture": "#texture", "cullface": "south" },
        "west":  { "uv": [ 5, 9.5, 5.5, 10 ], "texture": "#texture", "cullface": "west" },
        "east":  { "uv": [ 5.5, 9.5, 5, 10 ], "texture": "#texture", "cullface": "east" }
    }
},
{
    "__comment": "4",
    "from": [ 12.5, 12, 2.5 ],
    "to": [ 13, 16, 3 ],
    "faces": {
        "down":  { "uv": [ 3.5, 3, 3, 2.5 ], "texture": "#texture", "cullface": "down" },
        "up":    { "uv": [ 12.5, 2.5, 13, 3 ], "texture": "#texture", "cullface": "up" },
        "north": { "uv": [ 3, 0, 3.5, 4 ], "texture": "#texture", "cullface": "north" },
        "south": { "uv": [ 12.5, 0, 13, 4 ], "texture": "#texture", "cullface": "south" },
        "west":  { "uv": [ 2.5, 0, 3, 4 ], "texture": "#texture", "cullface": "west" },
        "east":  { "uv": [ 13, 0, 13.5, 4 ], "texture": "#texture", "cullface": "east" }
    }
},
{
    "__comment": "4",
    "from": [ 2.5, 12, 3 ],
    "to": [ 3, 16, 3.5 ],
    "faces": {
        "down":  { "uv": [ 5, 10, 5.5, 9.5 ], "texture": "#texture", "cullface": "down" },
        "up":    { "uv": [ 5, 9.5, 5.5, 10 ], "texture": "#texture", "cullface": "up" },
        "north": { "uv": [ 5, 9.5, 5.5, 10 ], "texture": "#texture", "cullface": "north" },
        "south": { "uv": [ 5.5, 9.5, 5, 10 ], "texture": "#texture", "cullface": "south" },
        "west":  { "uv": [ 5, 9.5, 5.5, 10 ], "texture": "#texture", "cullface": "west" },
        "east":  { "uv": [ 5.5, 9.5, 5, 10 ], "texture": "#texture", "cullface": "east" }
    }
},
{
    "__comment": "3",
    "from": [ 3.5, 8, 13.5 ],
    "to": [ 4.5, 12, 14 ],
    "faces": {
        "down":  { "uv": [ 10, 16, 10.5, 15.5 ], "texture": "#texture", "cullface": "down" },
        "up":    { "uv": [ 10, 12, 10.5, 12.5 ], "texture": "#texture", "cullface": "up" },
        "north": { "uv": [ 10, 12, 10.5, 16 ], "texture": "#texture", "cullface": "north" },
        "south": { "uv": [ 10.5, 12, 10, 16 ], "texture": "#texture", "cullface": "south" },
        "west":  { "uv": [ 10, 12, 10.5, 16 ], "texture": "#texture", "cullface": "west" },
        "east":  { "uv": [ 10.5, 12, 10, 16 ], "texture": "#texture", "cullface": "east" }
    }
},
{
    "__comment": "3",
    "from": [ 11.5, 8, 13.5 ],
    "to": [ 12.5, 12, 14 ],
    "faces": {
        "down":  { "uv": [ 4.5, 8.5, 3.5, 8 ], "texture": "#texture", "cullface": "down" },
        "up":    { "uv": [ 11, 9, 12, 9.5 ], "texture": "#texture", "cullface": "up" },
        "north": { "uv": [ 1, 0, 2, 16 ], "texture": "#texture", "cullface": "north" },
        "south": { "uv": [ 0.5, 0, 1.5, 16 ], "texture": "#texture", "cullface": "south" },
        "west":  { "uv": [ 0.5, 0, 1.5, 16 ], "texture": "#texture", "cullface": "west" },
        "east":  { "uv": [ 0.5, 0, 1.5, 16 ], "texture": "#texture", "cullface": "east" }
    }
},
{
    "__comment": "3",
    "from": [ 13.5, 8, 11.5 ],
    "to": [ 14, 12, 12.5 ],
    "faces": {
        "down":  { "uv": [ 4, 10.5, 3.5, 9.5 ], "texture": "#texture", "cullface": "down" },
        "up":    { "uv": [ 11.5, 9.5, 12, 10.5 ], "texture": "#texture", "cullface": "up" },
        "north": { "uv": [ 3.5, 10, 4, 14 ], "texture": "#texture", "cullface": "north" },
        "south": { "uv": [ 12.5, 8, 13, 12 ], "texture": "#texture", "cullface": "south" },
        "west":  { "uv": [ 12.5, 9.5, 13.5, 13.5 ], "texture": "#texture", "cullface": "west" },
        "east":  { "uv": [ 11.5, 9.5, 12.5, 13.5 ], "texture": "#texture", "cullface": "east" }
    }
},
{
    "__comment": "3",
    "from": [ 2, 8, 11.5 ],
    "to": [ 2.5, 12, 12.5 ],
    "faces": {
        "down":  { "uv": [ 3, 10, 3.5, 9 ], "texture": "#texture", "cullface": "down" },
        "up":    { "uv": [ 3, 9, 3.5, 10 ], "texture": "#texture", "cullface": "up" },
        "north": { "uv": [ 3, 9, 3.5, 9.5 ], "texture": "#texture", "cullface": "north" },
        "south": { "uv": [ 3, 10, 3.5, 9.5 ], "texture": "#texture", "cullface": "south" },
        "west":  { "uv": [ 3, 9, 3.5, 9.5 ], "texture": "#texture", "cullface": "west" },
        "east":  { "uv": [ 3.5, 9, 3, 9.5 ], "texture": "#texture", "cullface": "east" }
    }
},
{
    "__comment": "3",
    "from": [ 2, 8, 3.5 ],
    "to": [ 2.5, 12, 4.5 ],
    "faces": {
        "down":  { "uv": [ 3, 10, 3.5, 9 ], "texture": "#texture", "cullface": "down" },
        "up":    { "uv": [ 3, 9, 3.5, 10 ], "texture": "#texture", "cullface": "up" },
        "north": { "uv": [ 3, 9, 3.5, 9.5 ], "texture": "#texture", "cullface": "north" },
        "south": { "uv": [ 3, 10, 3.5, 9.5 ], "texture": "#texture", "cullface": "south" },
        "west":  { "uv": [ 3, 9, 3.5, 9.5 ], "texture": "#texture", "cullface": "west" },
        "east":  { "uv": [ 3.5, 9, 3, 9.5 ], "texture": "#texture", "cullface": "east" }
    }
},
{
    "__comment": "3",
    "from": [ 13.5, 8, 3.5 ],
    "to": [ 14, 12, 4.5 ],
    "faces": {
        "down":  { "uv": [ 3, 10, 3.5, 9 ], "texture": "#texture", "cullface": "down" },
        "up":    { "uv": [ 3, 9, 3.5, 10 ], "texture": "#texture", "cullface": "up" },
        "north": { "uv": [ 3, 9, 3.5, 9.5 ], "texture": "#texture", "cullface": "north" },
        "south": { "uv": [ 3, 10, 3.5, 9.5 ], "texture": "#texture", "cullface": "south" },
        "west":  { "uv": [ 3, 9, 3.5, 9.5 ], "texture": "#texture", "cullface": "west" },
        "east":  { "uv": [ 3.5, 9, 3, 9.5 ], "texture": "#texture", "cullface": "east" }
    }
},
{
    "__comment": "3",
    "from": [ 3.5, 8, 2 ],
    "to": [ 4.5, 12, 2.5 ],
    "faces": {
        "down":  { "uv": [ 10, 16, 10.5, 15.5 ], "texture": "#texture", "cullface": "down" },
        "up":    { "uv": [ 10, 12, 10.5, 12.5 ], "texture": "#texture", "cullface": "up" },
        "north": { "uv": [ 10, 12, 10.5, 16 ], "texture": "#texture", "cullface": "north" },
        "south": { "uv": [ 10.5, 12, 10, 16 ], "texture": "#texture", "cullface": "south" },
        "west":  { "uv": [ 10, 12, 10.5, 16 ], "texture": "#texture", "cullface": "west" },
        "east":  { "uv": [ 10.5, 12, 10, 16 ], "texture": "#texture", "cullface": "east" }
    }
},
{
    "__comment": "3",
    "from": [ 11.5, 8, 2 ],
    "to": [ 12.5, 12, 2.5 ],
    "faces": {
        "down":  { "uv": [ 4.5, 8.5, 3.5, 8 ], "texture": "#texture", "cullface": "down" },
        "up":    { "uv": [ 11, 9, 12, 9.5 ], "texture": "#texture", "cullface": "up" },
        "north": { "uv": [ 1, 0, 2, 16 ], "texture": "#texture", "cullface": "north" },
        "south": { "uv": [ 0.5, 0, 1.5, 16 ], "texture": "#texture", "cullface": "south" },
        "west":  { "uv": [ 0.5, 0, 1.5, 16 ], "texture": "#texture", "cullface": "west" },
        "east":  { "uv": [ 0.5, 0, 1.5, 16 ], "texture": "#texture", "cullface": "east" }
    }
},
{
    "__comment": "1",
    "from": [ 6, 8, 14.5 ],
    "to": [ 10, 12, 15 ],
    "faces": {
        "down":  { "uv": [ 1.5, 0, 14.5, 16 ], "texture": "#texture", "cullface": "down" },
        "up":    { "uv": [ 1.5, 0, 14.5, 16 ], "texture": "#texture", "cullface": "up" },
        "north": { "uv": [ 1.5, 0, 14.5, 16 ], "texture": "#texture", "cullface": "north" },
        "south": { "uv": [ 1.5, 0, 14.5, 16 ], "texture": "#texture", "cullface": "south" },
        "west":  { "uv": [ 1.5, 0, 2, 16 ], "texture": "#texture", "cullface": "west" },
        "east":  { "uv": [ 1.5, 0, 2, 16 ], "texture": "#texture", "cullface": "east" }
    }
},
{
    "__comment": "1",
    "from": [ 1, 8, 6 ],
    "to": [ 1.5, 12, 10 ],
    "faces": {
        "down":  { "uv": [ 13.5, 16, 1, 0 ], "rotation": 270, "texture": "#texture", "cullface": "down" },
        "up":    { "uv": [ 1, 0, 14, 16 ], "rotation": 90, "texture": "#texture", "cullface": "up" },
        "north": { "uv": [ 12, 12, 12.5, 16 ], "texture": "#texture", "cullface": "north" },
        "south": { "uv": [ 3.5, 12, 4, 16 ], "texture": "#texture", "cullface": "south" },
        "west":  { "uv": [ 1.5, 0, 14.5, 16 ], "texture": "#texture", "cullface": "west" },
        "east":  { "uv": [ 1.5, 0, 14.5, 16 ], "texture": "#texture", "cullface": "east" }
    }
},
{
    "__comment": "1",
    "from": [ 14.5, 8, 6 ],
    "to": [ 15, 12, 10 ],
    "faces": {
        "down":  { "uv": [ 13.5, 16, 1, 0 ], "rotation": 270, "texture": "#texture", "cullface": "down" },
        "up":    { "uv": [ 1, 0, 14, 16 ], "rotation": 90, "texture": "#texture", "cullface": "up" },
        "north": { "uv": [ 12, 12, 12.5, 16 ], "texture": "#texture", "cullface": "north" },
        "south": { "uv": [ 3.5, 12, 4, 16 ], "texture": "#texture", "cullface": "south" },
        "west":  { "uv": [ 1.5, 0, 14.5, 16 ], "texture": "#texture", "cullface": "west" },
        "east":  { "uv": [ 1.5, 0, 14.5, 16 ], "texture": "#texture", "cullface": "east" }
    }
},
{
    "__comment": "1",
    "from": [ 6, 8, 1 ],
    "to": [ 10, 12, 1.5 ],
    "faces": {
        "down":  { "uv": [ 1.5, 0, 14.5, 16 ], "texture": "#texture", "cullface": "down" },
        "up":    { "uv": [ 1.5, 0, 14.5, 16 ], "texture": "#texture", "cullface": "up" },
        "north": { "uv": [ 1.5, 0, 14.5, 16 ], "texture": "#texture", "cullface": "north" },
        "south": { "uv": [ 1.5, 0, 14.5, 16 ], "texture": "#texture", "cullface": "south" },
        "west":  { "uv": [ 1.5, 0, 2, 16 ], "texture": "#texture", "cullface": "west" },
        "east":  { "uv": [ 1.5, 0, 2, 16 ], "texture": "#texture", "cullface": "east" }
    }
},
{
    "__comment": "2",
    "from": [ 4.5, 8, 14 ],
    "to": [ 6, 12, 14.5 ],
    "faces": {
        "down":  { "uv": [ 10, 16, 10.5, 15.5 ], "texture": "#texture", "cullface": "down" },
        "up":    { "uv": [ 10, 12, 10.5, 12.5 ], "texture": "#texture", "cullface": "up" },
        "north": { "uv": [ 10, 12, 10.5, 16 ], "texture": "#texture", "cullface": "north" },
        "south": { "uv": [ 10.5, 12, 10, 16 ], "texture": "#texture", "cullface": "south" },
        "west":  { "uv": [ 10, 12, 10.5, 16 ], "texture": "#texture", "cullface": "west" },
        "east":  { "uv": [ 10.5, 12, 10, 16 ], "texture": "#texture", "cullface": "east" }
    }
},
{
    "__comment": "2",
    "from": [ 10, 8, 14 ],
    "to": [ 11.5, 12, 14.5 ],
    "faces": {
        "down":  { "uv": [ 4.5, 8.5, 3.5, 8 ], "texture": "#texture", "cullface": "down" },
        "up":    { "uv": [ 11, 9, 12, 9.5 ], "texture": "#texture", "cullface": "up" },
        "north": { "uv": [ 1, 0, 2, 16 ], "texture": "#texture", "cullface": "north" },
        "south": { "uv": [ 0.5, 0, 1.5, 16 ], "texture": "#texture", "cullface": "south" },
        "west":  { "uv": [ 0.5, 0, 1.5, 16 ], "texture": "#texture", "cullface": "west" },
        "east":  { "uv": [ 0.5, 0, 1.5, 16 ], "texture": "#texture", "cullface": "east" }
    }
},
{
    "__comment": "2",
    "from": [ 14, 8, 10 ],
    "to": [ 14.5, 12, 11.5 ],
    "faces": {
        "down":  { "uv": [ 4, 10.5, 3.5, 9.5 ], "texture": "#texture", "cullface": "down" },
        "up":    { "uv": [ 11.5, 9.5, 12, 10.5 ], "texture": "#texture", "cullface": "up" },
        "north": { "uv": [ 3.5, 10, 4, 14 ], "texture": "#texture", "cullface": "north" },
        "south": { "uv": [ 12.5, 8, 13, 12 ], "texture": "#texture", "cullface": "south" },
        "west":  { "uv": [ 12.5, 9.5, 13.5, 13.5 ], "texture": "#texture", "cullface": "west" },
        "east":  { "uv": [ 11.5, 9.5, 12.5, 13.5 ], "texture": "#texture", "cullface": "east" }
    }
},
{
    "__comment": "2",
    "from": [ 1.5, 8, 10 ],
    "to": [ 2, 12, 11.5 ],
    "faces": {
        "down":  { "uv": [ 3, 10, 3.5, 9 ], "texture": "#texture", "cullface": "down" },
        "up":    { "uv": [ 3, 9, 3.5, 10 ], "texture": "#texture", "cullface": "up" },
        "north": { "uv": [ 3, 9, 3.5, 9.5 ], "texture": "#texture", "cullface": "north" },
        "south": { "uv": [ 3, 10, 3.5, 9.5 ], "texture": "#texture", "cullface": "south" },
        "west":  { "uv": [ 3, 9, 3.5, 9.5 ], "texture": "#texture", "cullface": "west" },
        "east":  { "uv": [ 3.5, 9, 3, 9.5 ], "texture": "#texture", "cullface": "east" }
    }
},
{
    "__comment": "2",
    "from": [ 1.5, 8, 4.5 ],
    "to": [ 2, 12, 6 ],
    "faces": {
        "down":  { "uv": [ 3, 10, 3.5, 9 ], "texture": "#texture", "cullface": "down" },
        "up":    { "uv": [ 3, 9, 3.5, 10 ], "texture": "#texture", "cullface": "up" },
        "north": { "uv": [ 3, 9, 3.5, 9.5 ], "texture": "#texture", "cullface": "north" },
        "south": { "uv": [ 3, 10, 3.5, 9.5 ], "texture": "#texture", "cullface": "south" },
        "west":  { "uv": [ 3, 9, 3.5, 9.5 ], "texture": "#texture", "cullface": "west" },
        "east":  { "uv": [ 3.5, 9, 3, 9.5 ], "texture": "#texture", "cullface": "east" }
    }
},
{
    "__comment": "2",
    "from": [ 14, 8, 4.5 ],
    "to": [ 14.5, 12, 6 ],
    "faces": {
        "down":  { "uv": [ 3, 10, 3.5, 9 ], "texture": "#texture", "cullface": "down" },
        "up":    { "uv": [ 3, 9, 3.5, 10 ], "texture": "#texture", "cullface": "up" },
        "north": { "uv": [ 3, 9, 3.5, 9.5 ], "texture": "#texture", "cullface": "north" },
        "south": { "uv": [ 3, 10, 3.5, 9.5 ], "texture": "#texture", "cullface": "south" },
        "west":  { "uv": [ 3, 9, 3.5, 9.5 ], "texture": "#texture", "cullface": "west" },
        "east":  { "uv": [ 3.5, 9, 3, 9.5 ], "texture": "#texture", "cullface": "east" }
    }
},
{
    "__comment": "2",
    "from": [ 4.5, 8, 1.5 ],
    "to": [ 6, 12, 2 ],
    "faces": {
        "down":  { "uv": [ 10, 16, 10.5, 15.5 ], "texture": "#texture", "cullface": "down" },
        "up":    { "uv": [ 10, 12, 10.5, 12.5 ], "texture": "#texture", "cullface": "up" },
        "north": { "uv": [ 10, 12, 10.5, 16 ], "texture": "#texture", "cullface": "north" },
        "south": { "uv": [ 10.5, 12, 10, 16 ], "texture": "#texture", "cullface": "south" },
        "west":  { "uv": [ 10, 12, 10.5, 16 ], "texture": "#texture", "cullface": "west" },
        "east":  { "uv": [ 10.5, 12, 10, 16 ], "texture": "#texture", "cullface": "east" }
    }
},
{
    "__comment": "2",
    "from": [ 10, 8, 1.5 ],
    "to": [ 11.5, 12, 2 ],
    "faces": {
        "down":  { "uv": [ 4.5, 8.5, 3.5, 8 ], "texture": "#texture", "cullface": "down" },
        "up":    { "uv": [ 11, 9, 12, 9.5 ], "texture": "#texture", "cullface": "up" },
        "north": { "uv": [ 1, 0, 2, 16 ], "texture": "#texture", "cullface": "north" },
        "south": { "uv": [ 0.5, 0, 1.5, 16 ], "texture": "#texture", "cullface": "south" },
        "west":  { "uv": [ 0.5, 0, 1.5, 16 ], "texture": "#texture", "cullface": "west" },
        "east":  { "uv": [ 0.5, 0, 1.5, 16 ], "texture": "#texture", "cullface": "east" }
    }
},
{
    "__comment": "4",
    "from": [ 13, 8, 12.5 ],
    "to": [ 13.5, 12, 13 ],
    "faces": {
        "down":  { "uv": [ 3, 13, 2.5, 12.5 ], "texture": "#texture", "cullface": "down" },
        "up":    { "uv": [ 13, 12.5, 13.5, 13 ], "texture": "#texture", "cullface": "up" },
        "north": { "uv": [ 2.5, 4, 3, 8 ], "texture": "#texture", "cullface": "north" },
        "south": { "uv": [ 13, 4, 13.5, 8 ], "texture": "#texture", "cullface": "south" },
        "west":  { "uv": [ 12.5, 4, 13, 8 ], "texture": "#texture", "cullface": "west" },
        "east":  { "uv": [ 3, 4, 3.5, 8 ], "texture": "#texture", "cullface": "east" }
    }
},
{
    "__comment": "4",
    "from": [ 3, 8, 13 ],
    "to": [ 3.5, 12, 13.5 ],
    "faces": {
        "down":  { "uv": [ 5, 10, 5.5, 9.5 ], "texture": "#texture", "cullface": "down" },
        "up":    { "uv": [ 5, 9.5, 5.5, 10 ], "texture": "#texture", "cullface": "up" },
        "north": { "uv": [ 5, 9.5, 5.5, 10 ], "texture": "#texture", "cullface": "north" },
        "south": { "uv": [ 5.5, 9.5, 5, 10 ], "texture": "#texture", "cullface": "south" },
        "west":  { "uv": [ 5, 9.5, 5.5, 10 ], "texture": "#texture", "cullface": "west" },
        "east":  { "uv": [ 5.5, 9.5, 5, 10 ], "texture": "#texture", "cullface": "east" }
    }
},
{
    "__comment": "4",
    "from": [ 13, 8, 3 ],
    "to": [ 13.5, 12, 3.5 ],
    "faces": {
        "down":  { "uv": [ 3, 3.5, 2.5, 3 ], "texture": "#texture", "cullface": "down" },
        "up":    { "uv": [ 13, 3, 13.5, 3.5 ], "texture": "#texture", "cullface": "up" },
        "north": { "uv": [ 2.5, 4, 3, 8 ], "texture": "#texture", "cullface": "north" },
        "south": { "uv": [ 13, 4, 13.5, 8 ], "texture": "#texture", "cullface": "south" },
        "west":  { "uv": [ 3, 4, 3.5, 8 ], "texture": "#texture", "cullface": "west" },
        "east":  { "uv": [ 12.5, 4, 13, 8 ], "texture": "#texture", "cullface": "east" }
    }
},
{
    "__comment": "4",
    "from": [ 3, 8, 2.5 ],
    "to": [ 3.5, 12, 3 ],
    "faces": {
        "down":  { "uv": [ 5, 10, 5.5, 9.5 ], "texture": "#texture", "cullface": "down" },
        "up":    { "uv": [ 5, 9.5, 5.5, 10 ], "texture": "#texture", "cullface": "up" },
        "north": { "uv": [ 5, 9.5, 5.5, 10 ], "texture": "#texture", "cullface": "north" },
        "south": { "uv": [ 5.5, 9.5, 5, 10 ], "texture": "#texture", "cullface": "south" },
        "west":  { "uv": [ 5, 9.5, 5.5, 10 ], "texture": "#texture", "cullface": "west" },
        "east":  { "uv": [ 5.5, 9.5, 5, 10 ], "texture": "#texture", "cullface": "east" }
    }
},
{
    "__comment": "4",
    "from": [ 12.5, 8, 13 ],
    "to": [ 13, 12, 13.5 ],
    "faces": {
        "down":  { "uv": [ 3.5, 13.5, 3, 13 ], "texture": "#texture", "cullface": "down" },
        "up":    { "uv": [ 12.5, 13, 13, 13.5 ], "texture": "#texture", "cullface": "up" },
        "north": { "uv": [ 3, 4, 3.5, 8 ], "texture": "#texture", "cullface": "north" },
        "south": { "uv": [ 12.5, 4, 13, 8 ], "texture": "#texture", "cullface": "south" },
        "west":  { "uv": [ 13, 4, 13.5, 8 ], "texture": "#texture", "cullface": "west" },
        "east":  { "uv": [ 2.5, 4, 3, 8 ], "texture": "#texture", "cullface": "east" }
    }
},
{
    "__comment": "4",
    "from": [ 2.5, 8, 12.5 ],
    "to": [ 3, 12, 13 ],
    "faces": {
        "down":  { "uv": [ 5, 10, 5.5, 9.5 ], "texture": "#texture", "cullface": "down" },
        "up":    { "uv": [ 5, 9.5, 5.5, 10 ], "texture": "#texture", "cullface": "up" },
        "north": { "uv": [ 5, 9.5, 5.5, 10 ], "texture": "#texture", "cullface": "north" },
        "south": { "uv": [ 5.5, 9.5, 5, 10 ], "texture": "#texture", "cullface": "south" },
        "west":  { "uv": [ 5, 9.5, 5.5, 10 ], "texture": "#texture", "cullface": "west" },
        "east":  { "uv": [ 5.5, 9.5, 5, 10 ], "texture": "#texture", "cullface": "east" }
    }
},
{
    "__comment": "4",
    "from": [ 12.5, 8, 2.5 ],
    "to": [ 13, 12, 3 ],
    "faces": {
        "down":  { "uv": [ 3.5, 3, 3, 2.5 ], "texture": "#texture", "cullface": "down" },
        "up":    { "uv": [ 12.5, 2.5, 13, 3 ], "texture": "#texture", "cullface": "up" },
        "north": { "uv": [ 3, 4, 3.5, 8 ], "texture": "#texture", "cullface": "north" },
        "south": { "uv": [ 12.5, 4, 13, 8 ], "texture": "#texture", "cullface": "south" },
        "west":  { "uv": [ 2.5, 4, 3, 8 ], "texture": "#texture", "cullface": "west" },
        "east":  { "uv": [ 13, 4, 13.5, 8 ], "texture": "#texture", "cullface": "east" }
    }
},
{
    "__comment": "4",
    "from": [ 2.5, 8, 3 ],
    "to": [ 3, 12, 3.5 ],
    "faces": {
        "down":  { "uv": [ 5, 10, 5.5, 9.5 ], "texture": "#texture", "cullface": "down" },
        "up":    { "uv": [ 5, 9.5, 5.5, 10 ], "texture": "#texture", "cullface": "up" },
        "north": { "uv": [ 5, 9.5, 5.5, 10 ], "texture": "#texture", "cullface": "north" },
        "south": { "uv": [ 5.5, 9.5, 5, 10 ], "texture": "#texture", "cullface": "south" },
        "west":  { "uv": [ 5, 9.5, 5.5, 10 ], "texture": "#texture", "cullface": "west" },
        "east":  { "uv": [ 5.5, 9.5, 5, 10 ], "texture": "#texture", "cullface": "east" }
    }
},
{
    "__comment": "3",
    "from": [ 3.5, 4, 13.5 ],
    "to": [ 4.5, 8, 14 ],
    "faces": {
        "down":  { "uv": [ 10, 16, 10.5, 15.5 ], "texture": "#texture", "cullface": "down" },
        "up":    { "uv": [ 10, 12, 10.5, 12.5 ], "texture": "#texture", "cullface": "up" },
        "north": { "uv": [ 10, 12, 10.5, 16 ], "texture": "#texture", "cullface": "north" },
        "south": { "uv": [ 10.5, 12, 10, 16 ], "texture": "#texture", "cullface": "south" },
        "west":  { "uv": [ 10, 12, 10.5, 16 ], "texture": "#texture", "cullface": "west" },
        "east":  { "uv": [ 10.5, 12, 10, 16 ], "texture": "#texture", "cullface": "east" }
    }
},
{
    "__comment": "3",
    "from": [ 11.5, 4, 13.5 ],
    "to": [ 12.5, 8, 14 ],
    "faces": {
        "down":  { "uv": [ 4.5, 8.5, 3.5, 8 ], "texture": "#texture", "cullface": "down" },
        "up":    { "uv": [ 11, 9, 12, 9.5 ], "texture": "#texture", "cullface": "up" },
        "north": { "uv": [ 1, 0, 2, 16 ], "texture": "#texture", "cullface": "north" },
        "south": { "uv": [ 0.5, 0, 1.5, 16 ], "texture": "#texture", "cullface": "south" },
        "west":  { "uv": [ 0.5, 0, 1.5, 16 ], "texture": "#texture", "cullface": "west" },
        "east":  { "uv": [ 0.5, 0, 1.5, 16 ], "texture": "#texture", "cullface": "east" }
    }
},
{
    "__comment": "3",
    "from": [ 13.5, 4, 11.5 ],
    "to": [ 14, 8, 12.5 ],
    "faces": {
        "down":  { "uv": [ 4, 10.5, 3.5, 9.5 ], "texture": "#texture", "cullface": "down" },
        "up":    { "uv": [ 11.5, 9.5, 12, 10.5 ], "texture": "#texture", "cullface": "up" },
        "north": { "uv": [ 3.5, 10, 4, 14 ], "texture": "#texture", "cullface": "north" },
        "south": { "uv": [ 12.5, 8, 13, 12 ], "texture": "#texture", "cullface": "south" },
        "west":  { "uv": [ 12.5, 9.5, 13.5, 13.5 ], "texture": "#texture", "cullface": "west" },
        "east":  { "uv": [ 11.5, 9.5, 12.5, 13.5 ], "texture": "#texture", "cullface": "east" }
    }
},
{
    "__comment": "3",
    "from": [ 2, 4, 11.5 ],
    "to": [ 2.5, 8, 12.5 ],
    "faces": {
        "down":  { "uv": [ 3, 10, 3.5, 9 ], "texture": "#texture", "cullface": "down" },
        "up":    { "uv": [ 3, 9, 3.5, 10 ], "texture": "#texture", "cullface": "up" },
        "north": { "uv": [ 3, 9, 3.5, 9.5 ], "texture": "#texture", "cullface": "north" },
        "south": { "uv": [ 3, 10, 3.5, 9.5 ], "texture": "#texture", "cullface": "south" },
        "west":  { "uv": [ 3, 9, 3.5, 9.5 ], "texture": "#texture", "cullface": "west" },
        "east":  { "uv": [ 3.5, 9, 3, 9.5 ], "texture": "#texture", "cullface": "east" }
    }
},
{
    "__comment": "3",
    "from": [ 2, 4, 3.5 ],
    "to": [ 2.5, 8, 4.5 ],
    "faces": {
        "down":  { "uv": [ 3, 10, 3.5, 9 ], "texture": "#texture", "cullface": "down" },
        "up":    { "uv": [ 3, 9, 3.5, 10 ], "texture": "#texture", "cullface": "up" },
        "north": { "uv": [ 3, 9, 3.5, 9.5 ], "texture": "#texture", "cullface": "north" },
        "south": { "uv": [ 3, 10, 3.5, 9.5 ], "texture": "#texture", "cullface": "south" },
        "west":  { "uv": [ 3, 9, 3.5, 9.5 ], "texture": "#texture", "cullface": "west" },
        "east":  { "uv": [ 3.5, 9, 3, 9.5 ], "texture": "#texture", "cullface": "east" }
    }
},
{
    "__comment": "3",
    "from": [ 13.5, 4, 3.5 ],
    "to": [ 14, 8, 4.5 ],
    "faces": {
        "down":  { "uv": [ 3, 10, 3.5, 9 ], "texture": "#texture", "cullface": "down" },
        "up":    { "uv": [ 3, 9, 3.5, 10 ], "texture": "#texture", "cullface": "up" },
        "north": { "uv": [ 3, 9, 3.5, 9.5 ], "texture": "#texture", "cullface": "north" },
        "south": { "uv": [ 3, 10, 3.5, 9.5 ], "texture": "#texture", "cullface": "south" },
        "west":  { "uv": [ 3, 9, 3.5, 9.5 ], "texture": "#texture", "cullface": "west" },
        "east":  { "uv": [ 3.5, 9, 3, 9.5 ], "texture": "#texture", "cullface": "east" }
    }
},
{
    "__comment": "3",
    "from": [ 3.5, 4, 2 ],
    "to": [ 4.5, 8, 2.5 ],
    "faces": {
        "down":  { "uv": [ 10, 16, 10.5, 15.5 ], "texture": "#texture", "cullface": "down" },
        "up":    { "uv": [ 10, 12, 10.5, 12.5 ], "texture": "#texture", "cullface": "up" },
        "north": { "uv": [ 10, 12, 10.5, 16 ], "texture": "#texture", "cullface": "north" },
        "south": { "uv": [ 10.5, 12, 10, 16 ], "texture": "#texture", "cullface": "south" },
        "west":  { "uv": [ 10, 12, 10.5, 16 ], "texture": "#texture", "cullface": "west" },
        "east":  { "uv": [ 10.5, 12, 10, 16 ], "texture": "#texture", "cullface": "east" }
    }
},
{
    "__comment": "3",
    "from": [ 11.5, 4, 2 ],
    "to": [ 12.5, 8, 2.5 ],
    "faces": {
        "down":  { "uv": [ 4.5, 8.5, 3.5, 8 ], "texture": "#texture", "cullface": "down" },
        "up":    { "uv": [ 11, 9, 12, 9.5 ], "texture": "#texture", "cullface": "up" },
        "north": { "uv": [ 1, 0, 2, 16 ], "texture": "#texture", "cullface": "north" },
        "south": { "uv": [ 0.5, 0, 1.5, 16 ], "texture": "#texture", "cullface": "south" },
        "west":  { "uv": [ 0.5, 0, 1.5, 16 ], "texture": "#texture", "cullface": "west" },
        "east":  { "uv": [ 0.5, 0, 1.5, 16 ], "texture": "#texture", "cullface": "east" }
    }
},
{
    "__comment": "1",
    "from": [ 6, 4, 14.5 ],
    "to": [ 10, 8, 15 ],
    "faces": {
        "down":  { "uv": [ 1.5, 0, 14.5, 16 ], "texture": "#texture", "cullface": "down" },
        "up":    { "uv": [ 1.5, 0, 14.5, 16 ], "texture": "#texture", "cullface": "up" },
        "north": { "uv": [ 1.5, 0, 14.5, 16 ], "texture": "#texture", "cullface": "north" },
        "south": { "uv": [ 1.5, 0, 14.5, 16 ], "texture": "#texture", "cullface": "south" },
        "west":  { "uv": [ 1.5, 0, 2, 16 ], "texture": "#texture", "cullface": "west" },
        "east":  { "uv": [ 1.5, 0, 2, 16 ], "texture": "#texture", "cullface": "east" }
    }
},
{
    "__comment": "1",
    "from": [ 1, 4, 6 ],
    "to": [ 1.5, 8, 10 ],
    "faces": {
        "down":  { "uv": [ 13.5, 16, 1, 0 ], "rotation": 270, "texture": "#texture", "cullface": "down" },
        "up":    { "uv": [ 1, 0, 14, 16 ], "rotation": 90, "texture": "#texture", "cullface": "up" },
        "north": { "uv": [ 12, 12, 12.5, 16 ], "texture": "#texture", "cullface": "north" },
        "south": { "uv": [ 3.5, 12, 4, 16 ], "texture": "#texture", "cullface": "south" },
        "west":  { "uv": [ 1.5, 0, 14.5, 16 ], "texture": "#texture", "cullface": "west" },
        "east":  { "uv": [ 1.5, 0, 14.5, 16 ], "texture": "#texture", "cullface": "east" }
    }
},
{
    "__comment": "1",
    "from": [ 14.5, 4, 6 ],
    "to": [ 15, 8, 10 ],
    "faces": {
        "down":  { "uv": [ 13.5, 16, 1, 0 ], "rotation": 270, "texture": "#texture", "cullface": "down" },
        "up":    { "uv": [ 1, 0, 14, 16 ], "rotation": 90, "texture": "#texture", "cullface": "up" },
        "north": { "uv": [ 12, 12, 12.5, 16 ], "texture": "#texture", "cullface": "north" },
        "south": { "uv": [ 3.5, 12, 4, 16 ], "texture": "#texture", "cullface": "south" },
        "west":  { "uv": [ 1.5, 0, 14.5, 16 ], "texture": "#texture", "cullface": "west" },
        "east":  { "uv": [ 1.5, 0, 14.5, 16 ], "texture": "#texture", "cullface": "east" }
    }
},
{
    "__comment": "1",
    "from": [ 6, 4, 1 ],
    "to": [ 10, 8, 1.5 ],
    "faces": {
        "down":  { "uv": [ 1.5, 0, 14.5, 16 ], "texture": "#texture", "cullface": "down" },
        "up":    { "uv": [ 1.5, 0, 14.5, 16 ], "texture": "#texture", "cullface": "up" },
        "north": { "uv": [ 1.5, 0, 14.5, 16 ], "texture": "#texture", "cullface": "north" },
        "south": { "uv": [ 1.5, 0, 14.5, 16 ], "texture": "#texture", "cullface": "south" },
        "west":  { "uv": [ 1.5, 0, 2, 16 ], "texture": "#texture", "cullface": "west" },
        "east":  { "uv": [ 1.5, 0, 2, 16 ], "texture": "#texture", "cullface": "east" }
    }
},
{
    "__comment": "2",
    "from": [ 4.5, 4, 14 ],
    "to": [ 6, 8, 14.5 ],
    "faces": {
        "down":  { "uv": [ 10, 16, 10.5, 15.5 ], "texture": "#texture", "cullface": "down" },
        "up":    { "uv": [ 10, 12, 10.5, 12.5 ], "texture": "#texture", "cullface": "up" },
        "north": { "uv": [ 10, 12, 10.5, 16 ], "texture": "#texture", "cullface": "north" },
        "south": { "uv": [ 10.5, 12, 10, 16 ], "texture": "#texture", "cullface": "south" },
        "west":  { "uv": [ 10, 12, 10.5, 16 ], "texture": "#texture", "cullface": "west" },
        "east":  { "uv": [ 10.5, 12, 10, 16 ], "texture": "#texture", "cullface": "east" }
    }
},
{
    "__comment": "2",
    "from": [ 10, 4, 14 ],
    "to": [ 11.5, 8, 14.5 ],
    "faces": {
        "down":  { "uv": [ 4.5, 8.5, 3.5, 8 ], "texture": "#texture", "cullface": "down" },
        "up":    { "uv": [ 11, 9, 12, 9.5 ], "texture": "#texture", "cullface": "up" },
        "north": { "uv": [ 1, 0, 2, 16 ], "texture": "#texture", "cullface": "north" },
        "south": { "uv": [ 0.5, 0, 1.5, 16 ], "texture": "#texture", "cullface": "south" },
        "west":  { "uv": [ 0.5, 0, 1.5, 16 ], "texture": "#texture", "cullface": "west" },
        "east":  { "uv": [ 0.5, 0, 1.5, 16 ], "texture": "#texture", "cullface": "east" }
    }
},
{
    "__comment": "2",
    "from": [ 14, 4, 10 ],
    "to": [ 14.5, 8, 11.5 ],
    "faces": {
        "down":  { "uv": [ 4, 10.5, 3.5, 9.5 ], "texture": "#texture", "cullface": "down" },
        "up":    { "uv": [ 11.5, 9.5, 12, 10.5 ], "texture": "#texture", "cullface": "up" },
        "north": { "uv": [ 3.5, 10, 4, 14 ], "texture": "#texture", "cullface": "north" },
        "south": { "uv": [ 12.5, 8, 13, 12 ], "texture": "#texture", "cullface": "south" },
        "west":  { "uv": [ 12.5, 9.5, 13.5, 13.5 ], "texture": "#texture", "cullface": "west" },
        "east":  { "uv": [ 11.5, 9.5, 12.5, 13.5 ], "texture": "#texture", "cullface": "east" }
    }
},
{
    "__comment": "2",
    "from": [ 1.5, 4, 10 ],
    "to": [ 2, 8, 11.5 ],
    "faces": {
        "down":  { "uv": [ 3, 10, 3.5, 9 ], "texture": "#texture", "cullface": "down" },
        "up":    { "uv": [ 3, 9, 3.5, 10 ], "texture": "#texture", "cullface": "up" },
        "north": { "uv": [ 3, 9, 3.5, 9.5 ], "texture": "#texture", "cullface": "north" },
        "south": { "uv": [ 3, 10, 3.5, 9.5 ], "texture": "#texture", "cullface": "south" },
        "west":  { "uv": [ 3, 9, 3.5, 9.5 ], "texture": "#texture", "cullface": "west" },
        "east":  { "uv": [ 3.5, 9, 3, 9.5 ], "texture": "#texture", "cullface": "east" }
    }
},
{
    "__comment": "2",
    "from": [ 1.5, 4, 4.5 ],
    "to": [ 2, 8, 6 ],
    "faces": {
        "down":  { "uv": [ 3, 10, 3.5, 9 ], "texture": "#texture", "cullface": "down" },
        "up":    { "uv": [ 3, 9, 3.5, 10 ], "texture": "#texture", "cullface": "up" },
        "north": { "uv": [ 3, 9, 3.5, 9.5 ], "texture": "#texture", "cullface": "north" },
        "south": { "uv": [ 3, 10, 3.5, 9.5 ], "texture": "#texture", "cullface": "south" },
        "west":  { "uv": [ 3, 9, 3.5, 9.5 ], "texture": "#texture", "cullface": "west" },
        "east":  { "uv": [ 3.5, 9, 3, 9.5 ], "texture": "#texture", "cullface": "east" }
    }
},
{
    "__comment": "2",
    "from": [ 14, 4, 4.5 ],
    "to": [ 14.5, 8, 6 ],
    "faces": {
        "down":  { "uv": [ 3, 10, 3.5, 9 ], "texture": "#texture", "cullface": "down" },
        "up":    { "uv": [ 3, 9, 3.5, 10 ], "texture": "#texture", "cullface": "up" },
        "north": { "uv": [ 3, 9, 3.5, 9.5 ], "texture": "#texture", "cullface": "north" },
        "south": { "uv": [ 3, 10, 3.5, 9.5 ], "texture": "#texture", "cullface": "south" },
        "west":  { "uv": [ 3, 9, 3.5, 9.5 ], "texture": "#texture", "cullface": "west" },
        "east":  { "uv": [ 3.5, 9, 3, 9.5 ], "texture": "#texture", "cullface": "east" }
    }
},
{
    "__comment": "2",
    "from": [ 4.5, 4, 1.5 ],
    "to": [ 6, 8, 2 ],
    "faces": {
        "down":  { "uv": [ 10, 16, 10.5, 15.5 ], "texture": "#texture", "cullface": "down" },
        "up":    { "uv": [ 10, 12, 10.5, 12.5 ], "texture": "#texture", "cullface": "up" },
        "north": { "uv": [ 10, 12, 10.5, 16 ], "texture": "#texture", "cullface": "north" },
        "south": { "uv": [ 10.5, 12, 10, 16 ], "texture": "#texture", "cullface": "south" },
        "west":  { "uv": [ 10, 12, 10.5, 16 ], "texture": "#texture", "cullface": "west" },
        "east":  { "uv": [ 10.5, 12, 10, 16 ], "texture": "#texture", "cullface": "east" }
    }
},
{
    "__comment": "2",
    "from": [ 10, 4, 1.5 ],
    "to": [ 11.5, 8, 2 ],
    "faces": {
        "down":  { "uv": [ 4.5, 8.5, 3.5, 8 ], "texture": "#texture", "cullface": "down" },
        "up":    { "uv": [ 11, 9, 12, 9.5 ], "texture": "#texture", "cullface": "up" },
        "north": { "uv": [ 1, 0, 2, 16 ], "texture": "#texture", "cullface": "north" },
        "south": { "uv": [ 0.5, 0, 1.5, 16 ], "texture": "#texture", "cullface": "south" },
        "west":  { "uv": [ 0.5, 0, 1.5, 16 ], "texture": "#texture", "cullface": "west" },
        "east":  { "uv": [ 0.5, 0, 1.5, 16 ], "texture": "#texture", "cullface": "east" }
    }
},
{
    "__comment": "4",
    "from": [ 13, 4, 12.5 ],
    "to": [ 13.5, 8, 13 ],
    "faces": {
        "down":  { "uv": [ 3, 13, 2.5, 12.5 ], "texture": "#texture", "cullface": "down" },
        "up":    { "uv": [ 13, 12.5, 13.5, 13 ], "texture": "#texture", "cullface": "up" },
        "north": { "uv": [ 2.5, 8, 3, 12 ], "texture": "#texture", "cullface": "north" },
        "south": { "uv": [ 13, 8, 13.5, 12 ], "texture": "#texture", "cullface": "south" },
        "west":  { "uv": [ 12.5, 8, 13, 12 ], "texture": "#texture", "cullface": "west" },
        "east":  { "uv": [ 3, 8, 3.5, 12 ], "texture": "#texture", "cullface": "east" }
    }
},
{
    "__comment": "4",
    "from": [ 3, 4, 13 ],
    "to": [ 3.5, 8, 13.5 ],
    "faces": {
        "down":  { "uv": [ 5, 10, 5.5, 9.5 ], "texture": "#texture", "cullface": "down" },
        "up":    { "uv": [ 5, 9.5, 5.5, 10 ], "texture": "#texture", "cullface": "up" },
        "north": { "uv": [ 5, 9.5, 5.5, 10 ], "texture": "#texture", "cullface": "north" },
        "south": { "uv": [ 5.5, 9.5, 5, 10 ], "texture": "#texture", "cullface": "south" },
        "west":  { "uv": [ 5, 9.5, 5.5, 10 ], "texture": "#texture", "cullface": "west" },
        "east":  { "uv": [ 5.5, 9.5, 5, 10 ], "texture": "#texture", "cullface": "east" }
    }
},
{
    "__comment": "4",
    "from": [ 13, 4, 3 ],
    "to": [ 13.5, 8, 3.5 ],
    "faces": {
        "down":  { "uv": [ 3, 3.5, 2.5, 3 ], "texture": "#texture", "cullface": "down" },
        "up":    { "uv": [ 13, 3, 13.5, 3.5 ], "texture": "#texture", "cullface": "up" },
        "north": { "uv": [ 2.5, 8, 3, 12 ], "texture": "#texture", "cullface": "north" },
        "south": { "uv": [ 13, 8, 13.5, 12 ], "texture": "#texture", "cullface": "south" },
        "west":  { "uv": [ 3, 8, 3.5, 12 ], "texture": "#texture", "cullface": "west" },
        "east":  { "uv": [ 12.5, 8, 13, 12 ], "texture": "#texture", "cullface": "east" }
    }
},
{
    "__comment": "4",
    "from": [ 3, 4, 2.5 ],
    "to": [ 3.5, 8, 3 ],
    "faces": {
        "down":  { "uv": [ 5, 10, 5.5, 9.5 ], "texture": "#texture", "cullface": "down" },
        "up":    { "uv": [ 5, 9.5, 5.5, 10 ], "texture": "#texture", "cullface": "up" },
        "north": { "uv": [ 5, 9.5, 5.5, 10 ], "texture": "#texture", "cullface": "north" },
        "south": { "uv": [ 5.5, 9.5, 5, 10 ], "texture": "#texture", "cullface": "south" },
        "west":  { "uv": [ 5, 9.5, 5.5, 10 ], "texture": "#texture", "cullface": "west" },
        "east":  { "uv": [ 5.5, 9.5, 5, 10 ], "texture": "#texture", "cullface": "east" }
    }
},
{
    "__comment": "4",
    "from": [ 12.5, 4, 13 ],
    "to": [ 13, 8, 13.5 ],
    "faces": {
        "down":  { "uv": [ 3.5, 13.5, 3, 13 ], "texture": "#texture", "cullface": "down" },
        "up":    { "uv": [ 12.5, 13, 13, 13.5 ], "texture": "#texture", "cullface": "up" },
        "north": { "uv": [ 3, 8, 3.5, 12 ], "texture": "#texture", "cullface": "north" },
        "south": { "uv": [ 12.5, 8, 13, 12 ], "texture": "#texture", "cullface": "south" },
        "west":  { "uv": [ 13, 8, 13.5, 12 ], "texture": "#texture", "cullface": "west" },
        "east":  { "uv": [ 2.5, 8, 3, 12 ], "texture": "#texture", "cullface": "east" }
    }
},
{
    "__comment": "4",
    "from": [ 2.5, 4, 12.5 ],
    "to": [ 3, 8, 13 ],
    "faces": {
        "down":  { "uv": [ 5, 10, 5.5, 9.5 ], "texture": "#texture", "cullface": "down" },
        "up":    { "uv": [ 5, 9.5, 5.5, 10 ], "texture": "#texture", "cullface": "up" },
        "north": { "uv": [ 5, 9.5, 5.5, 10 ], "texture": "#texture", "cullface": "north" },
        "south": { "uv": [ 5.5, 9.5, 5, 10 ], "texture": "#texture", "cullface": "south" },
        "west":  { "uv": [ 5, 9.5, 5.5, 10 ], "texture": "#texture", "cullface": "west" },
        "east":  { "uv": [ 5.5, 9.5, 5, 10 ], "texture": "#texture", "cullface": "east" }
    }
},
{
    "__comment": "4",
    "from": [ 12.5, 4, 2.5 ],
    "to": [ 13, 8, 3 ],
    "faces": {
        "down":  { "uv": [ 3.5, 3, 3, 2.5 ], "texture": "#texture", "cullface": "down" },
        "up":    { "uv": [ 12.5, 2.5, 13, 3 ], "texture": "#texture", "cullface": "up" },
        "north": { "uv": [ 3, 8, 3.5, 12 ], "texture": "#texture", "cullface": "north" },
        "south": { "uv": [ 12.5, 8, 13, 12 ], "texture": "#texture", "cullface": "south" },
        "west":  { "uv": [ 2.5, 8, 3, 12 ], "texture": "#texture", "cullface": "west" },
        "east":  { "uv": [ 13, 8, 13.5, 12 ], "texture": "#texture", "cullface": "east" }
    }
},
{
    "__comment": "4",
    "from": [ 2.5, 4, 3 ],
    "to": [ 3, 8, 3.5 ],
    "faces": {
        "down":  { "uv": [ 5, 10, 5.5, 9.5 ], "texture": "#texture", "cullface": "down" },
        "up":    { "uv": [ 5, 9.5, 5.5, 10 ], "texture": "#texture", "cullface": "up" },
        "north": { "uv": [ 5, 9.5, 5.5, 10 ], "texture": "#texture", "cullface": "north" },
        "south": { "uv": [ 5.5, 9.5, 5, 10 ], "texture": "#texture", "cullface": "south" },
        "west":  { "uv": [ 5, 9.5, 5.5, 10 ], "texture": "#texture", "cullface": "west" },
        "east":  { "uv": [ 5.5, 9.5, 5, 10 ], "texture": "#texture", "cullface": "east" }
    }
},
{
    "__comment": "3",
    "from": [ 3.5, 0, 13.5 ],
    "to": [ 4.5, 4, 14 ],
    "faces": {
        "down":  { "uv": [ 10, 16, 10.5, 15.5 ], "texture": "#texture", "cullface": "down" },
        "up":    { "uv": [ 10, 12, 10.5, 12.5 ], "texture": "#texture", "cullface": "up" },
        "north": { "uv": [ 10, 12, 10.5, 16 ], "texture": "#texture", "cullface": "north" },
        "south": { "uv": [ 10.5, 12, 10, 16 ], "texture": "#texture", "cullface": "south" },
        "west":  { "uv": [ 10, 12, 10.5, 16 ], "texture": "#texture", "cullface": "west" },
        "east":  { "uv": [ 10.5, 12, 10, 16 ], "texture": "#texture", "cullface": "east" }
    }
},
{
    "__comment": "3",
    "from": [ 11.5, 0, 13.5 ],
    "to": [ 12.5, 4, 14 ],
    "faces": {
        "down":  { "uv": [ 4.5, 8.5, 3.5, 8 ], "texture": "#texture", "cullface": "down" },
        "up":    { "uv": [ 11, 9, 12, 9.5 ], "texture": "#texture", "cullface": "up" },
        "north": { "uv": [ 1, 0, 2, 16 ], "texture": "#texture", "cullface": "north" },
        "south": { "uv": [ 0.5, 0, 1.5, 16 ], "texture": "#texture", "cullface": "south" },
        "west":  { "uv": [ 0.5, 0, 1.5, 16 ], "texture": "#texture", "cullface": "west" },
        "east":  { "uv": [ 0.5, 0, 1.5, 16 ], "texture": "#texture", "cullface": "east" }
    }
},
{
    "__comment": "3",
    "from": [ 13.5, 0, 11.5 ],
    "to": [ 14, 4, 12.5 ],
    "faces": {
        "down":  { "uv": [ 4, 10.5, 3.5, 9.5 ], "texture": "#texture", "cullface": "down" },
        "up":    { "uv": [ 11.5, 9.5, 12, 10.5 ], "texture": "#texture", "cullface": "up" },
        "north": { "uv": [ 3.5, 10, 4, 14 ], "texture": "#texture", "cullface": "north" },
        "south": { "uv": [ 12.5, 8, 13, 12 ], "texture": "#texture", "cullface": "south" },
        "west":  { "uv": [ 12.5, 9.5, 13.5, 13.5 ], "texture": "#texture", "cullface": "west" },
        "east":  { "uv": [ 11.5, 9.5, 12.5, 13.5 ], "texture": "#texture", "cullface": "east" }
    }
},
{
    "__comment": "3",
    "from": [ 2, 0, 11.5 ],
    "to": [ 2.5, 4, 12.5 ],
    "faces": {
        "down":  { "uv": [ 3, 10, 3.5, 9 ], "texture": "#texture", "cullface": "down" },
        "up":    { "uv": [ 3, 9, 3.5, 10 ], "texture": "#texture", "cullface": "up" },
        "north": { "uv": [ 3, 9, 3.5, 9.5 ], "texture": "#texture", "cullface": "north" },
        "south": { "uv": [ 3, 10, 3.5, 9.5 ], "texture": "#texture", "cullface": "south" },
        "west":  { "uv": [ 3, 9, 3.5, 9.5 ], "texture": "#texture", "cullface": "west" },
        "east":  { "uv": [ 3.5, 9, 3, 9.5 ], "texture": "#texture", "cullface": "east" }
    }
},
{
    "__comment": "3",
    "from": [ 2, 0, 3.5 ],
    "to": [ 2.5, 4, 4.5 ],
    "faces": {
        "down":  { "uv": [ 3, 10, 3.5, 9 ], "texture": "#texture", "cullface": "down" },
        "up":    { "uv": [ 3, 9, 3.5, 10 ], "texture": "#texture", "cullface": "up" },
        "north": { "uv": [ 3, 9, 3.5, 9.5 ], "texture": "#texture", "cullface": "north" },
        "south": { "uv": [ 3, 10, 3.5, 9.5 ], "texture": "#texture", "cullface": "south" },
        "west":  { "uv": [ 3, 9, 3.5, 9.5 ], "texture": "#texture", "cullface": "west" },
        "east":  { "uv": [ 3.5, 9, 3, 9.5 ], "texture": "#texture", "cullface": "east" }
    }
},
{
    "__comment": "3",
    "from": [ 13.5, 0, 3.5 ],
    "to": [ 14, 4, 4.5 ],
    "faces": {
        "down":  { "uv": [ 3, 10, 3.5, 9 ], "texture": "#texture", "cullface": "down" },
        "up":    { "uv": [ 3, 9, 3.5, 10 ], "texture": "#texture", "cullface": "up" },
        "north": { "uv": [ 3, 9, 3.5, 9.5 ], "texture": "#texture", "cullface": "north" },
        "south": { "uv": [ 3, 10, 3.5, 9.5 ], "texture": "#texture", "cullface": "south" },
        "west":  { "uv": [ 3, 9, 3.5, 9.5 ], "texture": "#texture", "cullface": "west" },
        "east":  { "uv": [ 3.5, 9, 3, 9.5 ], "texture": "#texture", "cullface": "east" }
    }
},
{
    "__comment": "3",
    "from": [ 3.5, 0, 2 ],
    "to": [ 4.5, 4, 2.5 ],
    "faces": {
        "down":  { "uv": [ 10, 16, 10.5, 15.5 ], "texture": "#texture", "cullface": "down" },
        "up":    { "uv": [ 10, 12, 10.5, 12.5 ], "texture": "#texture", "cullface": "up" },
        "north": { "uv": [ 10, 12, 10.5, 16 ], "texture": "#texture", "cullface": "north" },
        "south": { "uv": [ 10.5, 12, 10, 16 ], "texture": "#texture", "cullface": "south" },
        "west":  { "uv": [ 10, 12, 10.5, 16 ], "texture": "#texture", "cullface": "west" },
        "east":  { "uv": [ 10.5, 12, 10, 16 ], "texture": "#texture", "cullface": "east" }
    }
},
{
    "__comment": "3",
    "from": [ 11.5, 0, 2 ],
    "to": [ 12.5, 4, 2.5 ],
    "faces": {
        "down":  { "uv": [ 4.5, 8.5, 3.5, 8 ], "texture": "#texture", "cullface": "down" },
        "up":    { "uv": [ 11, 9, 12, 9.5 ], "texture": "#texture", "cullface": "up" },
        "north": { "uv": [ 1, 0, 2, 16 ], "texture": "#texture", "cullface": "north" },
        "south": { "uv": [ 0.5, 0, 1.5, 16 ], "texture": "#texture", "cullface": "south" },
        "west":  { "uv": [ 0.5, 0, 1.5, 16 ], "texture": "#texture", "cullface": "west" },
        "east":  { "uv": [ 0.5, 0, 1.5, 16 ], "texture": "#texture", "cullface": "east" }
    }
},
{
    "__comment": "1",
    "from": [ 6, 0, 14.5 ],
    "to": [ 10, 4, 15 ],
    "faces": {
        "down":  { "uv": [ 1.5, 0, 14.5, 16 ], "texture": "#texture", "cullface": "down" },
        "up":    { "uv": [ 1.5, 0, 14.5, 16 ], "texture": "#texture", "cullface": "up" },
        "north": { "uv": [ 1.5, 0, 14.5, 16 ], "texture": "#texture", "cullface": "north" },
        "south": { "uv": [ 1.5, 0, 14.5, 16 ], "texture": "#texture", "cullface": "south" },
        "west":  { "uv": [ 1.5, 0, 2, 16 ], "texture": "#texture", "cullface": "west" },
        "east":  { "uv": [ 1.5, 0, 2, 16 ], "texture": "#texture", "cullface": "east" }
    }
},
{
    "__comment": "1",
    "from": [ 1, 0, 6 ],
    "to": [ 1.5, 4, 10 ],
    "faces": {
        "down":  { "uv": [ 13.5, 16, 1, 0 ], "rotation": 270, "texture": "#texture", "cullface": "down" },
        "up":    { "uv": [ 1, 0, 14, 16 ], "rotation": 90, "texture": "#texture", "cullface": "up" },
        "north": { "uv": [ 12, 12, 12.5, 16 ], "texture": "#texture", "cullface": "north" },
        "south": { "uv": [ 3.5, 12, 4, 16 ], "texture": "#texture", "cullface": "south" },
        "west":  { "uv": [ 1.5, 0, 14.5, 16 ], "texture": "#texture", "cullface": "west" },
        "east":  { "uv": [ 1.5, 0, 14.5, 16 ], "texture": "#texture", "cullface": "east" }
    }
},
{
    "__comment": "1",
    "from": [ 14.5, 0, 6 ],
    "to": [ 15, 4, 10 ],
    "faces": {
        "down":  { "uv": [ 13.5, 16, 1, 0 ], "rotation": 270, "texture": "#texture", "cullface": "down" },
        "up":    { "uv": [ 1, 0, 14, 16 ], "rotation": 90, "texture": "#texture", "cullface": "up" },
        "north": { "uv": [ 12, 12, 12.5, 16 ], "texture": "#texture", "cullface": "north" },
        "south": { "uv": [ 3.5, 12, 4, 16 ], "texture": "#texture", "cullface": "south" },
        "west":  { "uv": [ 1.5, 0, 14.5, 16 ], "texture": "#texture", "cullface": "west" },
        "east":  { "uv": [ 1.5, 0, 14.5, 16 ], "texture": "#texture", "cullface": "east" }
    }
},
{
    "__comment": "1",
    "from": [ 6, 0, 1 ],
    "to": [ 10, 4, 1.5 ],
    "faces": {
        "down":  { "uv": [ 1.5, 0, 14.5, 16 ], "texture": "#texture", "cullface": "down" },
        "up":    { "uv": [ 1.5, 0, 14.5, 16 ], "texture": "#texture", "cullface": "up" },
        "north": { "uv": [ 1.5, 0, 14.5, 16 ], "texture": "#texture", "cullface": "north" },
        "south": { "uv": [ 1.5, 0, 14.5, 16 ], "texture": "#texture", "cullface": "south" },
        "west":  { "uv": [ 1.5, 0, 2, 16 ], "texture": "#texture", "cullface": "west" },
        "east":  { "uv": [ 1.5, 0, 2, 16 ], "texture": "#texture", "cullface": "east" }
    }
},
{
    "__comment": "2",
    "from": [ 4.5, 0, 14 ],
    "to": [ 6, 4, 14.5 ],
    "faces": {
        "down":  { "uv": [ 10, 16, 10.5, 15.5 ], "texture": "#texture", "cullface": "down" },
        "up":    { "uv": [ 10, 12, 10.5, 12.5 ], "texture": "#texture", "cullface": "up" },
        "north": { "uv": [ 10, 12, 10.5, 16 ], "texture": "#texture", "cullface": "north" },
        "south": { "uv": [ 10.5, 12, 10, 16 ], "texture": "#texture", "cullface": "south" },
        "west":  { "uv": [ 10, 12, 10.5, 16 ], "texture": "#texture", "cullface": "west" },
        "east":  { "uv": [ 10.5, 12, 10, 16 ], "texture": "#texture", "cullface": "east" }
    }
},
{
    "__comment": "2",
    "from": [ 10, 0, 14 ],
    "to": [ 11.5, 4, 14.5 ],
    "faces": {
        "down":  { "uv": [ 4.5, 8.5, 3.5, 8 ], "texture": "#texture", "cullface": "down" },
        "up":    { "uv": [ 11, 9, 12, 9.5 ], "texture": "#texture", "cullface": "up" },
        "north": { "uv": [ 1, 0, 2, 16 ], "texture": "#texture", "cullface": "north" },
        "south": { "uv": [ 0.5, 0, 1.5, 16 ], "texture": "#texture", "cullface": "south" },
        "west":  { "uv": [ 0.5, 0, 1.5, 16 ], "texture": "#texture", "cullface": "west" },
        "east":  { "uv": [ 0.5, 0, 1.5, 16 ], "texture": "#texture", "cullface": "east" }
    }
},
{
    "__comment": "2",
    "from": [ 14, 0, 10 ],
    "to": [ 14.5, 4, 11.5 ],
    "faces": {
        "down":  { "uv": [ 4, 10.5, 3.5, 9.5 ], "texture": "#texture", "cullface": "down" },
        "up":    { "uv": [ 11.5, 9.5, 12, 10.5 ], "texture": "#texture", "cullface": "up" },
        "north": { "uv": [ 3.5, 10, 4, 14 ], "texture": "#texture", "cullface": "north" },
        "south": { "uv": [ 12.5, 8, 13, 12 ], "texture": "#texture", "cullface": "south" },
        "west":  { "uv": [ 12.5, 9.5, 13.5, 13.5 ], "texture": "#texture", "cullface": "west" },
        "east":  { "uv": [ 11.5, 9.5, 12.5, 13.5 ], "texture": "#texture", "cullface": "east" }
    }
},
{
    "__comment": "2",
    "from": [ 1.5, 0, 10 ],
    "to": [ 2, 4, 11.5 ],
    "faces": {
        "down":  { "uv": [ 3, 10, 3.5, 9 ], "texture": "#texture", "cullface": "down" },
        "up":    { "uv": [ 3, 9, 3.5, 10 ], "texture": "#texture", "cullface": "up" },
        "north": { "uv": [ 3, 9, 3.5, 9.5 ], "texture": "#texture", "cullface": "north" },
        "south": { "uv": [ 3, 10, 3.5, 9.5 ], "texture": "#texture", "cullface": "south" },
        "west":  { "uv": [ 3, 9, 3.5, 9.5 ], "texture": "#texture", "cullface": "west" },
        "east":  { "uv": [ 3.5, 9, 3, 9.5 ], "texture": "#texture", "cullface": "east" }
    }
},
{
    "__comment": "2",
    "from": [ 1.5, 0, 4.5 ],
    "to": [ 2, 4, 6 ],
    "faces": {
        "down":  { "uv": [ 3, 10, 3.5, 9 ], "texture": "#texture", "cullface": "down" },
        "up":    { "uv": [ 3, 9, 3.5, 10 ], "texture": "#texture", "cullface": "up" },
        "north": { "uv": [ 3, 9, 3.5, 9.5 ], "texture": "#texture", "cullface": "north" },
        "south": { "uv": [ 3, 10, 3.5, 9.5 ], "texture": "#texture", "cullface": "south" },
        "west":  { "uv": [ 3, 9, 3.5, 9.5 ], "texture": "#texture", "cullface": "west" },
        "east":  { "uv": [ 3.5, 9, 3, 9.5 ], "texture": "#texture", "cullface": "east" }
    }
},
{
    "__comment": "2",
    "from": [ 14, 0, 4.5 ],
    "to": [ 14.5, 4, 6 ],
    "faces": {
        "down":  { "uv": [ 3, 10, 3.5, 9 ], "texture": "#texture", "cullface": "down" },
        "up":    { "uv": [ 3, 9, 3.5, 10 ], "texture": "#texture", "cullface": "up" },
        "north": { "uv": [ 3, 9, 3.5, 9.5 ], "texture": "#texture", "cullface": "north" },
        "south": { "uv": [ 3, 10, 3.5, 9.5 ], "texture": "#texture", "cullface": "south" },
        "west":  { "uv": [ 3, 9, 3.5, 9.5 ], "texture": "#texture", "cullface": "west" },
        "east":  { "uv": [ 3.5, 9, 3, 9.5 ], "texture": "#texture", "cullface": "east" }
    }
},
{
    "__comment": "2",
    "from": [ 4.5, 0, 1.5 ],
    "to": [ 6, 4, 2 ],
    "faces": {
        "down":  { "uv": [ 10, 16, 10.5, 15.5 ], "texture": "#texture", "cullface": "down" },
        "up":    { "uv": [ 10, 12, 10.5, 12.5 ], "texture": "#texture", "cullface": "up" },
        "north": { "uv": [ 10, 12, 10.5, 16 ], "texture": "#texture", "cullface": "north" },
        "south": { "uv": [ 10.5, 12, 10, 16 ], "texture": "#texture", "cullface": "south" },
        "west":  { "uv": [ 10, 12, 10.5, 16 ], "texture": "#texture", "cullface": "west" },
        "east":  { "uv": [ 10.5, 12, 10, 16 ], "texture": "#texture", "cullface": "east" }
    }
},
{
    "__comment": "2",
    "from": [ 10, 0, 1.5 ],
    "to": [ 11.5, 4, 2 ],
    "faces": {
        "down":  { "uv": [ 4.5, 8.5, 3.5, 8 ], "texture": "#texture", "cullface": "down" },
        "up":    { "uv": [ 11, 9, 12, 9.5 ], "texture": "#texture", "cullface": "up" },
        "north": { "uv": [ 1, 0, 2, 16 ], "texture": "#texture", "cullface": "north" },
        "south": { "uv": [ 0.5, 0, 1.5, 16 ], "texture": "#texture", "cullface": "south" },
        "west":  { "uv": [ 0.5, 0, 1.5, 16 ], "texture": "#texture", "cullface": "west" },
        "east":  { "uv": [ 0.5, 0, 1.5, 16 ], "texture": "#texture", "cullface": "east" }
    }
},
{
    "__comment": "4",
    "from": [ 13, 0, 12.5 ],
    "to": [ 13.5, 4, 13 ],
    "faces": {
        "down":  { "uv": [ 3, 13, 2.5, 12.5 ], "texture": "#texture", "cullface": "down" },
        "up":    { "uv": [ 13, 12.5, 13.5, 13 ], "texture": "#texture", "cullface": "up" },
        "north": { "uv": [ 2.5, 12, 3, 16 ], "texture": "#texture", "cullface": "north" },
        "south": { "uv": [ 13, 12, 13.5, 16 ], "texture": "#texture", "cullface": "south" },
        "west":  { "uv": [ 12.5, 12, 13, 16 ], "texture": "#texture", "cullface": "west" },
        "east":  { "uv": [ 3, 12, 3.5, 16 ], "texture": "#texture", "cullface": "east" }
    }
},
{
    "__comment": "4",
    "from": [ 3, 0, 13 ],
    "to": [ 3.5, 4, 13.5 ],
    "faces": {
        "down":  { "uv": [ 5, 10, 5.5, 9.5 ], "texture": "#texture", "cullface": "down" },
        "up":    { "uv": [ 5, 9.5, 5.5, 10 ], "texture": "#texture", "cullface": "up" },
        "north": { "uv": [ 5, 9.5, 5.5, 10 ], "texture": "#texture", "cullface": "north" },
        "south": { "uv": [ 5.5, 9.5, 5, 10 ], "texture": "#texture", "cullface": "south" },
        "west":  { "uv": [ 5, 9.5, 5.5, 10 ], "texture": "#texture", "cullface": "west" },
        "east":  { "uv": [ 5.5, 9.5, 5, 10 ], "texture": "#texture", "cullface": "east" }
    }
},
{
    "__comment": "4",
    "from": [ 13, 0, 3 ],
    "to": [ 13.5, 4, 3.5 ],
    "faces": {
        "down":  { "uv": [ 3, 3.5, 2.5, 3 ], "texture": "#texture", "cullface": "down" },
        "up":    { "uv": [ 13, 3, 13.5, 3.5 ], "texture": "#texture", "cullface": "up" },
        "north": { "uv": [ 2.5, 12, 3, 16 ], "texture": "#texture", "cullface": "north" },
        "south": { "uv": [ 13, 12, 13.5, 16 ], "texture": "#texture", "cullface": "south" },
        "west":  { "uv": [ 3, 12, 3.5, 16 ], "texture": "#texture", "cullface": "west" },
        "east":  { "uv": [ 12.5, 12, 13, 16 ], "texture": "#texture", "cullface": "east" }
    }
},
{
    "__comment": "4",
    "from": [ 3, 0, 2.5 ],
    "to": [ 3.5, 4, 3 ],
    "faces": {
        "down":  { "uv": [ 5, 10, 5.5, 9.5 ], "texture": "#texture", "cullface": "down" },
        "up":    { "uv": [ 5, 9.5, 5.5, 10 ], "texture": "#texture", "cullface": "up" },
        "north": { "uv": [ 5, 9.5, 5.5, 10 ], "texture": "#texture", "cullface": "north" },
        "south": { "uv": [ 5.5, 9.5, 5, 10 ], "texture": "#texture", "cullface": "south" },
        "west":  { "uv": [ 5, 9.5, 5.5, 10 ], "texture": "#texture", "cullface": "west" },
        "east":  { "uv": [ 5.5, 9.5, 5, 10 ], "texture": "#texture", "cullface": "east" }
    }
},
{
    "__comment": "4",
    "from": [ 12.5, 0, 13 ],
    "to": [ 13, 4, 13.5 ],
    "faces": {
        "down":  { "uv": [ 3.5, 13.5, 3, 13 ], "texture": "#texture", "cullface": "down" },
        "up":    { "uv": [ 12.5, 13, 13, 13.5 ], "texture": "#texture", "cullface": "up" },
        "north": { "uv": [ 3, 12, 3.5, 16 ], "texture": "#texture", "cullface": "north" },
        "south": { "uv": [ 12.5, 12, 13, 16 ], "texture": "#texture", "cullface": "south" },
        "west":  { "uv": [ 13, 12, 13.5, 16 ], "texture": "#texture", "cullface": "west" },
        "east":  { "uv": [ 2.5, 12, 3, 16 ], "texture": "#texture", "cullface": "east" }
    }
},
{
    "__comment": "4",
    "from": [ 2.5, 0, 12.5 ],
    "to": [ 3, 4, 13 ],
    "faces": {
        "down":  { "uv": [ 5, 10, 5.5, 9.5 ], "texture": "#texture", "cullface": "down" },
        "up":    { "uv": [ 5, 9.5, 5.5, 10 ], "texture": "#texture", "cullface": "up" },
        "north": { "uv": [ 5, 9.5, 5.5, 10 ], "texture": "#texture", "cullface": "north" },
        "south": { "uv": [ 5.5, 9.5, 5, 10 ], "texture": "#texture", "cullface": "south" },
        "west":  { "uv": [ 5, 9.5, 5.5, 10 ], "texture": "#texture", "cullface": "west" },
        "east":  { "uv": [ 5.5, 9.5, 5, 10 ], "texture": "#texture", "cullface": "east" }
    }
},
{
    "__comment": "4",
    "from": [ 12.5, 0, 2.5 ],
    "to": [ 13, 4, 3 ],
    "faces": {
        "down":  { "uv": [ 3.5, 3, 3, 2.5 ], "texture": "#texture", "cullface": "down" },
        "up":    { "uv": [ 12.5, 2.5, 13, 3 ], "texture": "#texture", "cullface": "up" },
        "north": { "uv": [ 3, 12, 3.5, 16 ], "texture": "#texture", "cullface": "north" },
        "south": { "uv": [ 12.5, 12, 13, 16 ], "texture": "#texture", "cullface": "south" },
        "west":  { "uv": [ 2.5, 12, 3, 16 ], "texture": "#texture", "cullface": "west" },
        "east":  { "uv": [ 13, 12, 13.5, 16 ], "texture": "#texture", "cullface": "east" }
    }
},
{
    "__comment": "4",
    "from": [ 2.5, 0, 3 ],
    "to": [ 3, 4, 3.5 ],
    "faces": {
        "down":  { "uv": [ 5, 10, 5.5, 9.5 ], "texture": "#texture", "cullface": "down" },
        "up":    { "uv": [ 5, 9.5, 5.5, 10 ], "texture": "#texture", "cullface": "up" },
        "north": { "uv": [ 5, 9.5, 5.5, 10 ], "texture": "#texture", "cullface": "north" },
        "south": { "uv": [ 5.5, 9.5, 5, 10 ], "texture": "#texture", "cullface": "south" },
        "west":  { "uv": [ 5, 9.5, 5.5, 10 ], "texture": "#texture", "cullface": "west" },
        "east":  { "uv": [ 5.5, 9.5, 5, 10 ], "texture": "#texture", "cullface": "east" }
    }
}
]
}