{
	"__comment": "Designed by Zeibo with Cubik Studio - https://cubik.studio",
	"textures": {
		"particle": "item/bow",
		"texture": "item/bow"
	},
	"elements": [ 	 
		{
			"__comment": "Box3",
			"from": [ 14.75, 13, 7.375 ],
			"to": [ 15, 13.25, 7.625 ],
			"faces": {
				"down": { "uv": [ 3, 15, 2.75, 14.75 ], "texture": "#texture", "rotation": 90 },
				"up": { "uv": [ 3, 15, 2.75, 14.75 ], "texture": "#texture", "rotation": 90 },
				"north": { "uv": [ 3, 15, 2.75, 14.75 ], "texture": "#texture", "rotation": 270 },
				"south": { "uv": [ 2.75, 15, 3, 14.75 ], "texture": "#texture", "rotation": 90 },
				"west": { "uv": [ 2.75, 15, 3, 14.75 ], "texture": "#texture", "rotation": 90 },
				"east": { "uv": [ 3, 15, 2.75, 14.75 ], "texture": "#texture", "rotation": 270 }
			}
		},
		{
			"__comment": "Box4",
			"from": [ 14.5, 12.75, 7.375 ],
			"to": [ 14.75, 13, 7.625 ],
			"faces": {
				"down": { "uv": [ 3.25, 14.75, 3, 14.5 ], "texture": "#texture", "rotation": 90 },
				"up": { "uv": [ 3.25, 14.75, 3, 14.5 ], "texture": "#texture", "rotation": 90 },
				"north": { "uv": [ 3.25, 14.75, 3, 14.5 ], "texture": "#texture", "rotation": 270 },
				"south": { "uv": [ 3, 14.75, 3.25, 14.5 ], "texture": "#texture", "rotation": 90 },
				"west": { "uv": [ 3, 14.75, 3.25, 14.5 ], "texture": "#texture", "rotation": 90 },
				"east": { "uv": [ 3.25, 14.75, 3, 14.5 ], "texture": "#texture", "rotation": 270 }
			}
		},
		{
			"__comment": "Box5",
			"from": [ 14.25, 12.5, 7.375 ],
			"to": [ 14.5, 12.75, 7.625 ],
			"faces": {
				"down": { "uv": [ 3.5, 14.5, 3.25, 14.25 ], "texture": "#texture", "rotation": 90 },
				"up": { "uv": [ 3.5, 14.5, 3.25, 14.25 ], "texture": "#texture", "rotation": 90 },
				"north": { "uv": [ 3.5, 14.5, 3.25, 14.25 ], "texture": "#texture", "rotation": 270 },
				"south": { "uv": [ 3.25, 14.5, 3.5, 14.25 ], "texture": "#texture", "rotation": 90 },
				"west": { "uv": [ 3.25, 14.5, 3.5, 14.25 ], "texture": "#texture", "rotation": 90 },
				"east": { "uv": [ 3.5, 14.5, 3.25, 14.25 ], "texture": "#texture", "rotation": 270 }
			}
		},
		{
			"__comment": "Box6",
			"from": [ 14, 12.25, 7.375 ],
			"to": [ 14.25, 12.5, 7.625 ],
			"faces": {
				"down": { "uv": [ 3.75, 14.25, 3.5, 14 ], "texture": "#texture", "rotation": 90 },
				"up": { "uv": [ 3.75, 14.25, 3.5, 14 ], "texture": "#texture", "rotation": 90 },
				"north": { "uv": [ 3.75, 14.25, 3.5, 14 ], "texture": "#texture", "rotation": 270 },
				"south": { "uv": [ 3.5, 14.25, 3.75, 14 ], "texture": "#texture", "rotation": 90 },
				"west": { "uv": [ 3.5, 14.25, 3.75, 14 ], "texture": "#texture", "rotation": 90 },
				"east": { "uv": [ 3.75, 14.25, 3.5, 14 ], "texture": "#texture", "rotation": 270 }
			}
		},
		{
			"__comment": "Box7",
			"from": [ 13.75, 12, 7.375 ],
			"to": [ 14, 12.25, 7.625 ],
			"faces": {
				"down": { "uv": [ 4, 14, 3.75, 13.75 ], "texture": "#texture", "rotation": 90 },
				"up": { "uv": [ 4, 14, 3.75, 13.75 ], "texture": "#texture", "rotation": 90 },
				"north": { "uv": [ 4, 14, 3.75, 13.75 ], "texture": "#texture", "rotation": 270 },
				"south": { "uv": [ 3.75, 14, 4, 13.75 ], "texture": "#texture", "rotation": 90 },
				"west": { "uv": [ 3.75, 14, 4, 13.75 ], "texture": "#texture", "rotation": 90 },
				"east": { "uv": [ 4, 14, 3.75, 13.75 ], "texture": "#texture", "rotation": 270 }
			}
		},
		{
			"__comment": "Box8",
			"from": [ 13.5, 11.75, 7.375 ],
			"to": [ 13.75, 12, 7.625 ],
			"faces": {
				"down": { "uv": [ 4.25, 13.75, 4, 13.5 ], "texture": "#texture", "rotation": 90 },
				"up": { "uv": [ 4.25, 13.75, 4, 13.5 ], "texture": "#texture", "rotation": 90 },
				"north": { "uv": [ 4.25, 13.75, 4, 13.5 ], "texture": "#texture", "rotation": 270 },
				"south": { "uv": [ 4, 13.75, 4.25, 13.5 ], "texture": "#texture", "rotation": 90 },
				"west": { "uv": [ 4, 13.75, 4.25, 13.5 ], "texture": "#texture", "rotation": 90 },
				"east": { "uv": [ 4.25, 13.75, 4, 13.5 ], "texture": "#texture", "rotation": 270 }
			}
		},
		{
			"__comment": "Box9",
			"from": [ 13.25, 11.5, 7.375 ],
			"to": [ 13.5, 11.75, 7.625 ],
			"faces": {
				"down": { "uv": [ 4.5, 13.5, 4.25, 13.25 ], "texture": "#texture", "rotation": 90 },
				"up": { "uv": [ 4.5, 13.5, 4.25, 13.25 ], "texture": "#texture", "rotation": 90 },
				"north": { "uv": [ 4.5, 13.5, 4.25, 13.25 ], "texture": "#texture", "rotation": 270 },
				"south": { "uv": [ 4.25, 13.5, 4.5, 13.25 ], "texture": "#texture", "rotation": 90 },
				"west": { "uv": [ 4.25, 13.5, 4.5, 13.25 ], "texture": "#texture", "rotation": 90 },
				"east": { "uv": [ 4.5, 13.5, 4.25, 13.25 ], "texture": "#texture", "rotation": 270 }
			}
		},
		{
			"__comment": "Box10",
			"from": [ 13, 11.25, 7.375 ],
			"to": [ 13.25, 11.5, 7.625 ],
			"faces": {
				"down": { "uv": [ 4.75, 13.25, 4.5, 13 ], "texture": "#texture", "rotation": 90 },
				"up": { "uv": [ 4.75, 13.25, 4.5, 13 ], "texture": "#texture", "rotation": 90 },
				"north": { "uv": [ 4.75, 13.25, 4.5, 13 ], "texture": "#texture", "rotation": 270 },
				"south": { "uv": [ 4.5, 13.25, 4.75, 13 ], "texture": "#texture", "rotation": 90 },
				"west": { "uv": [ 4.5, 13.25, 4.75, 13 ], "texture": "#texture", "rotation": 90 },
				"east": { "uv": [ 4.75, 13.25, 4.5, 13 ], "texture": "#texture", "rotation": 270 }
			}
		},
		{
			"__comment": "Box11",
			"from": [ 12.75, 11, 7.375 ],
			"to": [ 13, 11.25, 7.625 ],
			"faces": {
				"down": { "uv": [ 5, 13, 4.75, 12.75 ], "texture": "#texture", "rotation": 90 },
				"up": { "uv": [ 5, 13, 4.75, 12.75 ], "texture": "#texture", "rotation": 90 },
				"north": { "uv": [ 5, 13, 4.75, 12.75 ], "texture": "#texture", "rotation": 270 },
				"south": { "uv": [ 4.75, 13, 5, 12.75 ], "texture": "#texture", "rotation": 90 },
				"west": { "uv": [ 4.75, 13, 5, 12.75 ], "texture": "#texture", "rotation": 90 },
				"east": { "uv": [ 5, 13, 4.75, 12.75 ], "texture": "#texture", "rotation": 270 }
			}
		},
		{
			"__comment": "Box12",
			"from": [ 12.5, 10.75, 7.375 ],
			"to": [ 12.75, 11, 7.625 ],
			"faces": {
				"down": { "uv": [ 5.25, 12.75, 5, 12.5 ], "texture": "#texture", "rotation": 90 },
				"up": { "uv": [ 5.25, 12.75, 5, 12.5 ], "texture": "#texture", "rotation": 90 },
				"north": { "uv": [ 5.25, 12.75, 5, 12.5 ], "texture": "#texture", "rotation": 270 },
				"south": { "uv": [ 5, 12.75, 5.25, 12.5 ], "texture": "#texture", "rotation": 90 },
				"west": { "uv": [ 5, 12.75, 5.25, 12.5 ], "texture": "#texture", "rotation": 90 },
				"east": { "uv": [ 5.25, 12.75, 5, 12.5 ], "texture": "#texture", "rotation": 270 }
			}
		},
		{
			"__comment": "Box13",
			"from": [ 12.25, 10.5, 7.375 ],
			"to": [ 12.5, 10.75, 7.625 ],
			"faces": {
				"down": { "uv": [ 5.5, 12.5, 5.25, 12.25 ], "texture": "#texture", "rotation": 90 },
				"up": { "uv": [ 5.5, 12.5, 5.25, 12.25 ], "texture": "#texture", "rotation": 90 },
				"north": { "uv": [ 5.5, 12.5, 5.25, 12.25 ], "texture": "#texture", "rotation": 270 },
				"south": { "uv": [ 5.25, 12.5, 5.5, 12.25 ], "texture": "#texture", "rotation": 90 },
				"west": { "uv": [ 5.25, 12.5, 5.5, 12.25 ], "texture": "#texture", "rotation": 90 },
				"east": { "uv": [ 5.5, 12.5, 5.25, 12.25 ], "texture": "#texture", "rotation": 270 }
			}
		},
		{
			"__comment": "Box14",
			"from": [ 12, 10.25, 7.375 ],
			"to": [ 12.25, 10.5, 7.625 ],
			"faces": {
				"down": { "uv": [ 5.75, 12.25, 5.5, 12 ], "texture": "#texture", "rotation": 90 },
				"up": { "uv": [ 5.75, 12.25, 5.5, 12 ], "texture": "#texture", "rotation": 90 },
				"north": { "uv": [ 5.75, 12.25, 5.5, 12 ], "texture": "#texture", "rotation": 270 },
				"south": { "uv": [ 5.5, 12.25, 5.75, 12 ], "texture": "#texture", "rotation": 90 },
				"west": { "uv": [ 5.5, 12.25, 5.75, 12 ], "texture": "#texture", "rotation": 90 },
				"east": { "uv": [ 5.75, 12.25, 5.5, 12 ], "texture": "#texture", "rotation": 270 }
			}
		},
		{
			"__comment": "Box15",
			"from": [ 11.75, 10, 7.375 ],
			"to": [ 12, 10.25, 7.625 ],
			"faces": {
				"down": { "uv": [ 6, 12, 5.75, 11.75 ], "texture": "#texture", "rotation": 90 },
				"up": { "uv": [ 6, 12, 5.75, 11.75 ], "texture": "#texture", "rotation": 90 },
				"north": { "uv": [ 6, 12, 5.75, 11.75 ], "texture": "#texture", "rotation": 270 },
				"south": { "uv": [ 5.75, 12, 6, 11.75 ], "texture": "#texture", "rotation": 90 },
				"west": { "uv": [ 5.75, 12, 6, 11.75 ], "texture": "#texture", "rotation": 90 },
				"east": { "uv": [ 6, 12, 5.75, 11.75 ], "texture": "#texture", "rotation": 270 }
			}
		},
		{
			"__comment": "Box16",
			"from": [ 11.5, 9.75, 7.375 ],
			"to": [ 11.75, 10, 7.625 ],
			"faces": {
				"down": { "uv": [ 6.25, 11.75, 6, 11.5 ], "texture": "#texture", "rotation": 90 },
				"up": { "uv": [ 6.25, 11.75, 6, 11.5 ], "texture": "#texture", "rotation": 90 },
				"north": { "uv": [ 6.25, 11.75, 6, 11.5 ], "texture": "#texture", "rotation": 270 },
				"south": { "uv": [ 6, 11.75, 6.25, 11.5 ], "texture": "#texture", "rotation": 90 },
				"west": { "uv": [ 6, 11.75, 6.25, 11.5 ], "texture": "#texture", "rotation": 90 },
				"east": { "uv": [ 6.25, 11.75, 6, 11.5 ], "texture": "#texture", "rotation": 270 }
			}
		},
		{
			"__comment": "Box17",
			"from": [ 11.25, 9.5, 7.375 ],
			"to": [ 11.5, 9.75, 7.625 ],
			"faces": {
				"down": { "uv": [ 6.5, 11.5, 6.25, 11.25 ], "texture": "#texture", "rotation": 90 },
				"up": { "uv": [ 6.5, 11.5, 6.25, 11.25 ], "texture": "#texture", "rotation": 90 },
				"north": { "uv": [ 6.5, 11.5, 6.25, 11.25 ], "texture": "#texture", "rotation": 270 },
				"south": { "uv": [ 6.25, 11.5, 6.5, 11.25 ], "texture": "#texture", "rotation": 90 },
				"west": { "uv": [ 6.25, 11.5, 6.5, 11.25 ], "texture": "#texture", "rotation": 90 },
				"east": { "uv": [ 6.5, 11.5, 6.25, 11.25 ], "texture": "#texture", "rotation": 270 }
			}
		},
		{
			"__comment": "Box18",
			"from": [ 11, 9.25, 7.375 ],
			"to": [ 11.25, 9.5, 7.625 ],
			"faces": {
				"down": { "uv": [ 6.75, 11.25, 6.5, 11 ], "texture": "#texture", "rotation": 90 },
				"up": { "uv": [ 6.75, 11.25, 6.5, 11 ], "texture": "#texture", "rotation": 90 },
				"north": { "uv": [ 6.75, 11.25, 6.5, 11 ], "texture": "#texture", "rotation": 270 },
				"south": { "uv": [ 6.5, 11.25, 6.75, 11 ], "texture": "#texture", "rotation": 90 },
				"west": { "uv": [ 6.5, 11.25, 6.75, 11 ], "texture": "#texture", "rotation": 90 },
				"east": { "uv": [ 6.75, 11.25, 6.5, 11 ], "texture": "#texture", "rotation": 270 }
			}
		},
		{
			"__comment": "Box19",
			"from": [ 10.75, 9, 7.375 ],
			"to": [ 11, 9.25, 7.625 ],
			"faces": {
				"down": { "uv": [ 7, 11, 6.75, 10.75 ], "texture": "#texture", "rotation": 90 },
				"up": { "uv": [ 7, 11, 6.75, 10.75 ], "texture": "#texture", "rotation": 90 },
				"north": { "uv": [ 7, 11, 6.75, 10.75 ], "texture": "#texture", "rotation": 270 },
				"south": { "uv": [ 6.75, 11, 7, 10.75 ], "texture": "#texture", "rotation": 90 },
				"west": { "uv": [ 6.75, 11, 7, 10.75 ], "texture": "#texture", "rotation": 90 },
				"east": { "uv": [ 7, 11, 6.75, 10.75 ], "texture": "#texture", "rotation": 270 }
			}
		},
		{
			"__comment": "Box20",
			"from": [ 10.5, 8.75, 7.375 ],
			"to": [ 10.75, 9, 7.625 ],
			"faces": {
				"down": { "uv": [ 7.25, 10.75, 7, 10.5 ], "texture": "#texture", "rotation": 90 },
				"up": { "uv": [ 7.25, 10.75, 7, 10.5 ], "texture": "#texture", "rotation": 90 },
				"north": { "uv": [ 7.25, 10.75, 7, 10.5 ], "texture": "#texture", "rotation": 270 },
				"south": { "uv": [ 7, 10.75, 7.25, 10.5 ], "texture": "#texture", "rotation": 90 },
				"west": { "uv": [ 7, 10.75, 7.25, 10.5 ], "texture": "#texture", "rotation": 90 },
				"east": { "uv": [ 7.25, 10.75, 7, 10.5 ], "texture": "#texture", "rotation": 270 }
			}
		},
		{
			"__comment": "Box21",
			"from": [ 10.25, 8.5, 7.375 ],
			"to": [ 10.5, 8.75, 7.625 ],
			"faces": {
				"down": { "uv": [ 7.5, 10.5, 7.25, 10.25 ], "texture": "#texture", "rotation": 90 },
				"up": { "uv": [ 7.5, 10.5, 7.25, 10.25 ], "texture": "#texture", "rotation": 90 },
				"north": { "uv": [ 7.5, 10.5, 7.25, 10.25 ], "texture": "#texture", "rotation": 270 },
				"south": { "uv": [ 7.25, 10.5, 7.5, 10.25 ], "texture": "#texture", "rotation": 90 },
				"west": { "uv": [ 7.25, 10.5, 7.5, 10.25 ], "texture": "#texture", "rotation": 90 },
				"east": { "uv": [ 7.5, 10.5, 7.25, 10.25 ], "texture": "#texture", "rotation": 270 }
			}
		},
		{
			"__comment": "Box22",
			"from": [ 10, 8.25, 7.375 ],
			"to": [ 10.25, 8.5, 7.625 ],
			"faces": {
				"down": { "uv": [ 7.75, 10.25, 7.5, 10 ], "texture": "#texture", "rotation": 90 },
				"up": { "uv": [ 7.75, 10.25, 7.5, 10 ], "texture": "#texture", "rotation": 90 },
				"north": { "uv": [ 7.75, 10.25, 7.5, 10 ], "texture": "#texture", "rotation": 270 },
				"south": { "uv": [ 7.5, 10.25, 7.75, 10 ], "texture": "#texture", "rotation": 90 },
				"west": { "uv": [ 7.5, 10.25, 7.75, 10 ], "texture": "#texture", "rotation": 90 },
				"east": { "uv": [ 7.75, 10.25, 7.5, 10 ], "texture": "#texture", "rotation": 270 }
			}
		},
		{
			"__comment": "Box23",
			"from": [ 9.75, 8, 7.375 ],
			"to": [ 10, 8.25, 7.625 ],
			"faces": {
				"down": { "uv": [ 8, 10, 7.75, 9.75 ], "texture": "#texture", "rotation": 90 },
				"up": { "uv": [ 8, 10, 7.75, 9.75 ], "texture": "#texture", "rotation": 90 },
				"north": { "uv": [ 8, 10, 7.75, 9.75 ], "texture": "#texture", "rotation": 270 },
				"south": { "uv": [ 7.75, 10, 8, 9.75 ], "texture": "#texture", "rotation": 90 },
				"west": { "uv": [ 7.75, 10, 8, 9.75 ], "texture": "#texture", "rotation": 90 },
				"east": { "uv": [ 8, 10, 7.75, 9.75 ], "texture": "#texture", "rotation": 270 }
			}
		},
		{
			"__comment": "Box24",
			"from": [ 9.5, 7.75, 7.375 ],
			"to": [ 9.75, 8, 7.625 ],
			"faces": {
				"down": { "uv": [ 8.25, 9.75, 8, 9.5 ], "texture": "#texture", "rotation": 90 },
				"up": { "uv": [ 8.25, 9.75, 8, 9.5 ], "texture": "#texture", "rotation": 90 },
				"north": { "uv": [ 8.25, 9.75, 8, 9.5 ], "texture": "#texture", "rotation": 270 },
				"south": { "uv": [ 8, 9.75, 8.25, 9.5 ], "texture": "#texture", "rotation": 90 },
				"west": { "uv": [ 8, 9.75, 8.25, 9.5 ], "texture": "#texture", "rotation": 90 },
				"east": { "uv": [ 8.25, 9.75, 8, 9.5 ], "texture": "#texture", "rotation": 270 }
			}
		},
		{
			"__comment": "Box25",
			"from": [ 9.25, 7.5, 7.375 ],
			"to": [ 9.5, 7.75, 7.625 ],
			"faces": {
				"down": { "uv": [ 8.5, 9.5, 8.25, 9.25 ], "texture": "#texture", "rotation": 90 },
				"up": { "uv": [ 8.5, 9.5, 8.25, 9.25 ], "texture": "#texture", "rotation": 90 },
				"north": { "uv": [ 8.5, 9.5, 8.25, 9.25 ], "texture": "#texture", "rotation": 270 },
				"south": { "uv": [ 8.25, 9.5, 8.5, 9.25 ], "texture": "#texture", "rotation": 90 },
				"west": { "uv": [ 8.25, 9.5, 8.5, 9.25 ], "texture": "#texture", "rotation": 90 },
				"east": { "uv": [ 8.5, 9.5, 8.25, 9.25 ], "texture": "#texture", "rotation": 270 }
			}
		},
		{
			"__comment": "Box26",
			"from": [ 9, 7.25, 7.375 ],
			"to": [ 9.25, 7.5, 7.625 ],
			"faces": {
				"down": { "uv": [ 8.75, 9.25, 8.5, 9 ], "texture": "#texture", "rotation": 90 },
				"up": { "uv": [ 8.75, 9.25, 8.5, 9 ], "texture": "#texture", "rotation": 90 },
				"north": { "uv": [ 8.75, 9.25, 8.5, 9 ], "texture": "#texture", "rotation": 270 },
				"south": { "uv": [ 8.5, 9.25, 8.75, 9 ], "texture": "#texture", "rotation": 90 },
				"west": { "uv": [ 8.5, 9.25, 8.75, 9 ], "texture": "#texture", "rotation": 90 },
				"east": { "uv": [ 8.75, 9.25, 8.5, 9 ], "texture": "#texture", "rotation": 270 }
			}
		},
		{
			"__comment": "Box27",
			"from": [ 8.75, 7, 7.375 ],
			"to": [ 9, 7.25, 7.625 ],
			"faces": {
				"down": { "uv": [ 9, 9, 8.75, 8.75 ], "texture": "#texture", "rotation": 90 },
				"up": { "uv": [ 9, 9, 8.75, 8.75 ], "texture": "#texture", "rotation": 90 },
				"north": { "uv": [ 9, 9, 8.75, 8.75 ], "texture": "#texture", "rotation": 270 },
				"south": { "uv": [ 8.75, 9, 9, 8.75 ], "texture": "#texture", "rotation": 90 },
				"west": { "uv": [ 8.75, 9, 9, 8.75 ], "texture": "#texture", "rotation": 90 },
				"east": { "uv": [ 9, 9, 8.75, 8.75 ], "texture": "#texture", "rotation": 270 }
			}
		},
		{
			"__comment": "Box28",
			"from": [ 8.5, 6.75, 7.375 ],
			"to": [ 8.75, 7, 7.625 ],
			"faces": {
				"down": { "uv": [ 9.25, 8.75, 9, 8.5 ], "texture": "#texture", "rotation": 90 },
				"up": { "uv": [ 9.25, 8.75, 9, 8.5 ], "texture": "#texture", "rotation": 90 },
				"north": { "uv": [ 9.25, 8.75, 9, 8.5 ], "texture": "#texture", "rotation": 270 },
				"south": { "uv": [ 9, 8.75, 9.25, 8.5 ], "texture": "#texture", "rotation": 90 },
				"west": { "uv": [ 9, 8.75, 9.25, 8.5 ], "texture": "#texture", "rotation": 90 },
				"east": { "uv": [ 9.25, 8.75, 9, 8.5 ], "texture": "#texture", "rotation": 270 }
			}
		},
		{
			"__comment": "Box29",
			"from": [ 8.25, 6.5, 7.375 ],
			"to": [ 8.5, 6.75, 7.625 ],
			"faces": {
				"down": { "uv": [ 9.5, 8.5, 9.25, 8.25 ], "texture": "#texture", "rotation": 90 },
				"up": { "uv": [ 9.5, 8.5, 9.25, 8.25 ], "texture": "#texture", "rotation": 90 },
				"north": { "uv": [ 9.5, 8.5, 9.25, 8.25 ], "texture": "#texture", "rotation": 270 },
				"south": { "uv": [ 9.25, 8.5, 9.5, 8.25 ], "texture": "#texture", "rotation": 90 },
				"west": { "uv": [ 9.25, 8.5, 9.5, 8.25 ], "texture": "#texture", "rotation": 90 },
				"east": { "uv": [ 9.5, 8.5, 9.25, 8.25 ], "texture": "#texture", "rotation": 270 }
			}
		},
		{
			"__comment": "Box30",
			"from": [ 8, 6.25, 7.375 ],
			"to": [ 8.25, 6.5, 7.625 ],
			"faces": {
				"down": { "uv": [ 9.75, 8.25, 9.5, 8 ], "texture": "#texture", "rotation": 90 },
				"up": { "uv": [ 9.75, 8.25, 9.5, 8 ], "texture": "#texture", "rotation": 90 },
				"north": { "uv": [ 9.75, 8.25, 9.5, 8 ], "texture": "#texture", "rotation": 270 },
				"south": { "uv": [ 9.5, 8.25, 9.75, 8 ], "texture": "#texture", "rotation": 90 },
				"west": { "uv": [ 9.5, 8.25, 9.75, 8 ], "texture": "#texture", "rotation": 90 },
				"east": { "uv": [ 9.75, 8.25, 9.5, 8 ], "texture": "#texture", "rotation": 270 }
			}
		},
		{
			"__comment": "Box31",
			"from": [ 7.75, 6, 7.375 ],
			"to": [ 8, 6.25, 7.625 ],
			"faces": {
				"down": { "uv": [ 10, 8, 9.75, 7.75 ], "texture": "#texture", "rotation": 90 },
				"up": { "uv": [ 10, 8, 9.75, 7.75 ], "texture": "#texture", "rotation": 90 },
				"north": { "uv": [ 10, 8, 9.75, 7.75 ], "texture": "#texture", "rotation": 270 },
				"south": { "uv": [ 9.75, 8, 10, 7.75 ], "texture": "#texture", "rotation": 90 },
				"west": { "uv": [ 9.75, 8, 10, 7.75 ], "texture": "#texture", "rotation": 90 },
				"east": { "uv": [ 10, 8, 9.75, 7.75 ], "texture": "#texture", "rotation": 270 }
			}
		},
		{
			"__comment": "Box32",
			"from": [ 7.5, 5.75, 7.375 ],
			"to": [ 7.75, 6, 7.625 ],
			"faces": {
				"down": { "uv": [ 10.25, 7.75, 10, 7.5 ], "texture": "#texture", "rotation": 90 },
				"up": { "uv": [ 10.25, 7.75, 10, 7.5 ], "texture": "#texture", "rotation": 90 },
				"north": { "uv": [ 10.25, 7.75, 10, 7.5 ], "texture": "#texture", "rotation": 270 },
				"south": { "uv": [ 10, 7.75, 10.25, 7.5 ], "texture": "#texture", "rotation": 90 },
				"west": { "uv": [ 10, 7.75, 10.25, 7.5 ], "texture": "#texture", "rotation": 90 },
				"east": { "uv": [ 10.25, 7.75, 10, 7.5 ], "texture": "#texture", "rotation": 270 }
			}
		},
		{
			"__comment": "Box33",
			"from": [ 7.25, 5.5, 7.375 ],
			"to": [ 7.5, 5.75, 7.625 ],
			"faces": {
				"down": { "uv": [ 10.5, 7.5, 10.25, 7.25 ], "texture": "#texture", "rotation": 90 },
				"up": { "uv": [ 10.5, 7.5, 10.25, 7.25 ], "texture": "#texture", "rotation": 90 },
				"north": { "uv": [ 10.5, 7.5, 10.25, 7.25 ], "texture": "#texture", "rotation": 270 },
				"south": { "uv": [ 10.25, 7.5, 10.5, 7.25 ], "texture": "#texture", "rotation": 90 },
				"west": { "uv": [ 10.25, 7.5, 10.5, 7.25 ], "texture": "#texture", "rotation": 90 },
				"east": { "uv": [ 10.5, 7.5, 10.25, 7.25 ], "texture": "#texture", "rotation": 270 }
			}
		},
		{
			"__comment": "Box34",
			"from": [ 7, 5.25, 7.375 ],
			"to": [ 7.25, 5.5, 7.625 ],
			"faces": {
				"down": { "uv": [ 10.75, 7.25, 10.5, 7 ], "texture": "#texture", "rotation": 90 },
				"up": { "uv": [ 10.75, 7.25, 10.5, 7 ], "texture": "#texture", "rotation": 90 },
				"north": { "uv": [ 10.75, 7.25, 10.5, 7 ], "texture": "#texture", "rotation": 270 },
				"south": { "uv": [ 10.5, 7.25, 10.75, 7 ], "texture": "#texture", "rotation": 90 },
				"west": { "uv": [ 10.5, 7.25, 10.75, 7 ], "texture": "#texture", "rotation": 90 },
				"east": { "uv": [ 10.75, 7.25, 10.5, 7 ], "texture": "#texture", "rotation": 270 }
			}
		},
		{
			"__comment": "Box35",
			"from": [ 6.75, 5, 7.375 ],
			"to": [ 7, 5.25, 7.625 ],
			"faces": {
				"down": { "uv": [ 11, 7, 10.75, 6.75 ], "texture": "#texture", "rotation": 90 },
				"up": { "uv": [ 11, 7, 10.75, 6.75 ], "texture": "#texture", "rotation": 90 },
				"north": { "uv": [ 11, 7, 10.75, 6.75 ], "texture": "#texture", "rotation": 270 },
				"south": { "uv": [ 10.75, 7, 11, 6.75 ], "texture": "#texture", "rotation": 90 },
				"west": { "uv": [ 10.75, 7, 11, 6.75 ], "texture": "#texture", "rotation": 90 },
				"east": { "uv": [ 11, 7, 10.75, 6.75 ], "texture": "#texture", "rotation": 270 }
			}
		},
		{
			"__comment": "Box36",
			"from": [ 6.5, 4.75, 7.375 ],
			"to": [ 6.75, 5, 7.625 ],
			"faces": {
				"down": { "uv": [ 11.25, 6.75, 11, 6.5 ], "texture": "#texture", "rotation": 90 },
				"up": { "uv": [ 11.25, 6.75, 11, 6.5 ], "texture": "#texture", "rotation": 90 },
				"north": { "uv": [ 11.25, 6.75, 11, 6.5 ], "texture": "#texture", "rotation": 270 },
				"south": { "uv": [ 11, 6.75, 11.25, 6.5 ], "texture": "#texture", "rotation": 90 },
				"west": { "uv": [ 11, 6.75, 11.25, 6.5 ], "texture": "#texture", "rotation": 90 },
				"east": { "uv": [ 11.25, 6.75, 11, 6.5 ], "texture": "#texture", "rotation": 270 }
			}
		},
		{
			"__comment": "Box37",
			"from": [ 6.25, 4.5, 7.375 ],
			"to": [ 6.5, 4.75, 7.625 ],
			"faces": {
				"down": { "uv": [ 11.5, 6.5, 11.25, 6.25 ], "texture": "#texture", "rotation": 90 },
				"up": { "uv": [ 11.5, 6.5, 11.25, 6.25 ], "texture": "#texture", "rotation": 90 },
				"north": { "uv": [ 11.5, 6.5, 11.25, 6.25 ], "texture": "#texture", "rotation": 270 },
				"south": { "uv": [ 11.25, 6.5, 11.5, 6.25 ], "texture": "#texture", "rotation": 90 },
				"west": { "uv": [ 11.25, 6.5, 11.5, 6.25 ], "texture": "#texture", "rotation": 90 },
				"east": { "uv": [ 11.5, 6.5, 11.25, 6.25 ], "texture": "#texture", "rotation": 270 }
			}
		},
		{
			"__comment": "Box38",
			"from": [ 6, 4.25, 7.375 ],
			"to": [ 6.25, 4.5, 7.625 ],
			"faces": {
				"down": { "uv": [ 11.75, 6.25, 11.5, 6 ], "texture": "#texture", "rotation": 90 },
				"up": { "uv": [ 11.75, 6.25, 11.5, 6 ], "texture": "#texture", "rotation": 90 },
				"north": { "uv": [ 11.75, 6.25, 11.5, 6 ], "texture": "#texture", "rotation": 270 },
				"south": { "uv": [ 11.5, 6.25, 11.75, 6 ], "texture": "#texture", "rotation": 90 },
				"west": { "uv": [ 11.5, 6.25, 11.75, 6 ], "texture": "#texture", "rotation": 90 },
				"east": { "uv": [ 11.75, 6.25, 11.5, 6 ], "texture": "#texture", "rotation": 270 }
			}
		},
		{
			"__comment": "Box39",
			"from": [ 5.75, 4, 7.375 ],
			"to": [ 6, 4.25, 7.625 ],
			"faces": {
				"down": { "uv": [ 12, 6, 11.75, 5.75 ], "texture": "#texture", "rotation": 90 },
				"up": { "uv": [ 12, 6, 11.75, 5.75 ], "texture": "#texture", "rotation": 90 },
				"north": { "uv": [ 12, 6, 11.75, 5.75 ], "texture": "#texture", "rotation": 270 },
				"south": { "uv": [ 11.75, 6, 12, 5.75 ], "texture": "#texture", "rotation": 90 },
				"west": { "uv": [ 11.75, 6, 12, 5.75 ], "texture": "#texture", "rotation": 90 },
				"east": { "uv": [ 12, 6, 11.75, 5.75 ], "texture": "#texture", "rotation": 270 }
			}
		},
		{
			"__comment": "Box40",
			"from": [ 5.5, 3.75, 7.375 ],
			"to": [ 5.75, 4, 7.625 ],
			"faces": {
				"down": { "uv": [ 12.25, 5.75, 12, 5.5 ], "texture": "#texture", "rotation": 90 },
				"up": { "uv": [ 12.25, 5.75, 12, 5.5 ], "texture": "#texture", "rotation": 90 },
				"north": { "uv": [ 12.25, 5.75, 12, 5.5 ], "texture": "#texture", "rotation": 270 },
				"south": { "uv": [ 12, 5.75, 12.25, 5.5 ], "texture": "#texture", "rotation": 90 },
				"west": { "uv": [ 12, 5.75, 12.25, 5.5 ], "texture": "#texture", "rotation": 90 },
				"east": { "uv": [ 12.25, 5.75, 12, 5.5 ], "texture": "#texture", "rotation": 270 }
			}
		},
		{
			"__comment": "Box41",
			"from": [ 5.25, 3.5, 7.375 ],
			"to": [ 5.5, 3.75, 7.625 ],
			"faces": {
				"down": { "uv": [ 12.5, 5.5, 12.25, 5.25 ], "texture": "#texture", "rotation": 90 },
				"up": { "uv": [ 12.5, 5.5, 12.25, 5.25 ], "texture": "#texture", "rotation": 90 },
				"north": { "uv": [ 12.5, 5.5, 12.25, 5.25 ], "texture": "#texture", "rotation": 270 },
				"south": { "uv": [ 12.25, 5.5, 12.5, 5.25 ], "texture": "#texture", "rotation": 90 },
				"west": { "uv": [ 12.25, 5.5, 12.5, 5.25 ], "texture": "#texture", "rotation": 90 },
				"east": { "uv": [ 12.5, 5.5, 12.25, 5.25 ], "texture": "#texture", "rotation": 270 }
			}
		},
		{
			"__comment": "Box42",
			"from": [ 5, 3.25, 7.375 ],
			"to": [ 5.25, 3.5, 7.625 ],
			"faces": {
				"down": { "uv": [ 12.75, 5.25, 12.5, 5 ], "texture": "#texture", "rotation": 90 },
				"up": { "uv": [ 12.75, 5.25, 12.5, 5 ], "texture": "#texture", "rotation": 90 },
				"north": { "uv": [ 12.75, 5.25, 12.5, 5 ], "texture": "#texture", "rotation": 270 },
				"south": { "uv": [ 12.5, 5.25, 12.75, 5 ], "texture": "#texture", "rotation": 90 },
				"west": { "uv": [ 12.5, 5.25, 12.75, 5 ], "texture": "#texture", "rotation": 90 },
				"east": { "uv": [ 12.75, 5.25, 12.5, 5 ], "texture": "#texture", "rotation": 270 }
			}
		},
		{
			"__comment": "Box43",
			"from": [ 4.75, 3, 7.375 ],
			"to": [ 5, 3.25, 7.625 ],
			"faces": {
				"down": { "uv": [ 13, 5, 12.75, 4.75 ], "texture": "#texture", "rotation": 90 },
				"up": { "uv": [ 13, 5, 12.75, 4.75 ], "texture": "#texture", "rotation": 90 },
				"north": { "uv": [ 13, 5, 12.75, 4.75 ], "texture": "#texture", "rotation": 270 },
				"south": { "uv": [ 12.75, 5, 13, 4.75 ], "texture": "#texture", "rotation": 90 },
				"west": { "uv": [ 12.75, 5, 13, 4.75 ], "texture": "#texture", "rotation": 90 },
				"east": { "uv": [ 13, 5, 12.75, 4.75 ], "texture": "#texture", "rotation": 270 }
			}
		},
		{
			"__comment": "Box44",
			"from": [ 4.5, 2.75, 7.375 ],
			"to": [ 4.75, 3, 7.625 ],
			"faces": {
				"down": { "uv": [ 13.5, 4.75, 13.25, 4.5 ], "texture": "#texture", "rotation": 90 },
				"up": { "uv": [ 13.25, 4.75, 13, 4.5 ], "texture": "#texture", "rotation": 90 },
				"north": { "uv": [ 13.5, 4.75, 13, 4.5 ], "texture": "#texture", "rotation": 270 },
				"south": { "uv": [ 13, 4.75, 13.5, 4.5 ], "texture": "#texture", "rotation": 90 },
				"west": { "uv": [ 13, 4.75, 13.5, 4.5 ], "texture": "#texture", "rotation": 90 },
				"east": { "uv": [ 13.5, 4.75, 13, 4.5 ], "texture": "#texture", "rotation": 270 }
			}
		},
		{
			"__comment": "Box45",
			"from": [ 4.25, 2.25, 7.375 ],
			"to": [ 4.5, 2.5, 7.625 ],
			"faces": {
				"down": { "uv": [ 13.75, 4.5, 13.5, 4.25 ], "texture": "#texture", "rotation": 90 },
				"up": { "uv": [ 13.75, 4.5, 13.5, 4.25 ], "texture": "#texture", "rotation": 90 },
				"north": { "uv": [ 13.75, 4.5, 13.5, 4.25 ], "texture": "#texture", "rotation": 270 },
				"south": { "uv": [ 13.5, 4.5, 13.75, 4.25 ], "texture": "#texture", "rotation": 90 },
				"west": { "uv": [ 13.5, 4.5, 13.75, 4.25 ], "texture": "#texture", "rotation": 90 },
				"east": { "uv": [ 13.75, 4.5, 13.5, 4.25 ], "texture": "#texture", "rotation": 270 }
			}
		},
		{
			"__comment": "Box46",
			"from": [ 4, 2, 7.375 ],
			"to": [ 4.25, 2.25, 7.625 ],
			"faces": {
				"down": { "uv": [ 14, 4.25, 13.75, 4 ], "texture": "#texture", "rotation": 90 },
				"up": { "uv": [ 14, 4.25, 13.75, 4 ], "texture": "#texture", "rotation": 90 },
				"north": { "uv": [ 14, 4.25, 13.75, 4 ], "texture": "#texture", "rotation": 270 },
				"south": { "uv": [ 13.75, 4.25, 14, 4 ], "texture": "#texture", "rotation": 90 },
				"west": { "uv": [ 13.75, 4.25, 14, 4 ], "texture": "#texture", "rotation": 90 },
				"east": { "uv": [ 14, 4.25, 13.75, 4 ], "texture": "#texture", "rotation": 270 }
			}
		},
		{
			"__comment": "Box47",
			"from": [ 3.75, 1.75, 7.375 ],
			"to": [ 4, 2, 7.625 ],
			"faces": {
				"down": { "uv": [ 14.25, 4, 14, 3.75 ], "texture": "#texture", "rotation": 90 },
				"up": { "uv": [ 14.25, 4, 14, 3.75 ], "texture": "#texture", "rotation": 90 },
				"north": { "uv": [ 14.25, 4, 14, 3.75 ], "texture": "#texture", "rotation": 270 },
				"south": { "uv": [ 14, 4, 14.25, 3.75 ], "texture": "#texture", "rotation": 90 },
				"west": { "uv": [ 14, 4, 14.25, 3.75 ], "texture": "#texture", "rotation": 90 },
				"east": { "uv": [ 14.25, 4, 14, 3.75 ], "texture": "#texture", "rotation": 270 }
			}
		},
		{
			"__comment": "Box48",
			"from": [ 3.5, 1.5, 7.375 ],
			"to": [ 3.75, 1.75, 7.625 ],
			"faces": {
				"down": { "uv": [ 14.5, 3.75, 14.25, 3.5 ], "texture": "#texture", "rotation": 90 },
				"up": { "uv": [ 14.5, 3.75, 14.25, 3.5 ], "texture": "#texture", "rotation": 90 },
				"north": { "uv": [ 14.5, 3.75, 14.25, 3.5 ], "texture": "#texture", "rotation": 270 },
				"south": { "uv": [ 14.25, 3.75, 14.5, 3.5 ], "texture": "#texture", "rotation": 90 },
				"west": { "uv": [ 14.25, 3.75, 14.5, 3.5 ], "texture": "#texture", "rotation": 90 },
				"east": { "uv": [ 14.5, 3.75, 14.25, 3.5 ], "texture": "#texture", "rotation": 270 }
			}
		},
		{
			"__comment": "Box49",
			"from": [ 3.25, 1.25, 7.375 ],
			"to": [ 3.5, 1.5, 7.625 ],
			"faces": {
				"down": { "uv": [ 14.75, 3.5, 14.5, 3.25 ], "texture": "#texture", "rotation": 90 },
				"up": { "uv": [ 14.75, 3.5, 14.5, 3.25 ], "texture": "#texture", "rotation": 90 },
				"north": { "uv": [ 14.75, 3.5, 14.5, 3.25 ], "texture": "#texture", "rotation": 270 },
				"south": { "uv": [ 14.5, 3.5, 14.75, 3.25 ], "texture": "#texture", "rotation": 90 },
				"west": { "uv": [ 14.5, 3.5, 14.75, 3.25 ], "texture": "#texture", "rotation": 90 },
				"east": { "uv": [ 14.75, 3.5, 14.5, 3.25 ], "texture": "#texture", "rotation": 270 }
			}
		},
		{
			"__comment": "Box50",
			"from": [ 3, 1, 7.375 ],
			"to": [ 3.25, 1.25, 7.625 ],
			"faces": {
				"down": { "uv": [ 15, 3.25, 14.75, 3 ], "texture": "#texture", "rotation": 90 },
				"up": { "uv": [ 15, 3.25, 14.75, 3 ], "texture": "#texture", "rotation": 90 },
				"north": { "uv": [ 15, 3.25, 14.75, 3 ], "texture": "#texture", "rotation": 270 },
				"south": { "uv": [ 14.75, 3.25, 15, 3 ], "texture": "#texture", "rotation": 90 },
				"west": { "uv": [ 14.75, 3.25, 15, 3 ], "texture": "#texture", "rotation": 90 },
				"east": { "uv": [ 15, 3.25, 14.75, 3 ], "texture": "#texture", "rotation": 270 }
			}
		},
		{
			"__comment": "Box51",
			"from": [ 2.75, 0.75, 7.375 ],
			"to": [ 3, 1, 7.625 ],
			"faces": {
				"down": { "uv": [ 15.25, 3, 15, 2.75 ], "texture": "#texture", "rotation": 90 },
				"up": { "uv": [ 15.25, 3, 15, 2.75 ], "texture": "#texture", "rotation": 90 },
				"north": { "uv": [ 15.25, 3, 15, 2.75 ], "texture": "#texture", "rotation": 270 },
				"south": { "uv": [ 15, 3, 15.25, 2.75 ], "texture": "#texture", "rotation": 90 },
				"west": { "uv": [ 15, 3, 15.25, 2.75 ], "texture": "#texture", "rotation": 90 },
				"east": { "uv": [ 15.25, 3, 15, 2.75 ], "texture": "#texture", "rotation": 270 }
			}
		},
		{
			"__comment": "Box52",
			"from": [ 2.5, 0.5, 7.375 ],
			"to": [ 2.75, 0.75, 7.625 ],
			"faces": {
				"down": { "uv": [ 15.5, 2.75, 15.25, 2.5 ], "texture": "#texture", "rotation": 90 },
				"up": { "uv": [ 15.5, 2.75, 15.25, 2.5 ], "texture": "#texture", "rotation": 90 },
				"north": { "uv": [ 15.5, 2.75, 15.25, 2.5 ], "texture": "#texture", "rotation": 270 },
				"south": { "uv": [ 15.25, 2.75, 15.5, 2.5 ], "texture": "#texture", "rotation": 90 },
				"west": { "uv": [ 15.25, 2.75, 15.5, 2.5 ], "texture": "#texture", "rotation": 90 },
				"east": { "uv": [ 15.5, 2.75, 15.25, 2.5 ], "texture": "#texture", "rotation": 270 }
			}
		},
		{
			"__comment": "Box53",
			"from": [ 9.5, 13.75, 7 ],
			"to": [ 9.75, 15.25, 8 ],
			"faces": {
				"down": { "uv": [ 2.25, 9.75, 2, 9.5 ], "texture": "#texture", "rotation": 90 },
				"up": { "uv": [ 1, 9.75, 0.75, 9.5 ], "texture": "#texture", "rotation": 90 },
				"north": { "uv": [ 2.25, 9.75, 0.75, 9.5 ], "texture": "#texture", "rotation": 270 },
				"south": { "uv": [ 0.75, 9.75, 2.25, 9.5 ], "texture": "#texture", "rotation": 90 },
				"west": { "uv": [ 0.75, 9.75, 2.25, 9.5 ], "texture": "#texture", "rotation": 90 },
				"east": { "uv": [ 2.25, 9.75, 0.75, 9.5 ], "texture": "#texture", "rotation": 270 }
			}
		},
		{
			"__comment": "Box54",
			"from": [ 9.75, 14, 7 ],
			"to": [ 12, 15.25, 8 ],
			"faces": {
				"down": { "uv": [ 2, 12, 1.75, 9.75 ], "texture": "#texture", "rotation": 90 },
				"up": { "uv": [ 1, 12, 0.75, 9.75 ], "texture": "#texture", "rotation": 90 },
				"north": { "uv": [ 2, 12, 0.75, 9.75 ], "texture": "#texture", "rotation": 270 },
				"south": { "uv": [ 0.75, 12, 2, 9.75 ], "texture": "#texture", "rotation": 90 },
				"west": { "uv": [ 0.75, 10, 2, 9.75 ], "texture": "#texture", "rotation": 90 },
				"east": { "uv": [ 2, 12, 0.75, 11.75 ], "texture": "#texture", "rotation": 270 }
			}
		},
		{
			"__comment": "Box55",
			"from": [ 8.5, 13.25, 7 ],
			"to": [ 8.75, 15, 8 ],
			"faces": {
				"down": { "uv": [ 2.75, 8.75, 2.5, 8.5 ], "texture": "#texture", "rotation": 90 },
				"up": { "uv": [ 1.25, 8.75, 1, 8.5 ], "texture": "#texture", "rotation": 90 },
				"north": { "uv": [ 2.75, 8.75, 1, 8.5 ], "texture": "#texture", "rotation": 270 },
				"south": { "uv": [ 1, 8.75, 2.75, 8.5 ], "texture": "#texture", "rotation": 90 },
				"west": { "uv": [ 1, 8.75, 2.75, 8.5 ], "texture": "#texture", "rotation": 90 },
				"east": { "uv": [ 2.75, 8.75, 1, 8.5 ], "texture": "#texture", "rotation": 270 }
			}
		},
		{
			"__comment": "Box56",
			"from": [ 8.75, 13.5, 7 ],
			"to": [ 9.25, 15, 8 ],
			"faces": {
				"down": { "uv": [ 2.5, 9.25, 2.25, 8.75 ], "texture": "#texture", "rotation": 90 },
				"up": { "uv": [ 1.25, 9.25, 1, 8.75 ], "texture": "#texture", "rotation": 90 },
				"north": { "uv": [ 2.5, 9.25, 1, 8.75 ], "texture": "#texture", "rotation": 270 },
				"south": { "uv": [ 1, 9.25, 2.5, 8.75 ], "texture": "#texture", "rotation": 90 },
				"west": { "uv": [ 1, 9, 2.5, 8.75 ], "texture": "#texture", "rotation": 90 },
				"east": { "uv": [ 2.5, 9.25, 1, 9 ], "texture": "#texture", "rotation": 270 }
			}
		},
		{
			"__comment": "Box57",
			"from": [ 9.25, 13.75, 7 ],
			"to": [ 9.5, 15, 8 ],
			"faces": {
				"down": { "uv": [ 2.25, 9.5, 2, 9.25 ], "texture": "#texture", "rotation": 90 },
				"up": { "uv": [ 1.25, 9.5, 1, 9.25 ], "texture": "#texture", "rotation": 90 },
				"north": { "uv": [ 2.25, 9.5, 1, 9.25 ], "texture": "#texture", "rotation": 270 },
				"south": { "uv": [ 1, 9.5, 2.25, 9.25 ], "texture": "#texture", "rotation": 90 },
				"west": { "uv": [ 1, 9.5, 2.25, 9.25 ], "texture": "#texture", "rotation": 90 },
				"east": { "uv": [ 2.25, 9.5, 1, 9.25 ], "texture": "#texture", "rotation": 270 }
			}
		},
		{
			"__comment": "Box58",
			"from": [ 12, 14, 7 ],
			"to": [ 12.75, 15, 8 ],
			"faces": {
				"down": { "uv": [ 2, 12.75, 1.75, 12 ], "texture": "#texture", "rotation": 90 },
				"up": { "uv": [ 1.25, 12.75, 1, 12 ], "texture": "#texture", "rotation": 90 },
				"north": { "uv": [ 2, 12.75, 1, 12 ], "texture": "#texture", "rotation": 270 },
				"south": { "uv": [ 1, 12.75, 2, 12 ], "texture": "#texture", "rotation": 90 },
				"west": { "uv": [ 1, 12.25, 2, 12 ], "texture": "#texture", "rotation": 90 },
				"east": { "uv": [ 2, 12.75, 1, 12.5 ], "texture": "#texture", "rotation": 270 }
			}
		},
		{
			"__comment": "Box59",
			"from": [ 7.75, 12.75, 7 ],
			"to": [ 8, 14.75, 8 ],
			"faces": {
				"down": { "uv": [ 3.25, 8, 3, 7.75 ], "texture": "#texture", "rotation": 90 },
				"up": { "uv": [ 1.5, 8, 1.25, 7.75 ], "texture": "#texture", "rotation": 90 },
				"north": { "uv": [ 3.25, 8, 1.25, 7.75 ], "texture": "#texture", "rotation": 270 },
				"south": { "uv": [ 1.25, 8, 3.25, 7.75 ], "texture": "#texture", "rotation": 90 },
				"west": { "uv": [ 1.25, 8, 3.25, 7.75 ], "texture": "#texture", "rotation": 90 },
				"east": { "uv": [ 3.25, 8, 1.25, 7.75 ], "texture": "#texture", "rotation": 270 }
			}
		},
		{
			"__comment": "Box60",
			"from": [ 8, 13, 7 ],
			"to": [ 8.25, 14.75, 8 ],
			"faces": {
				"down": { "uv": [ 3, 8.25, 2.75, 8 ], "texture": "#texture", "rotation": 90 },
				"up": { "uv": [ 1.5, 8.25, 1.25, 8 ], "texture": "#texture", "rotation": 90 },
				"north": { "uv": [ 3, 8.25, 1.25, 8 ], "texture": "#texture", "rotation": 270 },
				"south": { "uv": [ 1.25, 8.25, 3, 8 ], "texture": "#texture", "rotation": 90 },
				"west": { "uv": [ 1.25, 8.25, 3, 8 ], "texture": "#texture", "rotation": 90 },
				"east": { "uv": [ 3, 8.25, 1.25, 8 ], "texture": "#texture", "rotation": 270 }
			}
		},
		{
			"__comment": "Box61",
			"from": [ 8.25, 13.25, 7 ],
			"to": [ 8.5, 14.75, 8 ],
			"faces": {
				"down": { "uv": [ 2.75, 8.5, 2.5, 8.25 ], "texture": "#texture", "rotation": 90 },
				"up": { "uv": [ 1.5, 8.5, 1.25, 8.25 ], "texture": "#texture", "rotation": 90 },
				"north": { "uv": [ 2.75, 8.5, 1.25, 8.25 ], "texture": "#texture", "rotation": 270 },
				"south": { "uv": [ 1.25, 8.5, 2.75, 8.25 ], "texture": "#texture", "rotation": 90 },
				"west": { "uv": [ 1.25, 8.5, 2.75, 8.25 ], "texture": "#texture", "rotation": 90 },
				"east": { "uv": [ 2.75, 8.5, 1.25, 8.25 ], "texture": "#texture", "rotation": 270 }
			}
		},
		{
			"__comment": "Box62",
			"from": [ 12.75, 13.75, 7 ],
			"to": [ 13.5, 14.75, 8 ],
			"faces": {
				"down": { "uv": [ 2.25, 13.5, 2, 12.75 ], "texture": "#texture", "rotation": 90 },
				"up": { "uv": [ 1.5, 13.5, 1.25, 12.75 ], "texture": "#texture", "rotation": 90 },
				"north": { "uv": [ 2.25, 13.5, 1.25, 12.75 ], "texture": "#texture", "rotation": 270 },
				"south": { "uv": [ 1.25, 13.5, 2.25, 12.75 ], "texture": "#texture", "rotation": 90 },
				"west": { "uv": [ 1.25, 13, 2.25, 12.75 ], "texture": "#texture", "rotation": 90 },
				"east": { "uv": [ 2.25, 13.5, 1.25, 13.25 ], "texture": "#texture", "rotation": 270 }
			}
		},
		{
			"__comment": "Box63",
			"from": [ 7.25, 12.5, 7 ],
			"to": [ 7.75, 14.5, 8 ],
			"faces": {
				"down": { "uv": [ 3.5, 7.75, 3.25, 7.25 ], "texture": "#texture", "rotation": 90 },
				"up": { "uv": [ 1.75, 7.75, 1.5, 7.25 ], "texture": "#texture", "rotation": 90 },
				"north": { "uv": [ 3.5, 7.75, 1.5, 7.25 ], "texture": "#texture", "rotation": 270 },
				"south": { "uv": [ 1.5, 7.75, 3.5, 7.25 ], "texture": "#texture", "rotation": 90 },
				"west": { "uv": [ 1.5, 7.5, 3.5, 7.25 ], "texture": "#texture", "rotation": 90 },
				"east": { "uv": [ 3.5, 7.75, 1.5, 7.5 ], "texture": "#texture", "rotation": 270 }
			}
		},
		{
			"__comment": "Box64",
			"from": [ 13.5, 13.5, 7 ],
			"to": [ 14.25, 14.5, 8 ],
			"faces": {
				"down": { "uv": [ 2.5, 14.25, 2.25, 13.5 ], "texture": "#texture", "rotation": 90 },
				"up": { "uv": [ 1.75, 14.25, 1.5, 13.5 ], "texture": "#texture", "rotation": 90 },
				"north": { "uv": [ 2.5, 14.25, 1.5, 13.5 ], "texture": "#texture", "rotation": 270 },
				"south": { "uv": [ 1.5, 14.25, 2.5, 13.5 ], "texture": "#texture", "rotation": 90 },
				"west": { "uv": [ 1.5, 13.75, 2.5, 13.5 ], "texture": "#texture", "rotation": 90 },
				"east": { "uv": [ 2.5, 14.25, 1.5, 14 ], "texture": "#texture", "rotation": 270 }
			}
		},
		{
			"__comment": "Box65",
			"from": [ 6.5, 12, 7 ],
			"to": [ 7, 14.25, 8 ],
			"faces": {
				"down": { "uv": [ 4, 7, 3.75, 6.5 ], "texture": "#texture", "rotation": 90 },
				"up": { "uv": [ 2, 7, 1.75, 6.5 ], "texture": "#texture", "rotation": 90 },
				"north": { "uv": [ 4, 7, 1.75, 6.5 ], "texture": "#texture", "rotation": 270 },
				"south": { "uv": [ 1.75, 7, 4, 6.5 ], "texture": "#texture", "rotation": 90 },
				"west": { "uv": [ 1.75, 6.75, 4, 6.5 ], "texture": "#texture", "rotation": 90 },
				"east": { "uv": [ 4, 7, 1.75, 6.75 ], "texture": "#texture", "rotation": 270 }
			}
		},
		{
			"__comment": "Box66",
			"from": [ 7, 12.25, 7 ],
			"to": [ 7.25, 14.25, 8 ],
			"faces": {
				"down": { "uv": [ 3.75, 7.25, 3.5, 7 ], "texture": "#texture", "rotation": 90 },
				"up": { "uv": [ 2, 7.25, 1.75, 7 ], "texture": "#texture", "rotation": 90 },
				"north": { "uv": [ 3.75, 7.25, 1.75, 7 ], "texture": "#texture", "rotation": 270 },
				"south": { "uv": [ 1.75, 7.25, 3.75, 7 ], "texture": "#texture", "rotation": 90 },
				"west": { "uv": [ 1.75, 7.25, 3.75, 7 ], "texture": "#texture", "rotation": 90 },
				"east": { "uv": [ 3.75, 7.25, 1.75, 7 ], "texture": "#texture", "rotation": 270 }
			}
		},
		{
			"__comment": "Box67",
			"from": [ 14.25, 13.25, 7 ],
			"to": [ 14.75, 14.25, 8 ],
			"faces": {
				"down": { "uv": [ 2.75, 14.75, 2.5, 14.25 ], "texture": "#texture", "rotation": 90 },
				"up": { "uv": [ 2, 14.75, 1.75, 14.25 ], "texture": "#texture", "rotation": 90 },
				"north": { "uv": [ 2.75, 14.75, 1.75, 14.25 ], "texture": "#texture", "rotation": 270 },
				"south": { "uv": [ 1.75, 14.75, 2.75, 14.25 ], "texture": "#texture", "rotation": 90 },
				"west": { "uv": [ 1.75, 14.5, 2.75, 14.25 ], "texture": "#texture", "rotation": 90 },
				"east": { "uv": [ 2.75, 14.75, 1.75, 14.5 ], "texture": "#texture", "rotation": 270 }
			}
		},
		{
			"__comment": "Box68",
			"from": [ 6.25, 12, 7 ],
			"to": [ 6.5, 14, 8 ],
			"faces": {
				"down": { "uv": [ 4, 6.5, 3.75, 6.25 ], "texture": "#texture", "rotation": 90 },
				"up": { "uv": [ 2.25, 6.5, 2, 6.25 ], "texture": "#texture", "rotation": 90 },
				"north": { "uv": [ 4, 6.5, 2, 6.25 ], "texture": "#texture", "rotation": 270 },
				"south": { "uv": [ 2, 6.5, 4, 6.25 ], "texture": "#texture", "rotation": 90 },
				"west": { "uv": [ 2, 6.5, 4, 6.25 ], "texture": "#texture", "rotation": 90 },
				"east": { "uv": [ 4, 6.5, 2, 6.25 ], "texture": "#texture", "rotation": 270 }
			}
		},
		{
			"__comment": "Box69",
			"from": [ 14.75, 13.25, 7 ],
			"to": [ 15.25, 14, 8 ],
			"faces": {
				"down": { "uv": [ 2.75, 15.25, 2.5, 14.75 ], "texture": "#texture", "rotation": 90 },
				"up": { "uv": [ 2.25, 15.25, 2, 14.75 ], "texture": "#texture", "rotation": 90 },
				"north": { "uv": [ 2.75, 15.25, 2, 14.75 ], "texture": "#texture", "rotation": 270 },
				"south": { "uv": [ 2, 15.25, 2.75, 14.75 ], "texture": "#texture", "rotation": 90 },
				"west": { "uv": [ 2, 15, 2.75, 14.75 ], "texture": "#texture", "rotation": 90 },
				"east": { "uv": [ 2.75, 15.25, 2, 15 ], "texture": "#texture", "rotation": 270 }
			}
		},
		{
			"__comment": "Box70",
			"from": [ 5.75, 11.5, 7 ],
			"to": [ 6, 13.75, 8 ],
			"faces": {
				"down": { "uv": [ 4.5, 6, 4.25, 5.75 ], "texture": "#texture", "rotation": 90 },
				"up": { "uv": [ 2.5, 6, 2.25, 5.75 ], "texture": "#texture", "rotation": 90 },
				"north": { "uv": [ 4.5, 6, 2.25, 5.75 ], "texture": "#texture", "rotation": 270 },
				"south": { "uv": [ 2.25, 6, 4.5, 5.75 ], "texture": "#texture", "rotation": 90 },
				"west": { "uv": [ 2.25, 6, 4.5, 5.75 ], "texture": "#texture", "rotation": 90 },
				"east": { "uv": [ 4.5, 6, 2.25, 5.75 ], "texture": "#texture", "rotation": 270 }
			}
		},
		{
			"__comment": "Box71",
			"from": [ 6, 11.75, 7 ],
			"to": [ 6.25, 13.75, 8 ],
			"faces": {
				"down": { "uv": [ 4.25, 6.25, 4, 6 ], "texture": "#texture", "rotation": 90 },
				"up": { "uv": [ 2.5, 6.25, 2.25, 6 ], "texture": "#texture", "rotation": 90 },
				"north": { "uv": [ 4.25, 6.25, 2.25, 6 ], "texture": "#texture", "rotation": 270 },
				"south": { "uv": [ 2.25, 6.25, 4.25, 6 ], "texture": "#texture", "rotation": 90 },
				"west": { "uv": [ 2.25, 6.25, 4.25, 6 ], "texture": "#texture", "rotation": 90 },
				"east": { "uv": [ 4.25, 6.25, 2.25, 6 ], "texture": "#texture", "rotation": 270 }
			}
		},
		{
			"__comment": "Box72",
			"from": [ 15.25, 13.5, 7 ],
			"to": [ 15.5, 13.75, 8 ],
			"faces": {
				"down": { "uv": [ 2.5, 15.5, 2.25, 15.25 ], "texture": "#texture", "rotation": 90 },
				"up": { "uv": [ 2.5, 15.5, 2.25, 15.25 ], "texture": "#texture", "rotation": 90 },
				"north": { "uv": [ 2.5, 15.5, 2.25, 15.25 ], "texture": "#texture", "rotation": 270 },
				"south": { "uv": [ 2.25, 15.5, 2.5, 15.25 ], "texture": "#texture", "rotation": 90 },
				"west": { "uv": [ 2.25, 15.5, 2.5, 15.25 ], "texture": "#texture", "rotation": 90 },
				"east": { "uv": [ 2.5, 15.5, 2.25, 15.25 ], "texture": "#texture", "rotation": 270 }
			}
		},
		{
			"__comment": "Box73",
			"from": [ 5.5, 11.25, 7 ],
			"to": [ 5.75, 13.25, 8 ],
			"faces": {
				"down": { "uv": [ 4.75, 5.75, 4.5, 5.5 ], "texture": "#texture", "rotation": 90 },
				"up": { "uv": [ 3, 5.75, 2.75, 5.5 ], "texture": "#texture", "rotation": 90 },
				"north": { "uv": [ 4.75, 5.75, 2.75, 5.5 ], "texture": "#texture", "rotation": 270 },
				"south": { "uv": [ 2.75, 5.75, 4.75, 5.5 ], "texture": "#texture", "rotation": 90 },
				"west": { "uv": [ 2.75, 5.75, 4.75, 5.5 ], "texture": "#texture", "rotation": 90 },
				"east": { "uv": [ 4.75, 5.75, 2.75, 5.5 ], "texture": "#texture", "rotation": 270 }
			}
		},
		{
			"__comment": "Box74",
			"from": [ 5.25, 11, 7 ],
			"to": [ 5.5, 12.5, 8 ],
			"faces": {
				"down": { "uv": [ 5, 5.5, 4.75, 5.25 ], "texture": "#texture", "rotation": 90 },
				"up": { "uv": [ 3.75, 5.5, 3.5, 5.25 ], "texture": "#texture", "rotation": 90 },
				"north": { "uv": [ 5, 5.5, 3.5, 5.25 ], "texture": "#texture", "rotation": 270 },
				"south": { "uv": [ 3.5, 5.5, 5, 5.25 ], "texture": "#texture", "rotation": 90 },
				"west": { "uv": [ 3.5, 5.5, 5, 5.25 ], "texture": "#texture", "rotation": 90 },
				"east": { "uv": [ 5, 5.5, 3.5, 5.25 ], "texture": "#texture", "rotation": 270 }
			}
		},
		{
			"__comment": "Box75",
			"from": [ 5, 10.75, 7 ],
			"to": [ 5.25, 12.25, 8 ],
			"faces": {
				"down": { "uv": [ 5.25, 5.25, 5, 5 ], "texture": "#texture", "rotation": 90 },
				"up": { "uv": [ 4, 5.25, 3.75, 5 ], "texture": "#texture", "rotation": 90 },
				"north": { "uv": [ 5.25, 5.25, 3.75, 5 ], "texture": "#texture", "rotation": 270 },
				"south": { "uv": [ 3.75, 5.25, 5.25, 5 ], "texture": "#texture", "rotation": 90 },
				"west": { "uv": [ 3.75, 5.25, 5.25, 5 ], "texture": "#texture", "rotation": 90 },
				"east": { "uv": [ 5.25, 5.25, 3.75, 5 ], "texture": "#texture", "rotation": 270 }
			}
		},
		{
			"__comment": "Box76",
			"from": [ 4.75, 10.5, 7 ],
			"to": [ 5, 12, 8 ],
			"faces": {
				"down": { "uv": [ 5.5, 5, 5.25, 4.75 ], "texture": "#texture", "rotation": 90 },
				"up": { "uv": [ 4.25, 5, 4, 4.75 ], "texture": "#texture", "rotation": 90 },
				"north": { "uv": [ 5.5, 5, 4, 4.75 ], "texture": "#texture", "rotation": 270 },
				"south": { "uv": [ 4, 5, 5.5, 4.75 ], "texture": "#texture", "rotation": 90 },
				"west": { "uv": [ 4, 5, 5.5, 4.75 ], "texture": "#texture", "rotation": 90 },
				"east": { "uv": [ 5.5, 5, 4, 4.75 ], "texture": "#texture", "rotation": 270 }
			}
		},
		{
			"__comment": "Box77",
			"from": [ 4.5, 10.25, 7 ],
			"to": [ 4.75, 11.75, 8 ],
			"faces": {
				"down": { "uv": [ 5.75, 4.75, 5.5, 4.5 ], "texture": "#texture", "rotation": 90 },
				"up": { "uv": [ 4.5, 4.75, 4.25, 4.5 ], "texture": "#texture", "rotation": 90 },
				"north": { "uv": [ 5.75, 4.75, 4.25, 4.5 ], "texture": "#texture", "rotation": 270 },
				"south": { "uv": [ 4.25, 4.75, 5.75, 4.5 ], "texture": "#texture", "rotation": 90 },
				"west": { "uv": [ 4.25, 4.75, 5.75, 4.5 ], "texture": "#texture", "rotation": 90 },
				"east": { "uv": [ 5.75, 4.75, 4.25, 4.5 ], "texture": "#texture", "rotation": 270 }
			}
		},
		{
			"__comment": "Box78",
			"from": [ 4.25, 10, 7 ],
			"to": [ 4.5, 11.5, 8 ],
			"faces": {
				"down": { "uv": [ 6, 4.5, 5.75, 4.25 ], "texture": "#texture", "rotation": 90 },
				"up": { "uv": [ 4.75, 4.5, 4.5, 4.25 ], "texture": "#texture", "rotation": 90 },
				"north": { "uv": [ 6, 4.5, 4.5, 4.25 ], "texture": "#texture", "rotation": 270 },
				"south": { "uv": [ 4.5, 4.5, 6, 4.25 ], "texture": "#texture", "rotation": 90 },
				"west": { "uv": [ 4.5, 4.5, 6, 4.25 ], "texture": "#texture", "rotation": 90 },
				"east": { "uv": [ 6, 4.5, 4.5, 4.25 ], "texture": "#texture", "rotation": 270 }
			}
		},
		{
			"__comment": "Box79",
			"from": [ 4, 9, 7 ],
			"to": [ 4.25, 11.25, 8 ],
			"faces": {
				"down": { "uv": [ 7, 4.25, 6.75, 4 ], "texture": "#texture", "rotation": 90 },
				"up": { "uv": [ 5, 4.25, 4.75, 4 ], "texture": "#texture", "rotation": 90 },
				"north": { "uv": [ 7, 4.25, 4.75, 4 ], "texture": "#texture", "rotation": 270 },
				"south": { "uv": [ 4.75, 4.25, 7, 4 ], "texture": "#texture", "rotation": 90 },
				"west": { "uv": [ 4.75, 4.25, 7, 4 ], "texture": "#texture", "rotation": 90 },
				"east": { "uv": [ 7, 4.25, 4.75, 4 ], "texture": "#texture", "rotation": 270 }
			}
		},
		{
			"__comment": "Box80",
			"from": [ 3.75, 8.75, 7 ],
			"to": [ 4, 11, 8 ],
			"faces": {
				"down": { "uv": [ 7.25, 4, 7, 3.75 ], "texture": "#texture", "rotation": 90 },
				"up": { "uv": [ 5.25, 4, 5, 3.75 ], "texture": "#texture", "rotation": 90 },
				"north": { "uv": [ 7.25, 4, 5, 3.75 ], "texture": "#texture", "rotation": 270 },
				"south": { "uv": [ 5, 4, 7.25, 3.75 ], "texture": "#texture", "rotation": 90 },
				"west": { "uv": [ 5, 4, 7.25, 3.75 ], "texture": "#texture", "rotation": 90 },
				"east": { "uv": [ 7.25, 4, 5, 3.75 ], "texture": "#texture", "rotation": 270 }
			}
		},
		{
			"__comment": "Box81",
			"from": [ 3.5, 8.75, 7 ],
			"to": [ 3.75, 10.75, 8 ],
			"faces": {
				"down": { "uv": [ 7.25, 3.75, 7, 3.5 ], "texture": "#texture", "rotation": 90 },
				"up": { "uv": [ 5.5, 3.75, 5.25, 3.5 ], "texture": "#texture", "rotation": 90 },
				"north": { "uv": [ 7.25, 3.75, 5.25, 3.5 ], "texture": "#texture", "rotation": 270 },
				"south": { "uv": [ 5.25, 3.75, 7.25, 3.5 ], "texture": "#texture", "rotation": 90 },
				"west": { "uv": [ 5.25, 3.75, 7.25, 3.5 ], "texture": "#texture", "rotation": 90 },
				"east": { "uv": [ 7.25, 3.75, 5.25, 3.5 ], "texture": "#texture", "rotation": 270 }
			}
		},
		{
			"__comment": "Box82",
			"from": [ 3, 8, 7 ],
			"to": [ 3.25, 10.5, 8 ],
			"faces": {
				"down": { "uv": [ 8, 3.25, 7.75, 3 ], "texture": "#texture", "rotation": 90 },
				"up": { "uv": [ 5.75, 3.25, 5.5, 3 ], "texture": "#texture", "rotation": 90 },
				"north": { "uv": [ 8, 3.25, 5.5, 3 ], "texture": "#texture", "rotation": 270 },
				"south": { "uv": [ 5.5, 3.25, 8, 3 ], "texture": "#texture", "rotation": 90 },
				"west": { "uv": [ 5.5, 3.25, 8, 3 ], "texture": "#texture", "rotation": 90 },
				"east": { "uv": [ 8, 3.25, 5.5, 3 ], "texture": "#texture", "rotation": 270 }
			}
		},
		{
			"__comment": "Box83",
			"from": [ 3.25, 8.25, 7 ],
			"to": [ 3.5, 10.5, 8 ],
			"faces": {
				"down": { "uv": [ 7.75, 3.5, 7.5, 3.25 ], "texture": "#texture", "rotation": 90 },
				"up": { "uv": [ 5.75, 3.5, 5.5, 3.25 ], "texture": "#texture", "rotation": 90 },
				"north": { "uv": [ 7.75, 3.5, 5.5, 3.25 ], "texture": "#texture", "rotation": 270 },
				"south": { "uv": [ 5.5, 3.5, 7.75, 3.25 ], "texture": "#texture", "rotation": 90 },
				"west": { "uv": [ 5.5, 3.5, 7.75, 3.25 ], "texture": "#texture", "rotation": 90 },
				"east": { "uv": [ 7.75, 3.5, 5.5, 3.25 ], "texture": "#texture", "rotation": 270 }
			}
		},
		{
			"__comment": "Box84",
			"from": [ 2.5, 7.25, 7 ],
			"to": [ 2.75, 10.25, 8 ],
			"faces": {
				"down": { "uv": [ 8.75, 2.75, 8.5, 2.5 ], "texture": "#texture", "rotation": 90 },
				"up": { "uv": [ 6, 2.75, 5.75, 2.5 ], "texture": "#texture", "rotation": 90 },
				"north": { "uv": [ 8.75, 2.75, 5.75, 2.5 ], "texture": "#texture", "rotation": 270 },
				"south": { "uv": [ 5.75, 2.75, 8.75, 2.5 ], "texture": "#texture", "rotation": 90 },
				"west": { "uv": [ 5.75, 2.75, 8.75, 2.5 ], "texture": "#texture", "rotation": 90 },
				"east": { "uv": [ 8.75, 2.75, 5.75, 2.5 ], "texture": "#texture", "rotation": 270 }
			}
		},
		{
			"__comment": "Box85",
			"from": [ 2.75, 7.75, 7 ],
			"to": [ 3, 10.25, 8 ],
			"faces": {
				"down": { "uv": [ 8.25, 3, 8, 2.75 ], "texture": "#texture", "rotation": 90 },
				"up": { "uv": [ 6, 3, 5.75, 2.75 ], "texture": "#texture", "rotation": 90 },
				"north": { "uv": [ 8.25, 3, 5.75, 2.75 ], "texture": "#texture", "rotation": 270 },
				"south": { "uv": [ 5.75, 3, 8.25, 2.75 ], "texture": "#texture", "rotation": 90 },
				"west": { "uv": [ 5.75, 3, 8.25, 2.75 ], "texture": "#texture", "rotation": 90 },
				"east": { "uv": [ 8.25, 3, 5.75, 2.75 ], "texture": "#texture", "rotation": 270 }
			}
		},
		{
			"__comment": "Box86",
			"from": [ 2, 6.25, 7 ],
			"to": [ 2.25, 9.75, 8 ],
			"faces": {
				"down": { "uv": [ 9.75, 2.25, 9.5, 2 ], "texture": "#texture", "rotation": 90 },
				"up": { "uv": [ 6.5, 2.25, 6.25, 2 ], "texture": "#texture", "rotation": 90 },
				"north": { "uv": [ 9.75, 2.25, 6.25, 2 ], "texture": "#texture", "rotation": 270 },
				"south": { "uv": [ 6.25, 2.25, 9.75, 2 ], "texture": "#texture", "rotation": 90 },
				"west": { "uv": [ 6.25, 2.25, 9.75, 2 ], "texture": "#texture", "rotation": 90 },
				"east": { "uv": [ 9.75, 2.25, 6.25, 2 ], "texture": "#texture", "rotation": 270 }
			}
		},
		{
			"__comment": "Box87",
			"from": [ 2.25, 6.75, 7 ],
			"to": [ 2.5, 9.75, 8 ],
			"faces": {
				"down": { "uv": [ 9.25, 2.5, 9, 2.25 ], "texture": "#texture", "rotation": 90 },
				"up": { "uv": [ 6.5, 2.5, 6.25, 2.25 ], "texture": "#texture", "rotation": 90 },
				"north": { "uv": [ 9.25, 2.5, 6.25, 2.25 ], "texture": "#texture", "rotation": 270 },
				"south": { "uv": [ 6.25, 2.5, 9.25, 2.25 ], "texture": "#texture", "rotation": 90 },
				"west": { "uv": [ 6.25, 2.5, 9.25, 2.25 ], "texture": "#texture", "rotation": 90 },
				"east": { "uv": [ 9.25, 2.5, 6.25, 2.25 ], "texture": "#texture", "rotation": 270 }
			}
		},
		{
			"__comment": "Box88",
			"from": [ 1.75, 1.25, 7 ],
			"to": [ 2, 9.5, 8 ],
			"faces": {
				"down": { "uv": [ 14.75, 2, 14.5, 1.75 ], "texture": "#texture", "rotation": 90 },
				"up": { "uv": [ 6.75, 2, 6.5, 1.75 ], "texture": "#texture", "rotation": 90 },
				"north": { "uv": [ 14.75, 2, 6.5, 1.75 ], "texture": "#texture", "rotation": 270 },
				"south": { "uv": [ 6.5, 2, 14.75, 1.75 ], "texture": "#texture", "rotation": 90 },
				"west": { "uv": [ 6.5, 2, 14.75, 1.75 ], "texture": "#texture", "rotation": 90 },
				"east": { "uv": [ 14.75, 2, 6.5, 1.75 ], "texture": "#texture", "rotation": 270 }
			}
		},
		{
			"__comment": "Box89",
			"from": [ 1.5, 1.75, 7 ],
			"to": [ 1.75, 8.75, 8 ],
			"faces": {
				"down": { "uv": [ 14.25, 1.75, 14, 1.5 ], "texture": "#texture", "rotation": 90 },
				"up": { "uv": [ 7.5, 1.75, 7.25, 1.5 ], "texture": "#texture", "rotation": 90 },
				"north": { "uv": [ 14.25, 1.75, 7.25, 1.5 ], "texture": "#texture", "rotation": 270 },
				"south": { "uv": [ 7.25, 1.75, 14.25, 1.5 ], "texture": "#texture", "rotation": 90 },
				"west": { "uv": [ 7.25, 1.75, 14.25, 1.5 ], "texture": "#texture", "rotation": 90 },
				"east": { "uv": [ 14.25, 1.75, 7.25, 1.5 ], "texture": "#texture", "rotation": 270 }
			}
		},
		{
			"__comment": "Box90",
			"from": [ 1.25, 2.5, 7 ],
			"to": [ 1.5, 8.25, 8 ],
			"faces": {
				"down": { "uv": [ 13.5, 1.5, 13.25, 1.25 ], "texture": "#texture", "rotation": 90 },
				"up": { "uv": [ 8, 1.5, 7.75, 1.25 ], "texture": "#texture", "rotation": 90 },
				"north": { "uv": [ 13.5, 1.5, 7.75, 1.25 ], "texture": "#texture", "rotation": 270 },
				"south": { "uv": [ 7.75, 1.5, 13.5, 1.25 ], "texture": "#texture", "rotation": 90 },
				"west": { "uv": [ 7.75, 1.5, 13.5, 1.25 ], "texture": "#texture", "rotation": 90 },
				"east": { "uv": [ 13.5, 1.5, 7.75, 1.25 ], "texture": "#texture", "rotation": 270 }
			}
		},
		{
			"__comment": "Box91",
			"from": [ 1, 3.25, 7 ],
			"to": [ 1.25, 7.5, 8 ],
			"faces": {
				"down": { "uv": [ 12.75, 1.25, 12.5, 1 ], "texture": "#texture", "rotation": 90 },
				"up": { "uv": [ 8.75, 1.25, 8.5, 1 ], "texture": "#texture", "rotation": 90 },
				"north": { "uv": [ 12.75, 1.25, 8.5, 1 ], "texture": "#texture", "rotation": 270 },
				"south": { "uv": [ 8.5, 1.25, 12.75, 1 ], "texture": "#texture", "rotation": 90 },
				"west": { "uv": [ 8.5, 1.25, 12.75, 1 ], "texture": "#texture", "rotation": 90 },
				"east": { "uv": [ 12.75, 1.25, 8.5, 1 ], "texture": "#texture", "rotation": 270 }
			}
		},
		{
			"__comment": "Box92",
			"from": [ 0.75, 4, 7 ],
			"to": [ 1, 6.5, 8 ],
			"faces": {
				"down": { "uv": [ 12, 1, 11.75, 0.75 ], "texture": "#texture", "rotation": 90 },
				"up": { "uv": [ 9.75, 1, 9.5, 0.75 ], "texture": "#texture", "rotation": 90 },
				"north": { "uv": [ 12, 1, 9.5, 0.75 ], "texture": "#texture", "rotation": 270 },
				"south": { "uv": [ 9.5, 1, 12, 0.75 ], "texture": "#texture", "rotation": 90 },
				"west": { "uv": [ 9.5, 1, 12, 0.75 ], "texture": "#texture", "rotation": 90 },
				"east": { "uv": [ 12, 1, 9.5, 0.75 ], "texture": "#texture", "rotation": 270 }
			}
		},
		{
			"__comment": "Box93",
			"from": [ 2, 0.75, 7 ],
			"to": [ 2.25, 3.25, 8 ],
			"faces": {
				"down": { "uv": [ 15.25, 2.25, 15, 2 ], "texture": "#texture", "rotation": 90 },
				"up": { "uv": [ 13, 2.25, 12.75, 2 ], "texture": "#texture", "rotation": 90 },
				"north": { "uv": [ 15.25, 2.25, 12.75, 2 ], "texture": "#texture", "rotation": 270 },
				"south": { "uv": [ 12.75, 2.25, 15.25, 2 ], "texture": "#texture", "rotation": 90 },
				"west": { "uv": [ 12.75, 2.25, 15.25, 2 ], "texture": "#texture", "rotation": 90 },
				"east": { "uv": [ 15.25, 2.25, 12.75, 2 ], "texture": "#texture", "rotation": 270 }
			}
		},
		{
			"__comment": "Box94",
			"from": [ 2.25, 0.5, 7 ],
			"to": [ 2.5, 2.5, 8 ],
			"faces": {
				"down": { "uv": [ 15.5, 2.5, 15.25, 2.25 ], "texture": "#texture", "rotation": 90 },
				"up": { "uv": [ 13.75, 2.5, 13.5, 2.25 ], "texture": "#texture", "rotation": 90 },
				"north": { "uv": [ 15.5, 2.5, 13.5, 2.25 ], "texture": "#texture", "rotation": 270 },
				"south": { "uv": [ 13.5, 2.5, 15.5, 2.25 ], "texture": "#texture", "rotation": 90 },
				"west": { "uv": [ 13.5, 2.5, 15.5, 2.25 ], "texture": "#texture", "rotation": 90 },
				"east": { "uv": [ 15.5, 2.5, 13.5, 2.25 ], "texture": "#texture", "rotation": 270 }
			}
		},
		{
			"__comment": "Box95",
			"from": [ 2.5, 0.75, 7 ],
			"to": [ 2.75, 1.75, 8 ],
			"faces": {
				"down": { "uv": [ 15.25, 2.75, 15, 2.5 ], "texture": "#texture", "rotation": 90 },
				"up": { "uv": [ 14.5, 2.75, 14.25, 2.5 ], "texture": "#texture", "rotation": 90 },
				"north": { "uv": [ 15.25, 2.75, 14.25, 2.5 ], "texture": "#texture", "rotation": 270 },
				"south": { "uv": [ 14.25, 2.75, 15.25, 2.5 ], "texture": "#texture", "rotation": 90 },
				"west": { "uv": [ 14.25, 2.75, 15.25, 2.5 ], "texture": "#texture", "rotation": 90 },
				"east": { "uv": [ 15.25, 2.75, 14.25, 2.5 ], "texture": "#texture", "rotation": 270 }
			}
		},
		{
			"__comment": "Box45",
			"from": [ 4.375, 2.5, 7.375 ],
			"to": [ 4.625, 2.75, 7.625 ],
			"faces": {
				"down": { "uv": [ 13.75, 4.5, 13.5, 4.25 ], "texture": "#texture", "rotation": 90 },
				"up": { "uv": [ 13.75, 4.5, 13.5, 4.25 ], "texture": "#texture", "rotation": 90 },
				"north": { "uv": [ 13.75, 4.5, 13.5, 4.25 ], "texture": "#texture", "rotation": 270 },
				"south": { "uv": [ 13.5, 4.5, 13.75, 4.25 ], "texture": "#texture", "rotation": 90 },
				"west": { "uv": [ 13.5, 4.5, 13.75, 4.25 ], "texture": "#texture", "rotation": 90 },
				"east": { "uv": [ 13.75, 4.5, 13.5, 4.25 ], "texture": "#texture", "rotation": 270 }
			}
		}
	],
	"display": {
		"thirdperson_righthand": {
			"rotation":  [ -45, -94, 0 ],
			"translation":  [ -2.086, -2.086, 5.5652 ],
			"scale":  [ 1.2, 1.2, 1 ]
		},
		"firstperson_righthand": {
			"rotation":  [ -38, -112, 25 ],
			"translation":  [ 4.8695, 3.4782, 0 ],
			"scale":  [ 1.3, 1.3, 1 ]
		},
		"gui": {
			"rotation":  [ 22, 27, 0 ],
			"translation":  [ 0, 0, 16 ],
			"scale":  [ 1.2, 1.2, 1 ]
		},
		"ground": {
			"rotation":  [ 0, 0, -25 ],
			"translation":  [ 0, 4.8695, 0 ],
			"scale":  [ 1.2, 1.2, 1 ]
		},
		"fixed": {
			"scale":  [ 1.2, 1.2, 1 ]
		}
	},
	"overrides": [
		{
			"predicate": {
				"pulling": 1
			},
			"model": "item/bow_pulling_0"
		},
		{
			"predicate": {
				"pull": 0.65,
				"pulling": 1
			},
			"model": "item/bow_pulling_1"
		},
		{
			"predicate": {
				"pull": 0.9,
				"pulling": 1
			},
			"model": "item/bow_pulling_2"
		}
	]
}