{
"__comment": "Designed by S9855027 with BDcraft Cubik PRO 0.96 Beta - http://bdcraft.net",
"elements": [ 
{
    "__comment": "1 x32",
    "from": [ 3.5, 6.5, 7.5 ],
    "to": [ 4, 9, 8 ],
    "faces": {
        "down":  { "uv": [ 3.5, 9.5, 4, 9 ], "texture": "#texture" },
        "up":    { "uv": [ 3.5, 7, 4, 7.5 ], "texture": "#texture" },
        "north": { "uv": [ 4, 7, 3.5, 9.5 ], "texture": "#texture" },
        "south": { "uv": [ 3.5, 7, 4, 9.5 ], "texture": "#texture" },
        "west":  { "uv": [ 3.5, 7, 4, 9.5 ], "texture": "#texture" },
        "east":  { "uv": [ 4, 7, 3.5, 9.5 ], "texture": "#texture" }
    }
},
{
    "__comment": "1 x32",
    "from": [ 4, 9, 7.5 ],
    "to": [ 4.5, 10.5, 8 ],
    "faces": {
        "down":  { "uv": [ 4, 7, 4.5, 6.5 ], "texture": "#texture" },
        "up":    { "uv": [ 4, 5.5, 4.5, 6 ], "texture": "#texture" },
        "north": { "uv": [ 4.5, 5.5, 4, 7 ], "texture": "#texture" },
        "south": { "uv": [ 4, 5.5, 4.5, 7 ], "texture": "#texture" },
        "west":  { "uv": [ 4, 5.5, 4.5, 7 ], "texture": "#texture" },
        "east":  { "uv": [ 4.5, 5.5, 4, 7 ], "texture": "#texture" }
    }
},
{
    "__comment": "1 x32",
    "from": [ 4, 5, 7.5 ],
    "to": [ 4.5, 6.5, 8 ],
    "faces": {
        "down":  { "uv": [ 4, 11, 4.5, 10.5 ], "texture": "#texture" },
        "up":    { "uv": [ 4, 9.5, 4.5, 10 ], "texture": "#texture" },
        "north": { "uv": [ 4.5, 9.5, 4, 11 ], "texture": "#texture" },
        "south": { "uv": [ 4, 9.5, 4.5, 11 ], "texture": "#texture" },
        "west":  { "uv": [ 4, 9.5, 4.5, 11 ], "texture": "#texture" },
        "east":  { "uv": [ 4.5, 9.5, 4, 11 ], "texture": "#texture" }
    }
},
{
    "__comment": "1 x32",
    "from": [ 4.5, 10.5, 7.5 ],
    "to": [ 5, 11, 8 ],
    "faces": {
        "down":  { "uv": [ 4.5, 5.5, 5, 5 ], "texture": "#texture" },
        "up":    { "uv": [ 4.5, 5, 5, 5.5 ], "texture": "#texture" },
        "north": { "uv": [ 5, 5, 4.5, 5.5 ], "texture": "#texture" },
        "south": { "uv": [ 4.5, 5, 5, 5.5 ], "texture": "#texture" },
        "west":  { "uv": [ 4.5, 5, 5, 5.5 ], "texture": "#texture" },
        "east":  { "uv": [ 5, 5, 4.5, 5.5 ], "texture": "#texture" }
    }
},
{
    "__comment": "1 x32",
    "from": [ 4.5, 4.5, 7.5 ],
    "to": [ 5, 5, 8 ],
    "faces": {
        "down":  { "uv": [ 4.5, 11.5, 5, 11 ], "texture": "#texture" },
        "up":    { "uv": [ 4.5, 11, 5, 11.5 ], "texture": "#texture" },
        "north": { "uv": [ 5, 11, 4.5, 11.5 ], "texture": "#texture" },
        "south": { "uv": [ 4.5, 11, 5, 11.5 ], "texture": "#texture" },
        "west":  { "uv": [ 4.5, 11, 5, 11.5 ], "texture": "#texture" },
        "east":  { "uv": [ 5, 11, 4.5, 11.5 ], "texture": "#texture" }
    }
},
{
    "__comment": "1 x32",
    "from": [ 5, 11, 7.5 ],
    "to": [ 5.5, 11.5, 8 ],
    "faces": {
        "down":  { "uv": [ 5, 5, 5.5, 4.5 ], "texture": "#texture" },
        "up":    { "uv": [ 5, 4.5, 5.5, 5 ], "texture": "#texture" },
        "north": { "uv": [ 5.5, 4.5, 5, 5 ], "texture": "#texture" },
        "south": { "uv": [ 5, 4.5, 5.5, 5 ], "texture": "#texture" },
        "west":  { "uv": [ 5, 4.5, 5.5, 5 ], "texture": "#texture" },
        "east":  { "uv": [ 5.5, 4.5, 5, 5 ], "texture": "#texture" }
    }
},
{
    "__comment": "1 x32",
    "from": [ 5, 4, 7.5 ],
    "to": [ 5.5, 4.5, 8 ],
    "faces": {
        "down":  { "uv": [ 5, 12, 5.5, 11.5 ], "texture": "#texture" },
        "up":    { "uv": [ 5, 11.5, 5.5, 12 ], "texture": "#texture" },
        "north": { "uv": [ 5.5, 11.5, 5, 12 ], "texture": "#texture" },
        "south": { "uv": [ 5, 11.5, 5.5, 12 ], "texture": "#texture" },
        "west":  { "uv": [ 5, 11.5, 5.5, 12 ], "texture": "#texture" },
        "east":  { "uv": [ 5.5, 11.5, 5, 12 ], "texture": "#texture" }
    }
},
{
    "__comment": "1 x32",
    "from": [ 5.5, 11.5, 7.5 ],
    "to": [ 7, 12, 8 ],
    "faces": {
        "down":  { "uv": [ 5.5, 4.5, 7, 4 ], "texture": "#texture" },
        "up":    { "uv": [ 5.5, 4, 7, 4.5 ], "texture": "#texture" },
        "north": { "uv": [ 7, 4, 5.5, 4.5 ], "texture": "#texture" },
        "south": { "uv": [ 5.5, 4, 7, 4.5 ], "texture": "#texture" },
        "west":  { "uv": [ 5.5, 4, 6, 4.5 ], "texture": "#texture" },
        "east":  { "uv": [ 7, 4, 6.5, 4.5 ], "texture": "#texture" }
    }
},
{
    "__comment": "1 x32",
    "from": [ 5.5, 3.5, 7.5 ],
    "to": [ 7, 4, 8 ],
    "faces": {
        "down":  { "uv": [ 5.5, 12.5, 7, 12 ], "texture": "#texture" },
        "up":    { "uv": [ 5.5, 12, 7, 12.5 ], "texture": "#texture" },
        "north": { "uv": [ 7, 12, 5.5, 12.5 ], "texture": "#texture" },
        "south": { "uv": [ 5.5, 12, 7, 12.5 ], "texture": "#texture" },
        "west":  { "uv": [ 5.5, 12, 6, 12.5 ], "texture": "#texture" },
        "east":  { "uv": [ 7, 12, 6.5, 12.5 ], "texture": "#texture" }
    }
},
{
    "__comment": "1 x32",
    "from": [ 7, 12, 7.5 ],
    "to": [ 9, 12.5, 8 ],
    "faces": {
        "down":  { "uv": [ 7, 4, 9, 3.5 ], "texture": "#texture" },
        "up":    { "uv": [ 7, 3.5, 9, 4 ], "texture": "#texture" },
        "north": { "uv": [ 9, 3.5, 7, 4 ], "texture": "#texture" },
        "south": { "uv": [ 7, 3.5, 9, 4 ], "texture": "#texture" },
        "west":  { "uv": [ 7, 3.5, 7.5, 4 ], "texture": "#texture" },
        "east":  { "uv": [ 9, 3.5, 8.5, 4 ], "texture": "#texture" }
    }
},
{
    "__comment": "1 x32",
    "from": [ 7, 3, 7.5 ],
    "to": [ 9, 3.5, 8 ],
    "faces": {
        "down":  { "uv": [ 7, 13, 9, 12.5 ], "texture": "#texture" },
        "up":    { "uv": [ 7, 12.5, 9, 13 ], "texture": "#texture" },
        "north": { "uv": [ 9, 12.5, 7, 13 ], "texture": "#texture" },
        "south": { "uv": [ 7, 12.5, 9, 13 ], "texture": "#texture" },
        "west":  { "uv": [ 7, 12.5, 7.5, 13 ], "texture": "#texture" },
        "east":  { "uv": [ 9, 12.5, 8.5, 13 ], "texture": "#texture" }
    }
},
{
    "__comment": "1 x32",
    "from": [ 9, 11.5, 7.5 ],
    "to": [ 10.5, 12, 8 ],
    "faces": {
        "down":  { "uv": [ 9, 4.5, 10.5, 4 ], "texture": "#texture" },
        "up":    { "uv": [ 9, 4, 10.5, 4.5 ], "texture": "#texture" },
        "north": { "uv": [ 10.5, 4, 9, 4.5 ], "texture": "#texture" },
        "south": { "uv": [ 9, 4, 10.5, 4.5 ], "texture": "#texture" },
        "west":  { "uv": [ 9, 4, 9.5, 4.5 ], "texture": "#texture" },
        "east":  { "uv": [ 10.5, 4, 10, 4.5 ], "texture": "#texture" }
    }
},
{
    "__comment": "1 x32",
    "from": [ 9, 3.5, 7.5 ],
    "to": [ 10.5, 4, 8 ],
    "faces": {
        "down":  { "uv": [ 9, 12.5, 10.5, 12 ], "texture": "#texture" },
        "up":    { "uv": [ 9, 12, 10.5, 12.5 ], "texture": "#texture" },
        "north": { "uv": [ 10.5, 12, 9, 12.5 ], "texture": "#texture" },
        "south": { "uv": [ 9, 12, 10.5, 12.5 ], "texture": "#texture" },
        "west":  { "uv": [ 9, 12, 9.5, 12.5 ], "texture": "#texture" },
        "east":  { "uv": [ 10.5, 12, 10, 12.5 ], "texture": "#texture" }
    }
},
{
    "__comment": "1 x32",
    "from": [ 10.5, 11, 7.5 ],
    "to": [ 11, 11.5, 8 ],
    "faces": {
        "down":  { "uv": [ 10.5, 5, 11, 4.5 ], "texture": "#texture" },
        "up":    { "uv": [ 10.5, 4.5, 11, 5 ], "texture": "#texture" },
        "north": { "uv": [ 11, 4.5, 10.5, 5 ], "texture": "#texture" },
        "south": { "uv": [ 10.5, 4.5, 11, 5 ], "texture": "#texture" },
        "west":  { "uv": [ 10.5, 4.5, 11, 5 ], "texture": "#texture" },
        "east":  { "uv": [ 11, 4.5, 10.5, 5 ], "texture": "#texture" }
    }
},
{
    "__comment": "1 x32",
    "from": [ 10.5, 4, 7.5 ],
    "to": [ 11, 4.5, 8 ],
    "faces": {
        "down":  { "uv": [ 10.5, 12, 11, 11.5 ], "texture": "#texture" },
        "up":    { "uv": [ 10.5, 11.5, 11, 12 ], "texture": "#texture" },
        "north": { "uv": [ 11, 11.5, 10.5, 12 ], "texture": "#texture" },
        "south": { "uv": [ 10.5, 11.5, 11, 12 ], "texture": "#texture" },
        "west":  { "uv": [ 10.5, 11.5, 11, 12 ], "texture": "#texture" },
        "east":  { "uv": [ 11, 11.5, 10.5, 12 ], "texture": "#texture" }
    }
},
{
    "__comment": "1 x32",
    "from": [ 11, 10.5, 7.5 ],
    "to": [ 11.5, 11, 8 ],
    "faces": {
        "down":  { "uv": [ 11, 5.5, 11.5, 5 ], "texture": "#texture" },
        "up":    { "uv": [ 11, 5, 11.5, 5.5 ], "texture": "#texture" },
        "north": { "uv": [ 11.5, 5, 11, 5.5 ], "texture": "#texture" },
        "south": { "uv": [ 11, 5, 11.5, 5.5 ], "texture": "#texture" },
        "west":  { "uv": [ 11, 5, 11.5, 5.5 ], "texture": "#texture" },
        "east":  { "uv": [ 11.5, 5, 11, 5.5 ], "texture": "#texture" }
    }
},
{
    "__comment": "1 x32",
    "from": [ 11, 4.5, 7.5 ],
    "to": [ 11.5, 5, 8 ],
    "faces": {
        "down":  { "uv": [ 11, 11.5, 11.5, 11 ], "texture": "#texture" },
        "up":    { "uv": [ 11, 11, 11.5, 11.5 ], "texture": "#texture" },
        "north": { "uv": [ 11.5, 11, 11, 11.5 ], "texture": "#texture" },
        "south": { "uv": [ 11, 11, 11.5, 11.5 ], "texture": "#texture" },
        "west":  { "uv": [ 11, 11, 11.5, 11.5 ], "texture": "#texture" },
        "east":  { "uv": [ 11.5, 11, 11, 11.5 ], "texture": "#texture" }
    }
},
{
    "__comment": "1 x32",
    "from": [ 11.5, 9, 7.5 ],
    "to": [ 12, 10.5, 8 ],
    "faces": {
        "down":  { "uv": [ 11.5, 7, 12, 6.5 ], "texture": "#texture" },
        "up":    { "uv": [ 11.5, 5.5, 12, 6 ], "texture": "#texture" },
        "north": { "uv": [ 12, 5.5, 11.5, 7 ], "texture": "#texture" },
        "south": { "uv": [ 11.5, 5.5, 12, 7 ], "texture": "#texture" },
        "west":  { "uv": [ 11.5, 5.5, 12, 7 ], "texture": "#texture" },
        "east":  { "uv": [ 12, 5.5, 11.5, 7 ], "texture": "#texture" }
    }
},
{
    "__comment": "1 x32",
    "from": [ 11.5, 5, 7.5 ],
    "to": [ 12, 6.5, 8 ],
    "faces": {
        "down":  { "uv": [ 11.5, 11, 12, 10.5 ], "texture": "#texture" },
        "up":    { "uv": [ 11.5, 9.5, 12, 10 ], "texture": "#texture" },
        "north": { "uv": [ 12, 9.5, 11.5, 11 ], "texture": "#texture" },
        "south": { "uv": [ 11.5, 9.5, 12, 11 ], "texture": "#texture" },
        "west":  { "uv": [ 11.5, 9.5, 12, 11 ], "texture": "#texture" },
        "east":  { "uv": [ 12, 9.5, 11.5, 11 ], "texture": "#texture" }
    }
},
{
    "__comment": "1 x32",
    "from": [ 12, 6.5, 7.5 ],
    "to": [ 12.5, 9, 8 ],
    "faces": {
        "down":  { "uv": [ 12, 9.5, 12.5, 9 ], "texture": "#texture" },
        "up":    { "uv": [ 12, 7, 12.5, 7.5 ], "texture": "#texture" },
        "north": { "uv": [ 12.5, 7, 12, 9.5 ], "texture": "#texture" },
        "south": { "uv": [ 12, 7, 12.5, 9.5 ], "texture": "#texture" },
        "west":  { "uv": [ 12, 7, 12.5, 9.5 ], "texture": "#texture" },
        "east":  { "uv": [ 12.5, 7, 12, 9.5 ], "texture": "#texture" }
    }
}
]
}