{
"__comment": "Designed by S9855027 with BDcraft Cubik PRO 0.96 Beta - http://bdcraft.net",
"elements": [ 
{
    "__comment": "2 x32",
    "from": [ 4, 6.5, 7.5 ],
    "to": [ 5, 9, 8.25 ],
    "faces": {
        "down":  { "uv": [ 4, 9.5, 5, 9 ], "texture": "#texture" },
        "up":    { "uv": [ 4, 7, 5, 7.5 ], "texture": "#texture" },
        "north": { "uv": [ 5, 7, 4, 9.5 ], "texture": "#texture" },
        "south": { "uv": [ 4, 7, 5, 9.5 ], "texture": "#texture" },
        "west":  { "uv": [ 4, 7, 4.5, 9.5 ], "texture": "#texture" },
        "east":  { "uv": [ 5, 7, 4.5, 9.5 ], "texture": "#texture" }
    }
},
{
    "__comment": "2 x32",
    "from": [ 4.5, 9, 7.5 ],
    "to": [ 5.5, 10.5, 8.25 ],
    "faces": {
        "down":  { "uv": [ 4.5, 7, 5.5, 6.5 ], "texture": "#texture" },
        "up":    { "uv": [ 4.5, 5.5, 5.5, 6 ], "texture": "#texture" },
        "north": { "uv": [ 5.5, 5.5, 4.5, 7 ], "texture": "#texture" },
        "south": { "uv": [ 4.5, 5.5, 5.5, 7 ], "texture": "#texture" },
        "west":  { "uv": [ 4.5, 5.5, 5, 7 ], "texture": "#texture" },
        "east":  { "uv": [ 5.5, 5.5, 5, 7 ], "texture": "#texture" }
    }
},
{
    "__comment": "2 x32",
    "from": [ 4.5, 5, 7.5 ],
    "to": [ 5.5, 6.5, 8.25 ],
    "faces": {
        "down":  { "uv": [ 4.5, 11, 5.5, 10.5 ], "texture": "#texture" },
        "up":    { "uv": [ 4.5, 9.5, 5.5, 10 ], "texture": "#texture" },
        "north": { "uv": [ 5.5, 9.5, 4.5, 11 ], "texture": "#texture" },
        "south": { "uv": [ 4.5, 9.5, 5.5, 11 ], "texture": "#texture" },
        "west":  { "uv": [ 4.5, 9.5, 5, 11 ], "texture": "#texture" },
        "east":  { "uv": [ 5.5, 9.5, 5, 11 ], "texture": "#texture" }
    }
},
{
    "__comment": "2 x32",
    "from": [ 5, 10.5, 7.5 ],
    "to": [ 7, 11, 8.25 ],
    "faces": {
        "down":  { "uv": [ 5, 5.5, 7, 5 ], "texture": "#texture" },
        "up":    { "uv": [ 5, 5, 7, 5.5 ], "texture": "#texture" },
        "north": { "uv": [ 7, 5, 5, 5.5 ], "texture": "#texture" },
        "south": { "uv": [ 5, 5, 7, 5.5 ], "texture": "#texture" },
        "west":  { "uv": [ 5, 5, 5.5, 5.5 ], "texture": "#texture" },
        "east":  { "uv": [ 7, 5, 6.5, 5.5 ], "texture": "#texture" }
    }
},
{
    "__comment": "2 x32",
    "from": [ 5, 4.5, 7.5 ],
    "to": [ 7, 5, 8.25 ],
    "faces": {
        "down":  { "uv": [ 5, 11.5, 7, 11 ], "texture": "#texture" },
        "up":    { "uv": [ 5, 11, 7, 11.5 ], "texture": "#texture" },
        "north": { "uv": [ 7, 11, 5, 11.5 ], "texture": "#texture" },
        "south": { "uv": [ 5, 11, 7, 11.5 ], "texture": "#texture" },
        "west":  { "uv": [ 5, 11, 5.5, 11.5 ], "texture": "#texture" },
        "east":  { "uv": [ 7, 11, 6.5, 11.5 ], "texture": "#texture" }
    }
},
{
    "__comment": "2 x32",
    "from": [ 5.5, 11, 7.5 ],
    "to": [ 10.5, 11.5, 8.25 ],
    "faces": {
        "down":  { "uv": [ 5.5, 5, 10.5, 4.5 ], "texture": "#texture" },
        "up":    { "uv": [ 5.5, 4.5, 10.5, 5 ], "texture": "#texture" },
        "north": { "uv": [ 10.5, 4.5, 5.5, 5 ], "texture": "#texture" },
        "south": { "uv": [ 5.5, 4.5, 10.5, 5 ], "texture": "#texture" },
        "west":  { "uv": [ 5.5, 4.5, 6, 5 ], "texture": "#texture" },
        "east":  { "uv": [ 10.5, 4.5, 10, 5 ], "texture": "#texture" }
    }
},
{
    "__comment": "2 x32",
    "from": [ 5.5, 4, 7.5 ],
    "to": [ 10.5, 4.5, 8.25 ],
    "faces": {
        "down":  { "uv": [ 5.5, 12, 10.5, 11.5 ], "texture": "#texture" },
        "up":    { "uv": [ 5.5, 11.5, 10.5, 12 ], "texture": "#texture" },
        "north": { "uv": [ 10.5, 11.5, 5.5, 12 ], "texture": "#texture" },
        "south": { "uv": [ 5.5, 11.5, 10.5, 12 ], "texture": "#texture" },
        "west":  { "uv": [ 5.5, 11.5, 6, 12 ], "texture": "#texture" },
        "east":  { "uv": [ 10.5, 11.5, 10, 12 ], "texture": "#texture" }
    }
},
{
    "__comment": "2 x32",
    "from": [ 7, 11.5, 7.5 ],
    "to": [ 9, 12, 8.25 ],
    "faces": {
        "down":  { "uv": [ 7, 4.5, 9, 4 ], "texture": "#texture" },
        "up":    { "uv": [ 7, 4, 9, 4.5 ], "texture": "#texture" },
        "north": { "uv": [ 9, 4, 7, 4.5 ], "texture": "#texture" },
        "south": { "uv": [ 7, 4, 9, 4.5 ], "texture": "#texture" },
        "west":  { "uv": [ 7, 4, 7.5, 4.5 ], "texture": "#texture" },
        "east":  { "uv": [ 9, 4, 8.5, 4.5 ], "texture": "#texture" }
    }
},
{
    "__comment": "2 x32",
    "from": [ 7, 3.5, 7.5 ],
    "to": [ 9, 4, 8.25 ],
    "faces": {
        "down":  { "uv": [ 7, 12.5, 9, 12 ], "texture": "#texture" },
        "up":    { "uv": [ 7, 12, 9, 12.5 ], "texture": "#texture" },
        "north": { "uv": [ 9, 12, 7, 12.5 ], "texture": "#texture" },
        "south": { "uv": [ 7, 12, 9, 12.5 ], "texture": "#texture" },
        "west":  { "uv": [ 7, 12, 7.5, 12.5 ], "texture": "#texture" },
        "east":  { "uv": [ 9, 12, 8.5, 12.5 ], "texture": "#texture" }
    }
},
{
    "__comment": "2 x32",
    "from": [ 9, 10.5, 7.5 ],
    "to": [ 11, 11, 8.25 ],
    "faces": {
        "down":  { "uv": [ 9, 5.5, 11, 5 ], "texture": "#texture" },
        "up":    { "uv": [ 9, 5, 11, 5.5 ], "texture": "#texture" },
        "north": { "uv": [ 11, 5, 9, 5.5 ], "texture": "#texture" },
        "south": { "uv": [ 9, 5, 11, 5.5 ], "texture": "#texture" },
        "west":  { "uv": [ 9, 5, 9.5, 5.5 ], "texture": "#texture" },
        "east":  { "uv": [ 11, 5, 10.5, 5.5 ], "texture": "#texture" }
    }
},
{
    "__comment": "2 x32",
    "from": [ 9, 4.5, 7.5 ],
    "to": [ 11, 5, 8.25 ],
    "faces": {
        "down":  { "uv": [ 9, 11.5, 11, 11 ], "texture": "#texture" },
        "up":    { "uv": [ 9, 11, 11, 11.5 ], "texture": "#texture" },
        "north": { "uv": [ 11, 11, 9, 11.5 ], "texture": "#texture" },
        "south": { "uv": [ 9, 11, 11, 11.5 ], "texture": "#texture" },
        "west":  { "uv": [ 9, 11, 9.5, 11.5 ], "texture": "#texture" },
        "east":  { "uv": [ 11, 11, 10.5, 11.5 ], "texture": "#texture" }
    }
},
{
    "__comment": "2 x32",
    "from": [ 10.5, 9, 7.5 ],
    "to": [ 11.5, 10.5, 8.25 ],
    "faces": {
        "down":  { "uv": [ 10.5, 7, 11.5, 6.5 ], "texture": "#texture" },
        "up":    { "uv": [ 10.5, 5.5, 11.5, 6 ], "texture": "#texture" },
        "north": { "uv": [ 11.5, 5.5, 10.5, 7 ], "texture": "#texture" },
        "south": { "uv": [ 10.5, 5.5, 11.5, 7 ], "texture": "#texture" },
        "west":  { "uv": [ 10.5, 5.5, 11, 7 ], "texture": "#texture" },
        "east":  { "uv": [ 11.5, 5.5, 11, 7 ], "texture": "#texture" }
    }
},
{
    "__comment": "2 x32",
    "from": [ 10.5, 5, 7.5 ],
    "to": [ 11.5, 6.5, 8.25 ],
    "faces": {
        "down":  { "uv": [ 10.5, 11, 11.5, 10.5 ], "texture": "#texture" },
        "up":    { "uv": [ 10.5, 9.5, 11.5, 10 ], "texture": "#texture" },
        "north": { "uv": [ 11.5, 9.5, 10.5, 11 ], "texture": "#texture" },
        "south": { "uv": [ 10.5, 9.5, 11.5, 11 ], "texture": "#texture" },
        "west":  { "uv": [ 10.5, 9.5, 11, 11 ], "texture": "#texture" },
        "east":  { "uv": [ 11.5, 9.5, 11, 11 ], "texture": "#texture" }
    }
},
{
    "__comment": "2 x32",
    "from": [ 11, 6.5, 7.5 ],
    "to": [ 12, 9, 8.25 ],
    "faces": {
        "down":  { "uv": [ 11, 9.5, 12, 9 ], "texture": "#texture" },
        "up":    { "uv": [ 11, 7, 12, 7.5 ], "texture": "#texture" },
        "north": { "uv": [ 12, 7, 11, 9.5 ], "texture": "#texture" },
        "south": { "uv": [ 11, 7, 12, 9.5 ], "texture": "#texture" },
        "west":  { "uv": [ 11, 7, 11.5, 9.5 ], "texture": "#texture" },
        "east":  { "uv": [ 12, 7, 11.5, 9.5 ], "texture": "#texture" }
    }
}
]
}