{
"__comment": "Designed by S9855027 with BDcraft Cubik PRO 0.96 Beta - http://bdcraft.net",
"elements": [ 
{
    "__comment": "3 x32",
    "from": [ 5, 6.5, 7.5 ],
    "to": [ 5.5, 9, 8.5 ],
    "faces": {
        "down":  { "uv": [ 5, 9.5, 5.5, 9 ], "texture": "#texture" },
        "up":    { "uv": [ 5, 7, 5.5, 7.5 ], "texture": "#texture" },
        "north": { "uv": [ 5.5, 7, 5, 9.5 ], "texture": "#texture" },
        "south": { "uv": [ 5, 7, 5.5, 9.5 ], "texture": "#texture" },
        "west":  { "uv": [ 5, 7, 5.5, 9.5 ], "texture": "#texture" },
        "east":  { "uv": [ 5.5, 7, 5, 9.5 ], "texture": "#texture" }
    }
},
{
    "__comment": "3 x32",
    "from": [ 5.5, 9, 7.5 ],
    "to": [ 6, 10.5, 8.5 ],
    "faces": {
        "down":  { "uv": [ 5.5, 7, 6, 6.5 ], "texture": "#texture" },
        "up":    { "uv": [ 5.5, 5.5, 6, 6 ], "texture": "#texture" },
        "north": { "uv": [ 6, 5.5, 5.5, 7 ], "texture": "#texture" },
        "south": { "uv": [ 5.5, 5.5, 6, 7 ], "texture": "#texture" },
        "west":  { "uv": [ 5.5, 5.5, 6, 7 ], "texture": "#texture" },
        "east":  { "uv": [ 6, 5.5, 5.5, 7 ], "texture": "#texture" }
    }
},
{
    "__comment": "3 x32",
    "from": [ 5.5, 5, 7.5 ],
    "to": [ 6, 6.5, 8.5 ],
    "faces": {
        "down":  { "uv": [ 5.5, 11, 6, 10.5 ], "texture": "#texture" },
        "up":    { "uv": [ 5.5, 9.5, 6, 10 ], "texture": "#texture" },
        "north": { "uv": [ 6, 9.5, 5.5, 11 ], "texture": "#texture" },
        "south": { "uv": [ 5.5, 9.5, 6, 11 ], "texture": "#texture" },
        "west":  { "uv": [ 5.5, 9.5, 6, 11 ], "texture": "#texture" },
        "east":  { "uv": [ 6, 9.5, 5.5, 11 ], "texture": "#texture" }
    }
},
{
    "__comment": "3 x32",
    "from": [ 6, 10, 7.5 ],
    "to": [ 7, 10.5, 8.5 ],
    "faces": {
        "down":  { "uv": [ 6, 6, 7, 5.5 ], "texture": "#texture" },
        "up":    { "uv": [ 6, 5.5, 7, 6 ], "texture": "#texture" },
        "north": { "uv": [ 7, 5.5, 6, 6 ], "texture": "#texture" },
        "south": { "uv": [ 6, 5.5, 7, 6 ], "texture": "#texture" },
        "west":  { "uv": [ 6, 5.5, 6.5, 6 ], "texture": "#texture" },
        "east":  { "uv": [ 7, 5.5, 6.5, 6 ], "texture": "#texture" }
    }
},
{
    "__comment": "3 x32",
    "from": [ 6, 5, 7.5 ],
    "to": [ 7, 5.5, 8.5 ],
    "faces": {
        "down":  { "uv": [ 6, 11, 7, 10.5 ], "texture": "#texture" },
        "up":    { "uv": [ 6, 10.5, 7, 11 ], "texture": "#texture" },
        "north": { "uv": [ 7, 10.5, 6, 11 ], "texture": "#texture" },
        "south": { "uv": [ 6, 10.5, 7, 11 ], "texture": "#texture" },
        "west":  { "uv": [ 6, 10.5, 6.5, 11 ], "texture": "#texture" },
        "east":  { "uv": [ 7, 10.5, 6.5, 11 ], "texture": "#texture" }
    }
},
{
    "__comment": "3 x32",
    "from": [ 7, 10.5, 7.5 ],
    "to": [ 9, 11, 8.5 ],
    "faces": {
        "down":  { "uv": [ 7, 5.5, 9, 5 ], "texture": "#texture" },
        "up":    { "uv": [ 7, 5, 9, 5.5 ], "texture": "#texture" },
        "north": { "uv": [ 9, 5, 7, 5.5 ], "texture": "#texture" },
        "south": { "uv": [ 7, 5, 9, 5.5 ], "texture": "#texture" },
        "west":  { "uv": [ 7, 5, 7.5, 5.5 ], "texture": "#texture" },
        "east":  { "uv": [ 9, 5, 8.5, 5.5 ], "texture": "#texture" }
    }
},
{
    "__comment": "3 x32",
    "from": [ 7, 4.5, 7.5 ],
    "to": [ 9, 5, 8.5 ],
    "faces": {
        "down":  { "uv": [ 7, 11.5, 9, 11 ], "texture": "#texture" },
        "up":    { "uv": [ 7, 11, 9, 11.5 ], "texture": "#texture" },
        "north": { "uv": [ 9, 11, 7, 11.5 ], "texture": "#texture" },
        "south": { "uv": [ 7, 11, 9, 11.5 ], "texture": "#texture" },
        "west":  { "uv": [ 7, 11, 7.5, 11.5 ], "texture": "#texture" },
        "east":  { "uv": [ 9, 11, 8.5, 11.5 ], "texture": "#texture" }
    }
},
{
    "__comment": "3 x32",
    "from": [ 9, 10, 7.5 ],
    "to": [ 10.5, 10.5, 8.5 ],
    "faces": {
        "down":  { "uv": [ 9, 6, 10.5, 5.5 ], "texture": "#texture" },
        "up":    { "uv": [ 9, 5.5, 10.5, 6 ], "texture": "#texture" },
        "north": { "uv": [ 10.5, 5.5, 9, 6 ], "texture": "#texture" },
        "south": { "uv": [ 9, 5.5, 10.5, 6 ], "texture": "#texture" },
        "west":  { "uv": [ 9, 5.5, 9.5, 6 ], "texture": "#texture" },
        "east":  { "uv": [ 10.5, 5.5, 10, 6 ], "texture": "#texture" }
    }
},
{
    "__comment": "3 x32",
    "from": [ 9, 5, 7.5 ],
    "to": [ 10.5, 5.5, 8.5 ],
    "faces": {
        "down":  { "uv": [ 9, 11, 10.5, 10.5 ], "texture": "#texture" },
        "up":    { "uv": [ 9, 10.5, 10.5, 11 ], "texture": "#texture" },
        "north": { "uv": [ 10.5, 10.5, 9, 11 ], "texture": "#texture" },
        "south": { "uv": [ 9, 10.5, 10.5, 11 ], "texture": "#texture" },
        "west":  { "uv": [ 9, 10.5, 9.5, 11 ], "texture": "#texture" },
        "east":  { "uv": [ 10.5, 10.5, 10, 11 ], "texture": "#texture" }
    }
},
{
    "__comment": "3 x32",
    "from": [ 10, 9, 7.5 ],
    "to": [ 10.5, 10, 8.5 ],
    "faces": {
        "down":  { "uv": [ 10, 7, 10.5, 6.5 ], "texture": "#texture" },
        "up":    { "uv": [ 10, 6, 10.5, 6.5 ], "texture": "#texture" },
        "north": { "uv": [ 10.5, 6, 10, 7 ], "texture": "#texture" },
        "south": { "uv": [ 10, 6, 10.5, 7 ], "texture": "#texture" },
        "west":  { "uv": [ 10, 6, 10.5, 7 ], "texture": "#texture" },
        "east":  { "uv": [ 10.5, 6, 10, 7 ], "texture": "#texture" }
    }
},
{
    "__comment": "3 x32",
    "from": [ 10, 5.5, 7.5 ],
    "to": [ 10.5, 6.5, 8.5 ],
    "faces": {
        "down":  { "uv": [ 10, 10.5, 10.5, 10 ], "texture": "#texture" },
        "up":    { "uv": [ 10, 9.5, 10.5, 10 ], "texture": "#texture" },
        "north": { "uv": [ 10.5, 9.5, 10, 10.5 ], "texture": "#texture" },
        "south": { "uv": [ 10, 9.5, 10.5, 10.5 ], "texture": "#texture" },
        "west":  { "uv": [ 10, 9.5, 10.5, 10.5 ], "texture": "#texture" },
        "east":  { "uv": [ 10.5, 9.5, 10, 10.5 ], "texture": "#texture" }
    }
},
{
    "__comment": "3 x32",
    "from": [ 10.5, 6.5, 7.5 ],
    "to": [ 11, 9, 8.5 ],
    "faces": {
        "down":  { "uv": [ 10.5, 9.5, 11, 9 ], "texture": "#texture" },
        "up":    { "uv": [ 10.5, 7, 11, 7.5 ], "texture": "#texture" },
        "north": { "uv": [ 11, 7, 10.5, 9.5 ], "texture": "#texture" },
        "south": { "uv": [ 10.5, 7, 11, 9.5 ], "texture": "#texture" },
        "west":  { "uv": [ 10.5, 7, 11, 9.5 ], "texture": "#texture" },
        "east":  { "uv": [ 11, 7, 10.5, 9.5 ], "texture": "#texture" }
    }
}
]
}