{
"__comment": "Designed by S9855027 with BDcraft Cubik PRO 0.96 Beta - http://bdcraft.net",
"elements": [ 
{
    "__comment": "5 x32",
    "from": [ 6, 6.5, 7.5 ],
    "to": [ 6.5, 9, 9 ],
    "faces": {
        "down":  { "uv": [ 6, 9.5, 6.5, 9 ], "texture": "#texture" },
        "up":    { "uv": [ 6, 7, 6.5, 7.5 ], "texture": "#texture" },
        "north": { "uv": [ 6.5, 7, 6, 9.5 ], "texture": "#texture" },
        "south": { "uv": [ 6, 7, 6.5, 9.5 ], "texture": "#texture" },
        "west":  { "uv": [ 6, 7, 6.5, 9.5 ], "texture": "#texture" },
        "east":  { "uv": [ 6.5, 7, 6, 9.5 ], "texture": "#texture" }
    }
},
{
    "__comment": "5 x32",
    "from": [ 6.5, 8.5, 7.5 ],
    "to": [ 7, 9.5, 9 ],
    "faces": {
        "down":  { "uv": [ 6.5, 7.5, 7, 7 ], "texture": "#texture" },
        "up":    { "uv": [ 6.5, 6.5, 7, 7 ], "texture": "#texture" },
        "north": { "uv": [ 7, 6.5, 6.5, 7.5 ], "texture": "#texture" },
        "south": { "uv": [ 6.5, 6.5, 7, 7.5 ], "texture": "#texture" },
        "west":  { "uv": [ 6.5, 6.5, 7, 7.5 ], "texture": "#texture" },
        "east":  { "uv": [ 7, 6.5, 6.5, 7.5 ], "texture": "#texture" }
    }
},
{
    "__comment": "5 x32",
    "from": [ 6.5, 6, 7.5 ],
    "to": [ 7, 7, 9 ],
    "faces": {
        "down":  { "uv": [ 6.5, 10, 7, 9.5 ], "texture": "#texture" },
        "up":    { "uv": [ 6.5, 9, 7, 9.5 ], "texture": "#texture" },
        "north": { "uv": [ 7, 9, 6.5, 10 ], "texture": "#texture" },
        "south": { "uv": [ 6.5, 9, 7, 10 ], "texture": "#texture" },
        "west":  { "uv": [ 6.5, 9, 7, 10 ], "texture": "#texture" },
        "east":  { "uv": [ 7, 9, 6.5, 10 ], "texture": "#texture" }
    }
},
{
    "__comment": "5 x32",
    "from": [ 7, 9, 7.5 ],
    "to": [ 9.5, 9.5, 9 ],
    "faces": {
        "down":  { "uv": [ 7, 7, 9.5, 6.5 ], "texture": "#texture" },
        "up":    { "uv": [ 7, 6.5, 9.5, 7 ], "texture": "#texture" },
        "north": { "uv": [ 9.5, 6.5, 7, 7 ], "texture": "#texture" },
        "south": { "uv": [ 7, 6.5, 9.5, 7 ], "texture": "#texture" },
        "west":  { "uv": [ 7, 6.5, 7.5, 7 ], "texture": "#texture" },
        "east":  { "uv": [ 9.5, 6.5, 9, 7 ], "texture": "#texture" }
    }
},
{
    "__comment": "5 x32",
    "from": [ 7, 6, 7.5 ],
    "to": [ 9.5, 6.5, 9 ],
    "faces": {
        "down":  { "uv": [ 7, 10, 9.5, 9.5 ], "texture": "#texture" },
        "up":    { "uv": [ 7, 9.5, 9.5, 10 ], "texture": "#texture" },
        "north": { "uv": [ 9.5, 9.5, 7, 10 ], "texture": "#texture" },
        "south": { "uv": [ 7, 9.5, 9.5, 10 ], "texture": "#texture" },
        "west":  { "uv": [ 7, 9.5, 7.5, 10 ], "texture": "#texture" },
        "east":  { "uv": [ 9.5, 9.5, 9, 10 ], "texture": "#texture" }
    }
},
{
    "__comment": "5 x32",
    "from": [ 7.5, 9.5, 7.5 ],
    "to": [ 8.5, 10, 9 ],
    "faces": {
        "down":  { "uv": [ 7.5, 6.5, 8.5, 6 ], "texture": "#texture" },
        "up":    { "uv": [ 7.5, 6, 8.5, 6.5 ], "texture": "#texture" },
        "north": { "uv": [ 8.5, 6, 7.5, 6.5 ], "texture": "#texture" },
        "south": { "uv": [ 7.5, 6, 8.5, 6.5 ], "texture": "#texture" },
        "west":  { "uv": [ 7.5, 6, 8, 6.5 ], "texture": "#texture" },
        "east":  { "uv": [ 8.5, 6, 8, 6.5 ], "texture": "#texture" }
    }
},
{
    "__comment": "5 x32",
    "from": [ 7.5, 5.5, 7.5 ],
    "to": [ 8.5, 6, 9 ],
    "faces": {
        "down":  { "uv": [ 7.5, 10.5, 8.5, 10 ], "texture": "#texture" },
        "up":    { "uv": [ 7.5, 10, 8.5, 10.5 ], "texture": "#texture" },
        "north": { "uv": [ 8.5, 10, 7.5, 10.5 ], "texture": "#texture" },
        "south": { "uv": [ 7.5, 10, 8.5, 10.5 ], "texture": "#texture" },
        "west":  { "uv": [ 7.5, 10, 8, 10.5 ], "texture": "#texture" },
        "east":  { "uv": [ 8.5, 10, 8, 10.5 ], "texture": "#texture" }
    }
},
{
    "__comment": "5 x32",
    "from": [ 9, 8.5, 7.5 ],
    "to": [ 10, 9, 9 ],
    "faces": {
        "down":  { "uv": [ 9, 7.5, 10, 7 ], "texture": "#texture" },
        "up":    { "uv": [ 9, 7, 10, 7.5 ], "texture": "#texture" },
        "north": { "uv": [ 10, 7, 9, 7.5 ], "texture": "#texture" },
        "south": { "uv": [ 9, 7, 10, 7.5 ], "texture": "#texture" },
        "west":  { "uv": [ 9, 7, 9.5, 7.5 ], "texture": "#texture" },
        "east":  { "uv": [ 10, 7, 9.5, 7.5 ], "texture": "#texture" }
    }
},
{
    "__comment": "5 x32",
    "from": [ 9, 6.5, 7.5 ],
    "to": [ 10, 7, 9 ],
    "faces": {
        "down":  { "uv": [ 9, 9.5, 10, 9 ], "texture": "#texture" },
        "up":    { "uv": [ 9, 9, 10, 9.5 ], "texture": "#texture" },
        "north": { "uv": [ 10, 9, 9, 9.5 ], "texture": "#texture" },
        "south": { "uv": [ 9, 9, 10, 9.5 ], "texture": "#texture" },
        "west":  { "uv": [ 9, 9, 9.5, 9.5 ], "texture": "#texture" },
        "east":  { "uv": [ 10, 9, 9.5, 9.5 ], "texture": "#texture" }
    }
},
{
    "__comment": "5 x32",
    "from": [ 9.5, 7, 7.5 ],
    "to": [ 10, 8.5, 9 ],
    "faces": {
        "down":  { "uv": [ 9.5, 9, 10, 8.5 ], "texture": "#texture" },
        "up":    { "uv": [ 9.5, 7.5, 10, 8 ], "texture": "#texture" },
        "north": { "uv": [ 10, 7.5, 9.5, 9 ], "texture": "#texture" },
        "south": { "uv": [ 9.5, 7.5, 10, 9 ], "texture": "#texture" },
        "west":  { "uv": [ 9.5, 7.5, 10, 9 ], "texture": "#texture" },
        "east":  { "uv": [ 10, 7.5, 9.5, 9 ], "texture": "#texture" }
    }
}
]
}