{
"__comment": "Designed by S9855027 with BDcraft Cubik PRO 0.96 Beta - http://bdcraft.net",
"textures": {
    "particle": "mobs/Cookiefish/cookie_C",
    "cookie_C": "mobs/Cookiefish/cookie_C",
    "cookie_DII": "mobs/Cookiefish/cookie_DII",
    "cookie_D": "mobs/Cookiefish/cookie_D",
    "cookie_H": "mobs/Cookiefish/cookie_H",
    "cookie_H": "mobs/Cookiefish/cookie_H",
    "cookie_B": "mobs/Cookiefish/cookie_B",
    "cookie_BII": "mobs/Cookiefish/cookie_BII"
},
"elements": [ 
{
    "__comment": "Body",
    "from": [ 0.501, 5, 4.25 ],
    "to": [ 8.001, 15, 9.75 ],
    "faces": {
        "down":  { "uv": [ 15.4375, 9.75, 7.9375, 4.25 ], "texture": "#cookie_B" },
        "up":    { "uv": [ 7, 9, 14.5, 14.5 ], "texture": "#cookie_B" },
        "north": { "uv": [ 8.5625, 1, 16, 11 ], "texture": "#cookie_B" },
        "south": { "uv": [ 0.5, 1, 8, 11 ], "texture": "#cookie_B" },
        "west":  { "uv": [ 0, 0, 16, 16 ], "texture": "#cookie_H" },
        "east":  { "uv": [ 8, 0.5, 13.5, 10.5 ], "texture": "#cookie_B" }
    }
},
{
    "__comment": "Head",
    "from": [ -2.5, 5.5, 4.5 ],
    "to": [ 0.5, 14.5, 9.5 ],
    "faces": {
        "down":  { "uv": [ 0, 0, 9, 16 ], "texture": "#cookie_D" },
        "up":    { "uv": [ 0, 0, 9, 16 ], "texture": "#cookie_D" },
        "north": { "uv": [ 0, 9, 6.5, 14.5 ], "texture": "#cookie_D" },
        "south": { "uv": [ 1, 6.5, 6.5, 14.5 ], "texture": "#cookie_D" },
        "west":  { "uv": [ 0, 0, 16, 16 ], "texture": "#cookie_H" },
        "east":  { "uv": [ 0, 0, 16, 16 ], "texture": "#cookie_D" }
    }
},
{
    "__comment": "M1",
    "from": [ -6.5, 4, 4.75 ],
    "to": [ -0.5, 10, 9.25 ],
    "rotation": { "origin": [ -6.5, 10, 4.75 ], "axis": "z", "angle": 45 },
    "faces": {
        "down":  { "uv": [ 3, 0, 12.5, 16 ], "texture": "#cookie_C" },
        "up":    { "uv": [ 3, 0, 12.5, 16 ], "texture": "#cookie_C" },
        "north": { "uv": [ 2.5, 0, 12.5, 16 ], "texture": "#cookie_C" },
        "south": { "uv": [ 2.5, 0, 12.5, 16 ], "texture": "#cookie_C" },
        "west":  { "uv": [ 0, 0, 16, 16 ], "texture": "#cookie_H" },
        "east":  { "uv": [ 0, 0, 16, 16 ], "texture": "#cookie_C" }
    }
},
{
    "__comment": "M1",
    "from": [ -5.5, 7.5, 5.25 ],
    "to": [ -0.5, 9.5, 8.75 ],
    "rotation": { "origin": [ -5.5, 9.5, 5.25 ], "axis": "z", "angle": -45 },
    "faces": {
        "down":  { "uv": [ 1, 0, 5.5, 16 ], "texture": "#cookie_C" },
        "up":    { "uv": [ 0, 0, 16, 16 ], "texture": "#cookie_H" },
        "north": { "uv": [ 0, 7.5, 5.5, 16 ], "rotation": 270, "texture": "#cookie_C" },
        "south": { "uv": [ 0, 7.5, 6, 16 ], "rotation": 90, "texture": "#cookie_C" },
        "west":  { "uv": [ 0, 0, 16, 8.5 ], "texture": "#cookie_C" },
        "east":  { "uv": [ 0, 7.5, 16, 16 ], "texture": "#cookie_C" }
    }
},
{
    "__comment": "Eyes",
    "from": [ -3, 10.5, 4.22 ],
    "to": [ -1.5, 12, 4.72 ],
    "faces": {
        "down":  { "uv": [ 0, 0, 16, 1 ], "texture": "#cookie_C" },
        "up":    { "uv": [ 0, 0, 16, 1 ], "texture": "#cookie_C" },
        "north": { "uv": [ 0, 0, 16, 16 ], "texture": "#cookie_DII" },
        "south": { "uv": [ 0, 0, 16, 16 ], "texture": "#cookie_DII" },
        "west":  { "uv": [ 0, 0, 1, 16 ], "texture": "#cookie_C" },
        "east":  { "uv": [ 0, 0, 1, 16 ], "texture": "#cookie_C" }
    }
},
{
    "__comment": "Eyes",
    "from": [ -3, 10.5, 9.28 ],
    "to": [ -1.5, 12, 9.78 ],
    "faces": {
        "down":  { "uv": [ 0, 0, 16, 1 ], "texture": "#cookie_C" },
        "up":    { "uv": [ 0, 0, 16, 1 ], "texture": "#cookie_C" },
        "north": { "uv": [ 0, 0, 16, 16 ], "texture": "#cookie_DII" },
        "south": { "uv": [ 0, 0, 16, 16 ], "texture": "#cookie_DII" },
        "west":  { "uv": [ 0, 0, 1, 16 ], "texture": "#cookie_C" },
        "east":  { "uv": [ 0, 0, 1, 16 ], "texture": "#cookie_C" }
    }
},
{
    "__comment": "Chi",
    "from": [ 3, 13.5, 6.5 ],
    "to": [ 9.5, 18, 7.5 ],
    "rotation": { "origin": [ 3, 18, 6.5 ], "axis": "z", "angle": -22.5 },
    "faces": {
        "up":    { "uv": [ 0, 0, 16, 1.5 ], "texture": "#cookie_BII" },
        "north": { "uv": [ 16, 0, 0, 15.5 ], "texture": "#cookie_BII" },
        "south": { "uv": [ 0, 0, 16, 15 ], "texture": "#cookie_BII" },
        "west":  { "uv": [ 14.5, 0, 16, 6 ], "texture": "#cookie_BII" },
        "east":  { "uv": [ 14.5, 3, 16, 9.5 ], "texture": "#cookie_BII" }
    }
},
{
    "__comment": "Chi",
    "from": [ -0.5, 8, 4 ],
    "to": [ 3, 11, 4.5 ],
    "faces": {
        "down":  { "uv": [ 16, 4.5, 13, 4 ], "texture": "#cookie_C" },
        "up":    { "uv": [ 0, 4, 3, 4.5 ], "texture": "#cookie_C" },
        "north": { "uv": [ 13, 5, 16, 8 ], "texture": "#cookie_C" },
        "south": { "uv": [ 0, 5, 3, 8 ], "texture": "#cookie_C" },
        "west":  { "uv": [ 4, 5, 4.5, 8 ], "texture": "#cookie_C" },
        "east":  { "uv": [ 11.5, 5, 12, 8 ], "texture": "#cookie_C" }
    }
},
{
    "__comment": "Chi",
    "from": [ -0.5, 6.5, 9.5 ],
    "to": [ 3, 9.5, 10 ],
    "faces": {
        "down":  { "uv": [ 16, 10, 13, 9.5 ], "texture": "#cookie_C" },
        "up":    { "uv": [ 0, 9.5, 3, 10 ], "texture": "#cookie_C" },
        "north": { "uv": [ 13, 6.5, 16, 9.5 ], "texture": "#cookie_C" },
        "south": { "uv": [ 0, 6.5, 3, 9.5 ], "texture": "#cookie_C" },
        "west":  { "uv": [ 9.5, 6.5, 10, 9.5 ], "texture": "#cookie_C" },
        "east":  { "uv": [ 6, 6.5, 6.5, 9.5 ], "texture": "#cookie_C" }
    }
},
{
    "__comment": "B1",
    "from": [ 8, 6, 4.5 ],
    "to": [ 11.5, 14, 9.5 ],
    "faces": {
        "down":  { "uv": [ 5, 14.5, 1.5, 9.5 ], "texture": "#cookie_D" },
        "up":    { "uv": [ 2, 10, 5.5, 15 ], "texture": "#cookie_D" },
        "north": { "uv": [ 5.5, 7, 9, 15 ], "texture": "#cookie_D" },
        "south": { "uv": [ 11, 7, 14.5, 15 ], "texture": "#cookie_D" },
        "west":  { "uv": [ 4.5, 2, 9.5, 10 ], "texture": "#cookie_H" },
        "east":  { "uv": [ 1.5, 2, 6.5, 10 ], "texture": "#cookie_D" }
    }
},
{
    "__comment": "B1",
    "from": [ 11.5, 7.5, 5 ],
    "to": [ 15, 12.5, 9 ],
    "faces": {
        "down":  { "uv": [ 7, 8.5, 2, 2 ], "texture": "#cookie_D" },
        "up":    { "uv": [ 4, 7, 9.5, 13 ], "texture": "#cookie_D" },
        "north": { "uv": [ 1.5, 1.5, 6.5, 8.5 ], "texture": "#cookie_D" },
        "south": { "uv": [ 0, 0, 6, 7.5 ], "texture": "#cookie_D" },
        "west":  { "uv": [ 5, 3.5, 9, 8.5 ], "texture": "#cookie_H" },
        "east":  { "uv": [ 4.5, 8, 13.5, 14.5 ], "texture": "#cookie_D" }
    }
},
{
    "__comment": "B1",
    "from": [ 15, 8.5, 5.5 ],
    "to": [ 18, 11.5, 8.5 ],
    "faces": {
        "down":  { "uv": [ 1, 8.5, 0, 5.5 ], "texture": "#cookie_C" },
        "up":    { "uv": [ 15, 5.5, 16, 8.5 ], "texture": "#cookie_C" },
        "north": { "uv": [ 0, 4.5, 3, 8.5 ], "texture": "#cookie_C" },
        "south": { "uv": [ 13, 3.5, 16, 7.5 ], "texture": "#cookie_C" },
        "west":  { "uv": [ 5.5, 4.5, 8.5, 7.5 ], "texture": "#cookie_C" },
        "east":  { "uv": [ 7.5, 4.5, 10.5, 7.5 ], "texture": "#cookie_C" }
    }
},
{
    "__comment": "B1",
    "from": [ 16, 5, 6.5 ],
    "to": [ 22, 15, 7.5 ],
    "faces": {
        "down":  { "uv": [ 0, 7.25, 0, 6.25 ], "texture": "#cookie_C" },
        "up":    { "uv": [ 16, 6.25, 16, 7.25 ], "texture": "#cookie_C" },
        "north": { "uv": [ 0, 1, 0, 11 ], "texture": "#cookie_C" },
        "south": { "uv": [ 16, 1, 16, 11 ], "texture": "#cookie_C" },
        "west":  { "uv": [ 6.25, 1, 7.25, 11 ], "texture": "#cookie_C" },
        "east":  { "uv": [ 8.75, 1, 9.75, 11 ], "texture": "#cookie_C" }
    }
}
]
}