{
"__comment": "Designed by S9855027 with BDcraft Cubik PRO 0.96 Beta - http://bdcraft.net",
"textures": {
    "particle": "mobs/Cookiefish/cookie_C",
    "cookie_C": "mobs/Cookiefish/cookie_C",
    "cookie_DII": "mobs/Cookiefish/cookie_DII",
    "cookie_D": "mobs/Cookiefish/cookie_D",
    "cookie_H": "mobs/Cookiefish/cookie_H",
    "cookie_H": "mobs/Cookiefish/cookie_H",
    "cookie_B": "mobs/Cookiefish/cookie_B",
    "cookie_BII": "mobs/Cookiefish/cookie_BII",
    "B1": "mobs/Cookiefish/B1",
    "B2": "mobs/Cookiefish/B2",
    "B3": "mobs/Cookiefish/B3",
    "B4": "mobs/Cookiefish/B4",
    "B5": "mobs/Cookiefish/B5",
    "B6": "mobs/Cookiefish/B6",
    "B7": "mobs/Cookiefish/B7",
    "B8": "mobs/Cookiefish/B8",
    "B9": "mobs/Cookiefish/B9",
    "B10": "mobs/Cookiefish/B10",
    "B11": "mobs/Cookiefish/B11",
    "B12": "mobs/Cookiefish/B12",
    "B13": "mobs/Cookiefish/B13",
    "B14": "mobs/Cookiefish/B14",
    "B15": "mobs/Cookiefish/B15",
    "B16": "mobs/Cookiefish/B16",
    "Chi1": "mobs/Cookiefish/Chi1",
    "Chi2": "mobs/Cookiefish/Chi2",
    "Chi3": "mobs/Cookiefish/Chi3"
},
"elements": [ 
{
    "__comment": "Body",
    "from": [ 0.501, 5, 4.25 ],
    "to": [ 8.001, 15, 9.75 ],
    "faces": {
        "down":  { "uv": [ 15.4375, 9.75, 7.9375, 4.25 ], "texture": "#cookie_B" },
        "up":    { "uv": [ 7, 9, 14.5, 14.5 ], "texture": "#cookie_B" },
        "north": { "uv": [ 8.5625, 1, 16, 11 ], "texture": "#cookie_B" },
        "south": { "uv": [ 0.5, 1, 8, 11 ], "texture": "#cookie_B" },
        "west":  { "uv": [ 0, 0, 16, 16 ], "texture": "#cookie_H" },
        "east":  { "uv": [ 8, 0.5, 13.5, 10.5 ], "texture": "#cookie_B" }
    }
},
{
    "__comment": "Head",
    "from": [ -2.5, 5.5, 4.5 ],
    "to": [ 0.5, 14.5, 9.5 ],
    "faces": {
        "down":  { "uv": [ 0, 0, 9, 16 ], "texture": "#cookie_D" },
        "up":    { "uv": [ 0, 0, 9, 16 ], "texture": "#cookie_D" },
        "north": { "uv": [ 0, 9, 6.5, 14.5 ], "texture": "#cookie_D" },
        "south": { "uv": [ 1, 6.5, 6.5, 14.5 ], "texture": "#cookie_D" },
        "west":  { "uv": [ 0, 0, 16, 16 ], "texture": "#cookie_H" },
        "east":  { "uv": [ 0, 0, 16, 16 ], "texture": "#cookie_D" }
    }
},
{
    "__comment": "M1",
    "from": [ -6.5, 4, 4.75 ],
    "to": [ -0.5, 10, 9.25 ],
    "rotation": { "origin": [ -6.5, 10, 4.75 ], "axis": "z", "angle": 45 },
    "faces": {
        "down":  { "uv": [ 3, 0, 12.5, 16 ], "texture": "#cookie_C" },
        "up":    { "uv": [ 3, 0, 12.5, 16 ], "texture": "#cookie_C" },
        "north": { "uv": [ 2.5, 0, 12.5, 16 ], "texture": "#cookie_C" },
        "south": { "uv": [ 2.5, 0, 12.5, 16 ], "texture": "#cookie_C" },
        "west":  { "uv": [ 0, 0, 16, 16 ], "texture": "#cookie_H" },
        "east":  { "uv": [ 0, 0, 16, 16 ], "texture": "#cookie_C" }
    }
},
{
    "__comment": "M1",
    "from": [ -5.5, 7.5, 5.25 ],
    "to": [ -0.5, 9.5, 8.75 ],
    "rotation": { "origin": [ -5.5, 9.5, 5.25 ], "axis": "z", "angle": -45 },
    "faces": {
        "down":  { "uv": [ 1, 0, 5.5, 16 ], "texture": "#cookie_C" },
        "up":    { "uv": [ 0, 0, 16, 16 ], "texture": "#cookie_H" },
        "north": { "uv": [ 0, 7.5, 5.5, 16 ], "rotation": 270, "texture": "#cookie_C" },
        "south": { "uv": [ 0, 7.5, 6, 16 ], "rotation": 90, "texture": "#cookie_C" },
        "west":  { "uv": [ 0, 0, 16, 8.5 ], "texture": "#cookie_C" },
        "east":  { "uv": [ 0, 7.5, 16, 16 ], "texture": "#cookie_C" }
    }
},
{
    "__comment": "Eyes",
    "from": [ -3, 10.5, 4.22 ],
    "to": [ -1.5, 12, 4.72 ],
    "faces": {
        "down":  { "uv": [ 0, 0, 16, 1 ], "texture": "#cookie_C" },
        "up":    { "uv": [ 0, 0, 16, 1 ], "texture": "#cookie_C" },
        "north": { "uv": [ 0, 0, 16, 16 ], "texture": "#cookie_DII" },
        "south": { "uv": [ 0, 0, 16, 16 ], "texture": "#cookie_DII" },
        "west":  { "uv": [ 0, 0, 1, 16 ], "texture": "#cookie_C" },
        "east":  { "uv": [ 0, 0, 1, 16 ], "texture": "#cookie_C" }
    }
},
{
    "__comment": "Eyes",
    "from": [ -3, 10.5, 9.28 ],
    "to": [ -1.5, 12, 9.78 ],
    "faces": {
        "down":  { "uv": [ 0, 0, 16, 1 ], "texture": "#cookie_C" },
        "up":    { "uv": [ 0, 0, 16, 1 ], "texture": "#cookie_C" },
        "north": { "uv": [ 0, 0, 16, 16 ], "texture": "#cookie_DII" },
        "south": { "uv": [ 0, 0, 16, 16 ], "texture": "#cookie_DII" },
        "west":  { "uv": [ 0, 0, 1, 16 ], "texture": "#cookie_C" },
        "east":  { "uv": [ 0, 0, 1, 16 ], "texture": "#cookie_C" }
    }
},
{
    "__comment": "Chi",
    "from": [ 3, 13.5, 6.5 ],
    "to": [ 9.5, 18, 7.5 ],
    "rotation": { "origin": [ 3, 18, 6.5 ], "axis": "z", "angle": -22.5 },
    "faces": {
        "up":    { "uv": [ 0, 0, 16, 1.5 ], "texture": "#cookie_BII" },
        "north": { "uv": [ 16, 0, 0, 15.5 ], "texture": "#cookie_BII" },
        "south": { "uv": [ 0, 0, 16, 15 ], "texture": "#cookie_BII" },
        "west":  { "uv": [ 14.5, 0, 16, 6 ], "texture": "#cookie_BII" },
        "east":  { "uv": [ 14.5, 3, 16, 9.5 ], "texture": "#cookie_BII" }
    }
},
{
    "__comment": "B1",
    "from": [ 8, 6, 4.8 ],
    "to": [ 11.5, 14, 9.8 ],
    "faces": {
        "down":  { "uv": [ 5, 14.5, 1.5, 9.5 ], "texture": "#B1" },
        "up":    { "uv": [ 2, 10, 5.5, 15 ], "texture": "#B1" },
        "north": { "uv": [ 5.5, 7, 9, 15 ], "texture": "#B1" },
        "south": { "uv": [ 11, 7, 14.5, 15 ], "texture": "#B1" },
        "west":  { "uv": [ 4.5, 2, 9.5, 10 ], "texture": "#B1" },
        "east":  { "uv": [ 1.5, 2, 6.5, 10 ], "texture": "#B1" }
    }
},
{
    "__comment": "B1",
    "from": [ 11.5, 7.5, 5 ],
    "to": [ 15, 12.5, 9 ],
    "faces": {
        "down":  { "uv": [ 7, 8.5, 2, 2 ], "texture": "#B1" },
        "up":    { "uv": [ 4, 7, 9.5, 13 ], "texture": "#B1" },
        "north": { "uv": [ 1.5, 1.5, 6.5, 8.5 ], "texture": "#B1" },
        "south": { "uv": [ 0, 0, 6, 7.5 ], "texture": "#B1" },
        "west":  { "uv": [ 5, 3.5, 9, 8.5 ], "texture": "#B1" },
        "east":  { "uv": [ 4.5, 8, 13.5, 14.5 ], "texture": "#B1" }
    }
},
{
    "__comment": "B1",
    "from": [ 15, 8.5, 5.2 ],
    "to": [ 18, 11.5, 8.2 ],
    "faces": {
        "down":  { "uv": [ 1, 8.5, 0, 5.5 ], "texture": "#B1" },
        "up":    { "uv": [ 15, 5.5, 16, 8.5 ], "texture": "#B1" },
        "north": { "uv": [ 0, 4.5, 3, 8.5 ], "texture": "#B1" },
        "south": { "uv": [ 13, 3.5, 16, 7.5 ], "texture": "#B1" },
        "west":  { "uv": [ 5.5, 4.5, 8.5, 7.5 ], "texture": "#B1" },
        "east":  { "uv": [ 7.5, 4.5, 10.5, 7.5 ], "texture": "#B1" }
    }
},
{
    "__comment": "B1",
    "from": [ 17, 5, 5.5 ],
    "to": [ 23, 15, 6.5 ],
    "rotation": { "origin": [ 17, 5, 5.5 ], "axis": "y", "angle": 22.5 },
    "faces": {
        "down":  { "uv": [ 0, 7.25, 0, 6.25 ], "texture": "#B1" },
        "up":    { "uv": [ 16, 6.25, 16, 7.25 ], "texture": "#B1" },
        "north": { "uv": [ 0, 1, 0, 11 ], "texture": "#B1" },
        "south": { "uv": [ 16, 1, 16, 11 ], "texture": "#B1" },
        "west":  { "uv": [ 6.25, 1, 7.25, 11 ], "texture": "#B1" },
        "east":  { "uv": [ 8.75, 1, 9.75, 11 ], "texture": "#B1" }
    }
},
{
    "__comment": "B2",
    "from": [ 8, 6, 5.1 ],
    "to": [ 11.5, 14, 10.1 ],
    "faces": {
        "down":  { "uv": [ 5, 14.5, 1.5, 9.5 ], "texture": "#B2" },
        "up":    { "uv": [ 2, 10, 5.5, 15 ], "texture": "#B2" },
        "north": { "uv": [ 5.5, 7, 9, 15 ], "texture": "#B2" },
        "south": { "uv": [ 11, 7, 14.5, 15 ], "texture": "#B2" },
        "west":  { "uv": [ 4.5, 2, 9.5, 10 ], "texture": "#B2" },
        "east":  { "uv": [ 1.5, 2, 6.5, 10 ], "texture": "#B2" }
    }
},
{
    "__comment": "B2",
    "from": [ 11.5, 7.5, 5.3 ],
    "to": [ 15, 12.5, 9.3 ],
    "faces": {
        "down":  { "uv": [ 7, 8.5, 2, 2 ], "texture": "#B2" },
        "up":    { "uv": [ 4, 7, 9.5, 13 ], "texture": "#B2" },
        "north": { "uv": [ 1.5, 1.5, 6.5, 8.5 ], "texture": "#B2" },
        "south": { "uv": [ 0, 0, 6, 7.5 ], "texture": "#B2" },
        "west":  { "uv": [ 5, 3.5, 9, 8.5 ], "texture": "#B2" },
        "east":  { "uv": [ 4.5, 8, 13.5, 14.5 ], "texture": "#B2" }
    }
},
{
    "__comment": "B2",
    "from": [ 15, 8.5, 5.5 ],
    "to": [ 18, 11.5, 8.5 ],
    "faces": {
        "down":  { "uv": [ 1, 8.5, 0, 5.5 ], "texture": "#B2" },
        "up":    { "uv": [ 15, 5.5, 16, 8.5 ], "texture": "#B2" },
        "north": { "uv": [ 0, 4.5, 3, 8.5 ], "texture": "#B2" },
        "south": { "uv": [ 13, 3.5, 16, 7.5 ], "texture": "#B2" },
        "west":  { "uv": [ 5.5, 4.5, 8.5, 7.5 ], "texture": "#B2" },
        "east":  { "uv": [ 7.5, 4.5, 10.5, 7.5 ], "texture": "#B2" }
    }
},
{
    "__comment": "B2",
    "from": [ 17, 5, 6.125 ],
    "to": [ 23, 15, 7.125 ],
    "rotation": { "origin": [ 17, 5, 6.125 ], "axis": "y", "angle": 22.5 },
    "faces": {
        "down":  { "uv": [ 0, 7.25, 0, 6.25 ], "texture": "#B2" },
        "up":    { "uv": [ 16, 6.25, 16, 7.25 ], "texture": "#B2" },
        "north": { "uv": [ 0, 1, 0, 11 ], "texture": "#B2" },
        "south": { "uv": [ 16, 1, 16, 11 ], "texture": "#B2" },
        "west":  { "uv": [ 6.25, 1, 7.25, 11 ], "texture": "#B2" },
        "east":  { "uv": [ 8.75, 1, 9.75, 11 ], "texture": "#B2" }
    }
},
{
    "__comment": "B3",
    "from": [ 8, 6, 5.4 ],
    "to": [ 11.5, 14, 10.4 ],
    "faces": {
        "down":  { "uv": [ 5, 14.5, 1.5, 9.5 ], "texture": "#B3" },
        "up":    { "uv": [ 2, 10, 5.5, 15 ], "texture": "#B3" },
        "north": { "uv": [ 5.5, 7, 9, 15 ], "texture": "#B3" },
        "south": { "uv": [ 11, 7, 14.5, 15 ], "texture": "#B3" },
        "west":  { "uv": [ 0, 0, 16, 16 ], "texture": "#B3" },
        "east":  { "uv": [ 1.5, 2, 6.5, 10 ], "texture": "#B3" }
    }
},
{
    "__comment": "B3",
    "from": [ 11.5, 7.5, 5.6 ],
    "to": [ 15, 12.5, 9.6 ],
    "faces": {
        "down":  { "uv": [ 7, 8.5, 2, 2 ], "texture": "#B3" },
        "up":    { "uv": [ 4, 7, 9.5, 13 ], "texture": "#B3" },
        "north": { "uv": [ 1.5, 1.5, 6.5, 8.5 ], "texture": "#B3" },
        "south": { "uv": [ 0, 0, 6, 7.5 ], "texture": "#B3" },
        "west":  { "uv": [ 0, 0, 16, 16 ], "texture": "#B3" },
        "east":  { "uv": [ 4.5, 8, 13.5, 14.5 ], "texture": "#B3" }
    }
},
{
    "__comment": "B3",
    "from": [ 15, 8.5, 5.8 ],
    "to": [ 18, 11.5, 8.8 ],
    "faces": {
        "down":  { "uv": [ 1, 8.5, 0, 5.5 ], "texture": "#B3" },
        "up":    { "uv": [ 15, 5.5, 16, 8.5 ], "texture": "#B3" },
        "north": { "uv": [ 0, 4.5, 3, 8.5 ], "texture": "#B3" },
        "south": { "uv": [ 13, 3.5, 16, 7.5 ], "texture": "#B3" },
        "west":  { "uv": [ 0, 0, 16, 16 ], "texture": "#B3" },
        "east":  { "uv": [ 7.5, 4.5, 10.5, 7.5 ], "texture": "#B3" }
    }
},
{
    "__comment": "B3",
    "from": [ 17, 5, 6.375 ],
    "to": [ 23, 15, 7.375 ],
    "rotation": { "origin": [ 17, 5, 6.375 ], "axis": "y", "angle": 22.5 },
    "faces": {
        "down":  { "uv": [ 0, 7.25, 0, 6.25 ], "texture": "#B3" },
        "up":    { "uv": [ 16, 6.25, 16, 7.25 ], "texture": "#B3" },
        "north": { "uv": [ 0, 1, 0, 11 ], "texture": "#B3" },
        "south": { "uv": [ 16, 1, 16, 11 ], "texture": "#B3" },
        "west":  { "uv": [ 6.25, 1, 7.25, 11 ], "texture": "#B3" },
        "east":  { "uv": [ 8.75, 1, 9.75, 11 ], "texture": "#B3" }
    }
},
{
    "__comment": "B4",
    "from": [ 8, 6, 5.7 ],
    "to": [ 11.5, 14, 10.7 ],
    "faces": {
        "down":  { "uv": [ 5, 14.5, 1.5, 9.5 ], "texture": "#B4" },
        "up":    { "uv": [ 2, 10, 5.5, 15 ], "texture": "#B4" },
        "north": { "uv": [ 5.5, 7, 9, 15 ], "texture": "#B4" },
        "south": { "uv": [ 11, 7, 14.5, 15 ], "texture": "#B4" },
        "west":  { "uv": [ 0, 0, 16, 16 ], "texture": "#B4" },
        "east":  { "uv": [ 1.5, 2, 6.5, 10 ], "texture": "#B4" }
    }
},
{
    "__comment": "B4",
    "from": [ 11.5, 7.5, 5.9 ],
    "to": [ 15, 12.5, 9.9 ],
    "faces": {
        "down":  { "uv": [ 7, 8.5, 2, 2 ], "texture": "#B4" },
        "up":    { "uv": [ 4, 7, 9.5, 13 ], "texture": "#B4" },
        "north": { "uv": [ 1.5, 1.5, 6.5, 8.5 ], "texture": "#B4" },
        "south": { "uv": [ 0, 0, 6, 7.5 ], "texture": "#B4" },
        "west":  { "uv": [ 0, 0, 16, 16 ], "texture": "#B4" },
        "east":  { "uv": [ 4.5, 8, 13.5, 14.5 ], "texture": "#B4" }
    }
},
{
    "__comment": "B4",
    "from": [ 15, 8.5, 6.1 ],
    "to": [ 18, 11.5, 9.1 ],
    "faces": {
        "down":  { "uv": [ 1, 8.5, 0, 5.5 ], "texture": "#B4" },
        "up":    { "uv": [ 15, 5.5, 16, 8.5 ], "texture": "#B4" },
        "north": { "uv": [ 0, 4.5, 3, 8.5 ], "texture": "#B4" },
        "south": { "uv": [ 13, 3.5, 16, 7.5 ], "texture": "#B4" },
        "west":  { "uv": [ 0, 0, 16, 16 ], "texture": "#B4" },
        "east":  { "uv": [ 7.5, 4.5, 10.5, 7.5 ], "texture": "#B4" }
    }
},
{
    "__comment": "B4",
    "from": [ 17.35, 5, 6.6875 ],
    "to": [ 23.35, 15, 7.6875 ],
    "faces": {
        "down":  { "uv": [ 0, 7.25, 0, 6.25 ], "texture": "#B4" },
        "up":    { "uv": [ 16, 6.25, 16, 7.25 ], "texture": "#B4" },
        "north": { "uv": [ 0, 1, 0, 11 ], "texture": "#B4" },
        "south": { "uv": [ 16, 1, 16, 11 ], "texture": "#B4" },
        "west":  { "uv": [ 6.25, 1, 7.25, 11 ], "texture": "#B4" },
        "east":  { "uv": [ 8.75, 1, 9.75, 11 ], "texture": "#B4" }
    }
},
{
    "__comment": "B5",
    "from": [ 8, 6, 5.4 ],
    "to": [ 11.5, 14, 10.4 ],
    "faces": {
        "down":  { "uv": [ 5, 14.5, 1.5, 9.5 ], "texture": "#B5" },
        "up":    { "uv": [ 2, 10, 5.5, 15 ], "texture": "#B5" },
        "north": { "uv": [ 5.5, 7, 9, 15 ], "texture": "#B5" },
        "south": { "uv": [ 11, 7, 14.5, 15 ], "texture": "#B5" },
        "west":  { "uv": [ 0, 0, 16, 16 ], "texture": "#B5" },
        "east":  { "uv": [ 1.5, 2, 6.5, 10 ], "texture": "#B5" }
    }
},
{
    "__comment": "B5",
    "from": [ 11.5, 7.5, 6.2 ],
    "to": [ 15, 12.5, 10.2 ],
    "faces": {
        "down":  { "uv": [ 7, 8.5, 2, 2 ], "texture": "#B5" },
        "up":    { "uv": [ 4, 7, 9.5, 13 ], "texture": "#B5" },
        "north": { "uv": [ 1.5, 1.5, 6.5, 8.5 ], "texture": "#B5" },
        "south": { "uv": [ 0, 0, 6, 7.5 ], "texture": "#B5" },
        "west":  { "uv": [ 0, 0, 16, 16 ], "texture": "#B5" },
        "east":  { "uv": [ 4.5, 8, 13.5, 14.5 ], "texture": "#B5" }
    }
},
{
    "__comment": "B5",
    "from": [ 15, 8.5, 6.4 ],
    "to": [ 18, 11.5, 9.4 ],
    "faces": {
        "down":  { "uv": [ 1, 8.5, 0, 5.5 ], "texture": "#B5" },
        "up":    { "uv": [ 15, 5.5, 16, 8.5 ], "texture": "#B5" },
        "north": { "uv": [ 0, 4.5, 3, 8.5 ], "texture": "#B5" },
        "south": { "uv": [ 13, 3.5, 16, 7.5 ], "texture": "#B5" },
        "west":  { "uv": [ 0, 0, 16, 16 ], "texture": "#B5" },
        "east":  { "uv": [ 7.5, 4.5, 10.5, 7.5 ], "texture": "#B5" }
    }
},
{
    "__comment": "B5",
    "from": [ 17.5, 5, 7.4375 ],
    "to": [ 23.5, 15, 8.4375 ],
    "rotation": { "origin": [ 17.5, 5, 7.4375 ], "axis": "y", "angle": -22.5 },
    "faces": {
        "down":  { "uv": [ 0, 7.25, 0, 6.25 ], "texture": "#B5" },
        "up":    { "uv": [ 16, 6.25, 16, 7.25 ], "texture": "#B5" },
        "north": { "uv": [ 0, 1, 0, 11 ], "texture": "#B5" },
        "south": { "uv": [ 16, 1, 16, 11 ], "texture": "#B5" },
        "west":  { "uv": [ 6.25, 1, 7.25, 11 ], "texture": "#B5" },
        "east":  { "uv": [ 8.75, 1, 9.75, 11 ], "texture": "#B5" }
    }
},
{
    "__comment": "B6",
    "from": [ 8, 6, 5.1 ],
    "to": [ 11.5, 14, 10.1 ],
    "faces": {
        "down":  { "uv": [ 5, 14.5, 1.5, 9.5 ], "texture": "#B6" },
        "up":    { "uv": [ 2, 10, 5.5, 15 ], "texture": "#B6" },
        "north": { "uv": [ 5.5, 7, 9, 15 ], "texture": "#B6" },
        "south": { "uv": [ 11, 7, 14.5, 15 ], "texture": "#B6" },
        "west":  { "uv": [ 0, 0, 16, 16 ], "texture": "#B6" },
        "east":  { "uv": [ 1.5, 2, 6.5, 10 ], "texture": "#B6" }
    }
},
{
    "__comment": "B6",
    "from": [ 11.5, 7.5, 5.9 ],
    "to": [ 15, 12.5, 9.9 ],
    "faces": {
        "down":  { "uv": [ 7, 8.5, 2, 2 ], "texture": "#B6" },
        "up":    { "uv": [ 4, 7, 9.5, 13 ], "texture": "#B6" },
        "north": { "uv": [ 1.5, 1.5, 6.5, 8.5 ], "texture": "#B6" },
        "south": { "uv": [ 0, 0, 6, 7.5 ], "texture": "#B6" },
        "west":  { "uv": [ 0, 0, 16, 16 ], "texture": "#B6" },
        "east":  { "uv": [ 4.5, 8, 13.5, 14.5 ], "texture": "#B6" }
    }
},
{
    "__comment": "B6",
    "from": [ 15, 8.5, 6.6875 ],
    "to": [ 18, 11.5, 9.6875 ],
    "rotation": { "origin": [ 15, 8.5, 6.6875 ], "axis": "y", "angle": -22.5 },
    "faces": {
        "down":  { "uv": [ 1, 8.5, 0, 5.5 ], "texture": "#B6" },
        "up":    { "uv": [ 15, 5.5, 16, 8.5 ], "texture": "#B6" },
        "north": { "uv": [ 0, 4.5, 3, 8.5 ], "texture": "#B6" },
        "south": { "uv": [ 13, 3.5, 16, 7.5 ], "texture": "#B6" },
        "west":  { "uv": [ 0, 0, 16, 16 ], "texture": "#B6" },
        "east":  { "uv": [ 7.5, 4.5, 10.5, 7.5 ], "texture": "#B6" }
    }
},
{
    "__comment": "B6",
    "from": [ 17, 5, 8.1875 ],
    "to": [ 23, 15, 9.1875 ],
    "rotation": { "origin": [ 17, 5, 8.1875 ], "axis": "y", "angle": -22.5 },
    "faces": {
        "down":  { "uv": [ 0, 7.25, 0, 6.25 ], "texture": "#B6" },
        "up":    { "uv": [ 16, 6.25, 16, 7.25 ], "texture": "#B6" },
        "north": { "uv": [ 0, 1, 0, 11 ], "texture": "#B6" },
        "south": { "uv": [ 16, 1, 16, 11 ], "texture": "#B6" },
        "west":  { "uv": [ 6.25, 1, 7.25, 11 ], "texture": "#B6" },
        "east":  { "uv": [ 8.75, 1, 9.75, 11 ], "texture": "#B6" }
    }
},
{
    "__comment": "B7",
    "from": [ 8, 6, 4.8 ],
    "to": [ 11.5, 14, 9.8 ],
    "faces": {
        "down":  { "uv": [ 5, 14.5, 1.5, 9.5 ], "texture": "#B7" },
        "up":    { "uv": [ 2, 10, 5.5, 15 ], "texture": "#B7" },
        "north": { "uv": [ 5.5, 7, 9, 15 ], "texture": "#B7" },
        "south": { "uv": [ 11, 7, 14.5, 15 ], "texture": "#B7" },
        "west":  { "uv": [ 0, 0, 16, 16 ], "texture": "#B7" },
        "east":  { "uv": [ 1.5, 2, 6.5, 10 ], "texture": "#B7" }
    }
},
{
    "__comment": "B7",
    "from": [ 11.5, 7.5, 5.6 ],
    "to": [ 15, 12.5, 9.6 ],
    "faces": {
        "down":  { "uv": [ 7, 8.5, 2, 2 ], "texture": "#B7" },
        "up":    { "uv": [ 4, 7, 9.5, 13 ], "texture": "#B7" },
        "north": { "uv": [ 1.5, 1.5, 6.5, 8.5 ], "texture": "#B7" },
        "south": { "uv": [ 0, 0, 6, 7.5 ], "texture": "#B7" },
        "west":  { "uv": [ 0, 0, 16, 16 ], "texture": "#B7" },
        "east":  { "uv": [ 4.5, 8, 13.5, 14.5 ], "texture": "#B7" }
    }
},
{
    "__comment": "B7",
    "from": [ 15, 8.5, 6.3875 ],
    "to": [ 18, 11.5, 9.3875 ],
    "rotation": { "origin": [ 15, 8.5, 6.3875 ], "axis": "y", "angle": -22.5 },
    "faces": {
        "down":  { "uv": [ 1, 8.5, 0, 5.5 ], "texture": "#B7" },
        "up":    { "uv": [ 15, 5.5, 16, 8.5 ], "texture": "#B7" },
        "north": { "uv": [ 0, 4.5, 3, 8.5 ], "texture": "#B7" },
        "south": { "uv": [ 13, 3.5, 16, 7.5 ], "texture": "#B7" },
        "west":  { "uv": [ 0, 0, 16, 16 ], "texture": "#B7" },
        "east":  { "uv": [ 7.5, 4.5, 10.5, 7.5 ], "texture": "#B7" }
    }
},
{
    "__comment": "B7",
    "from": [ 17, 5, 8.4375 ],
    "to": [ 23, 15, 9.4375 ],
    "rotation": { "origin": [ 17, 5, 8.4375 ], "axis": "y", "angle": -45 },
    "faces": {
        "down":  { "uv": [ 0, 7.25, 0, 6.25 ], "texture": "#B7" },
        "up":    { "uv": [ 16, 6.25, 16, 7.25 ], "texture": "#B7" },
        "north": { "uv": [ 0, 1, 0, 11 ], "texture": "#B7" },
        "south": { "uv": [ 16, 1, 16, 11 ], "texture": "#B7" },
        "west":  { "uv": [ 6.25, 1, 7.25, 11 ], "texture": "#B7" },
        "east":  { "uv": [ 8.75, 1, 9.75, 11 ], "texture": "#B7" }
    }
},
{
    "__comment": "B8",
    "from": [ 8, 6, 4.5 ],
    "to": [ 11.5, 14, 9.5 ],
    "faces": {
        "down":  { "uv": [ 5, 14.5, 1.5, 9.5 ], "texture": "#B8" },
        "up":    { "uv": [ 2, 10, 5.5, 15 ], "texture": "#B8" },
        "north": { "uv": [ 5.5, 7, 9, 15 ], "texture": "#B8" },
        "south": { "uv": [ 11, 7, 14.5, 15 ], "texture": "#B8" },
        "west":  { "uv": [ 0, 0, 16, 16 ], "texture": "#B8" },
        "east":  { "uv": [ 1.5, 2, 6.5, 10 ], "texture": "#B8" }
    }
},
{
    "__comment": "B8",
    "from": [ 11.5, 7.5, 5.3 ],
    "to": [ 15, 12.5, 9.3 ],
    "faces": {
        "down":  { "uv": [ 7, 8.5, 2, 2 ], "texture": "#B8" },
        "up":    { "uv": [ 4, 7, 9.5, 13 ], "texture": "#B8" },
        "north": { "uv": [ 1.5, 1.5, 6.5, 8.5 ], "texture": "#B8" },
        "south": { "uv": [ 0, 0, 6, 7.5 ], "texture": "#B8" },
        "west":  { "uv": [ 0, 0, 16, 16 ], "texture": "#B8" },
        "east":  { "uv": [ 4.5, 8, 13.5, 14.5 ], "texture": "#B8" }
    }
},
{
    "__comment": "B8",
    "from": [ 15, 8.5, 6.0875 ],
    "to": [ 18, 11.5, 9.0875 ],
    "rotation": { "origin": [ 15, 8.5, 6.0875 ], "axis": "y", "angle": -22.5 },
    "faces": {
        "down":  { "uv": [ 1, 8.5, 0, 5.5 ], "texture": "#B8" },
        "up":    { "uv": [ 15, 5.5, 16, 8.5 ], "texture": "#B8" },
        "north": { "uv": [ 0, 4.5, 3, 8.5 ], "texture": "#B8" },
        "south": { "uv": [ 13, 3.5, 16, 7.5 ], "texture": "#B8" },
        "west":  { "uv": [ 0, 0, 16, 16 ], "texture": "#B8" },
        "east":  { "uv": [ 7.5, 4.5, 10.5, 7.5 ], "texture": "#B8" }
    }
},
{
    "__comment": "B8",
    "from": [ 16.4375, 5, 8.125 ],
    "to": [ 22.4375, 15, 9.125 ],
    "rotation": { "origin": [ 16.4375, 5, 8.125 ], "axis": "y", "angle": -22.5 },
    "faces": {
        "down":  { "uv": [ 0, 7.25, 0, 6.25 ], "texture": "#B8" },
        "up":    { "uv": [ 16, 6.25, 16, 7.25 ], "texture": "#B8" },
        "north": { "uv": [ 0, 1, 0, 11 ], "texture": "#B8" },
        "south": { "uv": [ 16, 1, 16, 11 ], "texture": "#B8" },
        "west":  { "uv": [ 6.25, 1, 7.25, 11 ], "texture": "#B8" },
        "east":  { "uv": [ 8.75, 1, 9.75, 11 ], "texture": "#B8" }
    }
},
{
    "__comment": "B9",
    "from": [ 8, 6, 4.2 ],
    "to": [ 11.5, 14, 9.2 ],
    "faces": {
        "down":  { "uv": [ 5, 14.5, 1.5, 9.5 ], "texture": "#B9" },
        "up":    { "uv": [ 2, 10, 5.5, 15 ], "texture": "#B9" },
        "north": { "uv": [ 5.5, 7, 9, 15 ], "texture": "#B9" },
        "south": { "uv": [ 11, 7, 14.5, 15 ], "texture": "#B9" },
        "west":  { "uv": [ 0, 0, 16, 16 ], "texture": "#B9" },
        "east":  { "uv": [ 1.5, 2, 6.5, 10 ], "texture": "#B9" }
    }
},
{
    "__comment": "B9",
    "from": [ 11.5, 7.5, 5 ],
    "to": [ 15, 12.5, 9 ],
    "faces": {
        "down":  { "uv": [ 7, 8.5, 2, 2 ], "texture": "#B9" },
        "up":    { "uv": [ 4, 7, 9.5, 13 ], "texture": "#B9" },
        "north": { "uv": [ 1.5, 1.5, 6.5, 8.5 ], "texture": "#B9" },
        "south": { "uv": [ 0, 0, 6, 7.5 ], "texture": "#B9" },
        "west":  { "uv": [ 0, 0, 16, 16 ], "texture": "#B9" },
        "east":  { "uv": [ 4.5, 8, 13.5, 14.5 ], "texture": "#B9" }
    }
},
{
    "__comment": "B9",
    "from": [ 14.5, 8.5, 5.75 ],
    "to": [ 17.5, 11.5, 8.75 ],
    "faces": {
        "down":  { "uv": [ 1, 8.5, 0, 5.5 ], "texture": "#B9" },
        "up":    { "uv": [ 15, 5.5, 16, 8.5 ], "texture": "#B9" },
        "north": { "uv": [ 0, 4.5, 3, 8.5 ], "texture": "#B9" },
        "south": { "uv": [ 13, 3.5, 16, 7.5 ], "texture": "#B9" },
        "west":  { "uv": [ 0, 0, 16, 16 ], "texture": "#B9" },
        "east":  { "uv": [ 7.5, 4.5, 10.5, 7.5 ], "texture": "#B9" }
    }
},
{
    "__comment": "B9",
    "from": [ 17, 5, 7.3125 ],
    "to": [ 23, 15, 8.3125 ],
    "rotation": { "origin": [ 17, 5, 7.3125 ], "axis": "y", "angle": -22.5 },
    "faces": {
        "down":  { "uv": [ 0, 7.25, 0, 6.25 ], "texture": "#B9" },
        "up":    { "uv": [ 16, 6.25, 16, 7.25 ], "texture": "#B9" },
        "north": { "uv": [ 0, 1, 0, 11 ], "texture": "#B9" },
        "south": { "uv": [ 16, 1, 16, 11 ], "texture": "#B9" },
        "west":  { "uv": [ 6.25, 1, 7.25, 11 ], "texture": "#B9" },
        "east":  { "uv": [ 8.75, 1, 9.75, 11 ], "texture": "#B9" }
    }
},
{
    "__comment": "B10",
    "from": [ 8, 6, 3.9 ],
    "to": [ 11.5, 14, 8.9 ],
    "faces": {
        "down":  { "uv": [ 5, 14.5, 1.5, 9.5 ], "texture": "#B10" },
        "up":    { "uv": [ 2, 10, 5.5, 15 ], "texture": "#B10" },
        "north": { "uv": [ 5.5, 7, 9, 15 ], "texture": "#B10" },
        "south": { "uv": [ 11, 7, 14.5, 15 ], "texture": "#B10" },
        "west":  { "uv": [ 0, 0, 16, 16 ], "texture": "#B10" },
        "east":  { "uv": [ 1.5, 2, 6.5, 10 ], "texture": "#B10" }
    }
},
{
    "__comment": "B10",
    "from": [ 11.5, 7.5, 4.7 ],
    "to": [ 15, 12.5, 8.7 ],
    "faces": {
        "down":  { "uv": [ 7, 8.5, 2, 2 ], "texture": "#B10" },
        "up":    { "uv": [ 4, 7, 9.5, 13 ], "texture": "#B10" },
        "north": { "uv": [ 1.5, 1.5, 6.5, 8.5 ], "texture": "#B10" },
        "south": { "uv": [ 0, 0, 6, 7.5 ], "texture": "#B10" },
        "west":  { "uv": [ 0, 0, 16, 16 ], "texture": "#B10" },
        "east":  { "uv": [ 4.5, 8, 13.5, 14.5 ], "texture": "#B10" }
    }
},
{
    "__comment": "B10",
    "from": [ 14.5, 8.5, 5.45 ],
    "to": [ 17.5, 11.5, 8.45 ],
    "faces": {
        "down":  { "uv": [ 1, 8.5, 0, 5.5 ], "texture": "#B10" },
        "up":    { "uv": [ 15, 5.5, 16, 8.5 ], "texture": "#B10" },
        "north": { "uv": [ 0, 4.5, 3, 8.5 ], "texture": "#B10" },
        "south": { "uv": [ 13, 3.5, 16, 7.5 ], "texture": "#B10" },
        "west":  { "uv": [ 0, 0, 16, 16 ], "texture": "#B10" },
        "east":  { "uv": [ 7.5, 4.5, 10.5, 7.5 ], "texture": "#B10" }
    }
},
{
    "__comment": "B10",
    "from": [ 17, 5, 7 ],
    "to": [ 23, 15, 8 ],
    "rotation": { "origin": [ 17, 5, 7 ], "axis": "y", "angle": -22.5 },
    "faces": {
        "down":  { "uv": [ 0, 7.25, 0, 6.25 ], "texture": "#B10" },
        "up":    { "uv": [ 16, 6.25, 16, 7.25 ], "texture": "#B10" },
        "north": { "uv": [ 0, 1, 0, 11 ], "texture": "#B10" },
        "south": { "uv": [ 16, 1, 16, 11 ], "texture": "#B10" },
        "west":  { "uv": [ 6.25, 1, 7.25, 11 ], "texture": "#B10" },
        "east":  { "uv": [ 8.75, 1, 9.75, 11 ], "texture": "#B10" }
    }
},
{
    "__comment": "B11",
    "from": [ 8, 6, 3.6 ],
    "to": [ 11.5, 14, 8.6 ],
    "faces": {
        "down":  { "uv": [ 5, 14.5, 1.5, 9.5 ], "texture": "#B11" },
        "up":    { "uv": [ 2, 10, 5.5, 15 ], "texture": "#B11" },
        "north": { "uv": [ 5.5, 7, 9, 15 ], "texture": "#B11" },
        "south": { "uv": [ 11, 7, 14.5, 15 ], "texture": "#B11" },
        "west":  { "uv": [ 0, 0, 16, 16 ], "texture": "#B11" },
        "east":  { "uv": [ 1.5, 2, 6.5, 10 ], "texture": "#B11" }
    }
},
{
    "__comment": "B11",
    "from": [ 11.5, 7.5, 4.4 ],
    "to": [ 15, 12.5, 8.4 ],
    "faces": {
        "down":  { "uv": [ 7, 8.5, 2, 2 ], "texture": "#B11" },
        "up":    { "uv": [ 4, 7, 9.5, 13 ], "texture": "#B11" },
        "north": { "uv": [ 1.5, 1.5, 6.5, 8.5 ], "texture": "#B11" },
        "south": { "uv": [ 0, 0, 6, 7.5 ], "texture": "#B11" },
        "west":  { "uv": [ 0, 0, 16, 16 ], "texture": "#B11" },
        "east":  { "uv": [ 4.5, 8, 13.5, 14.5 ], "texture": "#B11" }
    }
},
{
    "__comment": "B11",
    "from": [ 14.5, 8.5, 5.15 ],
    "to": [ 17.5, 11.5, 8.15 ],
    "faces": {
        "down":  { "uv": [ 1, 8.5, 0, 5.5 ], "texture": "#B11" },
        "up":    { "uv": [ 15, 5.5, 16, 8.5 ], "texture": "#B11" },
        "north": { "uv": [ 0, 4.5, 3, 8.5 ], "texture": "#B11" },
        "south": { "uv": [ 13, 3.5, 16, 7.5 ], "texture": "#B11" },
        "west":  { "uv": [ 0, 0, 16, 16 ], "texture": "#B11" },
        "east":  { "uv": [ 7.5, 4.5, 10.5, 7.5 ], "texture": "#B11" }
    }
},
{
    "__comment": "B11",
    "from": [ 17, 5, 6.1875 ],
    "to": [ 23, 15, 7.1875 ],
    "rotation": { "origin": [ 17, 5, 6.1875 ], "axis": "y", "angle": -22.5 },
    "faces": {
        "down":  { "uv": [ 0, 7.25, 0, 6.25 ], "texture": "#B11" },
        "up":    { "uv": [ 16, 6.25, 16, 7.25 ], "texture": "#B11" },
        "north": { "uv": [ 0, 1, 0, 11 ], "texture": "#B11" },
        "south": { "uv": [ 16, 1, 16, 11 ], "texture": "#B11" },
        "west":  { "uv": [ 6.25, 1, 7.25, 11 ], "texture": "#B11" },
        "east":  { "uv": [ 8.75, 1, 9.75, 11 ], "texture": "#B11" }
    }
},
{
    "__comment": "B12",
    "from": [ 8, 6, 3.3 ],
    "to": [ 11.5, 14, 8.3 ],
    "faces": {
        "down":  { "uv": [ 5, 14.5, 1.5, 9.5 ], "texture": "#B12" },
        "up":    { "uv": [ 2, 10, 5.5, 15 ], "texture": "#B12" },
        "north": { "uv": [ 5.5, 7, 9, 15 ], "texture": "#B12" },
        "south": { "uv": [ 11, 7, 14.5, 15 ], "texture": "#B12" },
        "west":  { "uv": [ 0, 0, 16, 16 ], "texture": "#B12" },
        "east":  { "uv": [ 1.5, 2, 6.5, 10 ], "texture": "#B12" }
    }
},
{
    "__comment": "B12",
    "from": [ 11.5, 7.5, 4.1 ],
    "to": [ 15, 12.5, 8.1 ],
    "faces": {
        "down":  { "uv": [ 7, 8.5, 2, 2 ], "texture": "#B12" },
        "up":    { "uv": [ 4, 7, 9.5, 13 ], "texture": "#B12" },
        "north": { "uv": [ 1.5, 1.5, 6.5, 8.5 ], "texture": "#B12" },
        "south": { "uv": [ 0, 0, 6, 7.5 ], "texture": "#B12" },
        "west":  { "uv": [ 0, 0, 16, 16 ], "texture": "#B12" },
        "east":  { "uv": [ 4.5, 8, 13.5, 14.5 ], "texture": "#B12" }
    }
},
{
    "__comment": "B12",
    "from": [ 14.5, 8.5, 4.85 ],
    "to": [ 17.5, 11.5, 7.85 ],
    "faces": {
        "down":  { "uv": [ 1, 8.5, 0, 5.5 ], "texture": "#B12" },
        "up":    { "uv": [ 15, 5.5, 16, 8.5 ], "texture": "#B12" },
        "north": { "uv": [ 0, 4.5, 3, 8.5 ], "texture": "#B12" },
        "south": { "uv": [ 13, 3.5, 16, 7.5 ], "texture": "#B12" },
        "west":  { "uv": [ 0, 0, 16, 16 ], "texture": "#B12" },
        "east":  { "uv": [ 7.5, 4.5, 10.5, 7.5 ], "texture": "#B12" }
    }
},
{
    "__comment": "B12",
    "from": [ 16.85, 5, 5.65 ],
    "to": [ 22.85, 15, 6.65 ],
    "faces": {
        "down":  { "uv": [ 0, 7.25, 0, 6.25 ], "texture": "#B12" },
        "up":    { "uv": [ 16, 6.25, 16, 7.25 ], "texture": "#B12" },
        "north": { "uv": [ 0, 1, 0, 11 ], "texture": "#B12" },
        "south": { "uv": [ 16, 1, 16, 11 ], "texture": "#B12" },
        "west":  { "uv": [ 6.25, 1, 7.25, 11 ], "texture": "#B12" },
        "east":  { "uv": [ 8.75, 1, 9.75, 11 ], "texture": "#B12" }
    }
},
{
    "__comment": "B13",
    "from": [ 8, 6, 3.6 ],
    "to": [ 11.5, 14, 8.6 ],
    "faces": {
        "down":  { "uv": [ 5, 14.5, 1.5, 9.5 ], "texture": "#B13" },
        "up":    { "uv": [ 2, 10, 5.5, 15 ], "texture": "#B13" },
        "north": { "uv": [ 5.5, 7, 9, 15 ], "texture": "#B13" },
        "south": { "uv": [ 11, 7, 14.5, 15 ], "texture": "#B13" },
        "west":  { "uv": [ 0, 0, 16, 16 ], "texture": "#B13" },
        "east":  { "uv": [ 1.5, 2, 6.5, 10 ], "texture": "#B13" }
    }
},
{
    "__comment": "B13",
    "from": [ 11.5, 7.5, 3.8 ],
    "to": [ 15, 12.5, 7.8 ],
    "faces": {
        "down":  { "uv": [ 7, 8.5, 2, 2 ], "texture": "#B13" },
        "up":    { "uv": [ 4, 7, 9.5, 13 ], "texture": "#B13" },
        "north": { "uv": [ 1.5, 1.5, 6.5, 8.5 ], "texture": "#B13" },
        "south": { "uv": [ 0, 0, 6, 7.5 ], "texture": "#B13" },
        "west":  { "uv": [ 0, 0, 16, 16 ], "texture": "#B13" },
        "east":  { "uv": [ 4.5, 8, 13.5, 14.5 ], "texture": "#B13" }
    }
},
{
    "__comment": "B13",
    "from": [ 14.5, 8.5, 4.55 ],
    "to": [ 17.5, 11.5, 7.55 ],
    "faces": {
        "down":  { "uv": [ 1, 8.5, 0, 5.5 ], "texture": "#B13" },
        "up":    { "uv": [ 15, 5.5, 16, 8.5 ], "texture": "#B13" },
        "north": { "uv": [ 0, 4.5, 3, 8.5 ], "texture": "#B13" },
        "south": { "uv": [ 13, 3.5, 16, 7.5 ], "texture": "#B13" },
        "west":  { "uv": [ 0, 0, 16, 16 ], "texture": "#B13" },
        "east":  { "uv": [ 7.5, 4.5, 10.5, 7.5 ], "texture": "#B13" }
    }
},
{
    "__comment": "B13",
    "from": [ 16.8, 5, 5.5625 ],
    "to": [ 22.8, 15, 6.5625 ],
    "rotation": { "origin": [ 16.8, 5, 5.5625 ], "axis": "y", "angle": 22.5 },
    "faces": {
        "down":  { "uv": [ 0, 7.25, 0, 6.25 ], "texture": "#B13" },
        "up":    { "uv": [ 16, 6.25, 16, 7.25 ], "texture": "#B13" },
        "north": { "uv": [ 0, 1, 0, 11 ], "texture": "#B13" },
        "south": { "uv": [ 16, 1, 16, 11 ], "texture": "#B13" },
        "west":  { "uv": [ 6.25, 1, 7.25, 11 ], "texture": "#B13" },
        "east":  { "uv": [ 8.75, 1, 9.75, 11 ], "texture": "#B13" }
    }
},
{
    "__comment": "B14",
    "from": [ 8, 6, 3.9 ],
    "to": [ 11.5, 14, 8.9 ],
    "faces": {
        "down":  { "uv": [ 5, 14.5, 1.5, 9.5 ], "texture": "#B14" },
        "up":    { "uv": [ 2, 10, 5.5, 15 ], "texture": "#B14" },
        "north": { "uv": [ 5.5, 7, 9, 15 ], "texture": "#B14" },
        "south": { "uv": [ 11, 7, 14.5, 15 ], "texture": "#B14" },
        "west":  { "uv": [ 0, 0, 16, 16 ], "texture": "#B14" },
        "east":  { "uv": [ 1.5, 2, 6.5, 10 ], "texture": "#B14" }
    }
},
{
    "__comment": "B14",
    "from": [ 11.5, 7.5, 4.1 ],
    "to": [ 15, 12.5, 8.1 ],
    "faces": {
        "down":  { "uv": [ 7, 8.5, 2, 2 ], "texture": "#B14" },
        "up":    { "uv": [ 4, 7, 9.5, 13 ], "texture": "#B14" },
        "north": { "uv": [ 1.5, 1.5, 6.5, 8.5 ], "texture": "#B14" },
        "south": { "uv": [ 0, 0, 6, 7.5 ], "texture": "#B14" },
        "west":  { "uv": [ 0, 0, 16, 16 ], "texture": "#B14" },
        "east":  { "uv": [ 4.5, 8, 13.5, 14.5 ], "texture": "#B14" }
    }
},
{
    "__comment": "B14",
    "from": [ 14, 8.5, 4.75 ],
    "to": [ 17, 11.5, 7.75 ],
    "rotation": { "origin": [ 14, 8.5, 4.75 ], "axis": "y", "angle": 22.5 },
    "faces": {
        "down":  { "uv": [ 1, 8.5, 0, 5.5 ], "texture": "#B14" },
        "up":    { "uv": [ 15, 5.5, 16, 8.5 ], "texture": "#B14" },
        "north": { "uv": [ 0, 4.5, 3, 8.5 ], "texture": "#B14" },
        "south": { "uv": [ 13, 3.5, 16, 7.5 ], "texture": "#B14" },
        "west":  { "uv": [ 0, 0, 16, 16 ], "texture": "#B14" },
        "east":  { "uv": [ 7.5, 4.5, 10.5, 7.5 ], "texture": "#B14" }
    }
},
{
    "__comment": "B14",
    "from": [ 16.5, 5, 4.25 ],
    "to": [ 22.5, 15, 5.25 ],
    "rotation": { "origin": [ 16.5, 5, 4.25 ], "axis": "y", "angle": 22.5 },
    "faces": {
        "down":  { "uv": [ 0, 7.25, 0, 6.25 ], "texture": "#B14" },
        "up":    { "uv": [ 16, 6.25, 16, 7.25 ], "texture": "#B14" },
        "north": { "uv": [ 0, 1, 0, 11 ], "texture": "#B14" },
        "south": { "uv": [ 16, 1, 16, 11 ], "texture": "#B14" },
        "west":  { "uv": [ 6.25, 1, 7.25, 11 ], "texture": "#B14" },
        "east":  { "uv": [ 8.75, 1, 9.75, 11 ], "texture": "#B14" }
    }
},
{
    "__comment": "B15",
    "from": [ 8, 6, 4.2 ],
    "to": [ 11.5, 14, 9.2 ],
    "faces": {
        "down":  { "uv": [ 5, 14.5, 1.5, 9.5 ], "texture": "#B15" },
        "up":    { "uv": [ 2, 10, 5.5, 15 ], "texture": "#B15" },
        "north": { "uv": [ 5.5, 7, 9, 15 ], "texture": "#B15" },
        "south": { "uv": [ 11, 7, 14.5, 15 ], "texture": "#B15" },
        "west":  { "uv": [ 0, 0, 16, 16 ], "texture": "#B15" },
        "east":  { "uv": [ 1.5, 2, 6.5, 10 ], "texture": "#B15" }
    }
},
{
    "__comment": "B15",
    "from": [ 11.5, 7.5, 4.4 ],
    "to": [ 15, 12.5, 8.4 ],
    "faces": {
        "down":  { "uv": [ 7, 8.5, 2, 2 ], "texture": "#B15" },
        "up":    { "uv": [ 4, 7, 9.5, 13 ], "texture": "#B15" },
        "north": { "uv": [ 1.5, 1.5, 6.5, 8.5 ], "texture": "#B15" },
        "south": { "uv": [ 0, 0, 6, 7.5 ], "texture": "#B15" },
        "west":  { "uv": [ 0, 0, 16, 16 ], "texture": "#B15" },
        "east":  { "uv": [ 4.5, 8, 13.5, 14.5 ], "texture": "#B15" }
    }
},
{
    "__comment": "B15",
    "from": [ 14, 8.5, 5.05 ],
    "to": [ 17, 11.5, 8.05 ],
    "rotation": { "origin": [ 14, 8.5, 5.05 ], "axis": "y", "angle": 22.5 },
    "faces": {
        "down":  { "uv": [ 1, 8.5, 0, 5.5 ], "texture": "#B15" },
        "up":    { "uv": [ 15, 5.5, 16, 8.5 ], "texture": "#B15" },
        "north": { "uv": [ 0, 4.5, 3, 8.5 ], "texture": "#B15" },
        "south": { "uv": [ 13, 3.5, 16, 7.5 ], "texture": "#B15" },
        "west":  { "uv": [ 0, 0, 16, 16 ], "texture": "#B15" },
        "east":  { "uv": [ 7.5, 4.5, 10.5, 7.5 ], "texture": "#B15" }
    }
},
{
    "__comment": "B15",
    "from": [ 16.35, 5, 4.85 ],
    "to": [ 22.35, 15, 5.85 ],
    "rotation": { "origin": [ 16.35, 5, 4.85 ], "axis": "y", "angle": 45 },
    "faces": {
        "down":  { "uv": [ 0, 7.25, 0, 6.25 ], "texture": "#B15" },
        "up":    { "uv": [ 16, 6.25, 16, 7.25 ], "texture": "#B15" },
        "north": { "uv": [ 0, 1, 0, 11 ], "texture": "#B15" },
        "south": { "uv": [ 16, 1, 16, 11 ], "texture": "#B15" },
        "west":  { "uv": [ 6.25, 1, 7.25, 11 ], "texture": "#B15" },
        "east":  { "uv": [ 8.75, 1, 9.75, 11 ], "texture": "#B15" }
    }
},
{
    "__comment": "B16",
    "from": [ 8, 6, 4.5 ],
    "to": [ 11.5, 14, 9.5 ],
    "faces": {
        "down":  { "uv": [ 5, 14.5, 1.5, 9.5 ], "texture": "#B16" },
        "up":    { "uv": [ 2, 10, 5.5, 15 ], "texture": "#B16" },
        "north": { "uv": [ 5.5, 7, 9, 15 ], "texture": "#B16" },
        "south": { "uv": [ 11, 7, 14.5, 15 ], "texture": "#B16" },
        "west":  { "uv": [ 0, 0, 16, 16 ], "texture": "#B16" },
        "east":  { "uv": [ 1.5, 2, 6.5, 10 ], "texture": "#B16" }
    }
},
{
    "__comment": "B16",
    "from": [ 11.5, 7.5, 4.7 ],
    "to": [ 15, 12.5, 8.7 ],
    "faces": {
        "down":  { "uv": [ 7, 8.5, 2, 2 ], "texture": "#B16" },
        "up":    { "uv": [ 4, 7, 9.5, 13 ], "texture": "#B16" },
        "north": { "uv": [ 1.5, 1.5, 6.5, 8.5 ], "texture": "#B16" },
        "south": { "uv": [ 0, 0, 6, 7.5 ], "texture": "#B16" },
        "west":  { "uv": [ 0, 0, 16, 16 ], "texture": "#B16" },
        "east":  { "uv": [ 4.5, 8, 13.5, 14.5 ], "texture": "#B16" }
    }
},
{
    "__comment": "B16",
    "from": [ 14, 8.5, 5.35 ],
    "to": [ 17, 11.5, 8.35 ],
    "rotation": { "origin": [ 14, 8.5, 5.35 ], "axis": "y", "angle": 22.5 },
    "faces": {
        "down":  { "uv": [ 1, 8.5, 0, 5.5 ], "texture": "#B16" },
        "up":    { "uv": [ 15, 5.5, 16, 8.5 ], "texture": "#B16" },
        "north": { "uv": [ 0, 4.5, 3, 8.5 ], "texture": "#B16" },
        "south": { "uv": [ 13, 3.5, 16, 7.5 ], "texture": "#B16" },
        "west":  { "uv": [ 0, 0, 16, 16 ], "texture": "#B16" },
        "east":  { "uv": [ 7.5, 4.5, 10.5, 7.5 ], "texture": "#B16" }
    }
},
{
    "__comment": "B16",
    "from": [ 16.3, 5, 4.6875 ],
    "to": [ 22.3, 15, 5.6875 ],
    "rotation": { "origin": [ 16.3, 5, 4.6875 ], "axis": "y", "angle": 22.5 },
    "faces": {
        "down":  { "uv": [ 0, 7.25, 0, 6.25 ], "texture": "#B16" },
        "up":    { "uv": [ 16, 6.25, 16, 7.25 ], "texture": "#B16" },
        "north": { "uv": [ 0, 1, 0, 11 ], "texture": "#B16" },
        "south": { "uv": [ 16, 1, 16, 11 ], "texture": "#B16" },
        "west":  { "uv": [ 6.25, 1, 7.25, 11 ], "texture": "#B16" },
        "east":  { "uv": [ 8.75, 1, 9.75, 11 ], "texture": "#B16" }
    }
},
{
    "__comment": "Chi1",
    "from": [ -0.5, 8, 4 ],
    "to": [ 3, 11, 4.5 ],
    "faces": {
        "down":  { "uv": [ 16, 4.5, 13, 4 ], "texture": "#Chi1" },
        "up":    { "uv": [ 0, 4, 3, 4.5 ], "texture": "#Chi1" },
        "north": { "uv": [ 13, 5, 16, 8 ], "texture": "#Chi1" },
        "south": { "uv": [ 0, 5, 3, 8 ], "texture": "#Chi1" },
        "west":  { "uv": [ 4, 5, 4.5, 8 ], "texture": "#Chi1" },
        "east":  { "uv": [ 11.5, 5, 12, 8 ], "texture": "#Chi1" }
    }
},
{
    "__comment": "Chi1",
    "from": [ -0.5, 6.5, 9.5 ],
    "to": [ 3, 9.5, 10 ],
    "faces": {
        "down":  { "uv": [ 16, 10, 13, 9.5 ], "texture": "#Chi1" },
        "up":    { "uv": [ 0, 9.5, 3, 10 ], "texture": "#Chi1" },
        "north": { "uv": [ 13, 6.5, 16, 9.5 ], "texture": "#Chi1" },
        "south": { "uv": [ 0, 6.5, 3, 9.5 ], "texture": "#Chi1" },
        "west":  { "uv": [ 9.5, 6.5, 10, 9.5 ], "texture": "#Chi1" },
        "east":  { "uv": [ 6, 6.5, 6.5, 9.5 ], "texture": "#Chi1" }
    }
},
{
    "__comment": "Chi2",
    "from": [ -0.5, 8, 4 ],
    "to": [ 3, 11, 4.5 ],
    "rotation": { "origin": [ -0.5, 8, 4 ], "axis": "y", "angle": 22.5 },
    "faces": {
        "down":  { "uv": [ 16, 4.5, 13, 4 ], "texture": "#Chi2" },
        "up":    { "uv": [ 0, 4, 3, 4.5 ], "texture": "#Chi2" },
        "north": { "uv": [ 13, 5, 16, 8 ], "texture": "#Chi2" },
        "south": { "uv": [ 0, 5, 3, 8 ], "texture": "#Chi2" },
        "west":  { "uv": [ 4, 5, 4.5, 8 ], "texture": "#Chi2" },
        "east":  { "uv": [ 11.5, 5, 12, 8 ], "texture": "#Chi2" }
    }
},
{
    "__comment": "Chi2",
    "from": [ -0.5, 6.5, 9.5 ],
    "to": [ 3, 9.5, 10 ],
    "rotation": { "origin": [ -0.5, 6.5, 9.5 ], "axis": "y", "angle": -22.5 },
    "faces": {
        "down":  { "uv": [ 16, 10, 13, 9.5 ], "texture": "#Chi2" },
        "up":    { "uv": [ 0, 9.5, 3, 10 ], "texture": "#Chi2" },
        "north": { "uv": [ 13, 6.5, 16, 9.5 ], "texture": "#Chi2" },
        "south": { "uv": [ 0, 6.5, 3, 9.5 ], "texture": "#Chi2" },
        "west":  { "uv": [ 9.5, 6.5, 10, 9.5 ], "texture": "#Chi2" },
        "east":  { "uv": [ 6, 6.5, 6.5, 9.5 ], "texture": "#Chi2" }
    }
},
{
    "__comment": "Chi3",
    "from": [ -0.5, 8, 4 ],
    "to": [ 3, 11, 4.5 ],
    "rotation": { "origin": [ -0.5, 8, 4 ], "axis": "y", "angle": 45 },
    "faces": {
        "down":  { "uv": [ 16, 4.5, 13, 4 ], "texture": "#Chi3" },
        "up":    { "uv": [ 0, 4, 3, 4.5 ], "texture": "#Chi3" },
        "north": { "uv": [ 13, 5, 16, 8 ], "texture": "#Chi3" },
        "south": { "uv": [ 0, 5, 3, 8 ], "texture": "#Chi3" },
        "west":  { "uv": [ 4, 5, 4.5, 8 ], "texture": "#Chi3" },
        "east":  { "uv": [ 11.5, 5, 12, 8 ], "texture": "#Chi3" }
    }
},
{
    "__comment": "Chi3",
    "from": [ -0.5, 6.5, 9.5 ],
    "to": [ 3, 9.5, 10 ],
    "rotation": { "origin": [ -0.5, 6.5, 9.5 ], "axis": "y", "angle": -45 },
    "faces": {
        "down":  { "uv": [ 16, 10, 13, 9.5 ], "texture": "#Chi3" },
        "up":    { "uv": [ 0, 9.5, 3, 10 ], "texture": "#Chi3" },
        "north": { "uv": [ 13, 6.5, 16, 9.5 ], "texture": "#Chi3" },
        "south": { "uv": [ 0, 6.5, 3, 9.5 ], "texture": "#Chi3" },
        "west":  { "uv": [ 9.5, 6.5, 10, 9.5 ], "texture": "#Chi3" },
        "east":  { "uv": [ 6, 6.5, 6.5, 9.5 ], "texture": "#Chi3" }
    }
}
],
"display": {
    "thirdperson_righthand": {
        "rotation": [ 77, -92, 65 ],
        "translation": [ -6.6, -15, 15 ],
        "scale": [ 1.5, 1.5, 1.5 ]
    },
    "thirdperson_lefthand": {
        "rotation": [ 0, 0, 0 ],
        "translation": [ 0, 0, 0 ],
        "scale": [ 1, 1, 1 ]
    }
}
}