{
"__comment": "Designed by S9855027 with BDcraft Cubik PRO 0.96 Beta - http://bdcraft.net",
"textures": {
    "particle": "mobs/cookie_A",
    "texture": "mobs/cookie_A",
    "cookie_C": "mobs/cookie_C"
},
"elements": [ 
{
    "from": [ 0.501, 5, 4.25 ],
    "to": [ 8.001, 15, 9.75 ],
    "faces": {
        "down":  { "uv": [ 15.499, 9.75, 7.999, 4.25 ], "texture": "#cookie_C" },
        "up":    { "uv": [ 0.50099998712539673, 4.25, 8.0010004043579102, 9.75 ], "texture": "#cookie_C" },
        "north": { "uv": [ 7.999000072479248, 1, 15.49899959564209, 11 ], "texture": "#cookie_C" },
        "south": { "uv": [ 0.50099998712539673, 1, 8.0010004043579102, 11 ], "texture": "#cookie_C" },
        "west":  { "uv": [ 4.25, 1, 9.75, 11 ], "texture": "#cookie_C" },
        "east":  { "uv": [ 6.25, 1, 11.75, 11 ], "texture": "#cookie_C" }
    }
},
{
    "from": [ 8, 6, 4.5 ],
    "to": [ 11.5, 14, 9.5 ],
    "faces": {
        "down":  { "uv": [ 8, 9.5, 4.5, 4.5 ], "texture": "#cookie_C" },
        "up":    { "uv": [ 8, 4.5, 11.5, 9.5 ], "texture": "#cookie_C" },
        "north": { "uv": [ 4.5, 2, 8, 10 ], "texture": "#cookie_C" },
        "south": { "uv": [ 8, 2, 11.5, 10 ], "texture": "#cookie_C" },
        "west":  { "uv": [ 4.5, 2, 9.5, 10 ], "texture": "#cookie_C" },
        "east":  { "uv": [ 6.5, 2, 11.5, 10 ], "texture": "#cookie_C" }
    }
},
{
    "from": [ 11.5, 7.5, 5 ],
    "to": [ 15, 12.5, 9 ],
    "faces": {
        "down":  { "uv": [ 4.5, 9, 1, 5 ], "texture": "#cookie_C" },
        "up":    { "uv": [ 11.5, 5, 15, 9 ], "texture": "#cookie_C" },
        "north": { "uv": [ 1, 3.5, 4.5, 8.5 ], "texture": "#cookie_C" },
        "south": { "uv": [ 11.5, 3.5, 15, 8.5 ], "texture": "#cookie_C" },
        "west":  { "uv": [ 5, 3.5, 9, 8.5 ], "texture": "#cookie_C" },
        "east":  { "uv": [ 7, 3.5, 11, 8.5 ], "texture": "#cookie_C" }
    }
},
{
    "from": [ 15, 8.5, 5.5 ],
    "to": [ 18, 11.5, 8.5 ],
    "faces": {
        "down":  { "uv": [ 1, 8.5, 0, 5.5 ], "texture": "#cookie_C" },
        "up":    { "uv": [ 15, 5.5, 16, 8.5 ], "texture": "#cookie_C" },
        "north": { "uv": [ 0, 4.5, 1, 7.5 ], "texture": "#cookie_C" },
        "south": { "uv": [ 15, 4.5, 16, 7.5 ], "texture": "#cookie_C" },
        "west":  { "uv": [ 5.5, 4.5, 8.5, 7.5 ], "texture": "#cookie_C" },
        "east":  { "uv": [ 7.5, 4.5, 10.5, 7.5 ], "texture": "#cookie_C" }
    }
},
{
    "from": [ 16, 5, 6.25 ],
    "to": [ 26, 15, 7.25 ],
    "faces": {
        "down":  { "uv": [ 0, 7.25, 0, 6.25 ], "texture": "#cookie_C" },
        "up":    { "uv": [ 16, 6.25, 16, 7.25 ], "texture": "#cookie_C" },
        "north": { "uv": [ 0, 1, 0, 11 ], "texture": "#cookie_C" },
        "south": { "uv": [ 16, 1, 16, 11 ], "texture": "#cookie_C" },
        "west":  { "uv": [ 6.25, 1, 7.25, 11 ], "texture": "#cookie_C" },
        "east":  { "uv": [ 8.75, 1, 9.75, 11 ], "texture": "#cookie_C" }
    }
},
{
    "from": [ -2.5, 5.5, 4.5 ],
    "to": [ 0.5, 14.5, 9.5 ],
    "faces": {
        "down":  { "uv": [ 3, 0, 12, 16 ], "texture": "#cookie_C" },
        "up":    { "uv": [ 3, 0, 12, 16 ], "texture": "#cookie_C" },
        "north": { "uv": [ 2.5, 0, 13.5, 16 ], "texture": "#cookie_C" },
        "south": { "uv": [ 2.5, 0, 13.5, 16 ], "texture": "#cookie_C" },
        "east":  { "uv": [ 0, 0, 16, 16 ], "texture": "#cookie_C" }
    }
},
{
    "from": [ -6.5, 4, 4.75 ],
    "to": [ -0.5, 10, 9.25 ],
    "faces": {
        "down":  { "uv": [ 3, 0, 12.5, 16 ], "texture": "#cookie_C" },
        "up":    { "uv": [ 3, 0, 12.5, 16 ], "texture": "#cookie_C" },
        "north": { "uv": [ 2.5, 0, 12.5, 16 ], "texture": "#cookie_C" },
        "south": { "uv": [ 2.5, 0, 12.5, 16 ], "texture": "#cookie_C" },
        "west":  { "uv": [ 0, 0, 16, 16 ], "texture": "#cookie_C" },
        "east":  { "uv": [ 0, 0, 16, 16 ], "texture": "#cookie_C" }
    }
},
{
    "from": [ -6, 7.5, 5.25 ],
    "to": [ -1, 9.5, 8.75 ],
    "faces": {
        "down":  { "uv": [ 1, 0, 5.5, 16 ], "texture": "#cookie_C" },
        "north": { "uv": [ 0, 7.5, 5.5, 16 ], "rotation": 270, "texture": "#cookie_C" },
        "south": { "uv": [ 0, 7.5, 6, 16 ], "rotation": 90, "texture": "#cookie_C" },
        "west":  { "uv": [ 0, 0, 16, 8.5 ], "texture": "#cookie_C" },
        "east":  { "uv": [ 0, 7.5, 16, 16 ], "texture": "#cookie_C" }
    }
},
{
    "from": [ -3, 10.5, 4.22 ],
    "to": [ -1.5, 12, 4.72 ],
    "faces": {
        "down":  { "uv": [ 0, 0, 16, 1 ], "texture": "#cookie_C" },
        "up":    { "uv": [ 0, 0, 16, 1 ], "texture": "#cookie_C" },
        "north": { "uv": [ 0, 0, 16, 16 ], "texture": "#cookie_C" },
        "south": { "uv": [ 0, 0, 16, 16 ], "texture": "#cookie_C" },
        "west":  { "uv": [ 0, 0, 1, 16 ], "texture": "#cookie_C" },
        "east":  { "uv": [ 0, 0, 1, 16 ], "texture": "#cookie_C" }
    }
},
{
    "from": [ -3, 10.5, 9.28 ],
    "to": [ -1.5, 12, 9.78 ],
    "faces": {
        "down":  { "uv": [ 0, 0, 16, 1 ], "texture": "#cookie_C" },
        "up":    { "uv": [ 0, 0, 16, 1 ], "texture": "#cookie_C" },
        "north": { "uv": [ 0, 0, 16, 16 ], "texture": "#cookie_C" },
        "south": { "uv": [ 0, 0, 16, 16 ], "texture": "#cookie_C" },
        "west":  { "uv": [ 0, 0, 1, 16 ], "texture": "#cookie_C" },
        "east":  { "uv": [ 0, 0, 1, 16 ], "texture": "#cookie_C" }
    }
}
]
}