{
"__comment": "designed by S9855027 with bdcraft cubik PRO 0.96 beta - http://bdcraft.net",
"textures": {
    "particle": "mobs/cookiefish/cookie_c",
    "cookie_c": "mobs/cookiefish/cookie_c",
    "cookie_dii": "mobs/cookiefish/cookie_dii",
    "cookie_d": "mobs/cookiefish/cookie_d",
    "cookie_h": "mobs/cookiefish/cookie_h",
    "cookie_h": "mobs/cookiefish/cookie_h",
    "cookie_b": "mobs/cookiefish/cookie_b",
    "cookie_bii": "mobs/cookiefish/cookie_bii",
    "b1": "mobs/cookiefish/b1",
    "b2": "mobs/cookiefish/b2",
    "b3": "mobs/cookiefish/b3",
    "b4": "mobs/cookiefish/b4",
    "b5": "mobs/cookiefish/b5",
    "b6": "mobs/cookiefish/b6",
    "b7": "mobs/cookiefish/b7",
    "b8": "mobs/cookiefish/b8",
    "b9": "mobs/cookiefish/b9",
    "b10": "mobs/cookiefish/b10",
    "b11": "mobs/cookiefish/b11",
    "b12": "mobs/cookiefish/b12",
    "b13": "mobs/cookiefish/b13",
    "b14": "mobs/cookiefish/b14",
    "b15": "mobs/cookiefish/b15",
    "b16": "mobs/cookiefish/b16",
    "chi1": "mobs/cookiefish/chi1",
    "chi2": "mobs/cookiefish/chi2",
    "chi3": "mobs/cookiefish/chi3"
},
"elements": [ 
{
    "__comment": "body",
    "from": [ 0.501, 5, 4.25 ],
    "to": [ 8.001, 15, 9.75 ],
    "faces": {
        "down":  { "uv": [ 15.4375, 9.75, 7.9375, 4.25 ], "texture": "#cookie_b" },
        "up":    { "uv": [ 7, 9, 14.5, 14.5 ], "texture": "#cookie_b" },
        "north": { "uv": [ 8.5625, 1, 16, 11 ], "texture": "#cookie_b" },
        "south": { "uv": [ 0.5, 1, 8, 11 ], "texture": "#cookie_b" },
        "west":  { "uv": [ 0, 0, 16, 16 ], "texture": "#cookie_h" },
        "east":  { "uv": [ 8, 0.5, 13.5, 10.5 ], "texture": "#cookie_b" }
    }
},
{
    "__comment": "head",
    "from": [ -2.5, 5.5, 4.5 ],
    "to": [ 0.5, 14.5, 9.5 ],
    "faces": {
        "down":  { "uv": [ 0, 0, 9, 16 ], "texture": "#cookie_d" },
        "up":    { "uv": [ 0, 0, 9, 16 ], "texture": "#cookie_d" },
        "north": { "uv": [ 0, 9, 6.5, 14.5 ], "texture": "#cookie_d" },
        "south": { "uv": [ 1, 6.5, 6.5, 14.5 ], "texture": "#cookie_d" },
        "west":  { "uv": [ 0, 0, 16, 16 ], "texture": "#cookie_h" },
        "east":  { "uv": [ 0, 0, 16, 16 ], "texture": "#cookie_d" }
    }
},
{
    "__comment": "M1",
    "from": [ -6.5, 4, 4.75 ],
    "to": [ -0.5, 10, 9.25 ],
    "rotation": { "origin": [ -6.5, 10, 4.75 ], "axis": "z", "angle": 45 },
    "faces": {
        "down":  { "uv": [ 3, 0, 12.5, 16 ], "texture": "#cookie_c" },
        "up":    { "uv": [ 3, 0, 12.5, 16 ], "texture": "#cookie_c" },
        "north": { "uv": [ 2.5, 0, 12.5, 16 ], "texture": "#cookie_c" },
        "south": { "uv": [ 2.5, 0, 12.5, 16 ], "texture": "#cookie_c" },
        "west":  { "uv": [ 0, 0, 16, 16 ], "texture": "#cookie_h" },
        "east":  { "uv": [ 0, 0, 16, 16 ], "texture": "#cookie_c" }
    }
},
{
    "__comment": "M1",
    "from": [ -7, 3, 5.25 ],
    "to": [ -2, 5, 8.75 ],
    "rotation": { "origin": [ -7, 5, 5.25 ], "axis": "z", "angle": 22.5 },
    "faces": {
        "down":  { "uv": [ 1, 0, 5.5, 16 ], "texture": "#cookie_c" },
        "up":    { "uv": [ 0, 0, 16, 16 ], "texture": "#cookie_h" },
        "north": { "uv": [ 0, 7.5, 5.5, 16 ], "rotation": 270, "texture": "#cookie_c" },
        "south": { "uv": [ 0, 7.5, 6, 16 ], "rotation": 90, "texture": "#cookie_c" },
        "west":  { "uv": [ 0, 0, 16, 8.5 ], "texture": "#cookie_c" },
        "east":  { "uv": [ 0, 7.5, 16, 16 ], "texture": "#cookie_c" }
    }
},
{
    "__comment": "Eyes",
    "from": [ -3, 10.5, 4.22 ],
    "to": [ -1.5, 12, 4.72 ],
    "faces": {
        "down":  { "uv": [ 0, 0, 16, 1 ], "texture": "#cookie_c" },
        "up":    { "uv": [ 0, 0, 16, 1 ], "texture": "#cookie_c" },
        "north": { "uv": [ 0, 0, 16, 16 ], "texture": "#cookie_dii" },
        "south": { "uv": [ 0, 0, 16, 16 ], "texture": "#cookie_dii" },
        "west":  { "uv": [ 0, 0, 1, 16 ], "texture": "#cookie_c" },
        "east":  { "uv": [ 0, 0, 1, 16 ], "texture": "#cookie_c" }
    }
},
{
    "__comment": "Eyes",
    "from": [ -3, 10.5, 9.28 ],
    "to": [ -1.5, 12, 9.78 ],
    "faces": {
        "down":  { "uv": [ 0, 0, 16, 1 ], "texture": "#cookie_c" },
        "up":    { "uv": [ 0, 0, 16, 1 ], "texture": "#cookie_c" },
        "north": { "uv": [ 0, 0, 16, 16 ], "texture": "#cookie_dii" },
        "south": { "uv": [ 0, 0, 16, 16 ], "texture": "#cookie_dii" },
        "west":  { "uv": [ 0, 0, 1, 16 ], "texture": "#cookie_c" },
        "east":  { "uv": [ 0, 0, 1, 16 ], "texture": "#cookie_c" }
    }
},
{
    "__comment": "chi",
    "from": [ 3, 13.5, 6.5 ],
    "to": [ 9.5, 18, 7.5 ],
    "rotation": { "origin": [ 3, 18, 6.5 ], "axis": "z", "angle": -22.5 },
    "faces": {
        "up":    { "uv": [ 0, 0, 16, 1.5 ], "texture": "#cookie_bii" },
        "north": { "uv": [ 16, 0, 0, 15.5 ], "texture": "#cookie_bii" },
        "south": { "uv": [ 0, 0, 16, 15 ], "texture": "#cookie_bii" },
        "west":  { "uv": [ 14.5, 0, 16, 6 ], "texture": "#cookie_bii" },
        "east":  { "uv": [ 14.5, 3, 16, 9.5 ], "texture": "#cookie_bii" }
    }
},
{
    "__comment": "b1",
    "from": [ 8, 6, 4.8 ],
    "to": [ 11.5, 14, 9.8 ],
    "faces": {
        "down":  { "uv": [ 5, 14.5, 1.5, 9.5 ], "texture": "#b1" },
        "up":    { "uv": [ 2, 10, 5.5, 15 ], "texture": "#b1" },
        "north": { "uv": [ 5.5, 7, 9, 15 ], "texture": "#b1" },
        "south": { "uv": [ 11, 7, 14.5, 15 ], "texture": "#b1" },
        "west":  { "uv": [ 4.5, 2, 9.5, 10 ], "texture": "#b1" },
        "east":  { "uv": [ 1.5, 2, 6.5, 10 ], "texture": "#b1" }
    }
},
{
    "__comment": "b1",
    "from": [ 11.5, 7.5, 5 ],
    "to": [ 15, 12.5, 9 ],
    "faces": {
        "down":  { "uv": [ 7, 8.5, 2, 2 ], "texture": "#b1" },
        "up":    { "uv": [ 4, 7, 9.5, 13 ], "texture": "#b1" },
        "north": { "uv": [ 1.5, 1.5, 6.5, 8.5 ], "texture": "#b1" },
        "south": { "uv": [ 0, 0, 6, 7.5 ], "texture": "#b1" },
        "west":  { "uv": [ 5, 3.5, 9, 8.5 ], "texture": "#b1" },
        "east":  { "uv": [ 4.5, 8, 13.5, 14.5 ], "texture": "#b1" }
    }
},
{
    "__comment": "b1",
    "from": [ 15, 8.5, 5.2 ],
    "to": [ 18, 11.5, 8.2 ],
    "faces": {
        "down":  { "uv": [ 1, 8.5, 0, 5.5 ], "texture": "#b1" },
        "up":    { "uv": [ 15, 5.5, 16, 8.5 ], "texture": "#b1" },
        "north": { "uv": [ 0, 4.5, 3, 8.5 ], "texture": "#b1" },
        "south": { "uv": [ 13, 3.5, 16, 7.5 ], "texture": "#b1" },
        "west":  { "uv": [ 5.5, 4.5, 8.5, 7.5 ], "texture": "#b1" },
        "east":  { "uv": [ 7.5, 4.5, 10.5, 7.5 ], "texture": "#b1" }
    }
},
{
    "__comment": "b1",
    "from": [ 17, 5, 5.5 ],
    "to": [ 23, 15, 6.5 ],
    "rotation": { "origin": [ 17, 5, 5.5 ], "axis": "y", "angle": 22.5 },
    "faces": {
        "down":  { "uv": [ 0, 7.25, 0, 6.25 ], "texture": "#b1" },
        "up":    { "uv": [ 16, 6.25, 16, 7.25 ], "texture": "#b1" },
        "north": { "uv": [ 0, 1, 0, 11 ], "texture": "#b1" },
        "south": { "uv": [ 16, 1, 16, 11 ], "texture": "#b1" },
        "west":  { "uv": [ 6.25, 1, 7.25, 11 ], "texture": "#b1" },
        "east":  { "uv": [ 8.75, 1, 9.75, 11 ], "texture": "#b1" }
    }
},
{
    "__comment": "b2",
    "from": [ 8, 6, 5.1 ],
    "to": [ 11.5, 14, 10.1 ],
    "faces": {
        "down":  { "uv": [ 5, 14.5, 1.5, 9.5 ], "texture": "#b2" },
        "up":    { "uv": [ 2, 10, 5.5, 15 ], "texture": "#b2" },
        "north": { "uv": [ 5.5, 7, 9, 15 ], "texture": "#b2" },
        "south": { "uv": [ 11, 7, 14.5, 15 ], "texture": "#b2" },
        "west":  { "uv": [ 4.5, 2, 9.5, 10 ], "texture": "#b2" },
        "east":  { "uv": [ 1.5, 2, 6.5, 10 ], "texture": "#b2" }
    }
},
{
    "__comment": "b2",
    "from": [ 11.5, 7.5, 5.3 ],
    "to": [ 15, 12.5, 9.3 ],
    "faces": {
        "down":  { "uv": [ 7, 8.5, 2, 2 ], "texture": "#b2" },
        "up":    { "uv": [ 4, 7, 9.5, 13 ], "texture": "#b2" },
        "north": { "uv": [ 1.5, 1.5, 6.5, 8.5 ], "texture": "#b2" },
        "south": { "uv": [ 0, 0, 6, 7.5 ], "texture": "#b2" },
        "west":  { "uv": [ 5, 3.5, 9, 8.5 ], "texture": "#b2" },
        "east":  { "uv": [ 4.5, 8, 13.5, 14.5 ], "texture": "#b2" }
    }
},
{
    "__comment": "b2",
    "from": [ 15, 8.5, 5.5 ],
    "to": [ 18, 11.5, 8.5 ],
    "faces": {
        "down":  { "uv": [ 1, 8.5, 0, 5.5 ], "texture": "#b2" },
        "up":    { "uv": [ 15, 5.5, 16, 8.5 ], "texture": "#b2" },
        "north": { "uv": [ 0, 4.5, 3, 8.5 ], "texture": "#b2" },
        "south": { "uv": [ 13, 3.5, 16, 7.5 ], "texture": "#b2" },
        "west":  { "uv": [ 5.5, 4.5, 8.5, 7.5 ], "texture": "#b2" },
        "east":  { "uv": [ 7.5, 4.5, 10.5, 7.5 ], "texture": "#b2" }
    }
},
{
    "__comment": "b2",
    "from": [ 17, 5, 6.125 ],
    "to": [ 23, 15, 7.125 ],
    "rotation": { "origin": [ 17, 5, 6.125 ], "axis": "y", "angle": 22.5 },
    "faces": {
        "down":  { "uv": [ 0, 7.25, 0, 6.25 ], "texture": "#b2" },
        "up":    { "uv": [ 16, 6.25, 16, 7.25 ], "texture": "#b2" },
        "north": { "uv": [ 0, 1, 0, 11 ], "texture": "#b2" },
        "south": { "uv": [ 16, 1, 16, 11 ], "texture": "#b2" },
        "west":  { "uv": [ 6.25, 1, 7.25, 11 ], "texture": "#b2" },
        "east":  { "uv": [ 8.75, 1, 9.75, 11 ], "texture": "#b2" }
    }
},
{
    "__comment": "b3",
    "from": [ 8, 6, 5.4 ],
    "to": [ 11.5, 14, 10.4 ],
    "faces": {
        "down":  { "uv": [ 5, 14.5, 1.5, 9.5 ], "texture": "#b3" },
        "up":    { "uv": [ 2, 10, 5.5, 15 ], "texture": "#b3" },
        "north": { "uv": [ 5.5, 7, 9, 15 ], "texture": "#b3" },
        "south": { "uv": [ 11, 7, 14.5, 15 ], "texture": "#b3" },
        "west":  { "uv": [ 0, 0, 16, 16 ], "texture": "#b3" },
        "east":  { "uv": [ 1.5, 2, 6.5, 10 ], "texture": "#b3" }
    }
},
{
    "__comment": "b3",
    "from": [ 11.5, 7.5, 5.6 ],
    "to": [ 15, 12.5, 9.6 ],
    "faces": {
        "down":  { "uv": [ 7, 8.5, 2, 2 ], "texture": "#b3" },
        "up":    { "uv": [ 4, 7, 9.5, 13 ], "texture": "#b3" },
        "north": { "uv": [ 1.5, 1.5, 6.5, 8.5 ], "texture": "#b3" },
        "south": { "uv": [ 0, 0, 6, 7.5 ], "texture": "#b3" },
        "west":  { "uv": [ 0, 0, 16, 16 ], "texture": "#b3" },
        "east":  { "uv": [ 4.5, 8, 13.5, 14.5 ], "texture": "#b3" }
    }
},
{
    "__comment": "b3",
    "from": [ 15, 8.5, 5.8 ],
    "to": [ 18, 11.5, 8.8 ],
    "faces": {
        "down":  { "uv": [ 1, 8.5, 0, 5.5 ], "texture": "#b3" },
        "up":    { "uv": [ 15, 5.5, 16, 8.5 ], "texture": "#b3" },
        "north": { "uv": [ 0, 4.5, 3, 8.5 ], "texture": "#b3" },
        "south": { "uv": [ 13, 3.5, 16, 7.5 ], "texture": "#b3" },
        "west":  { "uv": [ 0, 0, 16, 16 ], "texture": "#b3" },
        "east":  { "uv": [ 7.5, 4.5, 10.5, 7.5 ], "texture": "#b3" }
    }
},
{
    "__comment": "b3",
    "from": [ 17, 5, 6.375 ],
    "to": [ 23, 15, 7.375 ],
    "rotation": { "origin": [ 17, 5, 6.375 ], "axis": "y", "angle": 22.5 },
    "faces": {
        "down":  { "uv": [ 0, 7.25, 0, 6.25 ], "texture": "#b3" },
        "up":    { "uv": [ 16, 6.25, 16, 7.25 ], "texture": "#b3" },
        "north": { "uv": [ 0, 1, 0, 11 ], "texture": "#b3" },
        "south": { "uv": [ 16, 1, 16, 11 ], "texture": "#b3" },
        "west":  { "uv": [ 6.25, 1, 7.25, 11 ], "texture": "#b3" },
        "east":  { "uv": [ 8.75, 1, 9.75, 11 ], "texture": "#b3" }
    }
},
{
    "__comment": "b4",
    "from": [ 8, 6, 5.7 ],
    "to": [ 11.5, 14, 10.7 ],
    "faces": {
        "down":  { "uv": [ 5, 14.5, 1.5, 9.5 ], "texture": "#b4" },
        "up":    { "uv": [ 2, 10, 5.5, 15 ], "texture": "#b4" },
        "north": { "uv": [ 5.5, 7, 9, 15 ], "texture": "#b4" },
        "south": { "uv": [ 11, 7, 14.5, 15 ], "texture": "#b4" },
        "west":  { "uv": [ 0, 0, 16, 16 ], "texture": "#b4" },
        "east":  { "uv": [ 1.5, 2, 6.5, 10 ], "texture": "#b4" }
    }
},
{
    "__comment": "b4",
    "from": [ 11.5, 7.5, 5.9 ],
    "to": [ 15, 12.5, 9.9 ],
    "faces": {
        "down":  { "uv": [ 7, 8.5, 2, 2 ], "texture": "#b4" },
        "up":    { "uv": [ 4, 7, 9.5, 13 ], "texture": "#b4" },
        "north": { "uv": [ 1.5, 1.5, 6.5, 8.5 ], "texture": "#b4" },
        "south": { "uv": [ 0, 0, 6, 7.5 ], "texture": "#b4" },
        "west":  { "uv": [ 0, 0, 16, 16 ], "texture": "#b4" },
        "east":  { "uv": [ 4.5, 8, 13.5, 14.5 ], "texture": "#b4" }
    }
},
{
    "__comment": "b4",
    "from": [ 15, 8.5, 6.1 ],
    "to": [ 18, 11.5, 9.1 ],
    "faces": {
        "down":  { "uv": [ 1, 8.5, 0, 5.5 ], "texture": "#b4" },
        "up":    { "uv": [ 15, 5.5, 16, 8.5 ], "texture": "#b4" },
        "north": { "uv": [ 0, 4.5, 3, 8.5 ], "texture": "#b4" },
        "south": { "uv": [ 13, 3.5, 16, 7.5 ], "texture": "#b4" },
        "west":  { "uv": [ 0, 0, 16, 16 ], "texture": "#b4" },
        "east":  { "uv": [ 7.5, 4.5, 10.5, 7.5 ], "texture": "#b4" }
    }
},
{
    "__comment": "b4",
    "from": [ 17.35, 5, 6.6875 ],
    "to": [ 23.35, 15, 7.6875 ],
    "faces": {
        "down":  { "uv": [ 0, 7.25, 0, 6.25 ], "texture": "#b4" },
        "up":    { "uv": [ 16, 6.25, 16, 7.25 ], "texture": "#b4" },
        "north": { "uv": [ 0, 1, 0, 11 ], "texture": "#b4" },
        "south": { "uv": [ 16, 1, 16, 11 ], "texture": "#b4" },
        "west":  { "uv": [ 6.25, 1, 7.25, 11 ], "texture": "#b4" },
        "east":  { "uv": [ 8.75, 1, 9.75, 11 ], "texture": "#b4" }
    }
},
{
    "__comment": "b5",
    "from": [ 8, 6, 5.4 ],
    "to": [ 11.5, 14, 10.4 ],
    "faces": {
        "down":  { "uv": [ 5, 14.5, 1.5, 9.5 ], "texture": "#b5" },
        "up":    { "uv": [ 2, 10, 5.5, 15 ], "texture": "#b5" },
        "north": { "uv": [ 5.5, 7, 9, 15 ], "texture": "#b5" },
        "south": { "uv": [ 11, 7, 14.5, 15 ], "texture": "#b5" },
        "west":  { "uv": [ 0, 0, 16, 16 ], "texture": "#b5" },
        "east":  { "uv": [ 1.5, 2, 6.5, 10 ], "texture": "#b5" }
    }
},
{
    "__comment": "b5",
    "from": [ 11.5, 7.5, 6.2 ],
    "to": [ 15, 12.5, 10.2 ],
    "faces": {
        "down":  { "uv": [ 7, 8.5, 2, 2 ], "texture": "#b5" },
        "up":    { "uv": [ 4, 7, 9.5, 13 ], "texture": "#b5" },
        "north": { "uv": [ 1.5, 1.5, 6.5, 8.5 ], "texture": "#b5" },
        "south": { "uv": [ 0, 0, 6, 7.5 ], "texture": "#b5" },
        "west":  { "uv": [ 0, 0, 16, 16 ], "texture": "#b5" },
        "east":  { "uv": [ 4.5, 8, 13.5, 14.5 ], "texture": "#b5" }
    }
},
{
    "__comment": "b5",
    "from": [ 15, 8.5, 6.4 ],
    "to": [ 18, 11.5, 9.4 ],
    "faces": {
        "down":  { "uv": [ 1, 8.5, 0, 5.5 ], "texture": "#b5" },
        "up":    { "uv": [ 15, 5.5, 16, 8.5 ], "texture": "#b5" },
        "north": { "uv": [ 0, 4.5, 3, 8.5 ], "texture": "#b5" },
        "south": { "uv": [ 13, 3.5, 16, 7.5 ], "texture": "#b5" },
        "west":  { "uv": [ 0, 0, 16, 16 ], "texture": "#b5" },
        "east":  { "uv": [ 7.5, 4.5, 10.5, 7.5 ], "texture": "#b5" }
    }
},
{
    "__comment": "b5",
    "from": [ 17.5, 5, 7.4375 ],
    "to": [ 23.5, 15, 8.4375 ],
    "rotation": { "origin": [ 17.5, 5, 7.4375 ], "axis": "y", "angle": -22.5 },
    "faces": {
        "down":  { "uv": [ 0, 7.25, 0, 6.25 ], "texture": "#b5" },
        "up":    { "uv": [ 16, 6.25, 16, 7.25 ], "texture": "#b5" },
        "north": { "uv": [ 0, 1, 0, 11 ], "texture": "#b5" },
        "south": { "uv": [ 16, 1, 16, 11 ], "texture": "#b5" },
        "west":  { "uv": [ 6.25, 1, 7.25, 11 ], "texture": "#b5" },
        "east":  { "uv": [ 8.75, 1, 9.75, 11 ], "texture": "#b5" }
    }
},
{
    "__comment": "b6",
    "from": [ 8, 6, 5.1 ],
    "to": [ 11.5, 14, 10.1 ],
    "faces": {
        "down":  { "uv": [ 5, 14.5, 1.5, 9.5 ], "texture": "#b6" },
        "up":    { "uv": [ 2, 10, 5.5, 15 ], "texture": "#b6" },
        "north": { "uv": [ 5.5, 7, 9, 15 ], "texture": "#b6" },
        "south": { "uv": [ 11, 7, 14.5, 15 ], "texture": "#b6" },
        "west":  { "uv": [ 0, 0, 16, 16 ], "texture": "#b6" },
        "east":  { "uv": [ 1.5, 2, 6.5, 10 ], "texture": "#b6" }
    }
},
{
    "__comment": "b6",
    "from": [ 11.5, 7.5, 5.9 ],
    "to": [ 15, 12.5, 9.9 ],
    "faces": {
        "down":  { "uv": [ 7, 8.5, 2, 2 ], "texture": "#b6" },
        "up":    { "uv": [ 4, 7, 9.5, 13 ], "texture": "#b6" },
        "north": { "uv": [ 1.5, 1.5, 6.5, 8.5 ], "texture": "#b6" },
        "south": { "uv": [ 0, 0, 6, 7.5 ], "texture": "#b6" },
        "west":  { "uv": [ 0, 0, 16, 16 ], "texture": "#b6" },
        "east":  { "uv": [ 4.5, 8, 13.5, 14.5 ], "texture": "#b6" }
    }
},
{
    "__comment": "b6",
    "from": [ 15, 8.5, 6.6875 ],
    "to": [ 18, 11.5, 9.6875 ],
    "rotation": { "origin": [ 15, 8.5, 6.6875 ], "axis": "y", "angle": -22.5 },
    "faces": {
        "down":  { "uv": [ 1, 8.5, 0, 5.5 ], "texture": "#b6" },
        "up":    { "uv": [ 15, 5.5, 16, 8.5 ], "texture": "#b6" },
        "north": { "uv": [ 0, 4.5, 3, 8.5 ], "texture": "#b6" },
        "south": { "uv": [ 13, 3.5, 16, 7.5 ], "texture": "#b6" },
        "west":  { "uv": [ 0, 0, 16, 16 ], "texture": "#b6" },
        "east":  { "uv": [ 7.5, 4.5, 10.5, 7.5 ], "texture": "#b6" }
    }
},
{
    "__comment": "b6",
    "from": [ 17, 5, 8.1875 ],
    "to": [ 23, 15, 9.1875 ],
    "rotation": { "origin": [ 17, 5, 8.1875 ], "axis": "y", "angle": -22.5 },
    "faces": {
        "down":  { "uv": [ 0, 7.25, 0, 6.25 ], "texture": "#b6" },
        "up":    { "uv": [ 16, 6.25, 16, 7.25 ], "texture": "#b6" },
        "north": { "uv": [ 0, 1, 0, 11 ], "texture": "#b6" },
        "south": { "uv": [ 16, 1, 16, 11 ], "texture": "#b6" },
        "west":  { "uv": [ 6.25, 1, 7.25, 11 ], "texture": "#b6" },
        "east":  { "uv": [ 8.75, 1, 9.75, 11 ], "texture": "#b6" }
    }
},
{
    "__comment": "b7",
    "from": [ 8, 6, 4.8 ],
    "to": [ 11.5, 14, 9.8 ],
    "faces": {
        "down":  { "uv": [ 5, 14.5, 1.5, 9.5 ], "texture": "#b7" },
        "up":    { "uv": [ 2, 10, 5.5, 15 ], "texture": "#b7" },
        "north": { "uv": [ 5.5, 7, 9, 15 ], "texture": "#b7" },
        "south": { "uv": [ 11, 7, 14.5, 15 ], "texture": "#b7" },
        "west":  { "uv": [ 0, 0, 16, 16 ], "texture": "#b7" },
        "east":  { "uv": [ 1.5, 2, 6.5, 10 ], "texture": "#b7" }
    }
},
{
    "__comment": "b7",
    "from": [ 11.5, 7.5, 5.6 ],
    "to": [ 15, 12.5, 9.6 ],
    "faces": {
        "down":  { "uv": [ 7, 8.5, 2, 2 ], "texture": "#b7" },
        "up":    { "uv": [ 4, 7, 9.5, 13 ], "texture": "#b7" },
        "north": { "uv": [ 1.5, 1.5, 6.5, 8.5 ], "texture": "#b7" },
        "south": { "uv": [ 0, 0, 6, 7.5 ], "texture": "#b7" },
        "west":  { "uv": [ 0, 0, 16, 16 ], "texture": "#b7" },
        "east":  { "uv": [ 4.5, 8, 13.5, 14.5 ], "texture": "#b7" }
    }
},
{
    "__comment": "b7",
    "from": [ 15, 8.5, 6.3875 ],
    "to": [ 18, 11.5, 9.3875 ],
    "rotation": { "origin": [ 15, 8.5, 6.3875 ], "axis": "y", "angle": -22.5 },
    "faces": {
        "down":  { "uv": [ 1, 8.5, 0, 5.5 ], "texture": "#b7" },
        "up":    { "uv": [ 15, 5.5, 16, 8.5 ], "texture": "#b7" },
        "north": { "uv": [ 0, 4.5, 3, 8.5 ], "texture": "#b7" },
        "south": { "uv": [ 13, 3.5, 16, 7.5 ], "texture": "#b7" },
        "west":  { "uv": [ 0, 0, 16, 16 ], "texture": "#b7" },
        "east":  { "uv": [ 7.5, 4.5, 10.5, 7.5 ], "texture": "#b7" }
    }
},
{
    "__comment": "b7",
    "from": [ 17, 5, 8.4375 ],
    "to": [ 23, 15, 9.4375 ],
    "rotation": { "origin": [ 17, 5, 8.4375 ], "axis": "y", "angle": -45 },
    "faces": {
        "down":  { "uv": [ 0, 7.25, 0, 6.25 ], "texture": "#b7" },
        "up":    { "uv": [ 16, 6.25, 16, 7.25 ], "texture": "#b7" },
        "north": { "uv": [ 0, 1, 0, 11 ], "texture": "#b7" },
        "south": { "uv": [ 16, 1, 16, 11 ], "texture": "#b7" },
        "west":  { "uv": [ 6.25, 1, 7.25, 11 ], "texture": "#b7" },
        "east":  { "uv": [ 8.75, 1, 9.75, 11 ], "texture": "#b7" }
    }
},
{
    "__comment": "b8",
    "from": [ 8, 6, 4.5 ],
    "to": [ 11.5, 14, 9.5 ],
    "faces": {
        "down":  { "uv": [ 5, 14.5, 1.5, 9.5 ], "texture": "#b8" },
        "up":    { "uv": [ 2, 10, 5.5, 15 ], "texture": "#b8" },
        "north": { "uv": [ 5.5, 7, 9, 15 ], "texture": "#b8" },
        "south": { "uv": [ 11, 7, 14.5, 15 ], "texture": "#b8" },
        "west":  { "uv": [ 0, 0, 16, 16 ], "texture": "#b8" },
        "east":  { "uv": [ 1.5, 2, 6.5, 10 ], "texture": "#b8" }
    }
},
{
    "__comment": "b8",
    "from": [ 11.5, 7.5, 5.3 ],
    "to": [ 15, 12.5, 9.3 ],
    "faces": {
        "down":  { "uv": [ 7, 8.5, 2, 2 ], "texture": "#b8" },
        "up":    { "uv": [ 4, 7, 9.5, 13 ], "texture": "#b8" },
        "north": { "uv": [ 1.5, 1.5, 6.5, 8.5 ], "texture": "#b8" },
        "south": { "uv": [ 0, 0, 6, 7.5 ], "texture": "#b8" },
        "west":  { "uv": [ 0, 0, 16, 16 ], "texture": "#b8" },
        "east":  { "uv": [ 4.5, 8, 13.5, 14.5 ], "texture": "#b8" }
    }
},
{
    "__comment": "b8",
    "from": [ 15, 8.5, 6.0875 ],
    "to": [ 18, 11.5, 9.0875 ],
    "rotation": { "origin": [ 15, 8.5, 6.0875 ], "axis": "y", "angle": -22.5 },
    "faces": {
        "down":  { "uv": [ 1, 8.5, 0, 5.5 ], "texture": "#b8" },
        "up":    { "uv": [ 15, 5.5, 16, 8.5 ], "texture": "#b8" },
        "north": { "uv": [ 0, 4.5, 3, 8.5 ], "texture": "#b8" },
        "south": { "uv": [ 13, 3.5, 16, 7.5 ], "texture": "#b8" },
        "west":  { "uv": [ 0, 0, 16, 16 ], "texture": "#b8" },
        "east":  { "uv": [ 7.5, 4.5, 10.5, 7.5 ], "texture": "#b8" }
    }
},
{
    "__comment": "b8",
    "from": [ 16.4375, 5, 8.125 ],
    "to": [ 22.4375, 15, 9.125 ],
    "rotation": { "origin": [ 16.4375, 5, 8.125 ], "axis": "y", "angle": -22.5 },
    "faces": {
        "down":  { "uv": [ 0, 7.25, 0, 6.25 ], "texture": "#b8" },
        "up":    { "uv": [ 16, 6.25, 16, 7.25 ], "texture": "#b8" },
        "north": { "uv": [ 0, 1, 0, 11 ], "texture": "#b8" },
        "south": { "uv": [ 16, 1, 16, 11 ], "texture": "#b8" },
        "west":  { "uv": [ 6.25, 1, 7.25, 11 ], "texture": "#b8" },
        "east":  { "uv": [ 8.75, 1, 9.75, 11 ], "texture": "#b8" }
    }
},
{
    "__comment": "b9",
    "from": [ 8, 6, 4.2 ],
    "to": [ 11.5, 14, 9.2 ],
    "faces": {
        "down":  { "uv": [ 5, 14.5, 1.5, 9.5 ], "texture": "#b9" },
        "up":    { "uv": [ 2, 10, 5.5, 15 ], "texture": "#b9" },
        "north": { "uv": [ 5.5, 7, 9, 15 ], "texture": "#b9" },
        "south": { "uv": [ 11, 7, 14.5, 15 ], "texture": "#b9" },
        "west":  { "uv": [ 0, 0, 16, 16 ], "texture": "#b9" },
        "east":  { "uv": [ 1.5, 2, 6.5, 10 ], "texture": "#b9" }
    }
},
{
    "__comment": "b9",
    "from": [ 11.5, 7.5, 5 ],
    "to": [ 15, 12.5, 9 ],
    "faces": {
        "down":  { "uv": [ 7, 8.5, 2, 2 ], "texture": "#b9" },
        "up":    { "uv": [ 4, 7, 9.5, 13 ], "texture": "#b9" },
        "north": { "uv": [ 1.5, 1.5, 6.5, 8.5 ], "texture": "#b9" },
        "south": { "uv": [ 0, 0, 6, 7.5 ], "texture": "#b9" },
        "west":  { "uv": [ 0, 0, 16, 16 ], "texture": "#b9" },
        "east":  { "uv": [ 4.5, 8, 13.5, 14.5 ], "texture": "#b9" }
    }
},
{
    "__comment": "b9",
    "from": [ 14.5, 8.5, 5.75 ],
    "to": [ 17.5, 11.5, 8.75 ],
    "faces": {
        "down":  { "uv": [ 1, 8.5, 0, 5.5 ], "texture": "#b9" },
        "up":    { "uv": [ 15, 5.5, 16, 8.5 ], "texture": "#b9" },
        "north": { "uv": [ 0, 4.5, 3, 8.5 ], "texture": "#b9" },
        "south": { "uv": [ 13, 3.5, 16, 7.5 ], "texture": "#b9" },
        "west":  { "uv": [ 0, 0, 16, 16 ], "texture": "#b9" },
        "east":  { "uv": [ 7.5, 4.5, 10.5, 7.5 ], "texture": "#b9" }
    }
},
{
    "__comment": "b9",
    "from": [ 17, 5, 7.3125 ],
    "to": [ 23, 15, 8.3125 ],
    "rotation": { "origin": [ 17, 5, 7.3125 ], "axis": "y", "angle": -22.5 },
    "faces": {
        "down":  { "uv": [ 0, 7.25, 0, 6.25 ], "texture": "#b9" },
        "up":    { "uv": [ 16, 6.25, 16, 7.25 ], "texture": "#b9" },
        "north": { "uv": [ 0, 1, 0, 11 ], "texture": "#b9" },
        "south": { "uv": [ 16, 1, 16, 11 ], "texture": "#b9" },
        "west":  { "uv": [ 6.25, 1, 7.25, 11 ], "texture": "#b9" },
        "east":  { "uv": [ 8.75, 1, 9.75, 11 ], "texture": "#b9" }
    }
},
{
    "__comment": "b10",
    "from": [ 8, 6, 3.9 ],
    "to": [ 11.5, 14, 8.9 ],
    "faces": {
        "down":  { "uv": [ 5, 14.5, 1.5, 9.5 ], "texture": "#b10" },
        "up":    { "uv": [ 2, 10, 5.5, 15 ], "texture": "#b10" },
        "north": { "uv": [ 5.5, 7, 9, 15 ], "texture": "#b10" },
        "south": { "uv": [ 11, 7, 14.5, 15 ], "texture": "#b10" },
        "west":  { "uv": [ 0, 0, 16, 16 ], "texture": "#b10" },
        "east":  { "uv": [ 1.5, 2, 6.5, 10 ], "texture": "#b10" }
    }
},
{
    "__comment": "b10",
    "from": [ 11.5, 7.5, 4.7 ],
    "to": [ 15, 12.5, 8.7 ],
    "faces": {
        "down":  { "uv": [ 7, 8.5, 2, 2 ], "texture": "#b10" },
        "up":    { "uv": [ 4, 7, 9.5, 13 ], "texture": "#b10" },
        "north": { "uv": [ 1.5, 1.5, 6.5, 8.5 ], "texture": "#b10" },
        "south": { "uv": [ 0, 0, 6, 7.5 ], "texture": "#b10" },
        "west":  { "uv": [ 0, 0, 16, 16 ], "texture": "#b10" },
        "east":  { "uv": [ 4.5, 8, 13.5, 14.5 ], "texture": "#b10" }
    }
},
{
    "__comment": "b10",
    "from": [ 14.5, 8.5, 5.45 ],
    "to": [ 17.5, 11.5, 8.45 ],
    "faces": {
        "down":  { "uv": [ 1, 8.5, 0, 5.5 ], "texture": "#b10" },
        "up":    { "uv": [ 15, 5.5, 16, 8.5 ], "texture": "#b10" },
        "north": { "uv": [ 0, 4.5, 3, 8.5 ], "texture": "#b10" },
        "south": { "uv": [ 13, 3.5, 16, 7.5 ], "texture": "#b10" },
        "west":  { "uv": [ 0, 0, 16, 16 ], "texture": "#b10" },
        "east":  { "uv": [ 7.5, 4.5, 10.5, 7.5 ], "texture": "#b10" }
    }
},
{
    "__comment": "b10",
    "from": [ 17, 5, 7 ],
    "to": [ 23, 15, 8 ],
    "rotation": { "origin": [ 17, 5, 7 ], "axis": "y", "angle": -22.5 },
    "faces": {
        "down":  { "uv": [ 0, 7.25, 0, 6.25 ], "texture": "#b10" },
        "up":    { "uv": [ 16, 6.25, 16, 7.25 ], "texture": "#b10" },
        "north": { "uv": [ 0, 1, 0, 11 ], "texture": "#b10" },
        "south": { "uv": [ 16, 1, 16, 11 ], "texture": "#b10" },
        "west":  { "uv": [ 6.25, 1, 7.25, 11 ], "texture": "#b10" },
        "east":  { "uv": [ 8.75, 1, 9.75, 11 ], "texture": "#b10" }
    }
},
{
    "__comment": "b11",
    "from": [ 8, 6, 3.6 ],
    "to": [ 11.5, 14, 8.6 ],
    "faces": {
        "down":  { "uv": [ 5, 14.5, 1.5, 9.5 ], "texture": "#b11" },
        "up":    { "uv": [ 2, 10, 5.5, 15 ], "texture": "#b11" },
        "north": { "uv": [ 5.5, 7, 9, 15 ], "texture": "#b11" },
        "south": { "uv": [ 11, 7, 14.5, 15 ], "texture": "#b11" },
        "west":  { "uv": [ 0, 0, 16, 16 ], "texture": "#b11" },
        "east":  { "uv": [ 1.5, 2, 6.5, 10 ], "texture": "#b11" }
    }
},
{
    "__comment": "b11",
    "from": [ 11.5, 7.5, 4.4 ],
    "to": [ 15, 12.5, 8.4 ],
    "faces": {
        "down":  { "uv": [ 7, 8.5, 2, 2 ], "texture": "#b11" },
        "up":    { "uv": [ 4, 7, 9.5, 13 ], "texture": "#b11" },
        "north": { "uv": [ 1.5, 1.5, 6.5, 8.5 ], "texture": "#b11" },
        "south": { "uv": [ 0, 0, 6, 7.5 ], "texture": "#b11" },
        "west":  { "uv": [ 0, 0, 16, 16 ], "texture": "#b11" },
        "east":  { "uv": [ 4.5, 8, 13.5, 14.5 ], "texture": "#b11" }
    }
},
{
    "__comment": "b11",
    "from": [ 14.5, 8.5, 5.15 ],
    "to": [ 17.5, 11.5, 8.15 ],
    "faces": {
        "down":  { "uv": [ 1, 8.5, 0, 5.5 ], "texture": "#b11" },
        "up":    { "uv": [ 15, 5.5, 16, 8.5 ], "texture": "#b11" },
        "north": { "uv": [ 0, 4.5, 3, 8.5 ], "texture": "#b11" },
        "south": { "uv": [ 13, 3.5, 16, 7.5 ], "texture": "#b11" },
        "west":  { "uv": [ 0, 0, 16, 16 ], "texture": "#b11" },
        "east":  { "uv": [ 7.5, 4.5, 10.5, 7.5 ], "texture": "#b11" }
    }
},
{
    "__comment": "b11",
    "from": [ 17, 5, 6.1875 ],
    "to": [ 23, 15, 7.1875 ],
    "rotation": { "origin": [ 17, 5, 6.1875 ], "axis": "y", "angle": -22.5 },
    "faces": {
        "down":  { "uv": [ 0, 7.25, 0, 6.25 ], "texture": "#b11" },
        "up":    { "uv": [ 16, 6.25, 16, 7.25 ], "texture": "#b11" },
        "north": { "uv": [ 0, 1, 0, 11 ], "texture": "#b11" },
        "south": { "uv": [ 16, 1, 16, 11 ], "texture": "#b11" },
        "west":  { "uv": [ 6.25, 1, 7.25, 11 ], "texture": "#b11" },
        "east":  { "uv": [ 8.75, 1, 9.75, 11 ], "texture": "#b11" }
    }
},
{
    "__comment": "b12",
    "from": [ 8, 6, 3.3 ],
    "to": [ 11.5, 14, 8.3 ],
    "faces": {
        "down":  { "uv": [ 5, 14.5, 1.5, 9.5 ], "texture": "#b12" },
        "up":    { "uv": [ 2, 10, 5.5, 15 ], "texture": "#b12" },
        "north": { "uv": [ 5.5, 7, 9, 15 ], "texture": "#b12" },
        "south": { "uv": [ 11, 7, 14.5, 15 ], "texture": "#b12" },
        "west":  { "uv": [ 0, 0, 16, 16 ], "texture": "#b12" },
        "east":  { "uv": [ 1.5, 2, 6.5, 10 ], "texture": "#b12" }
    }
},
{
    "__comment": "b12",
    "from": [ 11.5, 7.5, 4.1 ],
    "to": [ 15, 12.5, 8.1 ],
    "faces": {
        "down":  { "uv": [ 7, 8.5, 2, 2 ], "texture": "#b12" },
        "up":    { "uv": [ 4, 7, 9.5, 13 ], "texture": "#b12" },
        "north": { "uv": [ 1.5, 1.5, 6.5, 8.5 ], "texture": "#b12" },
        "south": { "uv": [ 0, 0, 6, 7.5 ], "texture": "#b12" },
        "west":  { "uv": [ 0, 0, 16, 16 ], "texture": "#b12" },
        "east":  { "uv": [ 4.5, 8, 13.5, 14.5 ], "texture": "#b12" }
    }
},
{
    "__comment": "b12",
    "from": [ 14.5, 8.5, 4.85 ],
    "to": [ 17.5, 11.5, 7.85 ],
    "faces": {
        "down":  { "uv": [ 1, 8.5, 0, 5.5 ], "texture": "#b12" },
        "up":    { "uv": [ 15, 5.5, 16, 8.5 ], "texture": "#b12" },
        "north": { "uv": [ 0, 4.5, 3, 8.5 ], "texture": "#b12" },
        "south": { "uv": [ 13, 3.5, 16, 7.5 ], "texture": "#b12" },
        "west":  { "uv": [ 0, 0, 16, 16 ], "texture": "#b12" },
        "east":  { "uv": [ 7.5, 4.5, 10.5, 7.5 ], "texture": "#b12" }
    }
},
{
    "__comment": "b12",
    "from": [ 16.85, 5, 5.65 ],
    "to": [ 22.85, 15, 6.65 ],
    "faces": {
        "down":  { "uv": [ 0, 7.25, 0, 6.25 ], "texture": "#b12" },
        "up":    { "uv": [ 16, 6.25, 16, 7.25 ], "texture": "#b12" },
        "north": { "uv": [ 0, 1, 0, 11 ], "texture": "#b12" },
        "south": { "uv": [ 16, 1, 16, 11 ], "texture": "#b12" },
        "west":  { "uv": [ 6.25, 1, 7.25, 11 ], "texture": "#b12" },
        "east":  { "uv": [ 8.75, 1, 9.75, 11 ], "texture": "#b12" }
    }
},
{
    "__comment": "b13",
    "from": [ 8, 6, 3.6 ],
    "to": [ 11.5, 14, 8.6 ],
    "faces": {
        "down":  { "uv": [ 5, 14.5, 1.5, 9.5 ], "texture": "#b13" },
        "up":    { "uv": [ 2, 10, 5.5, 15 ], "texture": "#b13" },
        "north": { "uv": [ 5.5, 7, 9, 15 ], "texture": "#b13" },
        "south": { "uv": [ 11, 7, 14.5, 15 ], "texture": "#b13" },
        "west":  { "uv": [ 0, 0, 16, 16 ], "texture": "#b13" },
        "east":  { "uv": [ 1.5, 2, 6.5, 10 ], "texture": "#b13" }
    }
},
{
    "__comment": "b13",
    "from": [ 11.5, 7.5, 3.8 ],
    "to": [ 15, 12.5, 7.8 ],
    "faces": {
        "down":  { "uv": [ 7, 8.5, 2, 2 ], "texture": "#b13" },
        "up":    { "uv": [ 4, 7, 9.5, 13 ], "texture": "#b13" },
        "north": { "uv": [ 1.5, 1.5, 6.5, 8.5 ], "texture": "#b13" },
        "south": { "uv": [ 0, 0, 6, 7.5 ], "texture": "#b13" },
        "west":  { "uv": [ 0, 0, 16, 16 ], "texture": "#b13" },
        "east":  { "uv": [ 4.5, 8, 13.5, 14.5 ], "texture": "#b13" }
    }
},
{
    "__comment": "b13",
    "from": [ 14.5, 8.5, 4.55 ],
    "to": [ 17.5, 11.5, 7.55 ],
    "faces": {
        "down":  { "uv": [ 1, 8.5, 0, 5.5 ], "texture": "#b13" },
        "up":    { "uv": [ 15, 5.5, 16, 8.5 ], "texture": "#b13" },
        "north": { "uv": [ 0, 4.5, 3, 8.5 ], "texture": "#b13" },
        "south": { "uv": [ 13, 3.5, 16, 7.5 ], "texture": "#b13" },
        "west":  { "uv": [ 0, 0, 16, 16 ], "texture": "#b13" },
        "east":  { "uv": [ 7.5, 4.5, 10.5, 7.5 ], "texture": "#b13" }
    }
},
{
    "__comment": "b13",
    "from": [ 16.8, 5, 5.5625 ],
    "to": [ 22.8, 15, 6.5625 ],
    "rotation": { "origin": [ 16.8, 5, 5.5625 ], "axis": "y", "angle": 22.5 },
    "faces": {
        "down":  { "uv": [ 0, 7.25, 0, 6.25 ], "texture": "#b13" },
        "up":    { "uv": [ 16, 6.25, 16, 7.25 ], "texture": "#b13" },
        "north": { "uv": [ 0, 1, 0, 11 ], "texture": "#b13" },
        "south": { "uv": [ 16, 1, 16, 11 ], "texture": "#b13" },
        "west":  { "uv": [ 6.25, 1, 7.25, 11 ], "texture": "#b13" },
        "east":  { "uv": [ 8.75, 1, 9.75, 11 ], "texture": "#b13" }
    }
},
{
    "__comment": "b14",
    "from": [ 8, 6, 3.9 ],
    "to": [ 11.5, 14, 8.9 ],
    "faces": {
        "down":  { "uv": [ 5, 14.5, 1.5, 9.5 ], "texture": "#b14" },
        "up":    { "uv": [ 2, 10, 5.5, 15 ], "texture": "#b14" },
        "north": { "uv": [ 5.5, 7, 9, 15 ], "texture": "#b14" },
        "south": { "uv": [ 11, 7, 14.5, 15 ], "texture": "#b14" },
        "west":  { "uv": [ 0, 0, 16, 16 ], "texture": "#b14" },
        "east":  { "uv": [ 1.5, 2, 6.5, 10 ], "texture": "#b14" }
    }
},
{
    "__comment": "b14",
    "from": [ 11.5, 7.5, 4.1 ],
    "to": [ 15, 12.5, 8.1 ],
    "faces": {
        "down":  { "uv": [ 7, 8.5, 2, 2 ], "texture": "#b14" },
        "up":    { "uv": [ 4, 7, 9.5, 13 ], "texture": "#b14" },
        "north": { "uv": [ 1.5, 1.5, 6.5, 8.5 ], "texture": "#b14" },
        "south": { "uv": [ 0, 0, 6, 7.5 ], "texture": "#b14" },
        "west":  { "uv": [ 0, 0, 16, 16 ], "texture": "#b14" },
        "east":  { "uv": [ 4.5, 8, 13.5, 14.5 ], "texture": "#b14" }
    }
},
{
    "__comment": "b14",
    "from": [ 14, 8.5, 4.75 ],
    "to": [ 17, 11.5, 7.75 ],
    "rotation": { "origin": [ 14, 8.5, 4.75 ], "axis": "y", "angle": 22.5 },
    "faces": {
        "down":  { "uv": [ 1, 8.5, 0, 5.5 ], "texture": "#b14" },
        "up":    { "uv": [ 15, 5.5, 16, 8.5 ], "texture": "#b14" },
        "north": { "uv": [ 0, 4.5, 3, 8.5 ], "texture": "#b14" },
        "south": { "uv": [ 13, 3.5, 16, 7.5 ], "texture": "#b14" },
        "west":  { "uv": [ 0, 0, 16, 16 ], "texture": "#b14" },
        "east":  { "uv": [ 7.5, 4.5, 10.5, 7.5 ], "texture": "#b14" }
    }
},
{
    "__comment": "b14",
    "from": [ 16.5, 5, 4.25 ],
    "to": [ 22.5, 15, 5.25 ],
    "rotation": { "origin": [ 16.5, 5, 4.25 ], "axis": "y", "angle": 22.5 },
    "faces": {
        "down":  { "uv": [ 0, 7.25, 0, 6.25 ], "texture": "#b14" },
        "up":    { "uv": [ 16, 6.25, 16, 7.25 ], "texture": "#b14" },
        "north": { "uv": [ 0, 1, 0, 11 ], "texture": "#b14" },
        "south": { "uv": [ 16, 1, 16, 11 ], "texture": "#b14" },
        "west":  { "uv": [ 6.25, 1, 7.25, 11 ], "texture": "#b14" },
        "east":  { "uv": [ 8.75, 1, 9.75, 11 ], "texture": "#b14" }
    }
},
{
    "__comment": "b15",
    "from": [ 8, 6, 4.2 ],
    "to": [ 11.5, 14, 9.2 ],
    "faces": {
        "down":  { "uv": [ 5, 14.5, 1.5, 9.5 ], "texture": "#b15" },
        "up":    { "uv": [ 2, 10, 5.5, 15 ], "texture": "#b15" },
        "north": { "uv": [ 5.5, 7, 9, 15 ], "texture": "#b15" },
        "south": { "uv": [ 11, 7, 14.5, 15 ], "texture": "#b15" },
        "west":  { "uv": [ 0, 0, 16, 16 ], "texture": "#b15" },
        "east":  { "uv": [ 1.5, 2, 6.5, 10 ], "texture": "#b15" }
    }
},
{
    "__comment": "b15",
    "from": [ 11.5, 7.5, 4.4 ],
    "to": [ 15, 12.5, 8.4 ],
    "faces": {
        "down":  { "uv": [ 7, 8.5, 2, 2 ], "texture": "#b15" },
        "up":    { "uv": [ 4, 7, 9.5, 13 ], "texture": "#b15" },
        "north": { "uv": [ 1.5, 1.5, 6.5, 8.5 ], "texture": "#b15" },
        "south": { "uv": [ 0, 0, 6, 7.5 ], "texture": "#b15" },
        "west":  { "uv": [ 0, 0, 16, 16 ], "texture": "#b15" },
        "east":  { "uv": [ 4.5, 8, 13.5, 14.5 ], "texture": "#b15" }
    }
},
{
    "__comment": "b15",
    "from": [ 14, 8.5, 5.05 ],
    "to": [ 17, 11.5, 8.05 ],
    "rotation": { "origin": [ 14, 8.5, 5.05 ], "axis": "y", "angle": 22.5 },
    "faces": {
        "down":  { "uv": [ 1, 8.5, 0, 5.5 ], "texture": "#b15" },
        "up":    { "uv": [ 15, 5.5, 16, 8.5 ], "texture": "#b15" },
        "north": { "uv": [ 0, 4.5, 3, 8.5 ], "texture": "#b15" },
        "south": { "uv": [ 13, 3.5, 16, 7.5 ], "texture": "#b15" },
        "west":  { "uv": [ 0, 0, 16, 16 ], "texture": "#b15" },
        "east":  { "uv": [ 7.5, 4.5, 10.5, 7.5 ], "texture": "#b15" }
    }
},
{
    "__comment": "b15",
    "from": [ 16.35, 5, 4.85 ],
    "to": [ 22.35, 15, 5.85 ],
    "rotation": { "origin": [ 16.35, 5, 4.85 ], "axis": "y", "angle": 45 },
    "faces": {
        "down":  { "uv": [ 0, 7.25, 0, 6.25 ], "texture": "#b15" },
        "up":    { "uv": [ 16, 6.25, 16, 7.25 ], "texture": "#b15" },
        "north": { "uv": [ 0, 1, 0, 11 ], "texture": "#b15" },
        "south": { "uv": [ 16, 1, 16, 11 ], "texture": "#b15" },
        "west":  { "uv": [ 6.25, 1, 7.25, 11 ], "texture": "#b15" },
        "east":  { "uv": [ 8.75, 1, 9.75, 11 ], "texture": "#b15" }
    }
},
{
    "__comment": "b16",
    "from": [ 8, 6, 4.5 ],
    "to": [ 11.5, 14, 9.5 ],
    "faces": {
        "down":  { "uv": [ 5, 14.5, 1.5, 9.5 ], "texture": "#b16" },
        "up":    { "uv": [ 2, 10, 5.5, 15 ], "texture": "#b16" },
        "north": { "uv": [ 5.5, 7, 9, 15 ], "texture": "#b16" },
        "south": { "uv": [ 11, 7, 14.5, 15 ], "texture": "#b16" },
        "west":  { "uv": [ 0, 0, 16, 16 ], "texture": "#b16" },
        "east":  { "uv": [ 1.5, 2, 6.5, 10 ], "texture": "#b16" }
    }
},
{
    "__comment": "b16",
    "from": [ 11.5, 7.5, 4.7 ],
    "to": [ 15, 12.5, 8.7 ],
    "faces": {
        "down":  { "uv": [ 7, 8.5, 2, 2 ], "texture": "#b16" },
        "up":    { "uv": [ 4, 7, 9.5, 13 ], "texture": "#b16" },
        "north": { "uv": [ 1.5, 1.5, 6.5, 8.5 ], "texture": "#b16" },
        "south": { "uv": [ 0, 0, 6, 7.5 ], "texture": "#b16" },
        "west":  { "uv": [ 0, 0, 16, 16 ], "texture": "#b16" },
        "east":  { "uv": [ 4.5, 8, 13.5, 14.5 ], "texture": "#b16" }
    }
},
{
    "__comment": "b16",
    "from": [ 14, 8.5, 5.35 ],
    "to": [ 17, 11.5, 8.35 ],
    "rotation": { "origin": [ 14, 8.5, 5.35 ], "axis": "y", "angle": 22.5 },
    "faces": {
        "down":  { "uv": [ 1, 8.5, 0, 5.5 ], "texture": "#b16" },
        "up":    { "uv": [ 15, 5.5, 16, 8.5 ], "texture": "#b16" },
        "north": { "uv": [ 0, 4.5, 3, 8.5 ], "texture": "#b16" },
        "south": { "uv": [ 13, 3.5, 16, 7.5 ], "texture": "#b16" },
        "west":  { "uv": [ 0, 0, 16, 16 ], "texture": "#b16" },
        "east":  { "uv": [ 7.5, 4.5, 10.5, 7.5 ], "texture": "#b16" }
    }
},
{
    "__comment": "b16",
    "from": [ 16.3, 5, 4.6875 ],
    "to": [ 22.3, 15, 5.6875 ],
    "rotation": { "origin": [ 16.3, 5, 4.6875 ], "axis": "y", "angle": 22.5 },
    "faces": {
        "down":  { "uv": [ 0, 7.25, 0, 6.25 ], "texture": "#b16" },
        "up":    { "uv": [ 16, 6.25, 16, 7.25 ], "texture": "#b16" },
        "north": { "uv": [ 0, 1, 0, 11 ], "texture": "#b16" },
        "south": { "uv": [ 16, 1, 16, 11 ], "texture": "#b16" },
        "west":  { "uv": [ 6.25, 1, 7.25, 11 ], "texture": "#b16" },
        "east":  { "uv": [ 8.75, 1, 9.75, 11 ], "texture": "#b16" }
    }
},
{
    "__comment": "chi1",
    "from": [ -0.5, 8, 4 ],
    "to": [ 3, 11, 4.5 ],
    "faces": {
        "down":  { "uv": [ 16, 4.5, 13, 4 ], "texture": "#chi1" },
        "up":    { "uv": [ 0, 4, 3, 4.5 ], "texture": "#chi1" },
        "north": { "uv": [ 13, 5, 16, 8 ], "texture": "#chi1" },
        "south": { "uv": [ 0, 5, 3, 8 ], "texture": "#chi1" },
        "west":  { "uv": [ 4, 5, 4.5, 8 ], "texture": "#chi1" },
        "east":  { "uv": [ 11.5, 5, 12, 8 ], "texture": "#chi1" }
    }
},
{
    "__comment": "chi1",
    "from": [ -0.5, 6.5, 9.5 ],
    "to": [ 3, 9.5, 10 ],
    "faces": {
        "down":  { "uv": [ 16, 10, 13, 9.5 ], "texture": "#chi1" },
        "up":    { "uv": [ 0, 9.5, 3, 10 ], "texture": "#chi1" },
        "north": { "uv": [ 13, 6.5, 16, 9.5 ], "texture": "#chi1" },
        "south": { "uv": [ 0, 6.5, 3, 9.5 ], "texture": "#chi1" },
        "west":  { "uv": [ 9.5, 6.5, 10, 9.5 ], "texture": "#chi1" },
        "east":  { "uv": [ 6, 6.5, 6.5, 9.5 ], "texture": "#chi1" }
    }
},
{
    "__comment": "chi2",
    "from": [ -0.5, 8, 4 ],
    "to": [ 3, 11, 4.5 ],
    "rotation": { "origin": [ -0.5, 8, 4 ], "axis": "y", "angle": 22.5 },
    "faces": {
        "down":  { "uv": [ 16, 4.5, 13, 4 ], "texture": "#chi2" },
        "up":    { "uv": [ 0, 4, 3, 4.5 ], "texture": "#chi2" },
        "north": { "uv": [ 13, 5, 16, 8 ], "texture": "#chi2" },
        "south": { "uv": [ 0, 5, 3, 8 ], "texture": "#chi2" },
        "west":  { "uv": [ 4, 5, 4.5, 8 ], "texture": "#chi2" },
        "east":  { "uv": [ 11.5, 5, 12, 8 ], "texture": "#chi2" }
    }
},
{
    "__comment": "chi2",
    "from": [ -0.5, 6.5, 9.5 ],
    "to": [ 3, 9.5, 10 ],
    "rotation": { "origin": [ -0.5, 6.5, 9.5 ], "axis": "y", "angle": -22.5 },
    "faces": {
        "down":  { "uv": [ 16, 10, 13, 9.5 ], "texture": "#chi2" },
        "up":    { "uv": [ 0, 9.5, 3, 10 ], "texture": "#chi2" },
        "north": { "uv": [ 13, 6.5, 16, 9.5 ], "texture": "#chi2" },
        "south": { "uv": [ 0, 6.5, 3, 9.5 ], "texture": "#chi2" },
        "west":  { "uv": [ 9.5, 6.5, 10, 9.5 ], "texture": "#chi2" },
        "east":  { "uv": [ 6, 6.5, 6.5, 9.5 ], "texture": "#chi2" }
    }
},
{
    "__comment": "chi3",
    "from": [ -0.5, 8, 4 ],
    "to": [ 3, 11, 4.5 ],
    "rotation": { "origin": [ -0.5, 8, 4 ], "axis": "y", "angle": 45 },
    "faces": {
        "down":  { "uv": [ 16, 4.5, 13, 4 ], "texture": "#chi3" },
        "up":    { "uv": [ 0, 4, 3, 4.5 ], "texture": "#chi3" },
        "north": { "uv": [ 13, 5, 16, 8 ], "texture": "#chi3" },
        "south": { "uv": [ 0, 5, 3, 8 ], "texture": "#chi3" },
        "west":  { "uv": [ 4, 5, 4.5, 8 ], "texture": "#chi3" },
        "east":  { "uv": [ 11.5, 5, 12, 8 ], "texture": "#chi3" }
    }
},
{
    "__comment": "chi3",
    "from": [ -0.5, 6.5, 9.5 ],
    "to": [ 3, 9.5, 10 ],
    "rotation": { "origin": [ -0.5, 6.5, 9.5 ], "axis": "y", "angle": -45 },
    "faces": {
        "down":  { "uv": [ 16, 10, 13, 9.5 ], "texture": "#chi3" },
        "up":    { "uv": [ 0, 9.5, 3, 10 ], "texture": "#chi3" },
        "north": { "uv": [ 13, 6.5, 16, 9.5 ], "texture": "#chi3" },
        "south": { "uv": [ 0, 6.5, 3, 9.5 ], "texture": "#chi3" },
        "west":  { "uv": [ 9.5, 6.5, 10, 9.5 ], "texture": "#chi3" },
        "east":  { "uv": [ 6, 6.5, 6.5, 9.5 ], "texture": "#chi3" }
    }
}
],
"display": {
    "thirdperson_righthand": {
        "rotation": [ 77, -92, 65 ],
        "translation": [ -6.6, -15, 15 ],
        "scale": [ 1.5, 1.5, 1.5 ]
    },
    "thirdperson_lefthand": {
        "rotation": [ 77, -92, 65 ],
        "translation": [ -6.6, -15, 15 ],
        "scale": [ 1.5, 1.5, 1.5 ]
    }
}
}