{
	"__comment": "Designed by Zeibo with Cubik Studio - https://cubik.studio",
	"textures": {
		"texture": "block/oak_planks",
		"texture1": "block/spruce_planks"
	},
	"elements": [ 	 
		{
			"__comment": "Box1",
			"from": [ 5.75, 6.75, 3.5 ],
			"to": [ 9.25, 10.25, 11.5 ],
			"faces": {
				"down": { "uv": [ 5.75, 4.5, 9.25, 12.5 ], "texture": "#texture" },
				"up": { "uv": [ 5.75, 3.5, 9.25, 11.5 ], "texture": "#texture" },
				"north": { "uv": [ 6.75, 5.75, 10.25, 9.25 ], "texture": "#texture" },
				"south": { "uv": [ 5.75, 5.75, 9.25, 9.25 ], "texture": "#texture" },
				"west": { "uv": [ 3.5, 5.75, 11.5, 9.25 ], "texture": "#texture" },
				"east": { "uv": [ 4.5, 5.75, 12.5, 9.25 ], "texture": "#texture" }
			}
		},
		{
			"__comment": "Box1",
			"from": [ 8.25, 6, -3.5 ],
			"to": [ 11.75, 9.5, 4.5 ],
			"rotation": { "origin": [ 8.25, 6, -3.5 ], "axis": "y", "angle": -22.5 },
			"faces": {
				"down": { "uv": [ 6, 12.5, 9.5, 16 ], "texture": "#texture" },
				"up": { "uv": [ 6, 0, 9.5, 3.5 ], "texture": "#texture" },
				"north": { "uv": [ 6.5, 6, 10, 9.5 ], "texture": "#texture" },
				"south": { "uv": [ 6, 6, 9.5, 9.5 ], "texture": "#texture" },
				"west": { "uv": [ 0, 6, 3.5, 9.5 ], "texture": "#texture" },
				"east": { "uv": [ 12.5, 6, 16, 9.5 ], "texture": "#texture" }
			}
		},
		{
			"__comment": "Box1",
			"from": [ 7.4999, 6.5, -9 ],
			"to": [ 9.9999, 9, -1 ],
			"rotation": { "origin": [ 10, 6.5, -1 ], "axis": "y", "angle": -45 },
			"faces": {
				"down": { "uv": [ 6, 12.5, 9.5, 16 ], "texture": "#texture", "rotation": 180 },
				"up": { "uv": [ 6, 0, 9.5, 3.5 ], "texture": "#texture", "rotation": 180 },
				"north": { "uv": [ 6, 6, 9.5, 9.5 ], "texture": "#texture" },
				"south": { "uv": [ 6.5, 6, 10, 9.5 ], "texture": "#texture" },
				"west": { "uv": [ 12.5, 6, 16, 9.5 ], "texture": "#texture" },
				"east": { "uv": [ 0, 6, 3.5, 9.5 ], "texture": "#texture" }
			}
		},
		{
			"__comment": "Box1",
			"from": [ 5.875, 7, 11.5 ],
			"to": [ 8.375, 9.5, 14 ],
			"faces": {
				"down": { "uv": [ 6.25, 2, 8.75, 4.5 ], "texture": "#texture1" },
				"up": { "uv": [ 6.25, 11.5, 8.75, 14 ], "texture": "#texture1" },
				"north": { "uv": [ 7.25, 6.5, 9.75, 9 ], "texture": "#texture1" },
				"south": { "uv": [ 6.25, 6.5, 8.75, 9 ], "texture": "#texture1" },
				"west": { "uv": [ 11.5, 6.5, 14, 9 ], "texture": "#texture1" },
				"east": { "uv": [ 2, 6.5, 4.5, 9 ], "texture": "#texture1" }
			}
		},
		{
			"__comment": "Box1",
			"from": [ 5, 6.5, 14 ],
			"to": [ 8.5, 10, 16.5 ],
			"faces": {
				"down": { "uv": [ 5.375, 0, 8.875, 2 ], "texture": "#texture" },
				"up": { "uv": [ 5.375, 14, 8.875, 16 ], "texture": "#texture" },
				"north": { "uv": [ 7.125, 6, 10.625, 9.5 ], "texture": "#texture" },
				"south": { "uv": [ 5.375, 6, 8.875, 9.5 ], "texture": "#texture" },
				"west": { "uv": [ 14, 6, 16, 9.5 ], "texture": "#texture" },
				"east": { "uv": [ 0, 6, 2, 9.5 ], "texture": "#texture" }
			}
		},
		{
			"__comment": "Box1",
			"from": [ 5.125, 7, 16.5 ],
			"to": [ 7.625, 9.5, 19 ],
			"faces": {
				"down": { "uv": [ 5.875, 13, 8.375, 15.5 ], "texture": "#texture" },
				"up": { "uv": [ 5.875, 0.5, 8.375, 3 ], "texture": "#texture" },
				"north": { "uv": [ 7.625, 6.5, 10.125, 9 ], "texture": "#texture" },
				"south": { "uv": [ 5.875, 6.5, 8.375, 9 ], "texture": "#texture" },
				"west": { "uv": [ 0.5, 6.5, 3, 9 ], "texture": "#texture" },
				"east": { "uv": [ 13, 6.5, 15.5, 9 ], "texture": "#texture" }
			}
		},
		{
			"__comment": "Box1",
			"from": [ 6.375, 7.5, 19 ],
			"to": [ 7.875, 9, 22 ],
			"faces": {
				"down": { "uv": [ 6.375, 10, 7.875, 13 ], "texture": "#texture" },
				"up": { "uv": [ 6.375, 3, 7.875, 6 ], "texture": "#texture" },
				"north": { "uv": [ 8.125, 7, 9.625, 8.5 ], "texture": "#texture" },
				"south": { "uv": [ 6.375, 7, 7.875, 8.5 ], "texture": "#texture" },
				"west": { "uv": [ 3, 7, 6, 8.5 ], "texture": "#texture" },
				"east": { "uv": [ 10, 7, 13, 8.5 ], "texture": "#texture" }
			}
		},
		{
			"__comment": "Box1",
			"from": [ 6.875, 8, 22 ],
			"to": [ 7.375, 8.5, 25.5 ],
			"faces": {
				"down": { "uv": [ 6.875, 6.5, 7.375, 10 ], "texture": "#texture" },
				"up": { "uv": [ 6.875, 6, 7.375, 9.5 ], "texture": "#texture" },
				"north": { "uv": [ 8.625, 7.5, 9.125, 8 ], "texture": "#texture" },
				"south": { "uv": [ 6.875, 7.5, 7.375, 8 ], "texture": "#texture" },
				"west": { "uv": [ 6, 7.5, 9.5, 8 ], "texture": "#texture" },
				"east": { "uv": [ 6.5, 7.5, 10, 8 ], "texture": "#texture" }
			}
		}
	],
	"display": {
		"thirdperson_righthand": {
			"rotation":  [ 20, -147, -48 ],
			"translation":  [ 0.6945, 16, -5.564 ]
		}
	}
}