{
	"__comment": "Designed by Zeibo with Cubik Studio - https://cubik.studio",
	"textures": {
		"texture": "optifine/cit/clothing/maid/maid_hat"
	},
	"elements": [ 	 
		{
			"__comment": "PlaneY3",
			"from": [ 0.5, 15.5, 0.5 ],
			"to": [ 15.5, 15.501, 15.5 ],
			"faces": {
				"down": { "uv": [ 4, 4, 8, 0 ], "texture": "#texture" },
				"up": { "uv": [ 4, 0, 8, 4 ], "texture": "#texture" }
			}
		},
		{
			"__comment": "PlaneX5",
			"from": [ 0.5, 0.5, 0.5 ],
			"to": [ 0.501, 15.5, 15.5 ],
			"faces": {
				"west": { "uv": [ 0, 4, 4, 8 ], "texture": "#texture" },
				"east": { "uv": [ 4, 4, 0, 8 ], "texture": "#texture" }
			}
		},
		{
			"__comment": "PlaneX6",
			"from": [ 15.5, 0.5, 0.5 ],
			"to": [ 15.501, 15.5, 15.5 ],
			"faces": {
				"west": { "uv": [ 12, 4, 8, 8 ], "texture": "#texture" },
				"east": { "uv": [ 8, 4, 12, 8 ], "texture": "#texture" }
			}
		},
		{
			"__comment": "PlaneZ7",
			"from": [ 0.5, 0.5, 15.5 ],
			"to": [ 15.5, 15.5, 15.501 ],
			"faces": {
				"north": { "uv": [ 8, 4, 4, 8 ], "texture": "#texture" },
				"south": { "uv": [ 4, 4, 8, 8 ], "texture": "#texture" }
			}
		},
		{
			"__comment": "PlaneZ8",
			"from": [ 0.5, 0.5, 0.5 ],
			"to": [ 15.5, 15.5, 0.501 ],
			"faces": {
				"north": { "uv": [ 8, 0, 12, 4 ], "texture": "#texture" },
				"south": { "uv": [ 12, 0, 8, 4 ], "texture": "#texture" }
			}
		}
	],
	"display": {
		"head": {
			"rotation":  [ 0, 180, 0 ]
		}
	}
}