{
	"__comment": "Designed by Zeibo with Cubik Studio - https://cubik.studio",
	"textures": {
		"particle": "blocks/e_particle",
		"texture": "skills/skill03_p2"
	},
	"elements": [ 	 
		{
			"__comment": "PlaneZ1",
			"from": [ 0.125, -11.5, 8 ],
			"to": [ 16.125, 27, 8.001 ],
			"faces": {
				"north": { "uv": [ 0, 0, 15.875, 16 ], "texture": "#texture" },
				"south": { "uv": [ 0.125, 0, 16, 16 ], "texture": "#texture" }
			}
		},
		{
			"__comment": "PlaneX2",
			"from": [ 8.125, -10.5, 0.125 ],
			"to": [ 8.126, 26, 15.125 ],
			"faces": {
				"west": { "uv": [ 0.125, 0, 15.125, 16 ], "texture": "#texture" },
				"east": { "uv": [ 0.875, 0, 15.875, 16 ], "texture": "#texture" }
			}
		}
	],
	"display": {
		"thirdperson_righthand": {
			"rotation":  [ -75, 0, 0 ],
			"translation":  [ -6.26, -9.042, 9.7386 ]
		},
		"thirdperson_lefthand": {
			"rotation":  [ -75, 0, 0 ],
			"translation":  [ -6.26, -3.477, 9.7386 ]
		}
	}
}