{
	"__comment": "Designed by S9855027 with BDcraft Cubik PRO 0.96 Beta - http://bdcraft.net",
	"textures": {
		"particle": "plants/purple_sun",
		"texture": "plants/purple_sun"
	},
	"elements": [ 	 
		{
			"__comment": "JIN",
			"from": [ 7.55, -0.25, 7.5 ],
			"to": [ 8.299999, 4.75, 7.85 ],
			"faces": {
				"down": { "uv": [ 10.5, 9.5, 11.25, 9.25 ], "texture": "#texture" },
				"up": { "uv": [ 10.5, 4.5, 11.25, 4.75 ], "texture": "#texture" },
				"north": { "uv": [ 11.25, 4.5, 10.5, 9.5 ], "texture": "#texture" },
				"south": { "uv": [ 10.5, 4.5, 11.25, 9.5 ], "texture": "#texture" },
				"west": { "uv": [ 10.5, 4.5, 10.75, 9.5 ], "texture": "#texture" },
				"east": { "uv": [ 11.25, 4.5, 11, 9.5 ], "texture": "#texture" }
			}
		},
		{
			"__comment": "JIN",
			"from": [ 7.8, 4.75, 7.5 ],
			"to": [ 8.299999, 6, 7.85 ],
			"faces": {
				"down": { "uv": [ 10.75, 4.5, 11.25, 4.25 ], "texture": "#texture" },
				"up": { "uv": [ 10.75, 3.25, 11.25, 3.5 ], "texture": "#texture" },
				"north": { "uv": [ 11.25, 3.25, 10.75, 4.5 ], "texture": "#texture" },
				"south": { "uv": [ 10.75, 3.25, 11.25, 4.5 ], "texture": "#texture" },
				"west": { "uv": [ 10.75, 3.25, 11, 4.5 ], "texture": "#texture" },
				"east": { "uv": [ 11.25, 3.25, 11, 4.5 ], "texture": "#texture" }
			}
		},
		{
			"__comment": "JIN",
			"from": [ 8.05, 6, 7.5 ],
			"to": [ 8.55, 6.75, 7.85 ],
			"faces": {
				"down": { "uv": [ 11, 3.25, 11.5, 3 ], "texture": "#texture" },
				"up": { "uv": [ 11, 2.5, 11.5, 2.75 ], "texture": "#texture" },
				"north": { "uv": [ 11.5, 2.5, 11, 3.25 ], "texture": "#texture" },
				"south": { "uv": [ 11, 2.5, 11.5, 3.25 ], "texture": "#texture" },
				"west": { "uv": [ 11, 2.5, 11.25, 3.25 ], "texture": "#texture" },
				"east": { "uv": [ 11.5, 2.5, 11.25, 3.25 ], "texture": "#texture" }
			}
		},
		{
			"__comment": "JIN",
			"from": [ 8.3, 6.75, 7.5 ],
			"to": [ 8.8, 7.5, 7.85 ],
			"faces": {
				"down": { "uv": [ 11.25, 2.5, 11.75, 2.25 ], "texture": "#texture" },
				"up": { "uv": [ 11.25, 1.75, 11.75, 2 ], "texture": "#texture" },
				"north": { "uv": [ 11.75, 1.75, 11.25, 2.5 ], "texture": "#texture" },
				"south": { "uv": [ 11.25, 1.75, 11.75, 2.5 ], "texture": "#texture" },
				"west": { "uv": [ 11.25, 1.75, 11.5, 2.5 ], "texture": "#texture" },
				"east": { "uv": [ 11.75, 1.75, 11.5, 2.5 ], "texture": "#texture" }
			}
		},
		{
			"__comment": "JIN",
			"from": [ 8.3, 5.5, 7.5 ],
			"to": [ 8.55, 6, 7.85 ],
			"faces": {
				"down": { "uv": [ 11.25, 3.75, 11.5, 3.5 ], "texture": "#texture" },
				"up": { "uv": [ 11.25, 3.25, 11.5, 3.5 ], "texture": "#texture" },
				"north": { "uv": [ 11.5, 3.25, 11.25, 3.75 ], "texture": "#texture" },
				"south": { "uv": [ 11.25, 3.25, 11.5, 3.75 ], "texture": "#texture" },
				"west": { "uv": [ 11.25, 3.25, 11.5, 3.75 ], "texture": "#texture" },
				"east": { "uv": [ 11.5, 3.25, 11.25, 3.75 ], "texture": "#texture" }
			}
		},
		{
			"__comment": "JIN",
			"from": [ 8.55, 7.5, 7.5 ],
			"to": [ 9.3, 7.75, 7.85 ],
			"faces": {
				"down": { "uv": [ 11.5, 1.75, 12.25, 1.5 ], "texture": "#texture" },
				"up": { "uv": [ 11.5, 1.5, 12.25, 1.75 ], "texture": "#texture" },
				"north": { "uv": [ 12.25, 1.5, 11.5, 1.75 ], "texture": "#texture" },
				"south": { "uv": [ 11.5, 1.5, 12.25, 1.75 ], "texture": "#texture" },
				"west": { "uv": [ 11.5, 1.5, 11.75, 1.75 ], "texture": "#texture" },
				"east": { "uv": [ 12.25, 1.5, 12, 1.75 ], "texture": "#texture" }
			}
		},
		{
			"__comment": "JIN",
			"from": [ 8.55, 6.5, 7.5 ],
			"to": [ 8.8, 6.75, 7.85 ],
			"faces": {
				"down": { "uv": [ 11.5, 2.75, 11.75, 2.5 ], "texture": "#texture" },
				"up": { "uv": [ 11.5, 2.5, 11.75, 2.75 ], "texture": "#texture" },
				"north": { "uv": [ 11.75, 2.5, 11.5, 2.75 ], "texture": "#texture" },
				"south": { "uv": [ 11.5, 2.5, 11.75, 2.75 ], "texture": "#texture" },
				"west": { "uv": [ 11.5, 2.5, 11.75, 2.75 ], "texture": "#texture" },
				"east": { "uv": [ 11.75, 2.5, 11.5, 2.75 ], "texture": "#texture" }
			}
		},
		{
			"__comment": "JIN",
			"from": [ 8.8, 7.75, 7.5 ],
			"to": [ 9.55, 8, 7.85 ],
			"faces": {
				"down": { "uv": [ 11.75, 1.5, 12.5, 1.25 ], "texture": "#texture" },
				"up": { "uv": [ 11.75, 1.25, 12.5, 1.5 ], "texture": "#texture" },
				"north": { "uv": [ 12.5, 1.25, 11.75, 1.5 ], "texture": "#texture" },
				"south": { "uv": [ 11.75, 1.25, 12.5, 1.5 ], "texture": "#texture" },
				"west": { "uv": [ 11.75, 1.25, 12, 1.5 ], "texture": "#texture" },
				"east": { "uv": [ 12.5, 1.25, 12.25, 1.5 ], "texture": "#texture" }
			}
		},
		{
			"__comment": "JIN",
			"from": [ 8.8, 7.25, 7.5 ],
			"to": [ 9.05, 7.5, 7.85 ],
			"faces": {
				"down": { "uv": [ 11.75, 2, 12, 1.75 ], "texture": "#texture" },
				"up": { "uv": [ 11.75, 1.75, 12, 2 ], "texture": "#texture" },
				"north": { "uv": [ 12, 1.75, 11.75, 2 ], "texture": "#texture" },
				"south": { "uv": [ 11.75, 1.75, 12, 2 ], "texture": "#texture" },
				"west": { "uv": [ 11.75, 1.75, 12, 2 ], "texture": "#texture" },
				"east": { "uv": [ 12, 1.75, 11.75, 2 ], "texture": "#texture" }
			}
		},
		{
			"__comment": "JIN",
			"from": [ 9.05, 8, 7.5 ],
			"to": [ 10.3, 8.25, 7.85 ],
			"faces": {
				"down": { "uv": [ 12, 1.25, 13.25, 1 ], "texture": "#texture" },
				"up": { "uv": [ 12, 1, 13.25, 1.25 ], "texture": "#texture" },
				"north": { "uv": [ 13.25, 1, 12, 1.25 ], "texture": "#texture" },
				"south": { "uv": [ 12, 1, 13.25, 1.25 ], "texture": "#texture" },
				"west": { "uv": [ 12, 1, 12.25, 1.25 ], "texture": "#texture" },
				"east": { "uv": [ 13.25, 1, 13, 1.25 ], "texture": "#texture" }
			}
		},
		{
			"__comment": "JIN",
			"from": [ 9.3, 8.25, 7.5 ],
			"to": [ 11.3, 8.5, 7.85 ],
			"faces": {
				"down": { "uv": [ 12.25, 1, 14.25, 0.75 ], "texture": "#texture" },
				"up": { "uv": [ 12.25, 0.75, 14.25, 1 ], "texture": "#texture" },
				"north": { "uv": [ 14.25, 0.75, 12.25, 1 ], "texture": "#texture" },
				"south": { "uv": [ 12.25, 0.75, 14.25, 1 ], "texture": "#texture" },
				"west": { "uv": [ 12.25, 0.75, 12.5, 1 ], "texture": "#texture" },
				"east": { "uv": [ 14.25, 0.75, 14, 1 ], "texture": "#texture" }
			}
		},
		{
			"__comment": "JIN",
			"from": [ 9.8, 8.5, 7.5 ],
			"to": [ 12.8, 8.75, 7.85 ],
			"faces": {
				"down": { "uv": [ 12.75, 0.75, 15.75, 0.5 ], "texture": "#texture" },
				"up": { "uv": [ 12.75, 0.5, 15.75, 0.75 ], "texture": "#texture" },
				"north": { "uv": [ 15.75, 0.5, 12.75, 0.75 ], "texture": "#texture" },
				"south": { "uv": [ 12.75, 0.5, 15.75, 0.75 ], "texture": "#texture" },
				"west": { "uv": [ 12.75, 0.5, 13, 0.75 ], "texture": "#texture" },
				"east": { "uv": [ 15.75, 0.5, 15.5, 0.75 ], "texture": "#texture" }
			}
		},
		{
			"__comment": "JIN",
			"from": [ 10.8, 8.75, 7.5 ],
			"to": [ 12.05, 9, 7.85 ],
			"faces": {
				"down": { "uv": [ 13.75, 0.5, 15, 0.25 ], "texture": "#texture" },
				"up": { "uv": [ 13.75, 0.25, 15, 0.5 ], "texture": "#texture" },
				"north": { "uv": [ 15, 0.25, 13.75, 0.5 ], "texture": "#texture" },
				"south": { "uv": [ 13.75, 0.25, 15, 0.5 ], "texture": "#texture" },
				"west": { "uv": [ 13.75, 0.25, 14, 0.5 ], "texture": "#texture" },
				"east": { "uv": [ 15, 0.25, 14.75, 0.5 ], "texture": "#texture" }
			}
		},
		{
			"__comment": "GERN",
			"from": [ 3, -4.1875, 12.8125 ],
			"to": [ 17, 0.3125, 12.875 ],
			"rotation": { "origin": [ 3, -4.1875, 12.8125 ], "axis": "y", "angle": 45 },
			"faces": {
				"north": { "uv": [ 14.8125, 9.1875, 6.9375, 13.8125 ], "texture": "#texture" },
				"south": { "uv": [ 6.8125, 9.125, 14.875, 13.875 ], "texture": "#texture" }
			}
		},
		{
			"__comment": "GERN",
			"from": [ 3.1875, -4.1875, 3 ],
			"to": [ 17.1875, 0.3125, 3.0625 ],
			"rotation": { "origin": [ 3.1875, -4.1875, 3 ], "axis": "y", "angle": -45 },
			"faces": {
				"north": { "uv": [ 14.8125, 9.1875, 6.9375, 13.8125 ], "texture": "#texture" },
				"south": { "uv": [ 6.8125, 9.125, 14.875, 13.875 ], "texture": "#texture" }
			}
		},
		{
			"__comment": "GRASS",
			"from": [ 4.5625, -0.1875, 7.75 ],
			"to": [ 13.5625, 7.8125, 7.8125 ],
			"faces": {
				"north": { "uv": [ 8.625, 4.8125, 1, 9.75 ], "texture": "#texture" },
				"south": { "uv": [ 0.9375, 4.8125, 8.625, 9.75 ], "texture": "#texture" }
			}
		},
		{
			"from": [ 7.9375, -0.1875, 3.6875 ],
			"to": [ 8, 6.3125, 10.1875 ],
			"faces": {
				"west": { "uv": [ 8.5, 4.6875, 1.0625, 9.75 ], "texture": "#texture" },
				"east": { "uv": [ 0.9375, 4.875, 8.625, 9.8125 ], "texture": "#texture" }
			}
		}
	],
	"display": {
		"thirdperson_righthand": {
			"rotation":  [ 75, 0, -8 ],
			"translation":  [ -6.99, -3.7, 8 ],
			"scale":  [ 1.5, 2, 1.5 ]
		},
		"thirdperson_lefthand": {
			"rotation":  [ 1, 0, 0 ],
			"translation":  [ -6.99, -5.5, 10.19 ],
			"scale":  [ 1.5, 2, 1.5 ]
		}
	}
}