{
	"__comment": "Designed by S9855027 with BDcraft Cubik PRO 0.96 Beta - http://bdcraft.net",
	"textures": {
		"particle": "plants/purple_sun",
		"texture": "plants/purple_sun"
	},
	"elements": [ 	 
		{
			"__comment": "GERN",
			"from": [ 3.75, -3.1875, 11.5625 ],
			"to": [ 15.75, 0.3125, 11.5635 ],
			"rotation": { "origin": [ 3.75, -3.1875, 11.5625 ], "axis": "y", "angle": 45 },
			"faces": {
				"north": { "uv": [ 14.8125, 9.1875, 6.9375, 13.8125 ], "texture": "#texture" },
				"south": { "uv": [ 6.8125, 9.125, 14.875, 13.875 ], "texture": "#texture" }
			}
		},
		{
			"__comment": "GERN",
			"from": [ 3.75, -3.25, 3 ],
			"to": [ 15.75, 0.25, 3.001 ],
			"rotation": { "origin": [ 3.75, -3.25, 3 ], "axis": "y", "angle": -45 },
			"faces": {
				"north": { "uv": [ 14.8125, 9.1875, 6.9375, 13.8125 ], "texture": "#texture" },
				"south": { "uv": [ 6.8125, 9.125, 14.875, 13.875 ], "texture": "#texture" }
			}
		},
		{
			"__comment": "GRASS",
			"from": [ 6.1875, -0.1875, 7.75 ],
			"to": [ 10.6875, 1.8125, 7.751 ],
			"faces": {
				"north": { "uv": [ 8.625, 4.8125, 1, 9.75 ], "texture": "#texture" },
				"south": { "uv": [ 0.9375, 4.8125, 8.625, 9.75 ], "texture": "#texture" }
			}
		},
		{
			"from": [ 8, 0, 5.25 ],
			"to": [ 8.001, 1.5, 8.75 ],
			"faces": {
				"west": { "uv": [ 8.5, 4.6875, 1.0625, 9.75 ], "texture": "#texture" },
				"east": { "uv": [ 0.9375, 4.875, 8.625, 9.8125 ], "texture": "#texture" }
			}
		}
	],
	"display": {
		"thirdperson_righthand": {
			"rotation":  [ 75, 0, -8 ],
			"translation":  [ -6.99, -3.7, 8 ],
			"scale":  [ 1.5, 2, 1.5 ]
		},
		"thirdperson_lefthand": {
			"rotation":  [ 1, 0, 0 ],
			"translation":  [ -6.99, -5.5, 10.19 ],
			"scale":  [ 1.5, 2, 1.5 ]
		}
	}
}