{
	"__comment": "Designed by Zeibo with Cubik Studio - https://cubik.studio",
	"textures": {
		"particle": "blocks/e_particle",
		"texture": "blocks/e_texture",
		"ps": "plants/ps"
	},
	"elements": [ 	 
		{
			"__comment": "Box1",
			"from": [ 4.8, 8, 7.2 ],
			"to": [ 12, 9, 8.8 ],
			"faces": {
				"down": { "uv": [ 4.8, 8.8, 12, 7.2 ], "texture": "#ps" },
				"up": { "uv": [ 4.8, 7.2, 12, 8.8 ], "texture": "#ps" },
				"north": { "uv": [ 12, 7.2, 4.8, 8 ], "texture": "#ps" },
				"south": { "uv": [ 4.8, 8, 12, 8.8 ], "texture": "#ps" },
				"west": { "uv": [ 4.8, 7.2, 5.6, 8.8 ], "texture": "#ps", "rotation": 270 },
				"east": { "uv": [ 12, 8.8, 11.2, 7.2 ], "texture": "#ps", "rotation": 270 }
			}
		},
		{
			"__comment": "Box2",
			"from": [ 4.8, 8, 8.8 ],
			"to": [ 11.2, 9, 9.6 ],
			"faces": {
				"down": { "uv": [ 4.8, 9.6, 11.2, 8.8 ], "texture": "#ps" },
				"up": { "uv": [ 4.8, 8.8, 11.2, 9.6 ], "texture": "#ps" },
				"north": { "uv": [ 11.2, 8.8, 4.8, 9.6 ], "texture": "#ps" },
				"south": { "uv": [ 4.8, 8.799999, 11.2, 9.6 ], "texture": "#ps" },
				"west": { "uv": [ 4.8, 8.8, 5.6, 9.6 ], "texture": "#ps", "rotation": 270 },
				"east": { "uv": [ 11.2, 9.6, 10.4, 8.8 ], "texture": "#ps", "rotation": 270 }
			}
		},
		{
			"__comment": "Box3",
			"from": [ 5.6, 8, 6.4 ],
			"to": [ 12, 9, 7.199999 ],
			"faces": {
				"down": { "uv": [ 5.6, 7.2, 12, 6.4 ], "texture": "#ps" },
				"up": { "uv": [ 5.6, 6.4, 12, 7.2 ], "texture": "#ps" },
				"north": { "uv": [ 12, 6.4, 5.6, 7.2 ], "texture": "#ps" },
				"south": { "uv": [ 5.6, 6.4, 12, 7.2 ], "texture": "#ps" },
				"west": { "uv": [ 5.6, 6.4, 6.4, 7.2 ], "texture": "#ps", "rotation": 270 },
				"east": { "uv": [ 12, 7.2, 11.2, 6.4 ], "texture": "#ps", "rotation": 270 }
			}
		},
		{
			"__comment": "Box4",
			"from": [ 6.4, 8, 9.599999 ],
			"to": [ 8.799999, 9, 10.4 ],
			"faces": {
				"down": { "uv": [ 6.4, 10.4, 8.8, 9.6 ], "texture": "#ps" },
				"up": { "uv": [ 6.4, 9.6, 8.8, 10.4 ], "texture": "#ps" },
				"north": { "uv": [ 8.8, 9.6, 6.4, 10.4 ], "texture": "#ps" },
				"south": { "uv": [ 6.4, 9.6, 8.8, 10.4 ], "texture": "#ps" },
				"west": { "uv": [ 6.4, 9.6, 7.2, 10.4 ], "texture": "#ps", "rotation": 270 },
				"east": { "uv": [ 8.8, 10.4, 8, 9.6 ], "texture": "#ps", "rotation": 270 }
			}
		},
		{
			"__comment": "Box5",
			"from": [ 7.2, 8, 5.6 ],
			"to": [ 12, 9, 6.4 ],
			"faces": {
				"down": { "uv": [ 7.2, 6.4, 12, 5.6 ], "texture": "#ps" },
				"up": { "uv": [ 7.2, 5.6, 12, 6.4 ], "texture": "#ps" },
				"north": { "uv": [ 12, 5.6, 7.2, 6.400002 ], "texture": "#ps" },
				"south": { "uv": [ 7.2, 5.599998, 12, 6.4 ], "texture": "#ps" },
				"west": { "uv": [ 7.2, 5.6, 8, 6.4 ], "texture": "#ps", "rotation": 270 },
				"east": { "uv": [ 12, 6.4, 11.2, 5.6 ], "texture": "#ps", "rotation": 270 }
			}
		},
		{
			"__comment": "Box6",
			"from": [ 8, 8, 4.8 ],
			"to": [ 11.2, 9, 5.599999 ],
			"faces": {
				"down": { "uv": [ 8, 5.6, 11.2, 4.8 ], "texture": "#ps" },
				"up": { "uv": [ 8, 4.8, 11.2, 5.6 ], "texture": "#ps" },
				"north": { "uv": [ 11.2, 4.8, 8, 5.6 ], "texture": "#ps" },
				"south": { "uv": [ 8, 4.8, 11.2, 5.6 ], "texture": "#ps" },
				"west": { "uv": [ 8, 4.8, 8.8, 5.6 ], "texture": "#ps", "rotation": 270 },
				"east": { "uv": [ 11.2, 5.6, 10.4, 4.8 ], "texture": "#ps", "rotation": 270 }
			}
		}
	],
	"display": {
		"thirdperson_righthand": {
			"rotation":  [ 44, 0, -8 ],
			"translation":  [ -6.99, -1.391, -11.46 ],
			"scale":  [ 0.5, 0.5, 0.5 ]
		},
		"thirdperson_lefthand": {
			"rotation":  [ 44, 0, -8 ],
			"translation":  [ -6.99, -1.391, -11.46 ],
			"scale":  [ 0.5, 0.5, 0.5 ]
		}
	}
}