{
"__comment": "Designed by S9855027 with BDcraft Cubik PRO 0.96 Beta - http://bdcraft.net",
"textures": {
    "arrow": "bows/arrow"
},
"elements": [ 
{
    "__comment": "01 x128",
    "from": [ 4.375, 4.125, 7.5 ],
    "to": [ 4.625, 4.375, 7.75 ],
    "faces": {
        "down":  { "uv": [ 4.375, 11.875, 4.625, 11.75 ], "texture": "#arrow" },
        "up":    { "uv": [ 4.375, 11.625, 4.625, 11.75 ], "texture": "#arrow" },
        "north": { "uv": [ 4.625, 11.625, 4.375, 11.875 ], "texture": "#arrow" },
        "south": { "uv": [ 4.375, 11.625, 4.625, 11.875 ], "texture": "#arrow" },
        "west":  { "uv": [ 4.375, 11.625, 4.5, 11.875 ], "texture": "#arrow" },
        "east":  { "uv": [ 4.625, 11.625, 4.5, 11.875 ], "texture": "#arrow" }
    }
},
{
    "__comment": "01 x128",
    "from": [ 4.5, 4.375, 7.5 ],
    "to": [ 4.875, 4.5, 7.75 ],
    "faces": {
        "down":  { "uv": [ 4.5, 11.625, 4.875, 11.5 ], "texture": "#arrow" },
        "up":    { "uv": [ 4.5, 11.5, 4.875, 11.625 ], "texture": "#arrow" },
        "north": { "uv": [ 4.875, 11.5, 4.5, 11.625 ], "texture": "#arrow" },
        "south": { "uv": [ 4.5, 11.5, 4.875, 11.625 ], "texture": "#arrow" },
        "west":  { "uv": [ 4.5, 11.5, 4.625, 11.625 ], "texture": "#arrow" },
        "east":  { "uv": [ 4.875, 11.5, 4.75, 11.625 ], "texture": "#arrow" }
    }
},
{
    "__comment": "01 x128",
    "from": [ 4.625, 4.5, 7.5 ],
    "to": [ 5, 4.625, 7.75 ],
    "faces": {
        "down":  { "uv": [ 4.625, 11.5, 5, 11.375 ], "texture": "#arrow" },
        "up":    { "uv": [ 4.625, 11.375, 5, 11.5 ], "texture": "#arrow" },
        "north": { "uv": [ 5, 11.375, 4.625, 11.5 ], "texture": "#arrow" },
        "south": { "uv": [ 4.625, 11.375, 5, 11.5 ], "texture": "#arrow" },
        "west":  { "uv": [ 4.625, 11.375, 4.75, 11.5 ], "texture": "#arrow" },
        "east":  { "uv": [ 5, 11.375, 4.875, 11.5 ], "texture": "#arrow" }
    }
},
{
    "__comment": "01 x128",
    "from": [ 4.625, 4.25, 7.5 ],
    "to": [ 4.75, 4.375, 7.75 ],
    "faces": {
        "down":  { "uv": [ 4.625, 11.75, 4.75, 11.625 ], "texture": "#arrow" },
        "up":    { "uv": [ 4.625, 11.625, 4.75, 11.75 ], "texture": "#arrow" },
        "north": { "uv": [ 4.75, 11.625, 4.625, 11.75 ], "texture": "#arrow" },
        "south": { "uv": [ 4.625, 11.625, 4.75, 11.75 ], "texture": "#arrow" },
        "west":  { "uv": [ 4.625, 11.625, 4.75, 11.75 ], "texture": "#arrow" },
        "east":  { "uv": [ 4.75, 11.625, 4.625, 11.75 ], "texture": "#arrow" }
    }
},
{
    "__comment": "01 x128",
    "from": [ 4.75, 4.625, 7.5 ],
    "to": [ 5.125, 4.75, 7.75 ],
    "faces": {
        "down":  { "uv": [ 4.75, 11.375, 5.125, 11.25 ], "texture": "#arrow" },
        "up":    { "uv": [ 4.75, 11.25, 5.125, 11.375 ], "texture": "#arrow" },
        "north": { "uv": [ 5.125, 11.25, 4.75, 11.375 ], "texture": "#arrow" },
        "south": { "uv": [ 4.75, 11.25, 5.125, 11.375 ], "texture": "#arrow" },
        "west":  { "uv": [ 4.75, 11.25, 4.875, 11.375 ], "texture": "#arrow" },
        "east":  { "uv": [ 5.125, 11.25, 5, 11.375 ], "texture": "#arrow" }
    }
},
{
    "__comment": "01 x128",
    "from": [ 4.875, 4.75, 7.5 ],
    "to": [ 5.25, 4.875, 7.75 ],
    "faces": {
        "down":  { "uv": [ 4.875, 11.25, 5.25, 11.125 ], "texture": "#arrow" },
        "up":    { "uv": [ 4.875, 11.125, 5.25, 11.25 ], "texture": "#arrow" },
        "north": { "uv": [ 5.25, 11.125, 4.875, 11.25 ], "texture": "#arrow" },
        "south": { "uv": [ 4.875, 11.125, 5.25, 11.25 ], "texture": "#arrow" },
        "west":  { "uv": [ 4.875, 11.125, 5, 11.25 ], "texture": "#arrow" },
        "east":  { "uv": [ 5.25, 11.125, 5.125, 11.25 ], "texture": "#arrow" }
    }
},
{
    "__comment": "01 x128",
    "from": [ 5, 4.875, 7.5 ],
    "to": [ 5.375, 5, 7.75 ],
    "faces": {
        "down":  { "uv": [ 5, 11.125, 5.375, 11 ], "texture": "#arrow" },
        "up":    { "uv": [ 5, 11, 5.375, 11.125 ], "texture": "#arrow" },
        "north": { "uv": [ 5.375, 11, 5, 11.125 ], "texture": "#arrow" },
        "south": { "uv": [ 5, 11, 5.375, 11.125 ], "texture": "#arrow" },
        "west":  { "uv": [ 5, 11, 5.125, 11.125 ], "texture": "#arrow" },
        "east":  { "uv": [ 5.375, 11, 5.25, 11.125 ], "texture": "#arrow" }
    }
},
{
    "__comment": "01 x128",
    "from": [ 5.125, 5, 7.5 ],
    "to": [ 5.5, 5.125, 7.75 ],
    "faces": {
        "down":  { "uv": [ 5.125, 11, 5.5, 10.875 ], "texture": "#arrow" },
        "up":    { "uv": [ 5.125, 10.875, 5.5, 11 ], "texture": "#arrow" },
        "north": { "uv": [ 5.5, 10.875, 5.125, 11 ], "texture": "#arrow" },
        "south": { "uv": [ 5.125, 10.875, 5.5, 11 ], "texture": "#arrow" },
        "west":  { "uv": [ 5.125, 10.875, 5.25, 11 ], "texture": "#arrow" },
        "east":  { "uv": [ 5.5, 10.875, 5.375, 11 ], "texture": "#arrow" }
    }
},
{
    "__comment": "01 x128",
    "from": [ 5.25, 5.125, 7.5 ],
    "to": [ 5.625, 5.25, 7.75 ],
    "faces": {
        "down":  { "uv": [ 5.25, 10.875, 5.625, 10.75 ], "texture": "#arrow" },
        "up":    { "uv": [ 5.25, 10.75, 5.625, 10.875 ], "texture": "#arrow" },
        "north": { "uv": [ 5.625, 10.75, 5.25, 10.875 ], "texture": "#arrow" },
        "south": { "uv": [ 5.25, 10.75, 5.625, 10.875 ], "texture": "#arrow" },
        "west":  { "uv": [ 5.25, 10.75, 5.375, 10.875 ], "texture": "#arrow" },
        "east":  { "uv": [ 5.625, 10.75, 5.5, 10.875 ], "texture": "#arrow" }
    }
},
{
    "__comment": "01 x128",
    "from": [ 5.375, 5.25, 7.5 ],
    "to": [ 5.75, 5.375, 7.75 ],
    "faces": {
        "down":  { "uv": [ 5.375, 10.75, 5.75, 10.625 ], "texture": "#arrow" },
        "up":    { "uv": [ 5.375, 10.625, 5.75, 10.75 ], "texture": "#arrow" },
        "north": { "uv": [ 5.75, 10.625, 5.375, 10.75 ], "texture": "#arrow" },
        "south": { "uv": [ 5.375, 10.625, 5.75, 10.75 ], "texture": "#arrow" },
        "west":  { "uv": [ 5.375, 10.625, 5.5, 10.75 ], "texture": "#arrow" },
        "east":  { "uv": [ 5.75, 10.625, 5.625, 10.75 ], "texture": "#arrow" }
    }
},
{
    "__comment": "01 x128",
    "from": [ 5.5, 5.375, 7.5 ],
    "to": [ 5.875, 5.5, 7.75 ],
    "faces": {
        "down":  { "uv": [ 5.5, 10.625, 5.875, 10.5 ], "texture": "#arrow" },
        "up":    { "uv": [ 5.5, 10.5, 5.875, 10.625 ], "texture": "#arrow" },
        "north": { "uv": [ 5.875, 10.5, 5.5, 10.625 ], "texture": "#arrow" },
        "south": { "uv": [ 5.5, 10.5, 5.875, 10.625 ], "texture": "#arrow" },
        "west":  { "uv": [ 5.5, 10.5, 5.625, 10.625 ], "texture": "#arrow" },
        "east":  { "uv": [ 5.875, 10.5, 5.75, 10.625 ], "texture": "#arrow" }
    }
},
{
    "__comment": "01 x128",
    "from": [ 5.625, 5.5, 7.5 ],
    "to": [ 6, 5.625, 7.75 ],
    "faces": {
        "down":  { "uv": [ 5.625, 10.5, 6, 10.375 ], "texture": "#arrow" },
        "up":    { "uv": [ 5.625, 10.375, 6, 10.5 ], "texture": "#arrow" },
        "north": { "uv": [ 6, 10.375, 5.625, 10.5 ], "texture": "#arrow" },
        "south": { "uv": [ 5.625, 10.375, 6, 10.5 ], "texture": "#arrow" },
        "west":  { "uv": [ 5.625, 10.375, 5.75, 10.5 ], "texture": "#arrow" },
        "east":  { "uv": [ 6, 10.375, 5.875, 10.5 ], "texture": "#arrow" }
    }
},
{
    "__comment": "01 x128",
    "from": [ 5.75, 5.625, 7.5 ],
    "to": [ 6.125, 5.75, 7.75 ],
    "faces": {
        "down":  { "uv": [ 5.75, 10.375, 6.125, 10.25 ], "texture": "#arrow" },
        "up":    { "uv": [ 5.75, 10.25, 6.125, 10.375 ], "texture": "#arrow" },
        "north": { "uv": [ 6.125, 10.25, 5.75, 10.375 ], "texture": "#arrow" },
        "south": { "uv": [ 5.75, 10.25, 6.125, 10.375 ], "texture": "#arrow" },
        "west":  { "uv": [ 5.75, 10.25, 5.875, 10.375 ], "texture": "#arrow" },
        "east":  { "uv": [ 6.125, 10.25, 6, 10.375 ], "texture": "#arrow" }
    }
},
{
    "__comment": "01 x128",
    "from": [ 5.875, 5.75, 7.5 ],
    "to": [ 6.25, 5.875, 7.75 ],
    "faces": {
        "down":  { "uv": [ 5.875, 10.25, 6.25, 10.125 ], "texture": "#arrow" },
        "up":    { "uv": [ 5.875, 10.125, 6.25, 10.25 ], "texture": "#arrow" },
        "north": { "uv": [ 6.25, 10.125, 5.875, 10.25 ], "texture": "#arrow" },
        "south": { "uv": [ 5.875, 10.125, 6.25, 10.25 ], "texture": "#arrow" },
        "west":  { "uv": [ 5.875, 10.125, 6, 10.25 ], "texture": "#arrow" },
        "east":  { "uv": [ 6.25, 10.125, 6.125, 10.25 ], "texture": "#arrow" }
    }
},
{
    "__comment": "01 x128",
    "from": [ 6, 5.875, 7.5 ],
    "to": [ 6.375, 6, 7.75 ],
    "faces": {
        "down":  { "uv": [ 6, 10.125, 6.375, 10 ], "texture": "#arrow" },
        "up":    { "uv": [ 6, 10, 6.375, 10.125 ], "texture": "#arrow" },
        "north": { "uv": [ 6.375, 10, 6, 10.125 ], "texture": "#arrow" },
        "south": { "uv": [ 6, 10, 6.375, 10.125 ], "texture": "#arrow" },
        "west":  { "uv": [ 6, 10, 6.125, 10.125 ], "texture": "#arrow" },
        "east":  { "uv": [ 6.375, 10, 6.25, 10.125 ], "texture": "#arrow" }
    }
},
{
    "__comment": "01 x128",
    "from": [ 6.125, 6, 7.5 ],
    "to": [ 6.5, 6.125, 7.75 ],
    "faces": {
        "down":  { "uv": [ 6.125, 10, 6.5, 9.875 ], "texture": "#arrow" },
        "up":    { "uv": [ 6.125, 9.875, 6.5, 10 ], "texture": "#arrow" },
        "north": { "uv": [ 6.5, 9.875, 6.125, 10 ], "texture": "#arrow" },
        "south": { "uv": [ 6.125, 9.875, 6.5, 10 ], "texture": "#arrow" },
        "west":  { "uv": [ 6.125, 9.875, 6.25, 10 ], "texture": "#arrow" },
        "east":  { "uv": [ 6.5, 9.875, 6.375, 10 ], "texture": "#arrow" }
    }
},
{
    "__comment": "01 x128",
    "from": [ 6.25, 6.125, 7.5 ],
    "to": [ 6.625, 6.25, 7.75 ],
    "faces": {
        "down":  { "uv": [ 6.25, 9.875, 6.625, 9.75 ], "texture": "#arrow" },
        "up":    { "uv": [ 6.25, 9.75, 6.625, 9.875 ], "texture": "#arrow" },
        "north": { "uv": [ 6.625, 9.75, 6.25, 9.875 ], "texture": "#arrow" },
        "south": { "uv": [ 6.25, 9.75, 6.625, 9.875 ], "texture": "#arrow" },
        "west":  { "uv": [ 6.25, 9.75, 6.375, 9.875 ], "texture": "#arrow" },
        "east":  { "uv": [ 6.625, 9.75, 6.5, 9.875 ], "texture": "#arrow" }
    }
},
{
    "__comment": "01 x128",
    "from": [ 6.375, 6.25, 7.5 ],
    "to": [ 6.75, 6.375, 7.75 ],
    "faces": {
        "down":  { "uv": [ 6.375, 9.75, 6.75, 9.625 ], "texture": "#arrow" },
        "up":    { "uv": [ 6.375, 9.625, 6.75, 9.75 ], "texture": "#arrow" },
        "north": { "uv": [ 6.75, 9.625, 6.375, 9.75 ], "texture": "#arrow" },
        "south": { "uv": [ 6.375, 9.625, 6.75, 9.75 ], "texture": "#arrow" },
        "west":  { "uv": [ 6.375, 9.625, 6.5, 9.75 ], "texture": "#arrow" },
        "east":  { "uv": [ 6.75, 9.625, 6.625, 9.75 ], "texture": "#arrow" }
    }
},
{
    "__comment": "01 x128",
    "from": [ 6.5, 6.375, 7.5 ],
    "to": [ 6.875, 6.5, 7.75 ],
    "faces": {
        "down":  { "uv": [ 6.5, 9.625, 6.875, 9.5 ], "texture": "#arrow" },
        "up":    { "uv": [ 6.5, 9.5, 6.875, 9.625 ], "texture": "#arrow" },
        "north": { "uv": [ 6.875, 9.5, 6.5, 9.625 ], "texture": "#arrow" },
        "south": { "uv": [ 6.5, 9.5, 6.875, 9.625 ], "texture": "#arrow" },
        "west":  { "uv": [ 6.5, 9.5, 6.625, 9.625 ], "texture": "#arrow" },
        "east":  { "uv": [ 6.875, 9.5, 6.75, 9.625 ], "texture": "#arrow" }
    }
},
{
    "__comment": "01 x128",
    "from": [ 6.625, 6.5, 7.5 ],
    "to": [ 7, 6.625, 7.75 ],
    "faces": {
        "down":  { "uv": [ 6.625, 9.5, 7, 9.375 ], "texture": "#arrow" },
        "up":    { "uv": [ 6.625, 9.375, 7, 9.5 ], "texture": "#arrow" },
        "north": { "uv": [ 7, 9.375, 6.625, 9.5 ], "texture": "#arrow" },
        "south": { "uv": [ 6.625, 9.375, 7, 9.5 ], "texture": "#arrow" },
        "west":  { "uv": [ 6.625, 9.375, 6.75, 9.5 ], "texture": "#arrow" },
        "east":  { "uv": [ 7, 9.375, 6.875, 9.5 ], "texture": "#arrow" }
    }
},
{
    "__comment": "01 x128",
    "from": [ 6.75, 6.625, 7.5 ],
    "to": [ 7.125, 6.75, 7.75 ],
    "faces": {
        "down":  { "uv": [ 6.75, 9.375, 7.125, 9.25 ], "texture": "#arrow" },
        "up":    { "uv": [ 6.75, 9.25, 7.125, 9.375 ], "texture": "#arrow" },
        "north": { "uv": [ 7.125, 9.25, 6.75, 9.375 ], "texture": "#arrow" },
        "south": { "uv": [ 6.75, 9.25, 7.125, 9.375 ], "texture": "#arrow" },
        "west":  { "uv": [ 6.75, 9.25, 6.875, 9.375 ], "texture": "#arrow" },
        "east":  { "uv": [ 7.125, 9.25, 7, 9.375 ], "texture": "#arrow" }
    }
},
{
    "__comment": "01 x128",
    "from": [ 6.875, 6.75, 7.5 ],
    "to": [ 7.25, 6.875, 7.75 ],
    "faces": {
        "down":  { "uv": [ 6.875, 9.25, 7.25, 9.125 ], "texture": "#arrow" },
        "up":    { "uv": [ 6.875, 9.125, 7.25, 9.25 ], "texture": "#arrow" },
        "north": { "uv": [ 7.25, 9.125, 6.875, 9.25 ], "texture": "#arrow" },
        "south": { "uv": [ 6.875, 9.125, 7.25, 9.25 ], "texture": "#arrow" },
        "west":  { "uv": [ 6.875, 9.125, 7, 9.25 ], "texture": "#arrow" },
        "east":  { "uv": [ 7.25, 9.125, 7.125, 9.25 ], "texture": "#arrow" }
    }
},
{
    "__comment": "01 x128",
    "from": [ 7, 6.875, 7.5 ],
    "to": [ 7.375, 7, 7.75 ],
    "faces": {
        "down":  { "uv": [ 7, 9.125, 7.375, 9 ], "texture": "#arrow" },
        "up":    { "uv": [ 7, 9, 7.375, 9.125 ], "texture": "#arrow" },
        "north": { "uv": [ 7.375, 9, 7, 9.125 ], "texture": "#arrow" },
        "south": { "uv": [ 7, 9, 7.375, 9.125 ], "texture": "#arrow" },
        "west":  { "uv": [ 7, 9, 7.125, 9.125 ], "texture": "#arrow" },
        "east":  { "uv": [ 7.375, 9, 7.25, 9.125 ], "texture": "#arrow" }
    }
},
{
    "__comment": "01 x128",
    "from": [ 7.125, 7, 7.5 ],
    "to": [ 7.5, 7.125, 7.75 ],
    "faces": {
        "down":  { "uv": [ 7.125, 9, 7.5, 8.875 ], "texture": "#arrow" },
        "up":    { "uv": [ 7.125, 8.875, 7.5, 9 ], "texture": "#arrow" },
        "north": { "uv": [ 7.5, 8.875, 7.125, 9 ], "texture": "#arrow" },
        "south": { "uv": [ 7.125, 8.875, 7.5, 9 ], "texture": "#arrow" },
        "west":  { "uv": [ 7.125, 8.875, 7.25, 9 ], "texture": "#arrow" },
        "east":  { "uv": [ 7.5, 8.875, 7.375, 9 ], "texture": "#arrow" }
    }
},
{
    "__comment": "01 x128",
    "from": [ 7.25, 7.125, 7.5 ],
    "to": [ 7.625, 7.25, 7.75 ],
    "faces": {
        "down":  { "uv": [ 7.25, 8.875, 7.625, 8.75 ], "texture": "#arrow" },
        "up":    { "uv": [ 7.25, 8.75, 7.625, 8.875 ], "texture": "#arrow" },
        "north": { "uv": [ 7.625, 8.75, 7.25, 8.875 ], "texture": "#arrow" },
        "south": { "uv": [ 7.25, 8.75, 7.625, 8.875 ], "texture": "#arrow" },
        "west":  { "uv": [ 7.25, 8.75, 7.375, 8.875 ], "texture": "#arrow" },
        "east":  { "uv": [ 7.625, 8.75, 7.5, 8.875 ], "texture": "#arrow" }
    }
},
{
    "__comment": "01 x128",
    "from": [ 7.375, 7.25, 7.5 ],
    "to": [ 7.75, 7.375, 7.75 ],
    "faces": {
        "down":  { "uv": [ 7.375, 8.75, 7.75, 8.625 ], "texture": "#arrow" },
        "up":    { "uv": [ 7.375, 8.625, 7.75, 8.75 ], "texture": "#arrow" },
        "north": { "uv": [ 7.75, 8.625, 7.375, 8.75 ], "texture": "#arrow" },
        "south": { "uv": [ 7.375, 8.625, 7.75, 8.75 ], "texture": "#arrow" },
        "west":  { "uv": [ 7.375, 8.625, 7.5, 8.75 ], "texture": "#arrow" },
        "east":  { "uv": [ 7.75, 8.625, 7.625, 8.75 ], "texture": "#arrow" }
    }
},
{
    "__comment": "01 x128",
    "from": [ 7.5, 7.375, 7.5 ],
    "to": [ 7.875, 7.5, 7.75 ],
    "faces": {
        "down":  { "uv": [ 7.5, 8.625, 7.875, 8.5 ], "texture": "#arrow" },
        "up":    { "uv": [ 7.5, 8.5, 7.875, 8.625 ], "texture": "#arrow" },
        "north": { "uv": [ 7.875, 8.5, 7.5, 8.625 ], "texture": "#arrow" },
        "south": { "uv": [ 7.5, 8.5, 7.875, 8.625 ], "texture": "#arrow" },
        "west":  { "uv": [ 7.5, 8.5, 7.625, 8.625 ], "texture": "#arrow" },
        "east":  { "uv": [ 7.875, 8.5, 7.75, 8.625 ], "texture": "#arrow" }
    }
},
{
    "__comment": "01 x128",
    "from": [ 7.625, 7.5, 7.5 ],
    "to": [ 8, 7.625, 7.75 ],
    "faces": {
        "down":  { "uv": [ 7.625, 8.5, 8, 8.375 ], "texture": "#arrow" },
        "up":    { "uv": [ 7.625, 8.375, 8, 8.5 ], "texture": "#arrow" },
        "north": { "uv": [ 8, 8.375, 7.625, 8.5 ], "texture": "#arrow" },
        "south": { "uv": [ 7.625, 8.375, 8, 8.5 ], "texture": "#arrow" },
        "west":  { "uv": [ 7.625, 8.375, 7.75, 8.5 ], "texture": "#arrow" },
        "east":  { "uv": [ 8, 8.375, 7.875, 8.5 ], "texture": "#arrow" }
    }
},
{
    "__comment": "01 x128",
    "from": [ 7.75, 7.625, 7.5 ],
    "to": [ 8.125, 7.75, 7.75 ],
    "faces": {
        "down":  { "uv": [ 7.75, 8.375, 8.125, 8.25 ], "texture": "#arrow" },
        "up":    { "uv": [ 7.75, 8.25, 8.125, 8.375 ], "texture": "#arrow" },
        "north": { "uv": [ 8.125, 8.25, 7.75, 8.375 ], "texture": "#arrow" },
        "south": { "uv": [ 7.75, 8.25, 8.125, 8.375 ], "texture": "#arrow" },
        "west":  { "uv": [ 7.75, 8.25, 7.875, 8.375 ], "texture": "#arrow" },
        "east":  { "uv": [ 8.125, 8.25, 8, 8.375 ], "texture": "#arrow" }
    }
},
{
    "__comment": "01 x128",
    "from": [ 7.875, 7.75, 7.5 ],
    "to": [ 8.25, 7.875, 7.75 ],
    "faces": {
        "down":  { "uv": [ 7.875, 8.25, 8.25, 8.125 ], "texture": "#arrow" },
        "up":    { "uv": [ 7.875, 8.125, 8.25, 8.25 ], "texture": "#arrow" },
        "north": { "uv": [ 8.25, 8.125, 7.875, 8.25 ], "texture": "#arrow" },
        "south": { "uv": [ 7.875, 8.125, 8.25, 8.25 ], "texture": "#arrow" },
        "west":  { "uv": [ 7.875, 8.125, 8, 8.25 ], "texture": "#arrow" },
        "east":  { "uv": [ 8.25, 8.125, 8.125, 8.25 ], "texture": "#arrow" }
    }
},
{
    "__comment": "01 x128",
    "from": [ 8, 7.875, 7.5 ],
    "to": [ 8.375, 8, 7.75 ],
    "faces": {
        "down":  { "uv": [ 8, 8.125, 8.375, 8 ], "texture": "#arrow" },
        "up":    { "uv": [ 8, 8, 8.375, 8.125 ], "texture": "#arrow" },
        "north": { "uv": [ 8.375, 8, 8, 8.125 ], "texture": "#arrow" },
        "south": { "uv": [ 8, 8, 8.375, 8.125 ], "texture": "#arrow" },
        "west":  { "uv": [ 8, 8, 8.125, 8.125 ], "texture": "#arrow" },
        "east":  { "uv": [ 8.375, 8, 8.25, 8.125 ], "texture": "#arrow" }
    }
},
{
    "__comment": "01 x128",
    "from": [ 8.125, 8, 7.5 ],
    "to": [ 8.5, 8.125, 7.75 ],
    "faces": {
        "down":  { "uv": [ 8.125, 8, 8.5, 7.875 ], "texture": "#arrow" },
        "up":    { "uv": [ 8.125, 7.875, 8.5, 8 ], "texture": "#arrow" },
        "north": { "uv": [ 8.5, 7.875, 8.125, 8 ], "texture": "#arrow" },
        "south": { "uv": [ 8.125, 7.875, 8.5, 8 ], "texture": "#arrow" },
        "west":  { "uv": [ 8.125, 7.875, 8.25, 8 ], "texture": "#arrow" },
        "east":  { "uv": [ 8.5, 7.875, 8.375, 8 ], "texture": "#arrow" }
    }
},
{
    "__comment": "01 x128",
    "from": [ 8.25, 8.125, 7.5 ],
    "to": [ 8.625, 8.25, 7.75 ],
    "faces": {
        "down":  { "uv": [ 8.25, 7.875, 8.625, 7.75 ], "texture": "#arrow" },
        "up":    { "uv": [ 8.25, 7.75, 8.625, 7.875 ], "texture": "#arrow" },
        "north": { "uv": [ 8.625, 7.75, 8.25, 7.875 ], "texture": "#arrow" },
        "south": { "uv": [ 8.25, 7.75, 8.625, 7.875 ], "texture": "#arrow" },
        "west":  { "uv": [ 8.25, 7.75, 8.375, 7.875 ], "texture": "#arrow" },
        "east":  { "uv": [ 8.625, 7.75, 8.5, 7.875 ], "texture": "#arrow" }
    }
},
{
    "__comment": "01 x128",
    "from": [ 8.375, 8.25, 7.5 ],
    "to": [ 8.75, 8.375, 7.75 ],
    "faces": {
        "down":  { "uv": [ 8.375, 7.75, 8.75, 7.625 ], "texture": "#arrow" },
        "up":    { "uv": [ 8.375, 7.625, 8.75, 7.75 ], "texture": "#arrow" },
        "north": { "uv": [ 8.75, 7.625, 8.375, 7.75 ], "texture": "#arrow" },
        "south": { "uv": [ 8.375, 7.625, 8.75, 7.75 ], "texture": "#arrow" },
        "west":  { "uv": [ 8.375, 7.625, 8.5, 7.75 ], "texture": "#arrow" },
        "east":  { "uv": [ 8.75, 7.625, 8.625, 7.75 ], "texture": "#arrow" }
    }
},
{
    "__comment": "01 x128",
    "from": [ 8.5, 8.375, 7.5 ],
    "to": [ 8.875, 8.5, 7.75 ],
    "faces": {
        "down":  { "uv": [ 8.5, 7.625, 8.875, 7.5 ], "texture": "#arrow" },
        "up":    { "uv": [ 8.5, 7.5, 8.875, 7.625 ], "texture": "#arrow" },
        "north": { "uv": [ 8.875, 7.5, 8.5, 7.625 ], "texture": "#arrow" },
        "south": { "uv": [ 8.5, 7.5, 8.875, 7.625 ], "texture": "#arrow" },
        "west":  { "uv": [ 8.5, 7.5, 8.625, 7.625 ], "texture": "#arrow" },
        "east":  { "uv": [ 8.875, 7.5, 8.75, 7.625 ], "texture": "#arrow" }
    }
},
{
    "__comment": "01 x128",
    "from": [ 8.625, 8.5, 7.5 ],
    "to": [ 9, 8.625, 7.75 ],
    "faces": {
        "down":  { "uv": [ 8.625, 7.5, 9, 7.375 ], "texture": "#arrow" },
        "up":    { "uv": [ 8.625, 7.375, 9, 7.5 ], "texture": "#arrow" },
        "north": { "uv": [ 9, 7.375, 8.625, 7.5 ], "texture": "#arrow" },
        "south": { "uv": [ 8.625, 7.375, 9, 7.5 ], "texture": "#arrow" },
        "west":  { "uv": [ 8.625, 7.375, 8.75, 7.5 ], "texture": "#arrow" },
        "east":  { "uv": [ 9, 7.375, 8.875, 7.5 ], "texture": "#arrow" }
    }
},
{
    "__comment": "01 x128",
    "from": [ 8.75, 8.625, 7.5 ],
    "to": [ 9.125, 8.75, 7.75 ],
    "faces": {
        "down":  { "uv": [ 8.75, 7.375, 9.125, 7.25 ], "texture": "#arrow" },
        "up":    { "uv": [ 8.75, 7.25, 9.125, 7.375 ], "texture": "#arrow" },
        "north": { "uv": [ 9.125, 7.25, 8.75, 7.375 ], "texture": "#arrow" },
        "south": { "uv": [ 8.75, 7.25, 9.125, 7.375 ], "texture": "#arrow" },
        "west":  { "uv": [ 8.75, 7.25, 8.875, 7.375 ], "texture": "#arrow" },
        "east":  { "uv": [ 9.125, 7.25, 9, 7.375 ], "texture": "#arrow" }
    }
},
{
    "__comment": "01 x128",
    "from": [ 8.875, 8.75, 7.5 ],
    "to": [ 9.25, 8.875, 7.75 ],
    "faces": {
        "down":  { "uv": [ 8.875, 7.25, 9.25, 7.125 ], "texture": "#arrow" },
        "up":    { "uv": [ 8.875, 7.125, 9.25, 7.25 ], "texture": "#arrow" },
        "north": { "uv": [ 9.25, 7.125, 8.875, 7.25 ], "texture": "#arrow" },
        "south": { "uv": [ 8.875, 7.125, 9.25, 7.25 ], "texture": "#arrow" },
        "west":  { "uv": [ 8.875, 7.125, 9, 7.25 ], "texture": "#arrow" },
        "east":  { "uv": [ 9.25, 7.125, 9.125, 7.25 ], "texture": "#arrow" }
    }
},
{
    "__comment": "01 x128",
    "from": [ 9, 8.875, 7.5 ],
    "to": [ 9.375, 9, 7.75 ],
    "faces": {
        "down":  { "uv": [ 9, 7.125, 9.375, 7 ], "texture": "#arrow" },
        "up":    { "uv": [ 9, 7, 9.375, 7.125 ], "texture": "#arrow" },
        "north": { "uv": [ 9.375, 7, 9, 7.125 ], "texture": "#arrow" },
        "south": { "uv": [ 9, 7, 9.375, 7.125 ], "texture": "#arrow" },
        "west":  { "uv": [ 9, 7, 9.125, 7.125 ], "texture": "#arrow" },
        "east":  { "uv": [ 9.375, 7, 9.25, 7.125 ], "texture": "#arrow" }
    }
},
{
    "__comment": "01 x128",
    "from": [ 9.125, 9, 7.5 ],
    "to": [ 9.5, 9.125, 7.75 ],
    "faces": {
        "down":  { "uv": [ 9.125, 7, 9.5, 6.875 ], "texture": "#arrow" },
        "up":    { "uv": [ 9.125, 6.875, 9.5, 7 ], "texture": "#arrow" },
        "north": { "uv": [ 9.5, 6.875, 9.125, 7 ], "texture": "#arrow" },
        "south": { "uv": [ 9.125, 6.875, 9.5, 7 ], "texture": "#arrow" },
        "west":  { "uv": [ 9.125, 6.875, 9.25, 7 ], "texture": "#arrow" },
        "east":  { "uv": [ 9.5, 6.875, 9.375, 7 ], "texture": "#arrow" }
    }
},
{
    "__comment": "01 x128",
    "from": [ 9.25, 9.125, 7.5 ],
    "to": [ 9.625, 9.25, 7.75 ],
    "faces": {
        "down":  { "uv": [ 9.25, 6.875, 9.625, 6.75 ], "texture": "#arrow" },
        "up":    { "uv": [ 9.25, 6.75, 9.625, 6.875 ], "texture": "#arrow" },
        "north": { "uv": [ 9.625, 6.75, 9.25, 6.875 ], "texture": "#arrow" },
        "south": { "uv": [ 9.25, 6.75, 9.625, 6.875 ], "texture": "#arrow" },
        "west":  { "uv": [ 9.25, 6.75, 9.375, 6.875 ], "texture": "#arrow" },
        "east":  { "uv": [ 9.625, 6.75, 9.5, 6.875 ], "texture": "#arrow" }
    }
},
{
    "__comment": "01 x128",
    "from": [ 9.375, 9.25, 7.5 ],
    "to": [ 9.75, 9.375, 7.75 ],
    "faces": {
        "down":  { "uv": [ 9.375, 6.75, 9.75, 6.625 ], "texture": "#arrow" },
        "up":    { "uv": [ 9.375, 6.625, 9.75, 6.75 ], "texture": "#arrow" },
        "north": { "uv": [ 9.75, 6.625, 9.375, 6.75 ], "texture": "#arrow" },
        "south": { "uv": [ 9.375, 6.625, 9.75, 6.75 ], "texture": "#arrow" },
        "west":  { "uv": [ 9.375, 6.625, 9.5, 6.75 ], "texture": "#arrow" },
        "east":  { "uv": [ 9.75, 6.625, 9.625, 6.75 ], "texture": "#arrow" }
    }
},
{
    "__comment": "01 x128",
    "from": [ 9.5, 9.375, 7.5 ],
    "to": [ 9.875, 9.5, 7.75 ],
    "faces": {
        "down":  { "uv": [ 9.5, 6.625, 9.875, 6.5 ], "texture": "#arrow" },
        "up":    { "uv": [ 9.5, 6.5, 9.875, 6.625 ], "texture": "#arrow" },
        "north": { "uv": [ 9.875, 6.5, 9.5, 6.625 ], "texture": "#arrow" },
        "south": { "uv": [ 9.5, 6.5, 9.875, 6.625 ], "texture": "#arrow" },
        "west":  { "uv": [ 9.5, 6.5, 9.625, 6.625 ], "texture": "#arrow" },
        "east":  { "uv": [ 9.875, 6.5, 9.75, 6.625 ], "texture": "#arrow" }
    }
},
{
    "__comment": "01 x128",
    "from": [ 9.625, 9.5, 7.5 ],
    "to": [ 10, 9.625, 7.75 ],
    "faces": {
        "down":  { "uv": [ 9.625, 6.5, 10, 6.375 ], "texture": "#arrow" },
        "up":    { "uv": [ 9.625, 6.375, 10, 6.5 ], "texture": "#arrow" },
        "north": { "uv": [ 10, 6.375, 9.625, 6.5 ], "texture": "#arrow" },
        "south": { "uv": [ 9.625, 6.375, 10, 6.5 ], "texture": "#arrow" },
        "west":  { "uv": [ 9.625, 6.375, 9.75, 6.5 ], "texture": "#arrow" },
        "east":  { "uv": [ 10, 6.375, 9.875, 6.5 ], "texture": "#arrow" }
    }
},
{
    "__comment": "01 x128",
    "from": [ 9.75, 9.625, 7.5 ],
    "to": [ 10.125, 9.75, 7.75 ],
    "faces": {
        "down":  { "uv": [ 9.75, 6.375, 10.125, 6.25 ], "texture": "#arrow" },
        "up":    { "uv": [ 9.75, 6.25, 10.125, 6.375 ], "texture": "#arrow" },
        "north": { "uv": [ 10.125, 6.25, 9.75, 6.375 ], "texture": "#arrow" },
        "south": { "uv": [ 9.75, 6.25, 10.125, 6.375 ], "texture": "#arrow" },
        "west":  { "uv": [ 9.75, 6.25, 9.875, 6.375 ], "texture": "#arrow" },
        "east":  { "uv": [ 10.125, 6.25, 10, 6.375 ], "texture": "#arrow" }
    }
},
{
    "__comment": "01 x128",
    "from": [ 9.875, 9.75, 7.5 ],
    "to": [ 10.25, 9.875, 7.75 ],
    "faces": {
        "down":  { "uv": [ 9.875, 6.25, 10.25, 6.125 ], "texture": "#arrow" },
        "up":    { "uv": [ 9.875, 6.125, 10.25, 6.25 ], "texture": "#arrow" },
        "north": { "uv": [ 10.25, 6.125, 9.875, 6.25 ], "texture": "#arrow" },
        "south": { "uv": [ 9.875, 6.125, 10.25, 6.25 ], "texture": "#arrow" },
        "west":  { "uv": [ 9.875, 6.125, 10, 6.25 ], "texture": "#arrow" },
        "east":  { "uv": [ 10.25, 6.125, 10.125, 6.25 ], "texture": "#arrow" }
    }
},
{
    "__comment": "01 x128",
    "from": [ 10, 9.875, 7.5 ],
    "to": [ 10.375, 10, 7.75 ],
    "faces": {
        "down":  { "uv": [ 10, 6.125, 10.375, 6 ], "texture": "#arrow" },
        "up":    { "uv": [ 10, 6, 10.375, 6.125 ], "texture": "#arrow" },
        "north": { "uv": [ 10.375, 6, 10, 6.125 ], "texture": "#arrow" },
        "south": { "uv": [ 10, 6, 10.375, 6.125 ], "texture": "#arrow" },
        "west":  { "uv": [ 10, 6, 10.125, 6.125 ], "texture": "#arrow" },
        "east":  { "uv": [ 10.375, 6, 10.25, 6.125 ], "texture": "#arrow" }
    }
},
{
    "__comment": "01 x128",
    "from": [ 10.125, 10, 7.5 ],
    "to": [ 10.5, 10.125, 7.75 ],
    "faces": {
        "down":  { "uv": [ 10.125, 6, 10.5, 5.875 ], "texture": "#arrow" },
        "up":    { "uv": [ 10.125, 5.875, 10.5, 6 ], "texture": "#arrow" },
        "north": { "uv": [ 10.5, 5.875, 10.125, 6 ], "texture": "#arrow" },
        "south": { "uv": [ 10.125, 5.875, 10.5, 6 ], "texture": "#arrow" },
        "west":  { "uv": [ 10.125, 5.875, 10.25, 6 ], "texture": "#arrow" },
        "east":  { "uv": [ 10.5, 5.875, 10.375, 6 ], "texture": "#arrow" }
    }
},
{
    "__comment": "01 x128",
    "from": [ 10.25, 10.125, 7.5 ],
    "to": [ 10.375, 10.25, 7.75 ],
    "faces": {
        "down":  { "uv": [ 10.25, 5.875, 10.375, 5.75 ], "texture": "#arrow" },
        "up":    { "uv": [ 10.25, 5.75, 10.375, 5.875 ], "texture": "#arrow" },
        "north": { "uv": [ 10.375, 5.75, 10.25, 5.875 ], "texture": "#arrow" },
        "south": { "uv": [ 10.25, 5.75, 10.375, 5.875 ], "texture": "#arrow" },
        "west":  { "uv": [ 10.25, 5.75, 10.375, 5.875 ], "texture": "#arrow" },
        "east":  { "uv": [ 10.375, 5.75, 10.25, 5.875 ], "texture": "#arrow" }
    }
},
{
    "__comment": "02 x128",
    "from": [ 3.375, 3.125, 7.375 ],
    "to": [ 3.5, 3.25, 7.875 ],
    "faces": {
        "down":  { "uv": [ 3.375, 12.875, 3.5, 12.75 ], "texture": "#arrow" },
        "up":    { "uv": [ 3.375, 12.75, 3.5, 12.875 ], "texture": "#arrow" },
        "north": { "uv": [ 3.5, 12.75, 3.375, 12.875 ], "texture": "#arrow" },
        "south": { "uv": [ 3.375, 12.75, 3.5, 12.875 ], "texture": "#arrow" },
        "west":  { "uv": [ 3.375, 12.75, 3.5, 12.875 ], "texture": "#arrow" },
        "east":  { "uv": [ 3.5, 12.75, 3.375, 12.875 ], "texture": "#arrow" }
    }
},
{
    "__comment": "02 x128",
    "from": [ 3.5, 3.25, 7.375 ],
    "to": [ 3.625, 3.375, 7.875 ],
    "faces": {
        "down":  { "uv": [ 3.5, 12.75, 3.625, 12.625 ], "texture": "#arrow" },
        "up":    { "uv": [ 3.5, 12.625, 3.625, 12.75 ], "texture": "#arrow" },
        "north": { "uv": [ 3.625, 12.625, 3.5, 12.75 ], "texture": "#arrow" },
        "south": { "uv": [ 3.5, 12.625, 3.625, 12.75 ], "texture": "#arrow" },
        "west":  { "uv": [ 3.5, 12.625, 3.625, 12.75 ], "texture": "#arrow" },
        "east":  { "uv": [ 3.625, 12.625, 3.5, 12.75 ], "texture": "#arrow" }
    }
},
{
    "__comment": "02 x128",
    "from": [ 3.625, 3.375, 7.375 ],
    "to": [ 3.75, 3.5, 7.875 ],
    "faces": {
        "down":  { "uv": [ 3.625, 12.625, 3.75, 12.5 ], "texture": "#arrow" },
        "up":    { "uv": [ 3.625, 12.5, 3.75, 12.625 ], "texture": "#arrow" },
        "north": { "uv": [ 3.75, 12.5, 3.625, 12.625 ], "texture": "#arrow" },
        "south": { "uv": [ 3.625, 12.5, 3.75, 12.625 ], "texture": "#arrow" },
        "west":  { "uv": [ 3.625, 12.5, 3.75, 12.625 ], "texture": "#arrow" },
        "east":  { "uv": [ 3.75, 12.5, 3.625, 12.625 ], "texture": "#arrow" }
    }
},
{
    "__comment": "02 x128",
    "from": [ 3.75, 3.5, 7.375 ],
    "to": [ 3.875, 3.625, 7.875 ],
    "faces": {
        "down":  { "uv": [ 3.75, 12.5, 3.875, 12.375 ], "texture": "#arrow" },
        "up":    { "uv": [ 3.75, 12.375, 3.875, 12.5 ], "texture": "#arrow" },
        "north": { "uv": [ 3.875, 12.375, 3.75, 12.5 ], "texture": "#arrow" },
        "south": { "uv": [ 3.75, 12.375, 3.875, 12.5 ], "texture": "#arrow" },
        "west":  { "uv": [ 3.75, 12.375, 3.875, 12.5 ], "texture": "#arrow" },
        "east":  { "uv": [ 3.875, 12.375, 3.75, 12.5 ], "texture": "#arrow" }
    }
},
{
    "__comment": "02 x128",
    "from": [ 3.875, 3.625, 7.375 ],
    "to": [ 4, 3.75, 7.875 ],
    "faces": {
        "down":  { "uv": [ 3.875, 12.375, 4, 12.25 ], "texture": "#arrow" },
        "up":    { "uv": [ 3.875, 12.25, 4, 12.375 ], "texture": "#arrow" },
        "north": { "uv": [ 4, 12.25, 3.875, 12.375 ], "texture": "#arrow" },
        "south": { "uv": [ 3.875, 12.25, 4, 12.375 ], "texture": "#arrow" },
        "west":  { "uv": [ 3.875, 12.25, 4, 12.375 ], "texture": "#arrow" },
        "east":  { "uv": [ 4, 12.25, 3.875, 12.375 ], "texture": "#arrow" }
    }
},
{
    "__comment": "02 x128",
    "from": [ 4, 3.75, 7.375 ],
    "to": [ 4.125, 3.875, 7.875 ],
    "faces": {
        "down":  { "uv": [ 4, 12.25, 4.125, 12.125 ], "texture": "#arrow" },
        "up":    { "uv": [ 4, 12.125, 4.125, 12.25 ], "texture": "#arrow" },
        "north": { "uv": [ 4.125, 12.125, 4, 12.25 ], "texture": "#arrow" },
        "south": { "uv": [ 4, 12.125, 4.125, 12.25 ], "texture": "#arrow" },
        "west":  { "uv": [ 4, 12.125, 4.125, 12.25 ], "texture": "#arrow" },
        "east":  { "uv": [ 4.125, 12.125, 4, 12.25 ], "texture": "#arrow" }
    }
},
{
    "__comment": "02 x128",
    "from": [ 4.125, 3.875, 7.375 ],
    "to": [ 4.25, 4, 7.875 ],
    "faces": {
        "down":  { "uv": [ 4.125, 12.125, 4.25, 12 ], "texture": "#arrow" },
        "up":    { "uv": [ 4.125, 12, 4.25, 12.125 ], "texture": "#arrow" },
        "north": { "uv": [ 4.25, 12, 4.125, 12.125 ], "texture": "#arrow" },
        "south": { "uv": [ 4.125, 12, 4.25, 12.125 ], "texture": "#arrow" },
        "west":  { "uv": [ 4.125, 12, 4.25, 12.125 ], "texture": "#arrow" },
        "east":  { "uv": [ 4.25, 12, 4.125, 12.125 ], "texture": "#arrow" }
    }
},
{
    "__comment": "02 x128",
    "from": [ 4.25, 4, 7.375 ],
    "to": [ 4.375, 4.125, 7.875 ],
    "faces": {
        "down":  { "uv": [ 4.25, 12, 4.375, 11.875 ], "texture": "#arrow" },
        "up":    { "uv": [ 4.25, 11.875, 4.375, 12 ], "texture": "#arrow" },
        "north": { "uv": [ 4.375, 11.875, 4.25, 12 ], "texture": "#arrow" },
        "south": { "uv": [ 4.25, 11.875, 4.375, 12 ], "texture": "#arrow" },
        "west":  { "uv": [ 4.25, 11.875, 4.375, 12 ], "texture": "#arrow" },
        "east":  { "uv": [ 4.375, 11.875, 4.25, 12 ], "texture": "#arrow" }
    }
},
{
    "__comment": "03 x128",
    "from": [ 3.375, 3.25, 7.4375 ],
    "to": [ 3.5, 3.375, 7.8125 ],
    "faces": {
        "down":  { "uv": [ 3.375, 12.75, 3.5, 12.625 ], "texture": "#arrow" },
        "up":    { "uv": [ 3.375, 12.625, 3.5, 12.75 ], "texture": "#arrow" },
        "north": { "uv": [ 3.5, 12.625, 3.375, 12.75 ], "texture": "#arrow" },
        "south": { "uv": [ 3.375, 12.625, 3.5, 12.75 ], "texture": "#arrow" },
        "west":  { "uv": [ 3.375, 12.625, 3.5, 12.75 ], "texture": "#arrow" },
        "east":  { "uv": [ 3.5, 12.625, 3.375, 12.75 ], "texture": "#arrow" }
    }
},
{
    "__comment": "03 x128",
    "from": [ 3.5, 3.375, 7.4375 ],
    "to": [ 3.625, 3.5, 7.8125 ],
    "faces": {
        "down":  { "uv": [ 3.5, 12.625, 3.625, 12.5 ], "texture": "#arrow" },
        "up":    { "uv": [ 3.5, 12.5, 3.625, 12.625 ], "texture": "#arrow" },
        "north": { "uv": [ 3.625, 12.5, 3.5, 12.625 ], "texture": "#arrow" },
        "south": { "uv": [ 3.5, 12.5, 3.625, 12.625 ], "texture": "#arrow" },
        "west":  { "uv": [ 3.5, 12.5, 3.625, 12.625 ], "texture": "#arrow" },
        "east":  { "uv": [ 3.625, 12.5, 3.5, 12.625 ], "texture": "#arrow" }
    }
},
{
    "__comment": "03 x128",
    "from": [ 3.5, 3.125, 7.4375 ],
    "to": [ 3.625, 3.25, 7.8125 ],
    "faces": {
        "down":  { "uv": [ 3.5, 12.875, 3.625, 12.75 ], "texture": "#arrow" },
        "up":    { "uv": [ 3.5, 12.75, 3.625, 12.875 ], "texture": "#arrow" },
        "north": { "uv": [ 3.625, 12.75, 3.5, 12.875 ], "texture": "#arrow" },
        "south": { "uv": [ 3.5, 12.75, 3.625, 12.875 ], "texture": "#arrow" },
        "west":  { "uv": [ 3.5, 12.75, 3.625, 12.875 ], "texture": "#arrow" },
        "east":  { "uv": [ 3.625, 12.75, 3.5, 12.875 ], "texture": "#arrow" }
    }
},
{
    "__comment": "03 x128",
    "from": [ 3.625, 3.5, 7.4375 ],
    "to": [ 3.75, 3.625, 7.8125 ],
    "faces": {
        "down":  { "uv": [ 3.625, 12.5, 3.75, 12.375 ], "texture": "#arrow" },
        "up":    { "uv": [ 3.625, 12.375, 3.75, 12.5 ], "texture": "#arrow" },
        "north": { "uv": [ 3.75, 12.375, 3.625, 12.5 ], "texture": "#arrow" },
        "south": { "uv": [ 3.625, 12.375, 3.75, 12.5 ], "texture": "#arrow" },
        "west":  { "uv": [ 3.625, 12.375, 3.75, 12.5 ], "texture": "#arrow" },
        "east":  { "uv": [ 3.75, 12.375, 3.625, 12.5 ], "texture": "#arrow" }
    }
},
{
    "__comment": "03 x128",
    "from": [ 3.625, 3.25, 7.4375 ],
    "to": [ 3.75, 3.375, 7.8125 ],
    "faces": {
        "down":  { "uv": [ 3.625, 12.75, 3.75, 12.625 ], "texture": "#arrow" },
        "up":    { "uv": [ 3.625, 12.625, 3.75, 12.75 ], "texture": "#arrow" },
        "north": { "uv": [ 3.75, 12.625, 3.625, 12.75 ], "texture": "#arrow" },
        "south": { "uv": [ 3.625, 12.625, 3.75, 12.75 ], "texture": "#arrow" },
        "west":  { "uv": [ 3.625, 12.625, 3.75, 12.75 ], "texture": "#arrow" },
        "east":  { "uv": [ 3.75, 12.625, 3.625, 12.75 ], "texture": "#arrow" }
    }
},
{
    "__comment": "03 x128",
    "from": [ 3.75, 3.625, 7.4375 ],
    "to": [ 3.875, 3.75, 7.8125 ],
    "faces": {
        "down":  { "uv": [ 3.75, 12.375, 3.875, 12.25 ], "texture": "#arrow" },
        "up":    { "uv": [ 3.75, 12.25, 3.875, 12.375 ], "texture": "#arrow" },
        "north": { "uv": [ 3.875, 12.25, 3.75, 12.375 ], "texture": "#arrow" },
        "south": { "uv": [ 3.75, 12.25, 3.875, 12.375 ], "texture": "#arrow" },
        "west":  { "uv": [ 3.75, 12.25, 3.875, 12.375 ], "texture": "#arrow" },
        "east":  { "uv": [ 3.875, 12.25, 3.75, 12.375 ], "texture": "#arrow" }
    }
},
{
    "__comment": "03 x128",
    "from": [ 3.75, 3.375, 7.4375 ],
    "to": [ 3.875, 3.5, 7.8125 ],
    "faces": {
        "down":  { "uv": [ 3.75, 12.625, 3.875, 12.5 ], "texture": "#arrow" },
        "up":    { "uv": [ 3.75, 12.5, 3.875, 12.625 ], "texture": "#arrow" },
        "north": { "uv": [ 3.875, 12.5, 3.75, 12.625 ], "texture": "#arrow" },
        "south": { "uv": [ 3.75, 12.5, 3.875, 12.625 ], "texture": "#arrow" },
        "west":  { "uv": [ 3.75, 12.5, 3.875, 12.625 ], "texture": "#arrow" },
        "east":  { "uv": [ 3.875, 12.5, 3.75, 12.625 ], "texture": "#arrow" }
    }
},
{
    "__comment": "03 x128",
    "from": [ 3.875, 3.75, 7.4375 ],
    "to": [ 4, 3.875, 7.8125 ],
    "faces": {
        "down":  { "uv": [ 3.875, 12.25, 4, 12.125 ], "texture": "#arrow" },
        "up":    { "uv": [ 3.875, 12.125, 4, 12.25 ], "texture": "#arrow" },
        "north": { "uv": [ 4, 12.125, 3.875, 12.25 ], "texture": "#arrow" },
        "south": { "uv": [ 3.875, 12.125, 4, 12.25 ], "texture": "#arrow" },
        "west":  { "uv": [ 3.875, 12.125, 4, 12.25 ], "texture": "#arrow" },
        "east":  { "uv": [ 4, 12.125, 3.875, 12.25 ], "texture": "#arrow" }
    }
},
{
    "__comment": "03 x128",
    "from": [ 3.875, 3.5, 7.4375 ],
    "to": [ 4, 3.625, 7.8125 ],
    "faces": {
        "down":  { "uv": [ 3.875, 12.5, 4, 12.375 ], "texture": "#arrow" },
        "up":    { "uv": [ 3.875, 12.375, 4, 12.5 ], "texture": "#arrow" },
        "north": { "uv": [ 4, 12.375, 3.875, 12.5 ], "texture": "#arrow" },
        "south": { "uv": [ 3.875, 12.375, 4, 12.5 ], "texture": "#arrow" },
        "west":  { "uv": [ 3.875, 12.375, 4, 12.5 ], "texture": "#arrow" },
        "east":  { "uv": [ 4, 12.375, 3.875, 12.5 ], "texture": "#arrow" }
    }
},
{
    "__comment": "03 x128",
    "from": [ 4, 3.875, 7.4375 ],
    "to": [ 4.125, 4, 7.8125 ],
    "faces": {
        "down":  { "uv": [ 4, 12.125, 4.125, 12 ], "texture": "#arrow" },
        "up":    { "uv": [ 4, 12, 4.125, 12.125 ], "texture": "#arrow" },
        "north": { "uv": [ 4.125, 12, 4, 12.125 ], "texture": "#arrow" },
        "south": { "uv": [ 4, 12, 4.125, 12.125 ], "texture": "#arrow" },
        "west":  { "uv": [ 4, 12, 4.125, 12.125 ], "texture": "#arrow" },
        "east":  { "uv": [ 4.125, 12, 4, 12.125 ], "texture": "#arrow" }
    }
},
{
    "__comment": "03 x128",
    "from": [ 4, 3.625, 7.4375 ],
    "to": [ 4.125, 3.75, 7.8125 ],
    "faces": {
        "down":  { "uv": [ 4, 12.375, 4.125, 12.25 ], "texture": "#arrow" },
        "up":    { "uv": [ 4, 12.25, 4.125, 12.375 ], "texture": "#arrow" },
        "north": { "uv": [ 4.125, 12.25, 4, 12.375 ], "texture": "#arrow" },
        "south": { "uv": [ 4, 12.25, 4.125, 12.375 ], "texture": "#arrow" },
        "west":  { "uv": [ 4, 12.25, 4.125, 12.375 ], "texture": "#arrow" },
        "east":  { "uv": [ 4.125, 12.25, 4, 12.375 ], "texture": "#arrow" }
    }
},
{
    "__comment": "03 x128",
    "from": [ 4.125, 4, 7.4375 ],
    "to": [ 4.25, 4.125, 7.8125 ],
    "faces": {
        "down":  { "uv": [ 4.125, 12, 4.25, 11.875 ], "texture": "#arrow" },
        "up":    { "uv": [ 4.125, 11.875, 4.25, 12 ], "texture": "#arrow" },
        "north": { "uv": [ 4.25, 11.875, 4.125, 12 ], "texture": "#arrow" },
        "south": { "uv": [ 4.125, 11.875, 4.25, 12 ], "texture": "#arrow" },
        "west":  { "uv": [ 4.125, 11.875, 4.25, 12 ], "texture": "#arrow" },
        "east":  { "uv": [ 4.25, 11.875, 4.125, 12 ], "texture": "#arrow" }
    }
},
{
    "__comment": "03 x128",
    "from": [ 4.125, 3.75, 7.4375 ],
    "to": [ 4.25, 3.875, 7.8125 ],
    "faces": {
        "down":  { "uv": [ 4.125, 12.25, 4.25, 12.125 ], "texture": "#arrow" },
        "up":    { "uv": [ 4.125, 12.125, 4.25, 12.25 ], "texture": "#arrow" },
        "north": { "uv": [ 4.25, 12.125, 4.125, 12.25 ], "texture": "#arrow" },
        "south": { "uv": [ 4.125, 12.125, 4.25, 12.25 ], "texture": "#arrow" },
        "west":  { "uv": [ 4.125, 12.125, 4.25, 12.25 ], "texture": "#arrow" },
        "east":  { "uv": [ 4.25, 12.125, 4.125, 12.25 ], "texture": "#arrow" }
    }
},
{
    "__comment": "03 x128",
    "from": [ 4.25, 4.125, 7.4375 ],
    "to": [ 4.375, 4.25, 7.8125 ],
    "faces": {
        "down":  { "uv": [ 4.25, 11.875, 4.375, 11.75 ], "texture": "#arrow" },
        "up":    { "uv": [ 4.25, 11.75, 4.375, 11.875 ], "texture": "#arrow" },
        "north": { "uv": [ 4.375, 11.75, 4.25, 11.875 ], "texture": "#arrow" },
        "south": { "uv": [ 4.25, 11.75, 4.375, 11.875 ], "texture": "#arrow" },
        "west":  { "uv": [ 4.25, 11.75, 4.375, 11.875 ], "texture": "#arrow" },
        "east":  { "uv": [ 4.375, 11.75, 4.25, 11.875 ], "texture": "#arrow" }
    }
},
{
    "__comment": "03 x128",
    "from": [ 4.25, 3.875, 7.4375 ],
    "to": [ 4.375, 4, 7.8125 ],
    "faces": {
        "down":  { "uv": [ 4.25, 12.125, 4.375, 12 ], "texture": "#arrow" },
        "up":    { "uv": [ 4.25, 12, 4.375, 12.125 ], "texture": "#arrow" },
        "north": { "uv": [ 4.375, 12, 4.25, 12.125 ], "texture": "#arrow" },
        "south": { "uv": [ 4.25, 12, 4.375, 12.125 ], "texture": "#arrow" },
        "west":  { "uv": [ 4.25, 12, 4.375, 12.125 ], "texture": "#arrow" },
        "east":  { "uv": [ 4.375, 12, 4.25, 12.125 ], "texture": "#arrow" }
    }
},
{
    "__comment": "03 x128",
    "from": [ 4.375, 4, 7.4375 ],
    "to": [ 4.5, 4.125, 7.8125 ],
    "faces": {
        "down":  { "uv": [ 4.375, 12, 4.5, 11.875 ], "texture": "#arrow" },
        "up":    { "uv": [ 4.375, 11.875, 4.5, 12 ], "texture": "#arrow" },
        "north": { "uv": [ 4.5, 11.875, 4.375, 12 ], "texture": "#arrow" },
        "south": { "uv": [ 4.375, 11.875, 4.5, 12 ], "texture": "#arrow" },
        "west":  { "uv": [ 4.375, 11.875, 4.5, 12 ], "texture": "#arrow" },
        "east":  { "uv": [ 4.5, 11.875, 4.375, 12 ], "texture": "#arrow" }
    }
},
{
    "__comment": "04 x128",
    "from": [ 3.5, 3.5, 7.5 ],
    "to": [ 3.625, 3.625, 7.75 ],
    "faces": {
        "down":  { "uv": [ 3.5, 12.5, 3.625, 12.375 ], "texture": "#arrow" },
        "up":    { "uv": [ 3.5, 12.375, 3.625, 12.5 ], "texture": "#arrow" },
        "north": { "uv": [ 3.625, 12.375, 3.5, 12.5 ], "texture": "#arrow" },
        "south": { "uv": [ 3.5, 12.375, 3.625, 12.5 ], "texture": "#arrow" },
        "west":  { "uv": [ 3.5, 12.375, 3.625, 12.5 ], "texture": "#arrow" },
        "east":  { "uv": [ 3.625, 12.375, 3.5, 12.5 ], "texture": "#arrow" }
    }
},
{
    "__comment": "04 x128",
    "from": [ 3.625, 3.625, 7.5 ],
    "to": [ 3.75, 3.875, 7.75 ],
    "faces": {
        "down":  { "uv": [ 3.625, 12.375, 3.75, 12.25 ], "texture": "#arrow" },
        "up":    { "uv": [ 3.625, 12.125, 3.75, 12.25 ], "texture": "#arrow" },
        "north": { "uv": [ 3.75, 12.125, 3.625, 12.375 ], "texture": "#arrow" },
        "south": { "uv": [ 3.625, 12.125, 3.75, 12.375 ], "texture": "#arrow" },
        "west":  { "uv": [ 3.625, 12.125, 3.75, 12.375 ], "texture": "#arrow" },
        "east":  { "uv": [ 3.75, 12.125, 3.625, 12.375 ], "texture": "#arrow" }
    }
},
{
    "__comment": "04 x128",
    "from": [ 3.75, 3.75, 7.5 ],
    "to": [ 3.875, 4, 7.75 ],
    "faces": {
        "down":  { "uv": [ 3.75, 12.25, 3.875, 12.125 ], "texture": "#arrow" },
        "up":    { "uv": [ 3.75, 12, 3.875, 12.125 ], "texture": "#arrow" },
        "north": { "uv": [ 3.875, 12, 3.75, 12.25 ], "texture": "#arrow" },
        "south": { "uv": [ 3.75, 12, 3.875, 12.25 ], "texture": "#arrow" },
        "west":  { "uv": [ 3.75, 12, 3.875, 12.25 ], "texture": "#arrow" },
        "east":  { "uv": [ 3.875, 12, 3.75, 12.25 ], "texture": "#arrow" }
    }
},
{
    "__comment": "04 x128",
    "from": [ 3.75, 3.25, 7.5 ],
    "to": [ 3.875, 3.375, 7.75 ],
    "faces": {
        "down":  { "uv": [ 3.75, 12.75, 3.875, 12.625 ], "texture": "#arrow" },
        "up":    { "uv": [ 3.75, 12.625, 3.875, 12.75 ], "texture": "#arrow" },
        "north": { "uv": [ 3.875, 12.625, 3.75, 12.75 ], "texture": "#arrow" },
        "south": { "uv": [ 3.75, 12.625, 3.875, 12.75 ], "texture": "#arrow" },
        "west":  { "uv": [ 3.75, 12.625, 3.875, 12.75 ], "texture": "#arrow" },
        "east":  { "uv": [ 3.875, 12.625, 3.75, 12.75 ], "texture": "#arrow" }
    }
},
{
    "__comment": "04 x128",
    "from": [ 3.875, 3.875, 7.5 ],
    "to": [ 4, 4.125, 7.75 ],
    "faces": {
        "down":  { "uv": [ 3.875, 12.125, 4, 12 ], "texture": "#arrow" },
        "up":    { "uv": [ 3.875, 11.875, 4, 12 ], "texture": "#arrow" },
        "north": { "uv": [ 4, 11.875, 3.875, 12.125 ], "texture": "#arrow" },
        "south": { "uv": [ 3.875, 11.875, 4, 12.125 ], "texture": "#arrow" },
        "west":  { "uv": [ 3.875, 11.875, 4, 12.125 ], "texture": "#arrow" },
        "east":  { "uv": [ 4, 11.875, 3.875, 12.125 ], "texture": "#arrow" }
    }
},
{
    "__comment": "04 x128",
    "from": [ 3.875, 3.375, 7.5 ],
    "to": [ 4.125, 3.5, 7.75 ],
    "faces": {
        "down":  { "uv": [ 3.875, 12.625, 4.125, 12.5 ], "texture": "#arrow" },
        "up":    { "uv": [ 3.875, 12.5, 4.125, 12.625 ], "texture": "#arrow" },
        "north": { "uv": [ 4.125, 12.5, 3.875, 12.625 ], "texture": "#arrow" },
        "south": { "uv": [ 3.875, 12.5, 4.125, 12.625 ], "texture": "#arrow" },
        "west":  { "uv": [ 3.875, 12.5, 4, 12.625 ], "texture": "#arrow" },
        "east":  { "uv": [ 4.125, 12.5, 4, 12.625 ], "texture": "#arrow" }
    }
},
{
    "__comment": "04 x128",
    "from": [ 4, 4, 7.5 ],
    "to": [ 4.125, 4.25, 7.75 ],
    "faces": {
        "down":  { "uv": [ 4, 12, 4.125, 11.875 ], "texture": "#arrow" },
        "up":    { "uv": [ 4, 11.75, 4.125, 11.875 ], "texture": "#arrow" },
        "north": { "uv": [ 4.125, 11.75, 4, 12 ], "texture": "#arrow" },
        "south": { "uv": [ 4, 11.75, 4.125, 12 ], "texture": "#arrow" },
        "west":  { "uv": [ 4, 11.75, 4.125, 12 ], "texture": "#arrow" },
        "east":  { "uv": [ 4.125, 11.75, 4, 12 ], "texture": "#arrow" }
    }
},
{
    "__comment": "04 x128",
    "from": [ 4, 3.5, 7.5 ],
    "to": [ 4.25, 3.625, 7.75 ],
    "faces": {
        "down":  { "uv": [ 4, 12.5, 4.25, 12.375 ], "texture": "#arrow" },
        "up":    { "uv": [ 4, 12.375, 4.25, 12.5 ], "texture": "#arrow" },
        "north": { "uv": [ 4.25, 12.375, 4, 12.5 ], "texture": "#arrow" },
        "south": { "uv": [ 4, 12.375, 4.25, 12.5 ], "texture": "#arrow" },
        "west":  { "uv": [ 4, 12.375, 4.125, 12.5 ], "texture": "#arrow" },
        "east":  { "uv": [ 4.25, 12.375, 4.125, 12.5 ], "texture": "#arrow" }
    }
},
{
    "__comment": "04 x128",
    "from": [ 4.125, 4.125, 7.5 ],
    "to": [ 4.25, 4.375, 7.75 ],
    "faces": {
        "down":  { "uv": [ 4.125, 11.875, 4.25, 11.75 ], "texture": "#arrow" },
        "up":    { "uv": [ 4.125, 11.625, 4.25, 11.75 ], "texture": "#arrow" },
        "north": { "uv": [ 4.25, 11.625, 4.125, 11.875 ], "texture": "#arrow" },
        "south": { "uv": [ 4.125, 11.625, 4.25, 11.875 ], "texture": "#arrow" },
        "west":  { "uv": [ 4.125, 11.625, 4.25, 11.875 ], "texture": "#arrow" },
        "east":  { "uv": [ 4.25, 11.625, 4.125, 11.875 ], "texture": "#arrow" }
    }
},
{
    "__comment": "04 x128",
    "from": [ 4.125, 3.625, 7.5 ],
    "to": [ 4.375, 3.75, 7.75 ],
    "faces": {
        "down":  { "uv": [ 4.125, 12.375, 4.375, 12.25 ], "texture": "#arrow" },
        "up":    { "uv": [ 4.125, 12.25, 4.375, 12.375 ], "texture": "#arrow" },
        "north": { "uv": [ 4.375, 12.25, 4.125, 12.375 ], "texture": "#arrow" },
        "south": { "uv": [ 4.125, 12.25, 4.375, 12.375 ], "texture": "#arrow" },
        "west":  { "uv": [ 4.125, 12.25, 4.25, 12.375 ], "texture": "#arrow" },
        "east":  { "uv": [ 4.375, 12.25, 4.25, 12.375 ], "texture": "#arrow" }
    }
},
{
    "__comment": "04 x128",
    "from": [ 4.25, 3.75, 7.5 ],
    "to": [ 4.5, 3.875, 7.75 ],
    "faces": {
        "down":  { "uv": [ 4.25, 12.25, 4.5, 12.125 ], "texture": "#arrow" },
        "up":    { "uv": [ 4.25, 12.125, 4.5, 12.25 ], "texture": "#arrow" },
        "north": { "uv": [ 4.5, 12.125, 4.25, 12.25 ], "texture": "#arrow" },
        "south": { "uv": [ 4.25, 12.125, 4.5, 12.25 ], "texture": "#arrow" },
        "west":  { "uv": [ 4.25, 12.125, 4.375, 12.25 ], "texture": "#arrow" },
        "east":  { "uv": [ 4.5, 12.125, 4.375, 12.25 ], "texture": "#arrow" }
    }
},
{
    "__comment": "04 x128",
    "from": [ 4.375, 3.875, 7.5 ],
    "to": [ 4.625, 4, 7.75 ],
    "faces": {
        "down":  { "uv": [ 4.375, 12.125, 4.625, 12 ], "texture": "#arrow" },
        "up":    { "uv": [ 4.375, 12, 4.625, 12.125 ], "texture": "#arrow" },
        "north": { "uv": [ 4.625, 12, 4.375, 12.125 ], "texture": "#arrow" },
        "south": { "uv": [ 4.375, 12, 4.625, 12.125 ], "texture": "#arrow" },
        "west":  { "uv": [ 4.375, 12, 4.5, 12.125 ], "texture": "#arrow" },
        "east":  { "uv": [ 4.625, 12, 4.5, 12.125 ], "texture": "#arrow" }
    }
},
{
    "__comment": "05 x128",
    "from": [ 3.75, 4, 7.5625 ],
    "to": [ 3.875, 4.125, 7.6875 ],
    "faces": {
        "down":  { "uv": [ 3.75, 12, 3.875, 11.875 ], "texture": "#arrow" },
        "up":    { "uv": [ 3.75, 11.875, 3.875, 12 ], "texture": "#arrow" },
        "north": { "uv": [ 3.875, 11.875, 3.75, 12 ], "texture": "#arrow" },
        "south": { "uv": [ 3.75, 11.875, 3.875, 12 ], "texture": "#arrow" },
        "west":  { "uv": [ 3.75, 11.875, 3.875, 12 ], "texture": "#arrow" },
        "east":  { "uv": [ 3.875, 11.875, 3.75, 12 ], "texture": "#arrow" }
    }
},
{
    "__comment": "05 x128",
    "from": [ 3.875, 4.125, 7.5625 ],
    "to": [ 4, 4.25, 7.6875 ],
    "faces": {
        "down":  { "uv": [ 3.875, 11.875, 4, 11.75 ], "texture": "#arrow" },
        "up":    { "uv": [ 3.875, 11.75, 4, 11.875 ], "texture": "#arrow" },
        "north": { "uv": [ 4, 11.75, 3.875, 11.875 ], "texture": "#arrow" },
        "south": { "uv": [ 3.875, 11.75, 4, 11.875 ], "texture": "#arrow" },
        "west":  { "uv": [ 3.875, 11.75, 4, 11.875 ], "texture": "#arrow" },
        "east":  { "uv": [ 4, 11.75, 3.875, 11.875 ], "texture": "#arrow" }
    }
},
{
    "__comment": "05 x128",
    "from": [ 4, 4.25, 7.5625 ],
    "to": [ 4.125, 4.375, 7.6875 ],
    "faces": {
        "down":  { "uv": [ 4, 11.75, 4.125, 11.625 ], "texture": "#arrow" },
        "up":    { "uv": [ 4, 11.625, 4.125, 11.75 ], "texture": "#arrow" },
        "north": { "uv": [ 4.125, 11.625, 4, 11.75 ], "texture": "#arrow" },
        "south": { "uv": [ 4, 11.625, 4.125, 11.75 ], "texture": "#arrow" },
        "west":  { "uv": [ 4, 11.625, 4.125, 11.75 ], "texture": "#arrow" },
        "east":  { "uv": [ 4.125, 11.625, 4, 11.75 ], "texture": "#arrow" }
    }
},
{
    "__comment": "05 x128",
    "from": [ 4.25, 3.5, 7.5625 ],
    "to": [ 4.375, 3.625, 7.6875 ],
    "faces": {
        "down":  { "uv": [ 4.25, 12.5, 4.375, 12.375 ], "texture": "#arrow" },
        "up":    { "uv": [ 4.25, 12.375, 4.375, 12.5 ], "texture": "#arrow" },
        "north": { "uv": [ 4.375, 12.375, 4.25, 12.5 ], "texture": "#arrow" },
        "south": { "uv": [ 4.25, 12.375, 4.375, 12.5 ], "texture": "#arrow" },
        "west":  { "uv": [ 4.25, 12.375, 4.375, 12.5 ], "texture": "#arrow" },
        "east":  { "uv": [ 4.375, 12.375, 4.25, 12.5 ], "texture": "#arrow" }
    }
},
{
    "__comment": "05 x128",
    "from": [ 4.375, 3.625, 7.5625 ],
    "to": [ 4.5, 3.75, 7.6875 ],
    "faces": {
        "down":  { "uv": [ 4.375, 12.375, 4.5, 12.25 ], "texture": "#arrow" },
        "up":    { "uv": [ 4.375, 12.25, 4.5, 12.375 ], "texture": "#arrow" },
        "north": { "uv": [ 4.5, 12.25, 4.375, 12.375 ], "texture": "#arrow" },
        "south": { "uv": [ 4.375, 12.25, 4.5, 12.375 ], "texture": "#arrow" },
        "west":  { "uv": [ 4.375, 12.25, 4.5, 12.375 ], "texture": "#arrow" },
        "east":  { "uv": [ 4.5, 12.25, 4.375, 12.375 ], "texture": "#arrow" }
    }
},
{
    "__comment": "05 x128",
    "from": [ 4.5, 3.75, 7.5625 ],
    "to": [ 4.625, 3.875, 7.6875 ],
    "faces": {
        "down":  { "uv": [ 4.5, 12.25, 4.625, 12.125 ], "texture": "#arrow" },
        "up":    { "uv": [ 4.5, 12.125, 4.625, 12.25 ], "texture": "#arrow" },
        "north": { "uv": [ 4.625, 12.125, 4.5, 12.25 ], "texture": "#arrow" },
        "south": { "uv": [ 4.5, 12.125, 4.625, 12.25 ], "texture": "#arrow" },
        "west":  { "uv": [ 4.5, 12.125, 4.625, 12.25 ], "texture": "#arrow" },
        "east":  { "uv": [ 4.625, 12.125, 4.5, 12.25 ], "texture": "#arrow" }
    }
},
{
    "from": [ 9.5625, 9.375, 7.5625 ],
    "to": [ 12.0625, 11.375, 7.625 ],
    "faces": {
        "north": { "uv": [ 14.0625, 1.75, 11.0625, 5 ], "texture": "#arrow" },
        "south": { "uv": [ 11.0625, 1.875, 14.0625, 5 ], "texture": "#arrow" }
    }
}
]
}