{
	"__comment": "Designed by S9855027 with BDcraft Cubik PRO 0.96 Beta - http://bdcraft.net",
	"textures": {
		"texture": "mobs/succubus/succubus_hand",
		"texture1": "mobs/succubus/succubus_deck"
	},
	"elements": [ 	 
		{
			"__comment": "Element",
			"from": [ 4.5, 13.375, 8.25 ],
			"to": [ 6.5, 14.875, 8.3125 ],
			"faces": {
				"north": { "uv": [ 4, 5, 0, 0 ], "texture": "#texture1", "rotation": 270 },
				"south": { "uv": [ 0, 5, 4, 0 ], "texture": "#texture1", "rotation": 90 }
			}
		}
	],
	"display": {
		"thirdperson_righthand": {
			"rotation":  [ 90, 180, -5 ],
			"translation":  [ -0.694, -1.9, 1.8 ],
			"scale":  [ 1.7, 1.7, 1.7 ]
		},
		"thirdperson_lefthand": {
			"rotation":  [ 90, 0, 10 ],
			"translation":  [ -0.001, -1.704, 1.8 ],
			"scale":  [ 1.7, 1.7, 1.7 ]
		}
	}
}