{
	"__comment": "Designed by Zeibo with Cubik Studio - https://cubik.studio",
	"textures": {
		"texture": "mc/mc_a_06",
		"particle": "mc/mc_as"
	},
	"elements": [ 	 
		{
			"__comment": "PlaneZ1",
			"from": [ -15.5, -15.25, 8 ],
			"to": [ 31.5, 31.25, 8.001 ],
			"faces": {
				"north": { "uv": [ 0, 0, 16, 16 ], "texture": "#texture" },
				"south": { "uv": [ 0, 0, 16, 16 ], "texture": "#texture" }
			}
		},
		{
			"__comment": "PlaneZ1",
			"from": [ -15.5, -15.25, 8.75 ],
			"to": [ 31.5, 31.25, 8.751 ],
			"faces": {
				"north": { "uv": [ 0, 0, 16, 16 ], "texture": "#texture" },
				"south": { "uv": [ 0, 0, 16, 16 ], "texture": "#texture" }
			}
		}
	],
	"display": {
		"head": {
			"rotation":  [ 90.5, 0, 0 ],
			"translation":  [ 0, -41.73, 0 ],
			"scale":  [ 4, 4, 4 ]
		}
	}
}