{
	"__comment": "Designed by Zeibo with Cubik Studio - https://cubik.studio",
	"textures": {
		"texture": "mc/mc_as"
	},
	"elements": [ 	 
		{
			"__comment": "PlaneZ3",
			"from": [ -2, 0, 4.25 ],
			"to": [ 7, 5, 4.251 ],
			"rotation": { "origin": [ -2, 0, 4.25 ], "axis": "y", "angle": 45 },
			"faces": {
				"north": { "uv": [ 0, 0, 16, 16 ], "texture": "#texture" },
				"south": { "uv": [ 0, 0, 16, 16 ], "texture": "#texture" }
			}
		}
	],
	"display": {
		"head": {
			"translation":  [ 0, -18.08, 0 ],
			"scale":  [ 4, 4, 4 ]
		}
	}
}