{
	"__comment": "Designed by Zeibo with Cubik Studio - https://cubik.studio",
	"textures": {
		"texture": "mc/ltsfd07"
	},
	"elements": [ 	 
		{
			"__comment": "PlaneY1",
			"from": [ -14.5, 0, -14.375 ],
			"to": [ 30.5, 0.001, 30.625 ],
			"faces": {
				"down": { "uv": [ 0, 0, 16, 16 ], "texture": "#texture" },
				"up": { "uv": [ 0, 0, 16, 16 ], "texture": "#texture" }
			}
		},
		{
			"__comment": "PlaneY1",
			"from": [ -14.5, 0.5, -14.5 ],
			"to": [ 30.5, 0.501, 30.5 ],
			"faces": {
				"down": { "uv": [ 0, 0, 16, 16 ], "texture": "#texture" },
				"up": { "uv": [ 0, 0, 16, 16 ], "texture": "#texture" }
			}
		}
	],
	"display": {
		"thirdperson_righthand": {
			"rotation":  [ 13, 0, 0 ],
			"translation":  [ -5.565, 34.781, 20.172 ],
			"scale":  [ 4, 4, 4 ]
		}
	}
}