{
"__comment": "Designed by S9855027 with BDcraft Cubik PRO 0.96 Beta - http://bdcraft.net",
"textures": {
    "particle": "mobs/Devil Piranha/Devil Piranha11",
    "Devil Piranha07": "mobs/Devil Piranha/Devil Piranha07",
    "texture": "mobs/Devil Piranha/Devil Piranha01",
    "Devil Piranha08": "mobs/Devil Piranha/Devil Piranha08",
    "Devil Piranha09": "mobs/Devil Piranha/Devil Piranha09",
    "Devil Piranha02": "mobs/Devil Piranha/Devil Piranha02_1",
    "Devil Piranha05": "mobs/Devil Piranha/Devil Piranha05_1",
    "Devil Piranha03": "mobs/Devil Piranha/Devil Piranha03",
    "Devil Piranha06": "mobs/Devil Piranha/Devil Piranha06",
    "Devil Piranha04": "mobs/Devil Piranha/Devil Piranha04",
    "Devil Piranha10": "mobs/Devil Piranha/Devil Piranha10",
    "Devil Piranha11": "mobs/Devil Piranha/Devil Piranha11_1",
    "Devil Piranha02_2": "mobs/Devil Piranha/Devil Piranha02_2",
    "Devil Piranha05_2": "mobs/Devil Piranha/Devil Piranha05_2",
    "Devil Piranha02_3": "mobs/Devil Piranha/Devil Piranha02_3",
    "Devil Piranha05_3": "mobs/Devil Piranha/Devil Piranha05_3",
    "Devil Piranha02_4": "mobs/Devil Piranha/Devil Piranha02_4",
    "Devil Piranha05_4": "mobs/Devil Piranha/Devil Piranha05_4",
    "Devil Piranha02_5": "mobs/Devil Piranha/Devil Piranha02_5",
    "Devil Piranha05_5": "mobs/Devil Piranha/Devil Piranha05_5",
    "Devil Piranha02_6": "mobs/Devil Piranha/Devil Piranha02_6",
    "Devil Piranha05_6": "mobs/Devil Piranha/Devil Piranha05_6",
    "Devil Piranha02_7": "mobs/Devil Piranha/Devil Piranha02_7",
    "Devil Piranha05_7": "mobs/Devil Piranha/Devil Piranha05_7",
    "Devil Piranha02_8": "mobs/Devil Piranha/Devil Piranha02_8",
    "Devil Piranha05_8": "mobs/Devil Piranha/Devil Piranha05_8",
    "Devil Piranha11_2": "mobs/Devil Piranha/Devil Piranha11_2",
    "Devil Piranha11_3": "mobs/Devil Piranha/Devil Piranha11_3"
},
"elements": [ 
{
    "from": [ -7, 9, 4.9375 ],
    "to": [ 0, 15.5, 10.9375 ],
    "rotation": { "origin": [ -7, 15.5, 4.9375 ], "axis": "z", "angle": -22.5 },
    "faces": {
        "up":    { "uv": [ 0, 0, 5, 4.5 ], "texture": "#Devil Piranha07" },
        "north": { "uv": [ 16, 0, 0, 16 ], "texture": "#Devil Piranha07" },
        "south": { "uv": [ 0, 0, 16, 16 ], "texture": "#Devil Piranha07" },
        "west":  { "uv": [ 0, 0, 5, 16 ], "texture": "#Devil Piranha07" },
        "east":  { "uv": [ 0, 0, 3.5, 16 ], "texture": "#Devil Piranha07" }
    }
},
{
    "from": [ -10.5, 3.5, 4.6875 ],
    "to": [ -2.5, 9, 11.1875 ],
    "faces": {
        "down":  { "uv": [ 0, 12.5, 16, 16 ], "texture": "#texture" },
        "north": { "uv": [ 16, 0.5, 0, 16 ], "texture": "#Devil Piranha08" },
        "south": { "uv": [ 0, 0.5, 16, 16 ], "texture": "#Devil Piranha08" },
        "west":  { "uv": [ 0, 0.5, 16, 16 ], "texture": "#Devil Piranha09" },
        "east":  { "uv": [ 15.5, 0, 16, 16 ], "texture": "#Devil Piranha09" }
    }
},
{
    "from": [ -4.5, 5.5, 5.25 ],
    "to": [ -0.5, 13.5, 10.75 ],
    "faces": {
        "down":  { "uv": [ 0, 14.5, 16, 15.5 ], "texture": "#texture" },
        "up":    { "uv": [ 0, 0, 16, 2 ], "texture": "#texture" },
        "north": { "uv": [ 16, 0, 0, 16 ], "texture": "#texture" },
        "south": { "uv": [ 0, 0, 16, 16 ], "texture": "#texture" },
        "west":  { "uv": [ 0, 0, 12, 2.5 ], "texture": "#texture" },
        "east":  { "uv": [ 0, 0, 16, 16 ], "texture": "#texture" }
    }
},
{
    "from": [ -0.5, 4.5, 4.5 ],
    "to": [ 7.5, 14, 11.5 ],
    "faces": {
        "down":  { "uv": [ 0, 12, 16, 16 ], "texture": "#texture" },
        "up":    { "uv": [ 0, 0, 16, 3 ], "texture": "#texture" },
        "north": { "uv": [ 16, 0, 0, 16 ], "texture": "#texture" },
        "south": { "uv": [ 0, 0, 16, 16 ], "texture": "#texture" },
        "west":  { "uv": [ 0, 0, 16, 16 ], "texture": "#texture" },
        "east":  { "uv": [ 0, 0, 16, 16 ], "texture": "#texture" }
    }
},
{
    "from": [ -1, 13.5, 7.875 ],
    "to": [ 6.5, 18.5, 8.125 ],
    "faces": {
        "north": { "uv": [ 16, 9, 0, 16 ], "texture": "#Devil Piranha03" },
        "south": { "uv": [ 0, 9, 16, 16 ], "texture": "#Devil Piranha03" }
    }
},
{
    "from": [ 4, -1.5, 8 ],
    "to": [ 15.5, 7, 8.0625 ],
    "faces": {
        "north": { "uv": [ 15.5, 0.5, 5, 7.5 ], "texture": "#Devil Piranha06" },
        "south": { "uv": [ 5, 0.5, 15.5, 7.5 ], "texture": "#Devil Piranha06" }
    }
},
{
    "from": [ -1, 0.5, 8 ],
    "to": [ 5, 6, 8.0625 ],
    "faces": {
        "north": { "uv": [ 5, 1.5, 0.5, 5 ], "texture": "#Devil Piranha06" },
        "south": { "uv": [ 0.5, 1.5, 5, 5 ], "texture": "#Devil Piranha06" }
    }
},
{
    "from": [ 0, 12.5, 8 ],
    "to": [ 10.5, 21, 8.0625 ],
    "faces": {
        "north": { "uv": [ 15.5, 1, 0, 16 ], "texture": "#Devil Piranha04" },
        "south": { "uv": [ 0, 1, 15.5, 16 ], "texture": "#Devil Piranha04" }
    }
},
{
    "from": [ -9.5, 8.5, 5 ],
    "to": [ -2.5, 9.5, 11 ],
    "rotation": { "origin": [ -9.5, 9.5, 5 ], "axis": "z", "angle": -22.5 },
    "faces": {
        "north": { "uv": [ 0, 14, 16, 16 ], "texture": "#Devil Piranha10" },
        "south": { "uv": [ 0, 14, 16, 16 ], "texture": "#Devil Piranha10" },
        "west":  { "uv": [ 0, 14, 16, 16 ], "texture": "#Devil Piranha10" },
        "east":  { "uv": [ 0, 14, 16, 16 ], "texture": "#Devil Piranha10" }
    }
},
{
    "from": [ -8.2, 9.5, 5 ],
    "to": [ -1.5, 12.5, 10.9 ],
    "rotation": { "origin": [ -8.2, 12.5, 5 ], "axis": "z", "angle": -22.5 },
    "faces": {
        "up":    { "uv": [ 0.5, 0.5, 3.5, 3.5 ], "texture": "#Devil Piranha10" },
        "north": { "uv": [ 3, 0.5, 1, 3.5 ], "texture": "#Devil Piranha10" },
        "south": { "uv": [ 1, 1, 3, 2.5 ], "texture": "#Devil Piranha10" },
        "west":  { "uv": [ 1.5, 2, 3, 2.5 ], "texture": "#Devil Piranha10" },
        "east":  { "uv": [ 0.5, 1, 3.5, 3 ], "texture": "#Devil Piranha10" }
    }
},
{
    "from": [ -10.4375, 3.55, 4.75 ],
    "to": [ -2.6375, 6.05, 11.15 ],
    "faces": {
        "down":  { "uv": [ 1, 1, 0.5, 0.5 ], "texture": "#Devil Piranha10" },
        "up":    { "uv": [ 1, 1, 0.5, 1.5 ], "texture": "#Devil Piranha10" },
        "north": { "uv": [ 0.5, 0.5, 1, 1 ], "texture": "#Devil Piranha10" },
        "south": { "uv": [ 1, 0.5, 0.5, 1 ], "texture": "#Devil Piranha10" },
        "west":  { "uv": [ 1, 0, 1.5, 0.5 ], "texture": "#Devil Piranha10" },
        "east":  { "uv": [ 1, 0.5, 0.5, 1 ], "texture": "#Devil Piranha10" }
    }
},
{
    "__comment": "Eye",
    "from": [ -6, 11, 11 ],
    "to": [ -4.5, 12.5, 11.5 ],
    "faces": {
        "down":  { "uv": [ 8, 0, 14, 1 ], "texture": "#Devil Piranha03" },
        "up":    { "uv": [ 8, 0, 14, 1 ], "texture": "#Devil Piranha03" },
        "north": { "uv": [ 8, 0, 14, 6 ], "texture": "#Devil Piranha03" },
        "south": { "uv": [ 8, 0, 14, 6 ], "texture": "#Devil Piranha03" },
        "west":  { "uv": [ 8, 0, 9, 6 ], "texture": "#Devil Piranha03" },
        "east":  { "uv": [ 8, 0, 9, 5.5 ], "texture": "#Devil Piranha03" }
    }
},
{
    "__comment": "Eye",
    "from": [ -6, 11, 4.5 ],
    "to": [ -4.5, 12.5, 5 ],
    "faces": {
        "down":  { "uv": [ 8, 0, 14, 1 ], "texture": "#Devil Piranha03" },
        "up":    { "uv": [ 8, 0, 14, 1 ], "texture": "#Devil Piranha03" },
        "north": { "uv": [ 8, 0, 14, 6 ], "texture": "#Devil Piranha03" },
        "south": { "uv": [ 8, 0, 14, 6 ], "texture": "#Devil Piranha03" },
        "west":  { "uv": [ 8, 0, 9, 6 ], "texture": "#Devil Piranha03" },
        "east":  { "uv": [ 8, 0, 9, 5.5 ], "texture": "#Devil Piranha03" }
    }
},
{
    "__comment": "T1_1",
    "from": [ 7, 5.5, 5.05 ],
    "to": [ 10, 13.5, 11.55 ],
    "faces": {
        "down":  { "uv": [ 0, 15, 16, 16 ], "texture": "#Devil Piranha02" },
        "up":    { "uv": [ 11.5, 0.5, 16, 4.5 ], "texture": "#Devil Piranha02" },
        "north": { "uv": [ 5, 0, 0, 15 ], "texture": "#Devil Piranha02" },
        "south": { "uv": [ 0, 0, 5, 15 ], "texture": "#Devil Piranha02" },
        "west":  { "uv": [ 0, 0, 16, 16 ], "texture": "#Devil Piranha02" },
        "east":  { "uv": [ 0, 0, 16, 16 ], "texture": "#Devil Piranha02" }
    }
},
{
    "__comment": "T2_1",
    "from": [ 9.5, 6.5, 5.25 ],
    "to": [ 12.5, 12.5, 10.75 ],
    "faces": {
        "down":  { "uv": [ 0, 15.5, 16, 16 ], "texture": "#Devil Piranha02" },
        "up":    { "uv": [ 0, 0, 4, 3 ], "texture": "#Devil Piranha02" },
        "north": { "uv": [ 10, 0.5, 5, 14 ], "texture": "#Devil Piranha02" },
        "south": { "uv": [ 5, 0.5, 10, 14 ], "texture": "#Devil Piranha02" },
        "west":  { "uv": [ 0, 0, 16, 16 ], "texture": "#Devil Piranha02" },
        "east":  { "uv": [ 0, 0, 16, 16 ], "texture": "#Devil Piranha02" }
    }
},
{
    "__comment": "T3_1",
    "from": [ 11.5, 7.5, 5.9375 ],
    "to": [ 15.5, 11.5, 9.4375 ],
    "rotation": { "origin": [ 11.5, 7.5, 5.9375 ], "axis": "y", "angle": 22.5 },
    "faces": {
        "down":  { "uv": [ 0, 15, 16, 16 ], "texture": "#Devil Piranha02" },
        "up":    { "uv": [ 0, 0, 4, 4.5 ], "texture": "#Devil Piranha02" },
        "north": { "uv": [ 16, 0, 10, 13 ], "texture": "#Devil Piranha02" },
        "south": { "uv": [ 10, 0, 16, 13 ], "texture": "#Devil Piranha02" },
        "west":  { "uv": [ 0, 0, 16, 16 ], "texture": "#Devil Piranha02" },
        "east":  { "uv": [ 0, 0, 15.5, 16 ], "texture": "#Devil Piranha02" }
    }
},
{
    "__comment": "T4_1",
    "from": [ 14, 2, 7.375 ],
    "to": [ 27.5, 18, 7.4375 ],
    "rotation": { "origin": [ 14, 2, 7.375 ], "axis": "y", "angle": 45 },
    "faces": {
        "north": { "uv": [ 16, 0, 0, 16 ], "texture": "#Devil Piranha05" },
        "south": { "uv": [ 0, 0, 16, 16 ], "texture": "#Devil Piranha05" }
    }
},
{
    "__comment": "T1_2",
    "from": [ 7, 5.5, 5.35 ],
    "to": [ 10, 13.5, 11.85 ],
    "faces": {
        "down":  { "uv": [ 0, 15, 16, 16 ], "texture": "#Devil Piranha02_2" },
        "up":    { "uv": [ 11.5, 0.5, 16, 4.5 ], "texture": "#Devil Piranha02_2" },
        "north": { "uv": [ 5, 0, 0, 15 ], "texture": "#Devil Piranha02_2" },
        "south": { "uv": [ 0, 0, 5, 15 ], "texture": "#Devil Piranha02_2" },
        "west":  { "uv": [ 0, 0, 16, 16 ], "texture": "#Devil Piranha02_2" },
        "east":  { "uv": [ 0, 0, 16, 16 ], "texture": "#Devil Piranha02_2" }
    }
},
{
    "__comment": "T2_2",
    "from": [ 9.5, 6.5, 5.55 ],
    "to": [ 12.5, 12.5, 11.05 ],
    "faces": {
        "down":  { "uv": [ 0, 15.5, 16, 16 ], "texture": "#Devil Piranha02_2" },
        "up":    { "uv": [ 0, 0, 4, 3 ], "texture": "#Devil Piranha02_2" },
        "north": { "uv": [ 10, 0.5, 5, 14 ], "texture": "#Devil Piranha02_2" },
        "south": { "uv": [ 5, 0.5, 10, 14 ], "texture": "#Devil Piranha02_2" },
        "west":  { "uv": [ 0, 0, 16, 16 ], "texture": "#Devil Piranha02_2" },
        "east":  { "uv": [ 0, 0, 16, 16 ], "texture": "#Devil Piranha02_2" }
    }
},
{
    "__comment": "T3_2",
    "from": [ 11.5, 7.5, 6.2375 ],
    "to": [ 15.5, 11.5, 9.7375 ],
    "rotation": { "origin": [ 11.5, 7.5, 6.2375 ], "axis": "y", "angle": 22.5 },
    "faces": {
        "down":  { "uv": [ 0, 15, 16, 16 ], "texture": "#Devil Piranha02_2" },
        "up":    { "uv": [ 0, 0, 4, 4.5 ], "texture": "#Devil Piranha02_2" },
        "north": { "uv": [ 16, 0, 10, 13 ], "texture": "#Devil Piranha02_2" },
        "south": { "uv": [ 10, 0, 16, 13 ], "texture": "#Devil Piranha02_2" },
        "west":  { "uv": [ 0, 0, 16, 16 ], "texture": "#Devil Piranha02_2" },
        "east":  { "uv": [ 0, 0, 15.5, 16 ], "texture": "#Devil Piranha02_2" }
    }
},
{
    "__comment": "T4_2",
    "from": [ 14, 2, 7.625 ],
    "to": [ 27.5, 18, 7.6875 ],
    "rotation": { "origin": [ 14, 2, 7.625 ], "axis": "y", "angle": 22.5 },
    "faces": {
        "north": { "uv": [ 16, 0, 0, 16 ], "texture": "#Devil Piranha05_2" },
        "south": { "uv": [ 0, 0, 16, 16 ], "texture": "#Devil Piranha05_2" }
    }
},
{
    "__comment": "T1_3",
    "from": [ 7, 5.5, 5.05 ],
    "to": [ 10, 13.5, 11.55 ],
    "faces": {
        "down":  { "uv": [ 0, 15, 16, 16 ], "texture": "#Devil Piranha02_3" },
        "up":    { "uv": [ 11.5, 0.5, 16, 4.5 ], "texture": "#Devil Piranha02_3" },
        "north": { "uv": [ 5, 0, 0, 15 ], "texture": "#Devil Piranha02_3" },
        "south": { "uv": [ 0, 0, 5, 15 ], "texture": "#Devil Piranha02_3" },
        "west":  { "uv": [ 0, 0, 16, 16 ], "texture": "#Devil Piranha02_3" },
        "east":  { "uv": [ 0, 0, 16, 16 ], "texture": "#Devil Piranha02_3" }
    }
},
{
    "__comment": "T2_3",
    "from": [ 9.5, 6.5, 5.85 ],
    "to": [ 12.5, 12.5, 11.35 ],
    "faces": {
        "down":  { "uv": [ 0, 15.5, 16, 16 ], "texture": "#Devil Piranha02_3" },
        "up":    { "uv": [ 0, 0, 4, 3 ], "texture": "#Devil Piranha02_3" },
        "north": { "uv": [ 10, 0.5, 5, 14 ], "texture": "#Devil Piranha02_3" },
        "south": { "uv": [ 5, 0.5, 10, 14 ], "texture": "#Devil Piranha02_3" },
        "west":  { "uv": [ 0, 0, 16, 16 ], "texture": "#Devil Piranha02_3" },
        "east":  { "uv": [ 0, 0, 16, 16 ], "texture": "#Devil Piranha02_3" }
    }
},
{
    "__comment": "T3_3",
    "from": [ 11.5, 7.5, 6.5 ],
    "to": [ 15.5, 11.5, 10 ],
    "faces": {
        "down":  { "uv": [ 0, 15, 16, 16 ], "texture": "#Devil Piranha02_3" },
        "up":    { "uv": [ 0, 0, 4, 4.5 ], "texture": "#Devil Piranha02_3" },
        "north": { "uv": [ 16, 0, 10, 13 ], "texture": "#Devil Piranha02_3" },
        "south": { "uv": [ 10, 0, 16, 13 ], "texture": "#Devil Piranha02_3" },
        "west":  { "uv": [ 0, 0, 16, 16 ], "texture": "#Devil Piranha02_3" },
        "east":  { "uv": [ 0, 0, 15.5, 16 ], "texture": "#Devil Piranha02_3" }
    }
},
{
    "__comment": "T4_3",
    "from": [ 14, 2, 7.875 ],
    "to": [ 27.5, 18, 7.9375 ],
    "faces": {
        "north": { "uv": [ 16, 0, 0, 16 ], "texture": "#Devil Piranha05_3" },
        "south": { "uv": [ 0, 0, 16, 16 ], "texture": "#Devil Piranha05_3" }
    }
},
{
    "__comment": "T1_4",
    "from": [ 7, 5.5, 4.75 ],
    "to": [ 10, 13.5, 11.25 ],
    "faces": {
        "down":  { "uv": [ 0, 15, 16, 16 ], "texture": "#Devil Piranha02_4" },
        "up":    { "uv": [ 11.5, 0.5, 16, 4.5 ], "texture": "#Devil Piranha02_4" },
        "north": { "uv": [ 5, 0, 0, 15 ], "texture": "#Devil Piranha02_4" },
        "south": { "uv": [ 0, 0, 5, 15 ], "texture": "#Devil Piranha02_4" },
        "west":  { "uv": [ 0, 0, 16, 16 ], "texture": "#Devil Piranha02_4" },
        "east":  { "uv": [ 0, 0, 16, 16 ], "texture": "#Devil Piranha02_4" }
    }
},
{
    "__comment": "T2_4",
    "from": [ 9.5, 6.5, 5.55 ],
    "to": [ 12.5, 12.5, 11.05 ],
    "faces": {
        "down":  { "uv": [ 0, 15.5, 16, 16 ], "texture": "#Devil Piranha02_4" },
        "up":    { "uv": [ 0, 0, 4, 3 ], "texture": "#Devil Piranha02_4" },
        "north": { "uv": [ 10, 0.5, 5, 14 ], "texture": "#Devil Piranha02_4" },
        "south": { "uv": [ 5, 0.5, 10, 14 ], "texture": "#Devil Piranha02_4" },
        "west":  { "uv": [ 0, 0, 16, 16 ], "texture": "#Devil Piranha02_4" },
        "east":  { "uv": [ 0, 0, 16, 16 ], "texture": "#Devil Piranha02_4" }
    }
},
{
    "__comment": "T3_4",
    "from": [ 11.5, 7.5, 6.8 ],
    "to": [ 15.5, 11.5, 10.3 ],
    "faces": {
        "down":  { "uv": [ 0, 15, 16, 16 ], "texture": "#Devil Piranha02_4" },
        "up":    { "uv": [ 0, 0, 4, 4.5 ], "texture": "#Devil Piranha02_4" },
        "north": { "uv": [ 16, 0, 10, 13 ], "texture": "#Devil Piranha02_4" },
        "south": { "uv": [ 10, 0, 16, 13 ], "texture": "#Devil Piranha02_4" },
        "west":  { "uv": [ 0, 0, 16, 16 ], "texture": "#Devil Piranha02_4" },
        "east":  { "uv": [ 0, 0, 15.5, 16 ], "texture": "#Devil Piranha02_4" }
    }
},
{
    "__comment": "T4_4",
    "from": [ 14, 2, 8.075 ],
    "to": [ 27.5, 18, 8.1375 ],
    "rotation": { "origin": [ 14, 2, 8.075 ], "axis": "y", "angle": -22.5 },
    "faces": {
        "north": { "uv": [ 16, 0, 0, 16 ], "texture": "#Devil Piranha05_4" },
        "south": { "uv": [ 0, 0, 16, 16 ], "texture": "#Devil Piranha05_4" }
    }
},
{
    "__comment": "T1_5",
    "from": [ 7, 5.5, 4.45 ],
    "to": [ 10, 13.5, 10.95 ],
    "faces": {
        "down":  { "uv": [ 0, 15, 16, 16 ], "texture": "#Devil Piranha02_5" },
        "up":    { "uv": [ 11.5, 0.5, 16, 4.5 ], "texture": "#Devil Piranha02_5" },
        "north": { "uv": [ 5, 0, 0, 15 ], "texture": "#Devil Piranha02_5" },
        "south": { "uv": [ 0, 0, 5, 15 ], "texture": "#Devil Piranha02_5" },
        "west":  { "uv": [ 0, 0, 16, 16 ], "texture": "#Devil Piranha02_5" },
        "east":  { "uv": [ 0, 0, 16, 16 ], "texture": "#Devil Piranha02_5" }
    }
},
{
    "__comment": "T2_5",
    "from": [ 9.5, 6.5, 5.25 ],
    "to": [ 12.5, 12.5, 10.75 ],
    "faces": {
        "down":  { "uv": [ 0, 15.5, 16, 16 ], "texture": "#Devil Piranha02_5" },
        "up":    { "uv": [ 0, 0, 4, 3 ], "texture": "#Devil Piranha02_5" },
        "north": { "uv": [ 10, 0.5, 5, 14 ], "texture": "#Devil Piranha02_5" },
        "south": { "uv": [ 5, 0.5, 10, 14 ], "texture": "#Devil Piranha02_5" },
        "west":  { "uv": [ 0, 0, 16, 16 ], "texture": "#Devil Piranha02_5" },
        "east":  { "uv": [ 0, 0, 16, 16 ], "texture": "#Devil Piranha02_5" }
    }
},
{
    "__comment": "T3_5",
    "from": [ 11.5, 7.5, 6.5 ],
    "to": [ 15.5, 11.5, 10 ],
    "faces": {
        "down":  { "uv": [ 0, 15, 16, 16 ], "texture": "#Devil Piranha02_5" },
        "up":    { "uv": [ 0, 0, 4, 4.5 ], "texture": "#Devil Piranha02_5" },
        "north": { "uv": [ 16, 0, 10, 13 ], "texture": "#Devil Piranha02_5" },
        "south": { "uv": [ 10, 0, 16, 13 ], "texture": "#Devil Piranha02_5" },
        "west":  { "uv": [ 0, 0, 16, 16 ], "texture": "#Devil Piranha02_5" },
        "east":  { "uv": [ 0, 0, 15.5, 16 ], "texture": "#Devil Piranha02_5" }
    }
},
{
    "__comment": "T4_5",
    "from": [ 14, 2, 8.375 ],
    "to": [ 27.5, 18, 8.4375 ],
    "rotation": { "origin": [ 14, 2, 8.375 ], "axis": "y", "angle": -45 },
    "faces": {
        "north": { "uv": [ 16, 0, 0, 16 ], "texture": "#Devil Piranha05_5" },
        "south": { "uv": [ 0, 0, 16, 16 ], "texture": "#Devil Piranha05_5" }
    }
},
{
    "__comment": "T1_6",
    "from": [ 7, 5.5, 4.15 ],
    "to": [ 10, 13.5, 10.65 ],
    "faces": {
        "down":  { "uv": [ 0, 15, 16, 16 ], "texture": "#Devil Piranha02_6" },
        "up":    { "uv": [ 11.5, 0.5, 16, 4.5 ], "texture": "#Devil Piranha02_6" },
        "north": { "uv": [ 5, 0, 0, 15 ], "texture": "#Devil Piranha02_6" },
        "south": { "uv": [ 0, 0, 5, 15 ], "texture": "#Devil Piranha02_6" },
        "west":  { "uv": [ 0, 0, 16, 16 ], "texture": "#Devil Piranha02_6" },
        "east":  { "uv": [ 0, 0, 16, 16 ], "texture": "#Devil Piranha02_6" }
    }
},
{
    "__comment": "T2_6",
    "from": [ 9.5, 6.5, 4.95 ],
    "to": [ 12.5, 12.5, 10.45 ],
    "faces": {
        "down":  { "uv": [ 0, 15.5, 16, 16 ], "texture": "#Devil Piranha02_6" },
        "up":    { "uv": [ 0, 0, 4, 3 ], "texture": "#Devil Piranha02_6" },
        "north": { "uv": [ 10, 0.5, 5, 14 ], "texture": "#Devil Piranha02_6" },
        "south": { "uv": [ 5, 0.5, 10, 14 ], "texture": "#Devil Piranha02_6" },
        "west":  { "uv": [ 0, 0, 16, 16 ], "texture": "#Devil Piranha02_6" },
        "east":  { "uv": [ 0, 0, 16, 16 ], "texture": "#Devil Piranha02_6" }
    }
},
{
    "__comment": "T3_6",
    "from": [ 11.5, 7.5, 6.2 ],
    "to": [ 15.5, 11.5, 9.7 ],
    "faces": {
        "down":  { "uv": [ 0, 15, 16, 16 ], "texture": "#Devil Piranha02_6" },
        "up":    { "uv": [ 0, 0, 4, 4.5 ], "texture": "#Devil Piranha02_6" },
        "north": { "uv": [ 16, 0, 10, 13 ], "texture": "#Devil Piranha02_6" },
        "south": { "uv": [ 10, 0, 16, 13 ], "texture": "#Devil Piranha02_6" },
        "west":  { "uv": [ 0, 0, 16, 16 ], "texture": "#Devil Piranha02_6" },
        "east":  { "uv": [ 0, 0, 15.5, 16 ], "texture": "#Devil Piranha02_6" }
    }
},
{
    "__comment": "T4_6",
    "from": [ 14, 2, 8.0625 ],
    "to": [ 27.5, 18, 8.125 ],
    "rotation": { "origin": [ 14, 2, 8.0625 ], "axis": "y", "angle": -22.5 },
    "faces": {
        "north": { "uv": [ 16, 0, 0, 16 ], "texture": "#Devil Piranha05_6" },
        "south": { "uv": [ 0, 0, 16, 16 ], "texture": "#Devil Piranha05_6" }
    }
},
{
    "__comment": "T1_7",
    "from": [ 7, 5.5, 4.45 ],
    "to": [ 10, 13.5, 10.95 ],
    "faces": {
        "down":  { "uv": [ 0, 15, 16, 16 ], "texture": "#Devil Piranha02_7" },
        "up":    { "uv": [ 11.5, 0.5, 16, 4.5 ], "texture": "#Devil Piranha02_7" },
        "north": { "uv": [ 5, 0, 0, 15 ], "texture": "#Devil Piranha02_7" },
        "south": { "uv": [ 0, 0, 5, 15 ], "texture": "#Devil Piranha02_7" },
        "west":  { "uv": [ 0, 0, 16, 16 ], "texture": "#Devil Piranha02_7" },
        "east":  { "uv": [ 0, 0, 16, 16 ], "texture": "#Devil Piranha02_7" }
    }
},
{
    "__comment": "T2_7",
    "from": [ 9.5, 6.5, 4.65 ],
    "to": [ 12.5, 12.5, 10.15 ],
    "faces": {
        "down":  { "uv": [ 0, 15.5, 16, 16 ], "texture": "#Devil Piranha02_7" },
        "up":    { "uv": [ 0, 0, 4, 3 ], "texture": "#Devil Piranha02_7" },
        "north": { "uv": [ 10, 0.5, 5, 14 ], "texture": "#Devil Piranha02_7" },
        "south": { "uv": [ 5, 0.5, 10, 14 ], "texture": "#Devil Piranha02_7" },
        "west":  { "uv": [ 0, 0, 16, 16 ], "texture": "#Devil Piranha02_7" },
        "east":  { "uv": [ 0, 0, 16, 16 ], "texture": "#Devil Piranha02_7" }
    }
},
{
    "__comment": "T3_7",
    "from": [ 11.5, 7.5, 5.9 ],
    "to": [ 15.5, 11.5, 9.4 ],
    "faces": {
        "down":  { "uv": [ 0, 15, 16, 16 ], "texture": "#Devil Piranha02_7" },
        "up":    { "uv": [ 0, 0, 4, 4.5 ], "texture": "#Devil Piranha02_7" },
        "north": { "uv": [ 16, 0, 10, 13 ], "texture": "#Devil Piranha02_7" },
        "south": { "uv": [ 10, 0, 16, 13 ], "texture": "#Devil Piranha02_7" },
        "west":  { "uv": [ 0, 0, 16, 16 ], "texture": "#Devil Piranha02_7" },
        "east":  { "uv": [ 0, 0, 15.5, 16 ], "texture": "#Devil Piranha02_7" }
    }
},
{
    "__comment": "T4_7",
    "from": [ 14, 2, 7.75 ],
    "to": [ 27.5, 18, 7.8125 ],
    "faces": {
        "north": { "uv": [ 16, 0, 0, 16 ], "texture": "#Devil Piranha05_7" },
        "south": { "uv": [ 0, 0, 16, 16 ], "texture": "#Devil Piranha05_7" }
    }
},
{
    "__comment": "T1_8",
    "from": [ 7, 5.5, 4.75 ],
    "to": [ 10, 13.5, 11.25 ],
    "faces": {
        "down":  { "uv": [ 0, 15, 16, 16 ], "texture": "#Devil Piranha02_8" },
        "up":    { "uv": [ 11.5, 0.5, 16, 4.5 ], "texture": "#Devil Piranha02_8" },
        "north": { "uv": [ 5, 0, 0, 15 ], "texture": "#Devil Piranha02_8" },
        "south": { "uv": [ 0, 0, 5, 15 ], "texture": "#Devil Piranha02_8" },
        "west":  { "uv": [ 0, 0, 16, 16 ], "texture": "#Devil Piranha02_8" },
        "east":  { "uv": [ 0, 0, 16, 16 ], "texture": "#Devil Piranha02_8" }
    }
},
{
    "__comment": "T2_8",
    "from": [ 9.5, 6.5, 4.95 ],
    "to": [ 12.5, 12.5, 10.45 ],
    "faces": {
        "down":  { "uv": [ 0, 15.5, 16, 16 ], "texture": "#Devil Piranha02_8" },
        "up":    { "uv": [ 0, 0, 4, 3 ], "texture": "#Devil Piranha02_8" },
        "north": { "uv": [ 10, 0.5, 5, 14 ], "texture": "#Devil Piranha02_8" },
        "south": { "uv": [ 5, 0.5, 10, 14 ], "texture": "#Devil Piranha02_8" },
        "west":  { "uv": [ 0, 0, 16, 16 ], "texture": "#Devil Piranha02_8" },
        "east":  { "uv": [ 0, 0, 16, 16 ], "texture": "#Devil Piranha02_8" }
    }
},
{
    "__comment": "T3_8",
    "from": [ 11.5, 7.5, 5.6 ],
    "to": [ 15.5, 11.5, 9.1 ],
    "faces": {
        "down":  { "uv": [ 0, 15, 16, 16 ], "texture": "#Devil Piranha02_8" },
        "up":    { "uv": [ 0, 0, 4, 4.5 ], "texture": "#Devil Piranha02_8" },
        "north": { "uv": [ 16, 0, 10, 13 ], "texture": "#Devil Piranha02_8" },
        "south": { "uv": [ 10, 0, 16, 13 ], "texture": "#Devil Piranha02_8" },
        "west":  { "uv": [ 0, 0, 16, 16 ], "texture": "#Devil Piranha02_8" },
        "east":  { "uv": [ 0, 0, 15.5, 16 ], "texture": "#Devil Piranha02_8" }
    }
},
{
    "__comment": "T4_8",
    "from": [ 14, 2, 7.4375 ],
    "to": [ 27.5, 18, 7.5 ],
    "rotation": { "origin": [ 14, 2, 7.4375 ], "axis": "y", "angle": 22.5 },
    "faces": {
        "north": { "uv": [ 16, 0, 0, 16 ], "texture": "#Devil Piranha05_8" },
        "south": { "uv": [ 0, 0, 16, 16 ], "texture": "#Devil Piranha05_8" }
    }
},
{
    "__comment": "Chi01",
    "from": [ 0, 6, 11.5 ],
    "to": [ 5.5, 10, 11.5625 ],
    "rotation": { "origin": [ 0, 6, 11.5 ], "axis": "y", "angle": -45 },
    "faces": {
        "north": { "uv": [ 15, 0, 0, 15 ], "texture": "#Devil Piranha11" },
        "south": { "uv": [ 0, 0, 15, 15 ], "texture": "#Devil Piranha11" }
    }
},
{
    "__comment": "Chi01",
    "from": [ 0, 6, 4.375 ],
    "to": [ 5.5, 10, 4.4375 ],
    "rotation": { "origin": [ 0, 6, 4.375 ], "axis": "y", "angle": 45 },
    "faces": {
        "north": { "uv": [ 15, 0, 0, 15 ], "texture": "#Devil Piranha11" },
        "south": { "uv": [ 0, 0, 15, 15 ], "texture": "#Devil Piranha11" }
    }
},
{
    "__comment": "Chi02",
    "from": [ 0, 6, 11.5 ],
    "to": [ 5.5, 10, 11.5625 ],
    "rotation": { "origin": [ 0, 6, 11.5 ], "axis": "y", "angle": -22.5 },
    "faces": {
        "north": { "uv": [ 15, 0, 0, 15 ], "texture": "#Devil Piranha11_2" },
        "south": { "uv": [ 0, 0, 15, 15 ], "texture": "#Devil Piranha11_2" }
    }
},
{
    "__comment": "Chi02",
    "from": [ 0, 6, 4.375 ],
    "to": [ 5.5, 10, 4.4375 ],
    "rotation": { "origin": [ 0, 6, 4.375 ], "axis": "y", "angle": 22.5 },
    "faces": {
        "north": { "uv": [ 15, 0, 0, 15 ], "texture": "#Devil Piranha11_2" },
        "south": { "uv": [ 0, 0, 15, 15 ], "texture": "#Devil Piranha11_2" }
    }
},
{
    "__comment": "Chi03",
    "from": [ 0, 6, 11.5 ],
    "to": [ 5.5, 10, 11.5625 ],
    "faces": {
        "north": { "uv": [ 15, 0, 0, 15 ], "texture": "#Devil Piranha11_3" },
        "south": { "uv": [ 0, 0, 15, 15 ], "texture": "#Devil Piranha11_3" }
    }
},
{
    "__comment": "Chi03",
    "from": [ 0, 6, 4.375 ],
    "to": [ 5.5, 10, 4.4375 ],
    "faces": {
        "north": { "uv": [ 15, 0, 0, 15 ], "texture": "#Devil Piranha11_3" },
        "south": { "uv": [ 0, 0, 15, 15 ], "texture": "#Devil Piranha11_3" }
    }
}
],
"display": {
    "thirdperson_righthand": {
        "rotation": [ 66, -91, 40 ],
        "translation": [ -6.05, -10, 15 ],
        "scale": [ 1.5, 1.5, 1.5 ]
    },
    "thirdperson_lefthand": {
        "rotation": [ 66, 91, -40 ],
        "translation": [ -6.05, -10, 15 ],
        "scale": [ 1.5, 1.5, 1.5 ]
    }
}
}