{
"__comment": "Designed by S9855027 with BDcraft Cubik PRO 0.96 Beta - http://bdcraft.net",
"textures": {
    "particle": "mobs/Devil Piranha/Devil Piranha11",
    "Devil Piranha07": "mobs/Devil Piranha/Devil Piranha07",
    "texture": "mobs/Devil Piranha/Devil Piranha01",
    "Devil Piranha08": "mobs/Devil Piranha/Devil Piranha08",
    "Devil Piranha09": "mobs/Devil Piranha/Devil Piranha09",
    "Devil Piranha02": "mobs/Devil Piranha/Devil Piranha02",
    "Devil Piranha05": "mobs/Devil Piranha/Devil Piranha05",
    "Devil Piranha03": "mobs/Devil Piranha/Devil Piranha03",
    "Devil Piranha06": "mobs/Devil Piranha/Devil Piranha06",
    "Devil Piranha04": "mobs/Devil Piranha/Devil Piranha04",
    "Devil Piranha10": "mobs/Devil Piranha/Devil Piranha10",
    "Devil Piranha11": "mobs/Devil Piranha/Devil Piranha11"
},
"elements": [ 
{
    "from": [ -7, 9, 4.9375 ],
    "to": [ 0, 15.5, 10.9375 ],
    "rotation": { "origin": [ -7, 15.5, 4.9375 ], "axis": "z", "angle": -22.5 },
    "faces": {
        "up":    { "uv": [ 0, 0, 5, 4.5 ], "texture": "#Devil Piranha07" },
        "north": { "uv": [ 16, 0, 0, 16 ], "texture": "#Devil Piranha07" },
        "south": { "uv": [ 0, 0, 16, 16 ], "texture": "#Devil Piranha07" },
        "west":  { "uv": [ 0, 0, 5, 16 ], "texture": "#Devil Piranha07" },
        "east":  { "uv": [ 0, 0, 3.5, 16 ], "texture": "#Devil Piranha07" }
    }
},
{
    "from": [ -10.5, 3.5, 4.6875 ],
    "to": [ -2.5, 9, 11.1875 ],
    "faces": {
        "down":  { "uv": [ 0, 12.5, 16, 16 ], "texture": "#texture" },
        "north": { "uv": [ 16, 0.5, 0, 16 ], "texture": "#Devil Piranha08" },
        "south": { "uv": [ 0, 0.5, 16, 16 ], "texture": "#Devil Piranha08" },
        "west":  { "uv": [ 0, 0.5, 16, 16 ], "texture": "#Devil Piranha09" },
        "east":  { "uv": [ 15.5, 0, 16, 16 ], "texture": "#Devil Piranha09" }
    }
},
{
    "from": [ -4.5, 5.5, 5.25 ],
    "to": [ -0.5, 13.5, 10.75 ],
    "faces": {
        "down":  { "uv": [ 0, 14.5, 16, 15.5 ], "texture": "#texture" },
        "up":    { "uv": [ 0, 0, 16, 2 ], "texture": "#texture" },
        "north": { "uv": [ 16, 0, 0, 16 ], "texture": "#texture" },
        "south": { "uv": [ 0, 0, 16, 16 ], "texture": "#texture" },
        "west":  { "uv": [ 0, 0, 12, 2.5 ], "texture": "#texture" },
        "east":  { "uv": [ 0, 0, 16, 16 ], "texture": "#texture" }
    }
},
{
    "from": [ -0.5, 4.5, 4.5 ],
    "to": [ 7.5, 14, 11.5 ],
    "faces": {
        "down":  { "uv": [ 0, 12, 16, 16 ], "texture": "#texture" },
        "up":    { "uv": [ 0, 0, 16, 3 ], "texture": "#texture" },
        "north": { "uv": [ 16, 0, 0, 16 ], "texture": "#texture" },
        "south": { "uv": [ 0, 0, 16, 16 ], "texture": "#texture" },
        "west":  { "uv": [ 0, 0, 16, 16 ], "texture": "#texture" },
        "east":  { "uv": [ 0, 0, 16, 16 ], "texture": "#texture" }
    }
},
{
    "from": [ -1, 13.5, 7.875 ],
    "to": [ 6.5, 18.5, 8.125 ],
    "faces": {
        "north": { "uv": [ 16, 9, 0, 16 ], "texture": "#Devil Piranha03" },
        "south": { "uv": [ 0, 9, 16, 16 ], "texture": "#Devil Piranha03" }
    }
},
{
    "from": [ 4, -1.5, 8 ],
    "to": [ 15.5, 7, 8.0625 ],
    "faces": {
        "north": { "uv": [ 15.5, 0.5, 5, 7.5 ], "texture": "#Devil Piranha06" },
        "south": { "uv": [ 5, 0.5, 15.5, 7.5 ], "texture": "#Devil Piranha06" }
    }
},
{
    "from": [ -1, 0.5, 8 ],
    "to": [ 5, 6, 8.0625 ],
    "faces": {
        "north": { "uv": [ 5, 1.5, 0.5, 5 ], "texture": "#Devil Piranha06" },
        "south": { "uv": [ 0.5, 1.5, 5, 5 ], "texture": "#Devil Piranha06" }
    }
},
{
    "from": [ 0, 12.5, 8 ],
    "to": [ 10.5, 21, 8.0625 ],
    "faces": {
        "north": { "uv": [ 15.5, 1, 0, 16 ], "texture": "#Devil Piranha04" },
        "south": { "uv": [ 0, 1, 15.5, 16 ], "texture": "#Devil Piranha04" }
    }
},
{
    "from": [ -9.5, 8.5, 5 ],
    "to": [ -2.5, 9.5, 11 ],
    "rotation": { "origin": [ -9.5, 9.5, 5 ], "axis": "z", "angle": -22.5 },
    "faces": {
        "north": { "uv": [ 0, 14, 16, 16 ], "texture": "#Devil Piranha10" },
        "south": { "uv": [ 0, 14, 16, 16 ], "texture": "#Devil Piranha10" },
        "west":  { "uv": [ 0, 14, 16, 16 ], "texture": "#Devil Piranha10" },
        "east":  { "uv": [ 0, 14, 16, 16 ], "texture": "#Devil Piranha10" }
    }
},
{
    "from": [ -8.2, 9.5, 5 ],
    "to": [ -1.5, 12.5, 10.9 ],
    "rotation": { "origin": [ -8.2, 12.5, 5 ], "axis": "z", "angle": -22.5 },
    "faces": {
        "up":    { "uv": [ 0.5, 0.5, 3.5, 3.5 ], "texture": "#Devil Piranha10" },
        "north": { "uv": [ 3, 0.5, 1, 3.5 ], "texture": "#Devil Piranha10" },
        "south": { "uv": [ 1, 1, 3, 2.5 ], "texture": "#Devil Piranha10" },
        "west":  { "uv": [ 1.5, 2, 3, 2.5 ], "texture": "#Devil Piranha10" },
        "east":  { "uv": [ 0.5, 1, 3.5, 3 ], "texture": "#Devil Piranha10" }
    }
},
{
    "from": [ -10.4375, 3.55, 4.75 ],
    "to": [ -2.6375, 6.05, 11.15 ],
    "faces": {
        "down":  { "uv": [ 0.5, 3, 1, 2.5 ], "texture": "#Devil Piranha10" },
        "north": { "uv": [ 0.5, 1.5, 1, 3 ], "texture": "#Devil Piranha10" },
        "south": { "uv": [ 3.5, 1.5, 3, 3 ], "texture": "#Devil Piranha10" },
        "west":  { "uv": [ 0.5, 1.5, 3.5, 3 ], "texture": "#Devil Piranha10" },
        "east":  { "uv": [ 3.5, 1.5, 0.5, 3 ], "texture": "#Devil Piranha10" }
    }
},
{
    "__comment": "Chi01",
    "from": [ 0, 6, 11.5 ],
    "to": [ 5.5, 10, 11.5625 ],
    "rotation": { "origin": [ 0, 6, 11.5 ], "axis": "y", "angle": -22.5 },
    "faces": {
        "north": { "uv": [ 15, 0, 0, 15 ], "texture": "#Devil Piranha11" },
        "south": { "uv": [ 0, 0, 15, 15 ], "texture": "#Devil Piranha11" }
    }
},
{
    "__comment": "Chi01",
    "from": [ 0, 6, 4.375 ],
    "to": [ 5.5, 10, 4.4375 ],
    "rotation": { "origin": [ 0, 6, 4.375 ], "axis": "y", "angle": 22.5 },
    "faces": {
        "north": { "uv": [ 15, 0, 0, 15 ], "texture": "#Devil Piranha11" },
        "south": { "uv": [ 0, 0, 15, 15 ], "texture": "#Devil Piranha11" }
    }
},
{
    "__comment": "Eye",
    "from": [ -6, 11, 11 ],
    "to": [ -4.5, 12.5, 11.5 ],
    "faces": {
        "down":  { "uv": [ 8, 0, 14, 1 ], "texture": "#Devil Piranha03" },
        "up":    { "uv": [ 8, 0, 14, 1 ], "texture": "#Devil Piranha03" },
        "north": { "uv": [ 8, 0, 14, 6 ], "texture": "#Devil Piranha03" },
        "south": { "uv": [ 8, 0, 14, 6 ], "texture": "#Devil Piranha03" },
        "west":  { "uv": [ 8, 0, 9, 6 ], "texture": "#Devil Piranha03" },
        "east":  { "uv": [ 8, 0, 9, 5.5 ], "texture": "#Devil Piranha03" }
    }
},
{
    "__comment": "Eye",
    "from": [ -6, 11, 4.5 ],
    "to": [ -4.5, 12.5, 5 ],
    "faces": {
        "down":  { "uv": [ 8, 0, 14, 1 ], "texture": "#Devil Piranha03" },
        "up":    { "uv": [ 8, 0, 14, 1 ], "texture": "#Devil Piranha03" },
        "north": { "uv": [ 8, 0, 14, 6 ], "texture": "#Devil Piranha03" },
        "south": { "uv": [ 8, 0, 14, 6 ], "texture": "#Devil Piranha03" },
        "west":  { "uv": [ 8, 0, 9, 6 ], "texture": "#Devil Piranha03" },
        "east":  { "uv": [ 8, 0, 9, 5.5 ], "texture": "#Devil Piranha03" }
    }
},
{
    "__comment": "T1_1",
    "from": [ 7.5, 5.5, 4.75 ],
    "to": [ 10, 13.5, 11.25 ],
    "faces": {
        "down":  { "uv": [ 0, 15, 16, 16 ], "texture": "#Devil Piranha02" },
        "up":    { "uv": [ 11.5, 0.5, 16, 4.5 ], "texture": "#Devil Piranha02" },
        "north": { "uv": [ 5, 0, 0, 15 ], "texture": "#Devil Piranha02" },
        "south": { "uv": [ 0, 0, 5, 15 ], "texture": "#Devil Piranha02" },
        "west":  { "uv": [ 0, 0, 16, 16 ], "texture": "#Devil Piranha02" },
        "east":  { "uv": [ 0, 0, 16, 16 ], "texture": "#Devil Piranha02" }
    }
},
{
    "__comment": "T2_1",
    "from": [ 10, 6.5, 5.25 ],
    "to": [ 12.5, 12.5, 10.75 ],
    "faces": {
        "down":  { "uv": [ 0, 15.5, 16, 16 ], "texture": "#Devil Piranha02" },
        "up":    { "uv": [ 0, 0, 4, 3 ], "texture": "#Devil Piranha02" },
        "north": { "uv": [ 10, 0.5, 5, 14 ], "texture": "#Devil Piranha02" },
        "south": { "uv": [ 5, 0.5, 10, 14 ], "texture": "#Devil Piranha02" },
        "west":  { "uv": [ 0, 0, 16, 16 ], "texture": "#Devil Piranha02" },
        "east":  { "uv": [ 0, 0, 16, 16 ], "texture": "#Devil Piranha02" }
    }
},
{
    "__comment": "T3_1",
    "from": [ 11, 7.5, 6.25 ],
    "to": [ 15, 11.5, 9.75 ],
    "faces": {
        "down":  { "uv": [ 0, 15, 16, 16 ], "texture": "#Devil Piranha02" },
        "up":    { "uv": [ 0, 0, 4, 4.5 ], "texture": "#Devil Piranha02" },
        "north": { "uv": [ 16, 0, 10, 13 ], "texture": "#Devil Piranha02" },
        "south": { "uv": [ 10, 0, 16, 13 ], "texture": "#Devil Piranha02" },
        "west":  { "uv": [ 0, 0, 16, 16 ], "texture": "#Devil Piranha02" },
        "east":  { "uv": [ 0, 0, 15.5, 16 ], "texture": "#Devil Piranha02" }
    }
},
{
    "__comment": "T4_1",
    "from": [ 14, 2, 8 ],
    "to": [ 27.5, 18, 8.0625 ],
    "faces": {
        "north": { "uv": [ 16, 0, 0, 16 ], "texture": "#Devil Piranha05" },
        "south": { "uv": [ 0, 0, 16, 16 ], "texture": "#Devil Piranha05" }
    }
}
],
"display": {
    "thirdperson_righthand": {
        "rotation": [ 0, 0, 0 ],
        "translation": [ 0, 0, 0 ],
        "scale": [ 0.825, 0.825, 0.825 ]
    },
    "thirdperson_lefthand": {
        "rotation": [ 0, 0, 0 ],
        "translation": [ 0, 0, 0 ],
        "scale": [ 0.825, 0.825, 0.825 ]
    },
    "ground": {
        "rotation": [ 50, 0, 0 ],
        "translation": [ 0, 0, 0 ],
        "scale": [ 0.825, 0.825, 0.825 ]
    },
    "fixed": {
        "rotation": [ 0, 180, 0 ],
        "translation": [ 0, 0, -1.5 ],
        "scale": [ 1.5, 1.5, 1.5 ]
    },
    "firstperson_righthand": {
        "rotation": [ 0, -51, 4 ],
        "translation": [ 1.12, 3.2, 1.12 ],
        "scale": [ 0.825, 0.825, 0.825 ]
    },
    "firstperson_lefthand": {
        "rotation": [ 0, 119, 0 ],
        "translation": [ 1.12, 3.2, 1.12 ],
        "scale": [ 0.825, 0.825, 0.825 ]
    },
    "gui": {
        "rotation": [ 30, 40, 0 ],
        "translation": [ 0, 0, 0 ],
        "scale": [ 0.825, 0.825, 0.825 ]
    }
}
}