{
	"__comment": "Designed by Zeibo with Cubik Studio - https://cubik.studio",
	"textures": {
		"particle": "blocks/e_particle",
		"texture": "blocks/door",
		"texture1": "blocks/door2"
	},
	"elements": [ 	 
		{
			"__comment": "Box1",
			"from": [ -4, 6.5, 6 ],
			"to": [ 0, 17.5, 9 ],
			"faces": {
				"down": { "uv": [ 12, 7, 16, 10 ], "texture": "#texture" },
				"up": { "uv": [ 12, 6, 16, 9 ], "texture": "#texture" },
				"north": { "uv": [ 0, 0, 4, 9.5 ], "texture": "#texture" },
				"south": { "uv": [ 0, 0, 4, 9.5 ], "texture": "#texture" },
				"west": { "uv": [ 0, 0, 4, 9.5 ], "texture": "#texture" },
				"east": { "uv": [ 0, 0, 4, 9.5 ], "texture": "#texture" }
			}
		},
		{
			"__comment": "Box1",
			"from": [ -6, 0, 5.25 ],
			"to": [ 1, 8, 9.75 ],
			"faces": {
				"down": { "uv": [ 0, 0, 16, 16 ], "texture": "#texture" },
				"up": { "uv": [ 0, 0, 16, 16 ], "texture": "#texture" },
				"north": { "uv": [ 0, 0, 16, 16 ], "texture": "#texture" },
				"south": { "uv": [ 16, 0, 0, 16 ], "texture": "#texture" },
				"west": { "uv": [ 0, 0, 11.5, 16 ], "texture": "#texture" },
				"east": { "uv": [ 0, 0, 12, 16 ], "texture": "#texture" }
			}
		},
		{
			"__comment": "Box1",
			"from": [ 16, 6.5, 6 ],
			"to": [ 20, 17.5, 9 ],
			"faces": {
				"down": { "uv": [ 0, 7, 4, 10 ], "texture": "#texture" },
				"up": { "uv": [ 0, 6, 4, 9 ], "texture": "#texture" },
				"north": { "uv": [ 12, 0, 16, 9.5 ], "texture": "#texture" },
				"south": { "uv": [ 0, 0, 4, 9.5 ], "texture": "#texture" },
				"west": { "uv": [ 6, 0, 9, 9.5 ], "texture": "#texture" },
				"east": { "uv": [ 7, 0, 10, 9.5 ], "texture": "#texture" }
			}
		},
		{
			"__comment": "Box1",
			"from": [ 15, 0, 5 ],
			"to": [ 22, 8, 9.5 ],
			"faces": {
				"down": { "uv": [ 0, 0, 16, 16 ], "texture": "#texture" },
				"up": { "uv": [ 0, 0, 16, 16 ], "texture": "#texture" },
				"north": { "uv": [ 16, 0, 0, 16 ], "texture": "#texture" },
				"south": { "uv": [ 0, 0, 16, 16 ], "texture": "#texture" },
				"west": { "uv": [ 0, 0, 11.5, 16 ], "texture": "#texture" },
				"east": { "uv": [ 0, 0, 11.5, 16 ], "texture": "#texture" }
			}
		},
		{
			"__comment": "Box1",
			"from": [ -3, 14.5, 5.75 ],
			"to": [ 19, 18, 9.25 ],
			"faces": {
				"down": { "uv": [ 0, 6.75, 16, 10.25 ], "texture": "#texture" },
				"up": { "uv": [ 0, 5.75, 16, 9.25 ], "texture": "#texture" },
				"north": { "uv": [ 0, 0, 16, 1.5 ], "texture": "#texture" },
				"south": { "uv": [ 0, 0, 16, 1.5 ], "texture": "#texture" },
				"west": { "uv": [ 5.75, 0, 9.25, 1.5 ], "texture": "#texture" },
				"east": { "uv": [ 6.75, 0, 10.25, 1.5 ], "texture": "#texture" }
			}
		},
		{
			"__comment": "Box6",
			"from": [ 3, 14, 7 ],
			"to": [ 13, 15, 8 ],
			"faces": {
				"down": { "uv": [ 3, 8, 13, 9 ], "texture": "#texture1" },
				"up": { "uv": [ 3, 7, 13, 8 ], "texture": "#texture1" },
				"north": { "uv": [ 3, 7, 13, 8 ], "texture": "#texture1" },
				"south": { "uv": [ 3, 7, 13, 8 ], "texture": "#texture1" },
				"west": { "uv": [ 7, 7, 8, 8 ], "texture": "#texture1" },
				"east": { "uv": [ 8, 7, 9, 8 ], "texture": "#texture1" }
			}
		},
		{
			"__comment": "Box6",
			"from": [ 4, 13, 7 ],
			"to": [ 12, 14, 8 ],
			"faces": {
				"down": { "uv": [ 4, 8, 12, 9 ], "texture": "#texture1" },
				"up": { "uv": [ 4, 7, 12, 8 ], "texture": "#texture1" },
				"north": { "uv": [ 4, 8, 12, 9 ], "texture": "#texture1" },
				"south": { "uv": [ 4, 8, 12, 9 ], "texture": "#texture1" },
				"west": { "uv": [ 7, 8, 8, 9 ], "texture": "#texture1" },
				"east": { "uv": [ 8, 8, 9, 9 ], "texture": "#texture1" }
			}
		},
		{
			"__comment": "Box6",
			"from": [ 5, 12, 7 ],
			"to": [ 11, 13, 8 ],
			"faces": {
				"down": { "uv": [ 5, 8, 11, 9 ], "texture": "#texture1" },
				"up": { "uv": [ 5, 7, 11, 8 ], "texture": "#texture1" },
				"north": { "uv": [ 5, 9, 11, 10 ], "texture": "#texture1" },
				"south": { "uv": [ 5, 9, 11, 10 ], "texture": "#texture1" },
				"west": { "uv": [ 7, 9, 8, 10 ], "texture": "#texture1" },
				"east": { "uv": [ 8, 9, 9, 10 ], "texture": "#texture1" }
			}
		},
		{
			"__comment": "Box6",
			"from": [ -1, 0, 7 ],
			"to": [ 2, 6, 8 ],
			"faces": {
				"down": { "uv": [ 4, 8, 7, 9 ], "texture": "#texture1" },
				"up": { "uv": [ 4, 7, 7, 8 ], "texture": "#texture1" },
				"north": { "uv": [ 9, 10, 12, 16 ], "texture": "#texture1" },
				"south": { "uv": [ 4, 10, 7, 16 ], "texture": "#texture1" },
				"west": { "uv": [ 7, 10, 8, 16 ], "texture": "#texture1" },
				"east": { "uv": [ 8, 10, 9, 16 ], "texture": "#texture1" }
			}
		},
		{
			"__comment": "Box6",
			"from": [ 14, 0, 7 ],
			"to": [ 17, 6, 8 ],
			"faces": {
				"down": { "uv": [ 8, 8, 11, 9 ], "texture": "#texture1" },
				"up": { "uv": [ 8, 7, 11, 8 ], "texture": "#texture1" },
				"north": { "uv": [ 5, 10, 8, 16 ], "texture": "#texture1" },
				"south": { "uv": [ 8, 10, 11, 16 ], "texture": "#texture1" },
				"west": { "uv": [ 7, 10, 8, 16 ], "texture": "#texture1" },
				"east": { "uv": [ 8, 10, 9, 16 ], "texture": "#texture1" }
			}
		},
		{
			"__comment": "Box24",
			"from": [ 6.75, 11.125, 8.125 ],
			"to": [ 9.25, 13.625, 9.125 ],
			"faces": {
				"down": { "uv": [ 6, 1.5, 9, 3 ], "texture": "#texture", "rotation": 90 },
				"up": { "uv": [ 9, 3, 6, 1.5 ], "texture": "#texture", "rotation": 270 },
				"north": { "uv": [ 9, 3, 6, 1.5 ], "texture": "#texture", "rotation": 90 },
				"south": { "uv": [ 9, 3, 6, 1.5 ], "texture": "#texture", "rotation": 270 },
				"west": { "uv": [ 9, 3, 6, 1.5 ], "texture": "#texture", "rotation": 270 },
				"east": { "uv": [ 6, 1.5, 9, 3 ], "texture": "#texture", "rotation": 90 }
			}
		}
	],
	"display": {
		"head": {
			"rotation":  [ 0, 180, 0 ],
			"translation":  [ 0, -19.47, 0 ],
			"scale":  [ 3.5, 3.7, 3.5 ]
		}
	}
}