{
	"__comment": "Designed by Zeibo with Cubik Studio - https://cubik.studio",
	"textures": {
		"particle": "blocks/e_particle",
		"texture": "blocks/door",
		"texture1": "blocks/door2"
	},
	"elements": [ 	 
		{
			"__comment": "Box1",
			"from": [ -4, 6.5, 6 ],
			"to": [ 0, 17.5, 9 ],
			"faces": {
				"down": { "uv": [ 12, 7, 16, 10 ], "texture": "#texture" },
				"up": { "uv": [ 12, 6, 16, 9 ], "texture": "#texture" },
				"north": { "uv": [ 0, 0, 4, 9.5 ], "texture": "#texture" },
				"south": { "uv": [ 0, 0, 4, 9.5 ], "texture": "#texture" },
				"west": { "uv": [ 0, 0, 4, 9.5 ], "texture": "#texture" },
				"east": { "uv": [ 0, 0, 4, 9.5 ], "texture": "#texture" }
			}
		},
		{
			"__comment": "Box1",
			"from": [ -6, 0, 5.25 ],
			"to": [ 1, 8, 9.75 ],
			"faces": {
				"down": { "uv": [ 0, 0, 16, 16 ], "texture": "#texture" },
				"up": { "uv": [ 0, 0, 16, 16 ], "texture": "#texture" },
				"north": { "uv": [ 0, 0, 16, 16 ], "texture": "#texture" },
				"south": { "uv": [ 16, 0, 0, 16 ], "texture": "#texture" },
				"west": { "uv": [ 0, 0, 11.5, 16 ], "texture": "#texture" },
				"east": { "uv": [ 0, 0, 12, 16 ], "texture": "#texture" }
			}
		},
		{
			"__comment": "Box1",
			"from": [ 16, 6.5, 6 ],
			"to": [ 20, 17.5, 9 ],
			"faces": {
				"down": { "uv": [ 0, 7, 4, 10 ], "texture": "#texture" },
				"up": { "uv": [ 0, 6, 4, 9 ], "texture": "#texture" },
				"north": { "uv": [ 12, 0, 16, 9.5 ], "texture": "#texture" },
				"south": { "uv": [ 0, 0, 4, 9.5 ], "texture": "#texture" },
				"west": { "uv": [ 6, 0, 9, 9.5 ], "texture": "#texture" },
				"east": { "uv": [ 7, 0, 10, 9.5 ], "texture": "#texture" }
			}
		},
		{
			"__comment": "Box1",
			"from": [ 15, 0, 5 ],
			"to": [ 22, 8, 9.5 ],
			"faces": {
				"down": { "uv": [ 0, 0, 16, 16 ], "texture": "#texture" },
				"up": { "uv": [ 0, 0, 16, 16 ], "texture": "#texture" },
				"north": { "uv": [ 16, 0, 0, 16 ], "texture": "#texture" },
				"south": { "uv": [ 0, 0, 16, 16 ], "texture": "#texture" },
				"west": { "uv": [ 0, 0, 11.5, 16 ], "texture": "#texture" },
				"east": { "uv": [ 0, 0, 11.5, 16 ], "texture": "#texture" }
			}
		},
		{
			"__comment": "Box1",
			"from": [ -3, 14.5, 5.75 ],
			"to": [ 19, 18, 9.25 ],
			"faces": {
				"down": { "uv": [ 0, 6.75, 16, 10.25 ], "texture": "#texture" },
				"up": { "uv": [ 0, 5.75, 16, 9.25 ], "texture": "#texture" },
				"north": { "uv": [ 0, 0, 16, 1.5 ], "texture": "#texture" },
				"south": { "uv": [ 0, 0, 16, 1.5 ], "texture": "#texture" },
				"west": { "uv": [ 5.75, 0, 9.25, 1.5 ], "texture": "#texture" },
				"east": { "uv": [ 6.75, 0, 10.25, 1.5 ], "texture": "#texture" }
			}
		},
		{
			"__comment": "Box6",
			"from": [ 0, 11, 7 ],
			"to": [ 16, 14.5, 8 ],
			"faces": {
				"down": { "uv": [ 0, 8, 16, 9 ], "texture": "#texture1" },
				"up": { "uv": [ 0, 7, 16, 8 ], "texture": "#texture1" },
				"north": { "uv": [ 0, 1.5, 16, 5 ], "texture": "#texture1" },
				"south": { "uv": [ 0, 1.5, 16, 5 ], "texture": "#texture1" },
				"west": { "uv": [ 7, 1.5, 8, 5 ], "texture": "#texture1" },
				"east": { "uv": [ 8, 1.5, 9, 5 ], "texture": "#texture1" }
			}
		},
		{
			"__comment": "Box6",
			"from": [ 1, 10, 7 ],
			"to": [ 15, 11, 8 ],
			"faces": {
				"down": { "uv": [ 1, 8, 15, 9 ], "texture": "#texture1" },
				"up": { "uv": [ 1, 7, 15, 8 ], "texture": "#texture1" },
				"north": { "uv": [ 1, 5, 15, 6 ], "texture": "#texture1" },
				"south": { "uv": [ 1, 5, 15, 6 ], "texture": "#texture1" },
				"west": { "uv": [ 7, 5, 8, 6 ], "texture": "#texture1" },
				"east": { "uv": [ 8, 5, 9, 6 ], "texture": "#texture1" }
			}
		},
		{
			"__comment": "Box6",
			"from": [ 2, 9, 7 ],
			"to": [ 14, 10, 8 ],
			"faces": {
				"down": { "uv": [ 2, 8, 14, 9 ], "texture": "#texture1" },
				"up": { "uv": [ 2, 7, 14, 8 ], "texture": "#texture1" },
				"north": { "uv": [ 2, 6, 14, 7 ], "texture": "#texture1" },
				"south": { "uv": [ 2, 6, 14, 7 ], "texture": "#texture1" },
				"west": { "uv": [ 7, 6, 8, 7 ], "texture": "#texture1" },
				"east": { "uv": [ 8, 6, 9, 7 ], "texture": "#texture1" }
			}
		},
		{
			"__comment": "Box6",
			"from": [ 3, 8, 7 ],
			"to": [ 13, 9, 8 ],
			"faces": {
				"down": { "uv": [ 3, 8, 13, 9 ], "texture": "#texture1" },
				"up": { "uv": [ 3, 7, 13, 8 ], "texture": "#texture1" },
				"north": { "uv": [ 3, 7, 13, 8 ], "texture": "#texture1" },
				"south": { "uv": [ 3, 7, 13, 8 ], "texture": "#texture1" },
				"west": { "uv": [ 7, 7, 8, 8 ], "texture": "#texture1" },
				"east": { "uv": [ 8, 7, 9, 8 ], "texture": "#texture1" }
			}
		},
		{
			"__comment": "Box6",
			"from": [ 4, 7, 7 ],
			"to": [ 12, 8, 8 ],
			"faces": {
				"down": { "uv": [ 4, 8, 12, 9 ], "texture": "#texture1" },
				"up": { "uv": [ 4, 7, 12, 8 ], "texture": "#texture1" },
				"north": { "uv": [ 4, 8, 12, 9 ], "texture": "#texture1" },
				"south": { "uv": [ 4, 8, 12, 9 ], "texture": "#texture1" },
				"west": { "uv": [ 7, 8, 8, 9 ], "texture": "#texture1" },
				"east": { "uv": [ 8, 8, 9, 9 ], "texture": "#texture1" }
			}
		},
		{
			"__comment": "Box6",
			"from": [ 5, 6, 7 ],
			"to": [ 11, 7, 8 ],
			"faces": {
				"down": { "uv": [ 5, 8, 11, 9 ], "texture": "#texture1" },
				"up": { "uv": [ 5, 7, 11, 8 ], "texture": "#texture1" },
				"north": { "uv": [ 5, 9, 11, 10 ], "texture": "#texture1" },
				"south": { "uv": [ 5, 9, 11, 10 ], "texture": "#texture1" },
				"west": { "uv": [ 7, 9, 8, 10 ], "texture": "#texture1" },
				"east": { "uv": [ 8, 9, 9, 10 ], "texture": "#texture1" }
			}
		},
		{
			"__comment": "Box6",
			"from": [ 0, 0, 7 ],
			"to": [ 1, 11, 8 ],
			"faces": {
				"down": { "uv": [ 0, 8, 1, 9 ], "texture": "#texture1" },
				"up": { "uv": [ 0, 7, 1, 8 ], "texture": "#texture1" },
				"north": { "uv": [ 15, 5, 16, 16 ], "texture": "#texture1" },
				"south": { "uv": [ 0, 5, 1, 16 ], "texture": "#texture1" },
				"west": { "uv": [ 7, 5, 8, 16 ], "texture": "#texture1" },
				"east": { "uv": [ 8, 5, 9, 16 ], "texture": "#texture1" }
			}
		},
		{
			"__comment": "Box6",
			"from": [ 1, 0, 7 ],
			"to": [ 2, 10, 8 ],
			"faces": {
				"down": { "uv": [ 1, 8, 2, 9 ], "texture": "#texture1" },
				"up": { "uv": [ 1, 7, 2, 8 ], "texture": "#texture1" },
				"north": { "uv": [ 14, 6, 15, 16 ], "texture": "#texture1" },
				"south": { "uv": [ 1, 6, 2, 16 ], "texture": "#texture1" },
				"west": { "uv": [ 7, 6, 8, 16 ], "texture": "#texture1" },
				"east": { "uv": [ 8, 6, 9, 16 ], "texture": "#texture1" }
			}
		},
		{
			"__comment": "Box6",
			"from": [ 2, 0, 7 ],
			"to": [ 3, 9, 8 ],
			"faces": {
				"down": { "uv": [ 2, 8, 3, 9 ], "texture": "#texture1" },
				"up": { "uv": [ 2, 7, 3, 8 ], "texture": "#texture1" },
				"north": { "uv": [ 13, 7, 14, 16 ], "texture": "#texture1" },
				"south": { "uv": [ 2, 7, 3, 16 ], "texture": "#texture1" },
				"west": { "uv": [ 7, 7, 8, 16 ], "texture": "#texture1" },
				"east": { "uv": [ 8, 7, 9, 16 ], "texture": "#texture1" }
			}
		},
		{
			"__comment": "Box6",
			"from": [ 3, 0, 7 ],
			"to": [ 4, 8, 8 ],
			"faces": {
				"down": { "uv": [ 3, 8, 4, 9 ], "texture": "#texture1" },
				"up": { "uv": [ 3, 7, 4, 8 ], "texture": "#texture1" },
				"north": { "uv": [ 12, 8, 13, 16 ], "texture": "#texture1" },
				"south": { "uv": [ 3, 8, 4, 16 ], "texture": "#texture1" },
				"west": { "uv": [ 7, 8, 8, 16 ], "texture": "#texture1" },
				"east": { "uv": [ 8, 8, 9, 16 ], "texture": "#texture1" }
			}
		},
		{
			"__comment": "Box6",
			"from": [ 4, 0, 7 ],
			"to": [ 5, 7, 8 ],
			"faces": {
				"down": { "uv": [ 4, 8, 5, 9 ], "texture": "#texture1" },
				"up": { "uv": [ 4, 7, 5, 8 ], "texture": "#texture1" },
				"north": { "uv": [ 11, 9, 12, 16 ], "texture": "#texture1" },
				"south": { "uv": [ 4, 9, 5, 16 ], "texture": "#texture1" },
				"west": { "uv": [ 7, 9, 8, 16 ], "texture": "#texture1" },
				"east": { "uv": [ 8, 9, 9, 16 ], "texture": "#texture1" }
			}
		},
		{
			"__comment": "Box6",
			"from": [ 5, 0, 7 ],
			"to": [ 8, 6, 8 ],
			"faces": {
				"down": { "uv": [ 5, 8, 8, 9 ], "texture": "#texture1" },
				"up": { "uv": [ 5, 7, 8, 8 ], "texture": "#texture1" },
				"north": { "uv": [ 8, 10, 11, 16 ], "texture": "#texture1" },
				"south": { "uv": [ 5, 10, 8, 16 ], "texture": "#texture1" },
				"west": { "uv": [ 7, 10, 8, 16 ], "texture": "#texture1" },
				"east": { "uv": [ 8, 10, 9, 16 ], "texture": "#texture1" }
			}
		},
		{
			"__comment": "Box6",
			"from": [ 15, 0, 7 ],
			"to": [ 16, 11, 8 ],
			"faces": {
				"down": { "uv": [ 15, 8, 16, 9 ], "texture": "#texture1" },
				"up": { "uv": [ 15, 7, 16, 8 ], "texture": "#texture1" },
				"north": { "uv": [ 0, 5, 1, 16 ], "texture": "#texture1" },
				"south": { "uv": [ 15, 5, 16, 16 ], "texture": "#texture1" },
				"west": { "uv": [ 7, 5, 8, 16 ], "texture": "#texture1" },
				"east": { "uv": [ 8, 5, 9, 16 ], "texture": "#texture1" }
			}
		},
		{
			"__comment": "Box6",
			"from": [ 14, 0, 7 ],
			"to": [ 15, 10, 8 ],
			"faces": {
				"down": { "uv": [ 14, 8, 15, 9 ], "texture": "#texture1" },
				"up": { "uv": [ 14, 7, 15, 8 ], "texture": "#texture1" },
				"north": { "uv": [ 1, 6, 2, 16 ], "texture": "#texture1" },
				"south": { "uv": [ 14, 6, 15, 16 ], "texture": "#texture1" },
				"west": { "uv": [ 7, 6, 8, 16 ], "texture": "#texture1" },
				"east": { "uv": [ 8, 6, 9, 16 ], "texture": "#texture1" }
			}
		},
		{
			"__comment": "Box6",
			"from": [ 13, 0, 7 ],
			"to": [ 14, 9, 8 ],
			"faces": {
				"down": { "uv": [ 13, 8, 14, 9 ], "texture": "#texture1" },
				"up": { "uv": [ 13, 7, 14, 8 ], "texture": "#texture1" },
				"north": { "uv": [ 2, 7, 3, 16 ], "texture": "#texture1" },
				"south": { "uv": [ 13, 7, 14, 16 ], "texture": "#texture1" },
				"west": { "uv": [ 7, 7, 8, 16 ], "texture": "#texture1" },
				"east": { "uv": [ 8, 7, 9, 16 ], "texture": "#texture1" }
			}
		},
		{
			"__comment": "Box6",
			"from": [ 12, 0, 7 ],
			"to": [ 13, 8, 8 ],
			"faces": {
				"down": { "uv": [ 12, 8, 13, 9 ], "texture": "#texture1" },
				"up": { "uv": [ 12, 7, 13, 8 ], "texture": "#texture1" },
				"north": { "uv": [ 3, 8, 4, 16 ], "texture": "#texture1" },
				"south": { "uv": [ 12, 8, 13, 16 ], "texture": "#texture1" },
				"west": { "uv": [ 7, 8, 8, 16 ], "texture": "#texture1" },
				"east": { "uv": [ 8, 8, 9, 16 ], "texture": "#texture1" }
			}
		},
		{
			"__comment": "Box6",
			"from": [ 11, 0, 7 ],
			"to": [ 12, 7, 8 ],
			"faces": {
				"down": { "uv": [ 11, 8, 12, 9 ], "texture": "#texture1" },
				"up": { "uv": [ 11, 7, 12, 8 ], "texture": "#texture1" },
				"north": { "uv": [ 4, 9, 5, 16 ], "texture": "#texture1" },
				"south": { "uv": [ 11, 9, 12, 16 ], "texture": "#texture1" },
				"west": { "uv": [ 7, 9, 8, 16 ], "texture": "#texture1" },
				"east": { "uv": [ 8, 9, 9, 16 ], "texture": "#texture1" }
			}
		},
		{
			"__comment": "Box6",
			"from": [ 8, 0, 7 ],
			"to": [ 11, 6, 8 ],
			"faces": {
				"down": { "uv": [ 8, 8, 11, 9 ], "texture": "#texture1" },
				"up": { "uv": [ 8, 7, 11, 8 ], "texture": "#texture1" },
				"north": { "uv": [ 5, 10, 8, 16 ], "texture": "#texture1" },
				"south": { "uv": [ 8, 10, 11, 16 ], "texture": "#texture1" },
				"west": { "uv": [ 7, 10, 8, 16 ], "texture": "#texture1" },
				"east": { "uv": [ 8, 10, 9, 16 ], "texture": "#texture1" }
			}
		},
		{
			"__comment": "Box24",
			"from": [ 6.75, 5.125, 8.125 ],
			"to": [ 9.25, 7.625, 9.125 ],
			"faces": {
				"down": { "uv": [ 6, 1.5, 9, 3 ], "texture": "#texture" },
				"up": { "uv": [ 6, 1.5, 9, 3 ], "texture": "#texture" },
				"north": { "uv": [ 6, 1.5, 9, 3 ], "texture": "#texture" },
				"south": { "uv": [ 6, 1.5, 9, 3 ], "texture": "#texture" },
				"west": { "uv": [ 6, 1.5, 9, 3 ], "texture": "#texture" },
				"east": { "uv": [ 6, 1.5, 9, 3 ], "texture": "#texture" }
			}
		},
		{
			"__comment": "Box25",
			"from": [ -0.25, 6.5, 8.375 ],
			"to": [ 5.75, 7, 8.875 ],
			"faces": {
				"down": { "uv": [ 2.5, 2, 8.5, 2.5 ], "texture": "#texture" },
				"up": { "uv": [ 2.5, 2, 8.5, 2.5 ], "texture": "#texture" },
				"north": { "uv": [ 2.5, 2, 8.5, 2.5 ], "texture": "#texture" },
				"south": { "uv": [ 2.5, 2, 8.5, 2.5 ], "texture": "#texture" },
				"west": { "uv": [ 2.5, 2, 8.5, 2.5 ], "texture": "#texture" },
				"east": { "uv": [ 2.5, 2, 8.5, 2.5 ], "texture": "#texture" }
			}
		},
		{
			"__comment": "Box25",
			"from": [ 10.25, 6, 8.5 ],
			"to": [ 16.25, 6.5, 9 ],
			"faces": {
				"down": { "uv": [ 2.5, 2, 8.5, 2.5 ], "texture": "#texture" },
				"up": { "uv": [ 2.5, 2, 8.5, 2.5 ], "texture": "#texture" },
				"north": { "uv": [ 2.5, 2, 8.5, 2.5 ], "texture": "#texture" },
				"south": { "uv": [ 2.5, 2, 8.5, 2.5 ], "texture": "#texture" },
				"west": { "uv": [ 2.5, 2, 8.5, 2.5 ], "texture": "#texture" },
				"east": { "uv": [ 2.5, 2, 8.5, 2.5 ], "texture": "#texture" }
			}
		}
	],
	"display": {
		"head": {
			"rotation":  [ 0, 180, 0 ],
			"translation":  [ 0, -19.47, 0 ],
			"scale":  [ 3.5, 3.7, 3.5 ]
		}
	}
}