{
	"__comment": "Designed by Zeibo with Cubik Studio - https://cubik.studio",
	"parent": "block/block",
	"textures": {
		"particle": "block/anvil",
		"body": "block/anvil",
		"top": "block/anvil_top",
		"texture": "block/gravel",
		"texture1": "block/cobblestone",
		"texture2": "block/andesite",
		"texture3": "block/brown_concrete_powder",
		"texture4": "block/podzol_top"
	},
	"elements": [ 	 
		{
			"__comment": "Anvil1",
			"from": [ -4.375, 0.75, 5.25 ],
			"to": [ 1.625, 2.75, 11.25 ],
			"faces": {
				"down": { "uv": [ 2, 2, 14, 14 ], "texture": "#body", "cullface": "down", "rotation": 180 },
				"up": { "uv": [ 2, 2, 14, 14 ], "texture": "#body", "rotation": 180 },
				"north": { "uv": [ 2, 12, 14, 16 ], "texture": "#body" },
				"south": { "uv": [ 2, 12, 14, 16 ], "texture": "#body" },
				"west": { "uv": [ 0, 2, 4, 14 ], "texture": "#body", "rotation": 90 },
				"east": { "uv": [ 4, 2, 0, 14 ], "texture": "#body", "rotation": 270 }
			}
		},
		{
			"__comment": "Anvil2",
			"from": [ -3.375, 2.75, 5.75 ],
			"to": [ 0.625, 3.25, 10.75 ],
			"faces": {
				"down": { "uv": [ 4, 3, 12, 13 ], "texture": "#body", "rotation": 180 },
				"up": { "uv": [ 4, 3, 12, 13 ], "texture": "#body", "rotation": 180 },
				"north": { "uv": [ 4, 11, 12, 12 ], "texture": "#body" },
				"south": { "uv": [ 4, 11, 12, 12 ], "texture": "#body" },
				"west": { "uv": [ 4, 3, 5, 13 ], "texture": "#body", "rotation": 90 },
				"east": { "uv": [ 5, 3, 4, 13 ], "texture": "#body", "rotation": 270 }
			}
		},
		{
			"__comment": "Anvil3",
			"from": [ -2.375, 3.25, 6.375 ],
			"to": [ -0.375, 5.75, 10.375 ],
			"faces": {
				"down": { "uv": [ 10, 12, 6, 4 ], "texture": "#body", "rotation": 180 },
				"up": { "uv": [ 10, 12, 6, 4 ], "texture": "#body", "rotation": 180 },
				"north": { "uv": [ 6, 6, 10, 11 ], "texture": "#body" },
				"south": { "uv": [ 6, 6, 10, 11 ], "texture": "#body" },
				"west": { "uv": [ 5, 4, 10, 12 ], "texture": "#body", "rotation": 90 },
				"east": { "uv": [ 10, 4, 5, 12 ], "texture": "#body", "rotation": 270 }
			}
		},
		{
			"__comment": "Anvil4",
			"from": [ -3.875, 5.75, 5 ],
			"to": [ 1.125, 8.75, 13 ],
			"faces": {
				"down": { "uv": [ 3, 0, 13, 16 ], "texture": "#body", "rotation": 180 },
				"up": { "uv": [ 3, 0, 13, 16 ], "texture": "#top", "rotation": 180 },
				"north": { "uv": [ 3, 0, 13, 6 ], "texture": "#body" },
				"south": { "uv": [ 3, 0, 13, 6 ], "texture": "#body" },
				"west": { "uv": [ 10, 0, 16, 16 ], "texture": "#body", "rotation": 90 },
				"east": { "uv": [ 16, 0, 10, 16 ], "texture": "#body", "rotation": 270 }
			}
		},
		{
			"__comment": "Anvil",
			"from": [ -1.375, 5.875, 2.5 ],
			"to": [ 2.125, 8.625, 6 ],
			"rotation": { "origin": [ -1.375, 5.875, 2.5 ], "axis": "y", "angle": -45 },
			"faces": {
				"down": { "uv": [ 3, 0, 13, 16 ], "texture": "#body", "rotation": 180 },
				"up": { "uv": [ 3, 0, 13, 16 ], "texture": "#top", "rotation": 180 },
				"north": { "uv": [ 3, 0, 13, 6 ], "texture": "#body" },
				"south": { "uv": [ 3, 0, 13, 6 ], "texture": "#body" },
				"west": { "uv": [ 10, 0, 16, 16 ], "texture": "#body", "rotation": 90 },
				"east": { "uv": [ 16, 0, 10, 16 ], "texture": "#body", "rotation": 270 }
			}
		},
		{
			"__comment": "Box6",
			"from": [ 5.25, -4.25, 0.5 ],
			"to": [ 10.25, 0.75, 5.5 ],
			"faces": {
				"down": { "uv": [ 0, 0, 16, 16 ], "texture": "#texture" },
				"up": { "uv": [ 0, 0, 16, 16 ], "texture": "#texture" },
				"north": { "uv": [ 0, 0, 16, 16 ], "texture": "#texture" },
				"south": { "uv": [ 0, 0, 16, 16 ], "texture": "#texture" },
				"west": { "uv": [ 0, 0, 16, 16 ], "texture": "#texture" },
				"east": { "uv": [ 0, 0, 16, 16 ], "texture": "#texture" }
			}
		},
		{
			"__comment": "Box6",
			"from": [ 10.25, -4.25, 0.5 ],
			"to": [ 15.25, 0.75, 5.5 ],
			"faces": {
				"down": { "uv": [ 0, 0, 16, 16 ], "texture": "#texture1" },
				"up": { "uv": [ 0, 0, 16, 16 ], "texture": "#texture1" },
				"north": { "uv": [ 0, 0, 16, 16 ], "texture": "#texture1" },
				"south": { "uv": [ 0, 0, 16, 16 ], "texture": "#texture1" },
				"west": { "uv": [ 0, 0, 16, 16 ], "texture": "#texture1" },
				"east": { "uv": [ 0, 0, 16, 16 ], "texture": "#texture1" }
			}
		},
		{
			"__comment": "Box6",
			"from": [ 5.25, -4.25, -4.5 ],
			"to": [ 10.25, 0.75, 0.5 ],
			"faces": {
				"down": { "uv": [ 0, 0, 16, 16 ], "texture": "#texture1" },
				"up": { "uv": [ 0, 0, 16, 16 ], "texture": "#texture1" },
				"north": { "uv": [ 0, 0, 16, 16 ], "texture": "#texture1" },
				"south": { "uv": [ 0, 0, 16, 16 ], "texture": "#texture1" },
				"west": { "uv": [ 0, 0, 16, 16 ], "texture": "#texture1" },
				"east": { "uv": [ 0, 0, 16, 16 ], "texture": "#texture1" }
			}
		},
		{
			"__comment": "Box6",
			"from": [ 5.25, -4.25, 5.5 ],
			"to": [ 10.25, 0.75, 10.5 ],
			"faces": {
				"down": { "uv": [ 0, 0, 16, 16 ], "texture": "#texture1" },
				"up": { "uv": [ 0, 0, 16, 16 ], "texture": "#texture1" },
				"north": { "uv": [ 0, 0, 16, 16 ], "texture": "#texture1" },
				"south": { "uv": [ 0, 0, 16, 16 ], "texture": "#texture1" },
				"west": { "uv": [ 0, 0, 16, 16 ], "texture": "#texture1" },
				"east": { "uv": [ 0, 0, 16, 16 ], "texture": "#texture1" }
			}
		},
		{
			"__comment": "Box6",
			"from": [ 0.25, -4.25, 5.5 ],
			"to": [ 5.25, 0.75, 10.5 ],
			"faces": {
				"down": { "uv": [ 0, 0, 16, 16 ], "texture": "#texture" },
				"up": { "uv": [ 0, 0, 16, 16 ], "texture": "#texture" },
				"north": { "uv": [ 0, 0, 16, 16 ], "texture": "#texture" },
				"south": { "uv": [ 0, 0, 16, 16 ], "texture": "#texture" },
				"west": { "uv": [ 0, 0, 16, 16 ], "texture": "#texture" },
				"east": { "uv": [ 0, 0, 16, 16 ], "texture": "#texture" }
			}
		},
		{
			"__comment": "Box6",
			"from": [ 15.25, -4.25, 0.5 ],
			"to": [ 20.25, 0.75, 5.5 ],
			"faces": {
				"down": { "uv": [ 0, 0, 16, 16 ], "texture": "#texture" },
				"up": { "uv": [ 0, 0, 16, 16 ], "texture": "#texture" },
				"north": { "uv": [ 0, 0, 16, 16 ], "texture": "#texture" },
				"south": { "uv": [ 0, 0, 16, 16 ], "texture": "#texture" },
				"west": { "uv": [ 0, 0, 16, 16 ], "texture": "#texture" },
				"east": { "uv": [ 0, 0, 16, 16 ], "texture": "#texture" }
			}
		},
		{
			"__comment": "Box6",
			"from": [ 10.25, -4.25, 10.5 ],
			"to": [ 15.25, 0.75, 15.5 ],
			"faces": {
				"down": { "uv": [ 0, 0, 16, 16 ], "texture": "#texture" },
				"up": { "uv": [ 0, 0, 16, 16 ], "texture": "#texture" },
				"north": { "uv": [ 0, 0, 16, 16 ], "texture": "#texture" },
				"south": { "uv": [ 0, 0, 16, 16 ], "texture": "#texture" },
				"west": { "uv": [ 0, 0, 16, 16 ], "texture": "#texture" },
				"east": { "uv": [ 0, 0, 16, 16 ], "texture": "#texture" }
			}
		},
		{
			"__comment": "Box6",
			"from": [ 10.25, -4.25, 5.5 ],
			"to": [ 15.25, 0.75, 10.5 ],
			"faces": {
				"down": { "uv": [ 0, 0, 16, 16 ], "texture": "#texture2" },
				"up": { "uv": [ 0, 0, 16, 16 ], "texture": "#texture2" },
				"north": { "uv": [ 0, 0, 16, 16 ], "texture": "#texture2" },
				"south": { "uv": [ 0, 0, 16, 16 ], "texture": "#texture2" },
				"west": { "uv": [ 0, 0, 16, 16 ], "texture": "#texture2" },
				"east": { "uv": [ 0, 0, 16, 16 ], "texture": "#texture2" }
			}
		},
		{
			"__comment": "Box6",
			"from": [ 15.25, -4.25, 10.5 ],
			"to": [ 20.25, 0.75, 15.5 ],
			"faces": {
				"down": { "uv": [ 0, 0, 16, 16 ], "texture": "#texture3" },
				"up": { "uv": [ 0, 0, 16, 16 ], "texture": "#texture3" },
				"north": { "uv": [ 0, 0, 16, 16 ], "texture": "#texture3" },
				"south": { "uv": [ 0, 0, 16, 16 ], "texture": "#texture3" },
				"west": { "uv": [ 0, 0, 16, 16 ], "texture": "#texture3" },
				"east": { "uv": [ 0, 0, 16, 16 ], "texture": "#texture3" }
			}
		},
		{
			"__comment": "Box6",
			"from": [ 5.25, -4.25, 10.5 ],
			"to": [ 10.25, 0.75, 15.5 ],
			"faces": {
				"down": { "uv": [ 0, 0, 16, 16 ], "texture": "#texture2" },
				"up": { "uv": [ 0, 0, 16, 16 ], "texture": "#texture2" },
				"north": { "uv": [ 0, 0, 16, 16 ], "texture": "#texture2" },
				"south": { "uv": [ 0, 0, 16, 16 ], "texture": "#texture2" },
				"west": { "uv": [ 0, 0, 16, 16 ], "texture": "#texture2" },
				"east": { "uv": [ 0, 0, 16, 16 ], "texture": "#texture2" }
			}
		},
		{
			"__comment": "Box6",
			"from": [ 0.25, -4.25, 0.5 ],
			"to": [ 5.25, 0.75, 5.5 ],
			"faces": {
				"down": { "uv": [ 0, 0, 16, 16 ], "texture": "#texture2" },
				"up": { "uv": [ 0, 0, 16, 16 ], "texture": "#texture2" },
				"north": { "uv": [ 0, 0, 16, 16 ], "texture": "#texture2" },
				"south": { "uv": [ 0, 0, 16, 16 ], "texture": "#texture2" },
				"west": { "uv": [ 0, 0, 16, 16 ], "texture": "#texture2" },
				"east": { "uv": [ 0, 0, 16, 16 ], "texture": "#texture2" }
			}
		},
		{
			"__comment": "Box6",
			"from": [ 15.25, -4.25, 5.5 ],
			"to": [ 20.25, 0.75, 10.5 ],
			"faces": {
				"down": { "uv": [ 0, 0, 16, 16 ], "texture": "#texture2" },
				"up": { "uv": [ 0, 0, 16, 16 ], "texture": "#texture2" },
				"north": { "uv": [ 0, 0, 16, 16 ], "texture": "#texture2" },
				"south": { "uv": [ 0, 0, 16, 16 ], "texture": "#texture2" },
				"west": { "uv": [ 0, 0, 16, 16 ], "texture": "#texture2" },
				"east": { "uv": [ 0, 0, 16, 16 ], "texture": "#texture2" }
			}
		},
		{
			"__comment": "Box6",
			"from": [ 0.25, -4.25, 10.5 ],
			"to": [ 5.25, 0.75, 15.5 ],
			"faces": {
				"down": { "uv": [ 0, 0, 16, 16 ], "texture": "#texture1" },
				"up": { "uv": [ 0, 0, 16, 16 ], "texture": "#texture1" },
				"north": { "uv": [ 0, 0, 16, 16 ], "texture": "#texture1" },
				"south": { "uv": [ 0, 0, 16, 16 ], "texture": "#texture1" },
				"west": { "uv": [ 0, 0, 16, 16 ], "texture": "#texture1" },
				"east": { "uv": [ 0, 0, 16, 16 ], "texture": "#texture1" }
			}
		},
		{
			"__comment": "Box6",
			"from": [ -4.75, -4.25, 10.5 ],
			"to": [ 0.25, 0.75, 15.5 ],
			"faces": {
				"down": { "uv": [ 0, 0, 16, 16 ], "texture": "#texture1" },
				"up": { "uv": [ 0, 0, 16, 16 ], "texture": "#texture1" },
				"north": { "uv": [ 0, 0, 16, 16 ], "texture": "#texture1" },
				"south": { "uv": [ 0, 0, 16, 16 ], "texture": "#texture1" },
				"west": { "uv": [ 0, 0, 16, 16 ], "texture": "#texture1" },
				"east": { "uv": [ 0, 0, 16, 16 ], "texture": "#texture1" }
			}
		},
		{
			"__comment": "Box6",
			"from": [ 15.25, -4.25, 15.5 ],
			"to": [ 20.25, 0.75, 20.5 ],
			"faces": {
				"down": { "uv": [ 0, 0, 16, 16 ], "texture": "#texture1" },
				"up": { "uv": [ 0, 0, 16, 16 ], "texture": "#texture1" },
				"north": { "uv": [ 0, 0, 16, 16 ], "texture": "#texture1" },
				"south": { "uv": [ 0, 0, 16, 16 ], "texture": "#texture1" },
				"west": { "uv": [ 0, 0, 16, 16 ], "texture": "#texture1" },
				"east": { "uv": [ 0, 0, 16, 16 ], "texture": "#texture1" }
			}
		},
		{
			"__comment": "Box6",
			"from": [ 20.25, -4.25, 10.5 ],
			"to": [ 25.25, 0.75, 15.5 ],
			"faces": {
				"down": { "uv": [ 0, 0, 16, 16 ], "texture": "#texture" },
				"up": { "uv": [ 0, 0, 16, 16 ], "texture": "#texture" },
				"north": { "uv": [ 0, 0, 16, 16 ], "texture": "#texture" },
				"south": { "uv": [ 0, 0, 16, 16 ], "texture": "#texture" },
				"west": { "uv": [ 0, 0, 16, 16 ], "texture": "#texture" },
				"east": { "uv": [ 0, 0, 16, 16 ], "texture": "#texture" }
			}
		},
		{
			"__comment": "Box6",
			"from": [ 0.25, -4.25, 15.5 ],
			"to": [ 5.25, 0.75, 20.5 ],
			"faces": {
				"down": { "uv": [ 0, 0, 16, 16 ], "texture": "#texture2" },
				"up": { "uv": [ 0, 0, 16, 16 ], "texture": "#texture2" },
				"north": { "uv": [ 0, 0, 16, 16 ], "texture": "#texture2" },
				"south": { "uv": [ 0, 0, 16, 16 ], "texture": "#texture2" },
				"west": { "uv": [ 0, 0, 16, 16 ], "texture": "#texture2" },
				"east": { "uv": [ 0, 0, 16, 16 ], "texture": "#texture2" }
			}
		},
		{
			"__comment": "Box6",
			"from": [ 10.25, -4.25, 15.5 ],
			"to": [ 15.25, 0.75, 20.5 ],
			"faces": {
				"down": { "uv": [ 0, 0, 16, 16 ], "texture": "#texture2" },
				"up": { "uv": [ 0, 0, 16, 16 ], "texture": "#texture2" },
				"north": { "uv": [ 0, 0, 16, 16 ], "texture": "#texture2" },
				"south": { "uv": [ 0, 0, 16, 16 ], "texture": "#texture2" },
				"west": { "uv": [ 0, 0, 16, 16 ], "texture": "#texture2" },
				"east": { "uv": [ 0, 0, 16, 16 ], "texture": "#texture2" }
			}
		},
		{
			"__comment": "Box6",
			"from": [ -4.75, -4.25, 5.5 ],
			"to": [ 0.25, 0.75, 10.5 ],
			"faces": {
				"down": { "uv": [ 0, 0, 16, 16 ], "texture": "#texture2" },
				"up": { "uv": [ 0, 0, 16, 16 ], "texture": "#texture2" },
				"north": { "uv": [ 0, 0, 16, 16 ], "texture": "#texture2" },
				"south": { "uv": [ 0, 0, 16, 16 ], "texture": "#texture2" },
				"west": { "uv": [ 0, 0, 16, 16 ], "texture": "#texture2" },
				"east": { "uv": [ 0, 0, 16, 16 ], "texture": "#texture2" }
			}
		},
		{
			"__comment": "Box6",
			"from": [ -4.75, -4.25, -4.5 ],
			"to": [ 0.25, 0.75, 0.5 ],
			"faces": {
				"down": { "uv": [ 0, 0, 16, 16 ], "texture": "#texture2" },
				"up": { "uv": [ 0, 0, 16, 16 ], "texture": "#texture2" },
				"north": { "uv": [ 0, 0, 16, 16 ], "texture": "#texture2" },
				"south": { "uv": [ 0, 0, 16, 16 ], "texture": "#texture2" },
				"west": { "uv": [ 0, 0, 16, 16 ], "texture": "#texture2" },
				"east": { "uv": [ 0, 0, 16, 16 ], "texture": "#texture2" }
			}
		},
		{
			"__comment": "Box6",
			"from": [ -4.75, -4.25, 0.5 ],
			"to": [ 0.25, 0.75, 5.5 ],
			"faces": {
				"down": { "uv": [ 0, 0, 16, 16 ], "texture": "#texture1" },
				"up": { "uv": [ 0, 0, 16, 16 ], "texture": "#texture1" },
				"north": { "uv": [ 0, 0, 16, 16 ], "texture": "#texture1" },
				"south": { "uv": [ 0, 0, 16, 16 ], "texture": "#texture1" },
				"west": { "uv": [ 0, 0, 16, 16 ], "texture": "#texture1" },
				"east": { "uv": [ 0, 0, 16, 16 ], "texture": "#texture1" }
			}
		},
		{
			"__comment": "Box6",
			"from": [ 10.25, -4.25, -4.5 ],
			"to": [ 15.25, 0.75, 0.5 ],
			"faces": {
				"down": { "uv": [ 0, 0, 16, 16 ], "texture": "#texture" },
				"up": { "uv": [ 0, 0, 16, 16 ], "texture": "#texture" },
				"north": { "uv": [ 0, 0, 16, 16 ], "texture": "#texture" },
				"south": { "uv": [ 0, 0, 16, 16 ], "texture": "#texture" },
				"west": { "uv": [ 0, 0, 16, 16 ], "texture": "#texture" },
				"east": { "uv": [ 0, 0, 16, 16 ], "texture": "#texture" }
			}
		},
		{
			"__comment": "Box6",
			"from": [ -4.75, -5, 15.5 ],
			"to": [ 0.25, 0, 20.5 ],
			"faces": {
				"down": { "uv": [ 0, 0, 16, 16 ], "texture": "#texture3" },
				"up": { "uv": [ 0, 0, 16, 16 ], "texture": "#texture3" },
				"north": { "uv": [ 0, 0, 16, 16 ], "texture": "#texture3" },
				"south": { "uv": [ 0, 0, 16, 16 ], "texture": "#texture3" },
				"west": { "uv": [ 0, 0, 16, 16 ], "texture": "#texture3" },
				"east": { "uv": [ 0, 0, 16, 16 ], "texture": "#texture3" }
			}
		},
		{
			"__comment": "Box6",
			"from": [ -9.75, -5, 5.5 ],
			"to": [ -4.75, 0, 10.5 ],
			"faces": {
				"down": { "uv": [ 0, 0, 16, 16 ], "texture": "#texture3" },
				"up": { "uv": [ 0, 0, 16, 16 ], "texture": "#texture3" },
				"north": { "uv": [ 0, 0, 16, 16 ], "texture": "#texture3" },
				"south": { "uv": [ 0, 0, 16, 16 ], "texture": "#texture3" },
				"west": { "uv": [ 0, 0, 16, 16 ], "texture": "#texture3" },
				"east": { "uv": [ 0, 0, 16, 16 ], "texture": "#texture3" }
			}
		},
		{
			"__comment": "Box6",
			"from": [ 15.25, -5, 20.5 ],
			"to": [ 20.25, 0, 25.5 ],
			"faces": {
				"down": { "uv": [ 0, 0, 16, 16 ], "texture": "#texture3" },
				"up": { "uv": [ 0, 0, 16, 16 ], "texture": "#texture3" },
				"north": { "uv": [ 0, 0, 16, 16 ], "texture": "#texture3" },
				"south": { "uv": [ 0, 0, 16, 16 ], "texture": "#texture3" },
				"west": { "uv": [ 0, 0, 16, 16 ], "texture": "#texture3" },
				"east": { "uv": [ 0, 0, 16, 16 ], "texture": "#texture3" }
			}
		},
		{
			"__comment": "Box6",
			"from": [ 0.25, -5, -4.5 ],
			"to": [ 5.25, 0, 0.5 ],
			"faces": {
				"down": { "uv": [ 0, 0, 16, 16 ], "texture": "#texture3" },
				"up": { "uv": [ 0, 0, 16, 16 ], "texture": "#texture3" },
				"north": { "uv": [ 0, 0, 16, 16 ], "texture": "#texture3" },
				"south": { "uv": [ 0, 0, 16, 16 ], "texture": "#texture3" },
				"west": { "uv": [ 0, 0, 16, 16 ], "texture": "#texture3" },
				"east": { "uv": [ 0, 0, 16, 16 ], "texture": "#texture3" }
			}
		},
		{
			"__comment": "Box6",
			"from": [ 20.25, -5, 0.5 ],
			"to": [ 25.25, 0, 5.5 ],
			"faces": {
				"down": { "uv": [ 0, 0, 16, 16 ], "texture": "#texture3" },
				"up": { "uv": [ 0, 0, 16, 16 ], "texture": "#texture3" },
				"north": { "uv": [ 0, 0, 16, 16 ], "texture": "#texture3" },
				"south": { "uv": [ 0, 0, 16, 16 ], "texture": "#texture3" },
				"west": { "uv": [ 0, 0, 16, 16 ], "texture": "#texture3" },
				"east": { "uv": [ 0, 0, 16, 16 ], "texture": "#texture3" }
			}
		},
		{
			"__comment": "Box6",
			"from": [ 25.25, -5, 10.5 ],
			"to": [ 30.25, 0, 15.5 ],
			"faces": {
				"down": { "uv": [ 0, 0, 16, 16 ], "texture": "#texture3" },
				"up": { "uv": [ 0, 0, 16, 16 ], "texture": "#texture3" },
				"north": { "uv": [ 0, 0, 16, 16 ], "texture": "#texture3" },
				"south": { "uv": [ 0, 0, 16, 16 ], "texture": "#texture3" },
				"west": { "uv": [ 0, 0, 16, 16 ], "texture": "#texture3" },
				"east": { "uv": [ 0, 0, 16, 16 ], "texture": "#texture3" }
			}
		},
		{
			"__comment": "Box6",
			"from": [ -9.75, -5, -4.5 ],
			"to": [ -4.75, 0, 0.5 ],
			"faces": {
				"down": { "uv": [ 0, 0, 16, 16 ], "texture": "#texture3" },
				"up": { "uv": [ 0, 0, 16, 16 ], "texture": "#texture3" },
				"north": { "uv": [ 0, 0, 16, 16 ], "texture": "#texture3" },
				"south": { "uv": [ 0, 0, 16, 16 ], "texture": "#texture3" },
				"west": { "uv": [ 0, 0, 16, 16 ], "texture": "#texture3" },
				"east": { "uv": [ 0, 0, 16, 16 ], "texture": "#texture3" }
			}
		},
		{
			"__comment": "Box6",
			"from": [ 10.25, -5, -9.5 ],
			"to": [ 15.25, 0, -4.5 ],
			"faces": {
				"down": { "uv": [ 0, 0, 16, 16 ], "texture": "#texture3" },
				"up": { "uv": [ 0, 0, 16, 16 ], "texture": "#texture3" },
				"north": { "uv": [ 0, 0, 16, 16 ], "texture": "#texture3" },
				"south": { "uv": [ 0, 0, 16, 16 ], "texture": "#texture3" },
				"west": { "uv": [ 0, 0, 16, 16 ], "texture": "#texture3" },
				"east": { "uv": [ 0, 0, 16, 16 ], "texture": "#texture3" }
			}
		},
		{
			"__comment": "Box6",
			"from": [ 10.25, -5, -9.5 ],
			"to": [ 15.25, 0, -4.5 ],
			"faces": {
				"down": { "uv": [ 0, 0, 16, 16 ], "texture": "#texture3" },
				"up": { "uv": [ 0, 0, 16, 16 ], "texture": "#texture3" },
				"north": { "uv": [ 0, 0, 16, 16 ], "texture": "#texture3" },
				"south": { "uv": [ 0, 0, 16, 16 ], "texture": "#texture3" },
				"west": { "uv": [ 0, 0, 16, 16 ], "texture": "#texture3" },
				"east": { "uv": [ 0, 0, 16, 16 ], "texture": "#texture3" }
			}
		},
		{
			"__comment": "Box6",
			"from": [ 0.25, -5, 20.5 ],
			"to": [ 5.25, 0, 25.5 ],
			"faces": {
				"down": { "uv": [ 0, 0, 16, 16 ], "texture": "#texture3" },
				"up": { "uv": [ 0, 0, 16, 16 ], "texture": "#texture3" },
				"north": { "uv": [ 0, 0, 16, 16 ], "texture": "#texture3" },
				"south": { "uv": [ 0, 0, 16, 16 ], "texture": "#texture3" },
				"west": { "uv": [ 0, 0, 16, 16 ], "texture": "#texture3" },
				"east": { "uv": [ 0, 0, 16, 16 ], "texture": "#texture3" }
			}
		},
		{
			"__comment": "Box6",
			"from": [ 5.25, -5, 15.5 ],
			"to": [ 10.25, 0, 20.5 ],
			"faces": {
				"down": { "uv": [ 0, 0, 16, 16 ], "texture": "#texture3" },
				"up": { "uv": [ 0, 0, 16, 16 ], "texture": "#texture3" },
				"north": { "uv": [ 0, 0, 16, 16 ], "texture": "#texture3" },
				"south": { "uv": [ 0, 0, 16, 16 ], "texture": "#texture3" },
				"west": { "uv": [ 0, 0, 16, 16 ], "texture": "#texture3" },
				"east": { "uv": [ 0, 0, 16, 16 ], "texture": "#texture3" }
			}
		},
		{
			"__comment": "Box6",
			"from": [ -9.75, -5, 15.5 ],
			"to": [ -4.75, 0, 20.5 ],
			"faces": {
				"down": { "uv": [ 0, 0, 16, 16 ], "texture": "#texture3" },
				"up": { "uv": [ 0, 0, 16, 16 ], "texture": "#texture3" },
				"north": { "uv": [ 0, 0, 16, 16 ], "texture": "#texture3" },
				"south": { "uv": [ 0, 0, 16, 16 ], "texture": "#texture3" },
				"west": { "uv": [ 0, 0, 16, 16 ], "texture": "#texture3" },
				"east": { "uv": [ 0, 0, 16, 16 ], "texture": "#texture3" }
			}
		},
		{
			"__comment": "Box6",
			"from": [ -4.75, -5, -9.5 ],
			"to": [ 0.25, 0, -4.5 ],
			"faces": {
				"down": { "uv": [ 0, 0, 16, 16 ], "texture": "#texture3" },
				"up": { "uv": [ 0, 0, 16, 16 ], "texture": "#texture3" },
				"north": { "uv": [ 0, 0, 16, 16 ], "texture": "#texture3" },
				"south": { "uv": [ 0, 0, 16, 16 ], "texture": "#texture3" },
				"west": { "uv": [ 0, 0, 16, 16 ], "texture": "#texture3" },
				"east": { "uv": [ 0, 0, 16, 16 ], "texture": "#texture3" }
			}
		},
		{
			"__comment": "Box6",
			"from": [ 15.25, -6.25, -4.5 ],
			"to": [ 20.25, -1.25, 0.5 ],
			"faces": {
				"down": { "uv": [ 0, 0, 16, 16 ], "texture": "#texture4" },
				"up": { "uv": [ 0, 0, 16, 16 ], "texture": "#texture4" },
				"north": { "uv": [ 0, 0, 16, 16 ], "texture": "#texture4" },
				"south": { "uv": [ 0, 0, 16, 16 ], "texture": "#texture4" },
				"west": { "uv": [ 0, 0, 16, 16 ], "texture": "#texture4" },
				"east": { "uv": [ 0, 0, 16, 16 ], "texture": "#texture4" }
			}
		},
		{
			"__comment": "Box6",
			"from": [ 20.25, -6.25, 5.5 ],
			"to": [ 25.25, -1.25, 10.5 ],
			"faces": {
				"down": { "uv": [ 0, 0, 16, 16 ], "texture": "#texture4" },
				"up": { "uv": [ 0, 0, 16, 16 ], "texture": "#texture4" },
				"north": { "uv": [ 0, 0, 16, 16 ], "texture": "#texture4" },
				"south": { "uv": [ 0, 0, 16, 16 ], "texture": "#texture4" },
				"west": { "uv": [ 0, 0, 16, 16 ], "texture": "#texture4" },
				"east": { "uv": [ 0, 0, 16, 16 ], "texture": "#texture4" }
			}
		},
		{
			"__comment": "Box6",
			"from": [ 5.25, -6.25, 20.5 ],
			"to": [ 10.25, -1.25, 25.5 ],
			"faces": {
				"down": { "uv": [ 0, 0, 16, 16 ], "texture": "#texture4" },
				"up": { "uv": [ 0, 0, 16, 16 ], "texture": "#texture4" },
				"north": { "uv": [ 0, 0, 16, 16 ], "texture": "#texture4" },
				"south": { "uv": [ 0, 0, 16, 16 ], "texture": "#texture4" },
				"west": { "uv": [ 0, 0, 16, 16 ], "texture": "#texture4" },
				"east": { "uv": [ 0, 0, 16, 16 ], "texture": "#texture4" }
			}
		},
		{
			"__comment": "Box6",
			"from": [ -4.75, -6.25, 20.5 ],
			"to": [ 0.25, -1.25, 25.5 ],
			"faces": {
				"down": { "uv": [ 0, 0, 16, 16 ], "texture": "#texture4" },
				"up": { "uv": [ 0, 0, 16, 16 ], "texture": "#texture4" },
				"north": { "uv": [ 0, 0, 16, 16 ], "texture": "#texture4" },
				"south": { "uv": [ 0, 0, 16, 16 ], "texture": "#texture4" },
				"west": { "uv": [ 0, 0, 16, 16 ], "texture": "#texture4" },
				"east": { "uv": [ 0, 0, 16, 16 ], "texture": "#texture4" }
			}
		},
		{
			"__comment": "Box6",
			"from": [ -9.75, -6.25, 10.5 ],
			"to": [ -4.75, -1.25, 15.5 ],
			"faces": {
				"down": { "uv": [ 0, 0, 16, 16 ], "texture": "#texture4" },
				"up": { "uv": [ 0, 0, 16, 16 ], "texture": "#texture4" },
				"north": { "uv": [ 0, 0, 16, 16 ], "texture": "#texture4" },
				"south": { "uv": [ 0, 0, 16, 16 ], "texture": "#texture4" },
				"west": { "uv": [ 0, 0, 16, 16 ], "texture": "#texture4" },
				"east": { "uv": [ 0, 0, 16, 16 ], "texture": "#texture4" }
			}
		},
		{
			"__comment": "Box6",
			"from": [ 20.25, -6.25, -4.5 ],
			"to": [ 25.25, -1.25, 0.5 ],
			"faces": {
				"down": { "uv": [ 0, 0, 16, 16 ], "texture": "#texture4" },
				"up": { "uv": [ 0, 0, 16, 16 ], "texture": "#texture4" },
				"north": { "uv": [ 0, 0, 16, 16 ], "texture": "#texture4" },
				"south": { "uv": [ 0, 0, 16, 16 ], "texture": "#texture4" },
				"west": { "uv": [ 0, 0, 16, 16 ], "texture": "#texture4" },
				"east": { "uv": [ 0, 0, 16, 16 ], "texture": "#texture4" }
			}
		},
		{
			"__comment": "Box6",
			"from": [ 15.25, -6.25, -9.5 ],
			"to": [ 20.25, -1.25, -4.5 ],
			"faces": {
				"down": { "uv": [ 0, 0, 16, 16 ], "texture": "#texture4" },
				"up": { "uv": [ 0, 0, 16, 16 ], "texture": "#texture4" },
				"north": { "uv": [ 0, 0, 16, 16 ], "texture": "#texture4" },
				"south": { "uv": [ 0, 0, 16, 16 ], "texture": "#texture4" },
				"west": { "uv": [ 0, 0, 16, 16 ], "texture": "#texture4" },
				"east": { "uv": [ 0, 0, 16, 16 ], "texture": "#texture4" }
			}
		},
		{
			"__comment": "Box6",
			"from": [ 5.25, -6.25, -9.5 ],
			"to": [ 10.25, -1.25, -4.5 ],
			"faces": {
				"down": { "uv": [ 0, 0, 16, 16 ], "texture": "#texture4" },
				"up": { "uv": [ 0, 0, 16, 16 ], "texture": "#texture4" },
				"north": { "uv": [ 0, 0, 16, 16 ], "texture": "#texture4" },
				"south": { "uv": [ 0, 0, 16, 16 ], "texture": "#texture4" },
				"west": { "uv": [ 0, 0, 16, 16 ], "texture": "#texture4" },
				"east": { "uv": [ 0, 0, 16, 16 ], "texture": "#texture4" }
			}
		},
		{
			"__comment": "Box6",
			"from": [ 0.25, -6.25, -9.5 ],
			"to": [ 5.25, -1.25, -4.5 ],
			"faces": {
				"down": { "uv": [ 0, 0, 16, 16 ], "texture": "#texture4" },
				"up": { "uv": [ 0, 0, 16, 16 ], "texture": "#texture4" },
				"north": { "uv": [ 0, 0, 16, 16 ], "texture": "#texture4" },
				"south": { "uv": [ 0, 0, 16, 16 ], "texture": "#texture4" },
				"west": { "uv": [ 0, 0, 16, 16 ], "texture": "#texture4" },
				"east": { "uv": [ 0, 0, 16, 16 ], "texture": "#texture4" }
			}
		},
		{
			"__comment": "Box6",
			"from": [ -9.75, -6.25, -9.5 ],
			"to": [ -4.75, -1.25, -4.5 ],
			"faces": {
				"down": { "uv": [ 0, 0, 16, 16 ], "texture": "#texture4" },
				"up": { "uv": [ 0, 0, 16, 16 ], "texture": "#texture4" },
				"north": { "uv": [ 0, 0, 16, 16 ], "texture": "#texture4" },
				"south": { "uv": [ 0, 0, 16, 16 ], "texture": "#texture4" },
				"west": { "uv": [ 0, 0, 16, 16 ], "texture": "#texture4" },
				"east": { "uv": [ 0, 0, 16, 16 ], "texture": "#texture4" }
			}
		},
		{
			"__comment": "Box6",
			"from": [ -9.75, -6.25, 0.5 ],
			"to": [ -4.75, -1.25, 5.5 ],
			"faces": {
				"down": { "uv": [ 0, 0, 16, 16 ], "texture": "#texture4" },
				"up": { "uv": [ 0, 0, 16, 16 ], "texture": "#texture4" },
				"north": { "uv": [ 0, 0, 16, 16 ], "texture": "#texture4" },
				"south": { "uv": [ 0, 0, 16, 16 ], "texture": "#texture4" },
				"west": { "uv": [ 0, 0, 16, 16 ], "texture": "#texture4" },
				"east": { "uv": [ 0, 0, 16, 16 ], "texture": "#texture4" }
			}
		},
		{
			"__comment": "Box6",
			"from": [ 10.25, -6.25, 20.5 ],
			"to": [ 15.25, -1.25, 25.5 ],
			"faces": {
				"down": { "uv": [ 0, 0, 16, 16 ], "texture": "#texture4" },
				"up": { "uv": [ 0, 0, 16, 16 ], "texture": "#texture4" },
				"north": { "uv": [ 0, 0, 16, 16 ], "texture": "#texture4" },
				"south": { "uv": [ 0, 0, 16, 16 ], "texture": "#texture4" },
				"west": { "uv": [ 0, 0, 16, 16 ], "texture": "#texture4" },
				"east": { "uv": [ 0, 0, 16, 16 ], "texture": "#texture4" }
			}
		},
		{
			"__comment": "Box6",
			"from": [ 20.25, -6.25, 15.5 ],
			"to": [ 25.25, -1.25, 20.5 ],
			"faces": {
				"down": { "uv": [ 0, 0, 16, 16 ], "texture": "#texture4" },
				"up": { "uv": [ 0, 0, 16, 16 ], "texture": "#texture4" },
				"north": { "uv": [ 0, 0, 16, 16 ], "texture": "#texture4" },
				"south": { "uv": [ 0, 0, 16, 16 ], "texture": "#texture4" },
				"west": { "uv": [ 0, 0, 16, 16 ], "texture": "#texture4" },
				"east": { "uv": [ 0, 0, 16, 16 ], "texture": "#texture4" }
			}
		},
		{
			"__comment": "Box6",
			"from": [ 25.25, -6.25, 5.5 ],
			"to": [ 30.25, -1.25, 10.5 ],
			"faces": {
				"down": { "uv": [ 0, 0, 16, 16 ], "texture": "#texture4" },
				"up": { "uv": [ 0, 0, 16, 16 ], "texture": "#texture4" },
				"north": { "uv": [ 0, 0, 16, 16 ], "texture": "#texture4" },
				"south": { "uv": [ 0, 0, 16, 16 ], "texture": "#texture4" },
				"west": { "uv": [ 0, 0, 16, 16 ], "texture": "#texture4" },
				"east": { "uv": [ 0, 0, 16, 16 ], "texture": "#texture4" }
			}
		},
		{
			"__comment": "Box6",
			"from": [ 25.25, -6.25, 0.5 ],
			"to": [ 30.25, -1.25, 5.5 ],
			"faces": {
				"down": { "uv": [ 0, 0, 16, 16 ], "texture": "#texture4" },
				"up": { "uv": [ 0, 0, 16, 16 ], "texture": "#texture4" },
				"north": { "uv": [ 0, 0, 16, 16 ], "texture": "#texture4" },
				"south": { "uv": [ 0, 0, 16, 16 ], "texture": "#texture4" },
				"west": { "uv": [ 0, 0, 16, 16 ], "texture": "#texture4" },
				"east": { "uv": [ 0, 0, 16, 16 ], "texture": "#texture4" }
			}
		},
		{
			"__comment": "Box6",
			"from": [ -14.75, -6.25, 10.5 ],
			"to": [ -9.75, -1.25, 15.5 ],
			"faces": {
				"down": { "uv": [ 0, 0, 16, 16 ], "texture": "#texture4" },
				"up": { "uv": [ 0, 0, 16, 16 ], "texture": "#texture4" },
				"north": { "uv": [ 0, 0, 16, 16 ], "texture": "#texture4" },
				"south": { "uv": [ 0, 0, 16, 16 ], "texture": "#texture4" },
				"west": { "uv": [ 0, 0, 16, 16 ], "texture": "#texture4" },
				"east": { "uv": [ 0, 0, 16, 16 ], "texture": "#texture4" }
			}
		},
		{
			"__comment": "Box6",
			"from": [ -14.75, -6.25, 5.5 ],
			"to": [ -9.75, -1.25, 10.5 ],
			"faces": {
				"down": { "uv": [ 0, 0, 16, 16 ], "texture": "#texture4" },
				"up": { "uv": [ 0, 0, 16, 16 ], "texture": "#texture4" },
				"north": { "uv": [ 0, 0, 16, 16 ], "texture": "#texture4" },
				"south": { "uv": [ 0, 0, 16, 16 ], "texture": "#texture4" },
				"west": { "uv": [ 0, 0, 16, 16 ], "texture": "#texture4" },
				"east": { "uv": [ 0, 0, 16, 16 ], "texture": "#texture4" }
			}
		},
		{
			"__comment": "Box6",
			"from": [ -14.75, -6.25, 0.5 ],
			"to": [ -9.75, -1.25, 5.5 ],
			"faces": {
				"down": { "uv": [ 0, 0, 16, 16 ], "texture": "#texture4" },
				"up": { "uv": [ 0, 0, 16, 16 ], "texture": "#texture4" },
				"north": { "uv": [ 0, 0, 16, 16 ], "texture": "#texture4" },
				"south": { "uv": [ 0, 0, 16, 16 ], "texture": "#texture4" },
				"west": { "uv": [ 0, 0, 16, 16 ], "texture": "#texture4" },
				"east": { "uv": [ 0, 0, 16, 16 ], "texture": "#texture4" }
			}
		},
		{
			"__comment": "Box6",
			"from": [ 25.25, -6.25, -4.5 ],
			"to": [ 30.25, -1.25, 0.5 ],
			"faces": {
				"down": { "uv": [ 0, 0, 16, 16 ], "texture": "#texture4" },
				"up": { "uv": [ 0, 0, 16, 16 ], "texture": "#texture4" },
				"north": { "uv": [ 0, 0, 16, 16 ], "texture": "#texture4" },
				"south": { "uv": [ 0, 0, 16, 16 ], "texture": "#texture4" },
				"west": { "uv": [ 0, 0, 16, 16 ], "texture": "#texture4" },
				"east": { "uv": [ 0, 0, 16, 16 ], "texture": "#texture4" }
			}
		},
		{
			"__comment": "Box6",
			"from": [ 20.25, -6.25, -9.5 ],
			"to": [ 25.25, -1.25, -4.5 ],
			"faces": {
				"down": { "uv": [ 0, 0, 16, 16 ], "texture": "#texture4" },
				"up": { "uv": [ 0, 0, 16, 16 ], "texture": "#texture4" },
				"north": { "uv": [ 0, 0, 16, 16 ], "texture": "#texture4" },
				"south": { "uv": [ 0, 0, 16, 16 ], "texture": "#texture4" },
				"west": { "uv": [ 0, 0, 16, 16 ], "texture": "#texture4" },
				"east": { "uv": [ 0, 0, 16, 16 ], "texture": "#texture4" }
			}
		},
		{
			"__comment": "Box6",
			"from": [ 15.25, -6.25, -14.5 ],
			"to": [ 20.25, -1.25, -9.5 ],
			"faces": {
				"down": { "uv": [ 0, 0, 16, 16 ], "texture": "#texture4" },
				"up": { "uv": [ 0, 0, 16, 16 ], "texture": "#texture4" },
				"north": { "uv": [ 0, 0, 16, 16 ], "texture": "#texture4" },
				"south": { "uv": [ 0, 0, 16, 16 ], "texture": "#texture4" },
				"west": { "uv": [ 0, 0, 16, 16 ], "texture": "#texture4" },
				"east": { "uv": [ 0, 0, 16, 16 ], "texture": "#texture4" }
			}
		},
		{
			"__comment": "Box6",
			"from": [ 10.25, -6.25, -14.5 ],
			"to": [ 15.25, -1.25, -9.5 ],
			"faces": {
				"down": { "uv": [ 0, 0, 16, 16 ], "texture": "#texture4" },
				"up": { "uv": [ 0, 0, 16, 16 ], "texture": "#texture4" },
				"north": { "uv": [ 0, 0, 16, 16 ], "texture": "#texture4" },
				"south": { "uv": [ 0, 0, 16, 16 ], "texture": "#texture4" },
				"west": { "uv": [ 0, 0, 16, 16 ], "texture": "#texture4" },
				"east": { "uv": [ 0, 0, 16, 16 ], "texture": "#texture4" }
			}
		},
		{
			"__comment": "Box6",
			"from": [ 5.25, -6.25, -14.5 ],
			"to": [ 10.25, -1.25, -9.5 ],
			"faces": {
				"down": { "uv": [ 0, 0, 16, 16 ], "texture": "#texture4" },
				"up": { "uv": [ 0, 0, 16, 16 ], "texture": "#texture4" },
				"north": { "uv": [ 0, 0, 16, 16 ], "texture": "#texture4" },
				"south": { "uv": [ 0, 0, 16, 16 ], "texture": "#texture4" },
				"west": { "uv": [ 0, 0, 16, 16 ], "texture": "#texture4" },
				"east": { "uv": [ 0, 0, 16, 16 ], "texture": "#texture4" }
			}
		},
		{
			"__comment": "Box6",
			"from": [ 0.25, -6.25, -14.5 ],
			"to": [ 5.25, -1.25, -9.5 ],
			"faces": {
				"down": { "uv": [ 0, 0, 16, 16 ], "texture": "#texture4" },
				"up": { "uv": [ 0, 0, 16, 16 ], "texture": "#texture4" },
				"north": { "uv": [ 0, 0, 16, 16 ], "texture": "#texture4" },
				"south": { "uv": [ 0, 0, 16, 16 ], "texture": "#texture4" },
				"west": { "uv": [ 0, 0, 16, 16 ], "texture": "#texture4" },
				"east": { "uv": [ 0, 0, 16, 16 ], "texture": "#texture4" }
			}
		},
		{
			"__comment": "Box6",
			"from": [ 20.25, -6.25, 20.5 ],
			"to": [ 25.25, -1.25, 25.5 ],
			"faces": {
				"down": { "uv": [ 0, 0, 16, 16 ], "texture": "#texture4" },
				"up": { "uv": [ 0, 0, 16, 16 ], "texture": "#texture4" },
				"north": { "uv": [ 0, 0, 16, 16 ], "texture": "#texture4" },
				"south": { "uv": [ 0, 0, 16, 16 ], "texture": "#texture4" },
				"west": { "uv": [ 0, 0, 16, 16 ], "texture": "#texture4" },
				"east": { "uv": [ 0, 0, 16, 16 ], "texture": "#texture4" }
			}
		},
		{
			"__comment": "Box6",
			"from": [ 15, -6.25, 25.5 ],
			"to": [ 20, -1.25, 30.5 ],
			"faces": {
				"down": { "uv": [ 0, 0, 16, 16 ], "texture": "#texture4" },
				"up": { "uv": [ 0, 0, 16, 16 ], "texture": "#texture4" },
				"north": { "uv": [ 0, 0, 16, 16 ], "texture": "#texture4" },
				"south": { "uv": [ 0, 0, 16, 16 ], "texture": "#texture4" },
				"west": { "uv": [ 0, 0, 16, 16 ], "texture": "#texture4" },
				"east": { "uv": [ 0, 0, 16, 16 ], "texture": "#texture4" }
			}
		},
		{
			"__comment": "Box6",
			"from": [ 10, -6.25, 25.5 ],
			"to": [ 15, -1.25, 30.5 ],
			"faces": {
				"down": { "uv": [ 0, 0, 16, 16 ], "texture": "#texture4" },
				"up": { "uv": [ 0, 0, 16, 16 ], "texture": "#texture4" },
				"north": { "uv": [ 0, 0, 16, 16 ], "texture": "#texture4" },
				"south": { "uv": [ 0, 0, 16, 16 ], "texture": "#texture4" },
				"west": { "uv": [ 0, 0, 16, 16 ], "texture": "#texture4" },
				"east": { "uv": [ 0, 0, 16, 16 ], "texture": "#texture4" }
			}
		},
		{
			"__comment": "Box6",
			"from": [ 5, -6.25, 25.5 ],
			"to": [ 10, -1.25, 30.5 ],
			"faces": {
				"down": { "uv": [ 0, 0, 16, 16 ], "texture": "#texture4" },
				"up": { "uv": [ 0, 0, 16, 16 ], "texture": "#texture4" },
				"north": { "uv": [ 0, 0, 16, 16 ], "texture": "#texture4" },
				"south": { "uv": [ 0, 0, 16, 16 ], "texture": "#texture4" },
				"west": { "uv": [ 0, 0, 16, 16 ], "texture": "#texture4" },
				"east": { "uv": [ 0, 0, 16, 16 ], "texture": "#texture4" }
			}
		},
		{
			"__comment": "Box6",
			"from": [ -9.75, -6.25, 20.5 ],
			"to": [ -4.75, -1.25, 25.5 ],
			"faces": {
				"down": { "uv": [ 0, 0, 16, 16 ], "texture": "#texture4" },
				"up": { "uv": [ 0, 0, 16, 16 ], "texture": "#texture4" },
				"north": { "uv": [ 0, 0, 16, 16 ], "texture": "#texture4" },
				"south": { "uv": [ 0, 0, 16, 16 ], "texture": "#texture4" },
				"west": { "uv": [ 0, 0, 16, 16 ], "texture": "#texture4" },
				"east": { "uv": [ 0, 0, 16, 16 ], "texture": "#texture4" }
			}
		},
		{
			"__comment": "Box6",
			"from": [ -4.875, -6.25, 25.5 ],
			"to": [ 0.125, -1.25, 30.5 ],
			"faces": {
				"down": { "uv": [ 0, 0, 16, 16 ], "texture": "#texture4" },
				"up": { "uv": [ 0, 0, 16, 16 ], "texture": "#texture4" },
				"north": { "uv": [ 0, 0, 16, 16 ], "texture": "#texture4" },
				"south": { "uv": [ 0, 0, 16, 16 ], "texture": "#texture4" },
				"west": { "uv": [ 0, 0, 16, 16 ], "texture": "#texture4" },
				"east": { "uv": [ 0, 0, 16, 16 ], "texture": "#texture4" }
			}
		}
	],
	"display": {
		"head": {
			"rotation":  [ 0, -90, 0 ],
			"translation":  [ -1.375, -14, -2.086 ],
			"scale":  [ 3.5, 2.8, 3.5 ]
		},
		"fixed": {
			"rotation":  [ 0, 90, 0 ],
			"scale":  [ 0.5, 0.5, 0.5 ]
		}
	}
}