{
	"__comment": "Designed by Zeibo with Cubik Studio - https://cubik.studio",
	"parent": "block/block",
	"textures": {
		"particle": "block/anvil",
		"body": "block/anvil",
		"top": "block/anvil_top",
		"texture": "block/stone_slab_side"
	},
	"elements": [ 	 
		{
			"__comment": "Anvil base",
			"from": [ 2, 0, 1.5 ],
			"to": [ 8, 2, 7.5 ],
			"faces": {
				"down": { "uv": [ 2, 2, 14, 14 ], "texture": "#body", "cullface": "down", "rotation": 180 },
				"up": { "uv": [ 2, 2, 14, 14 ], "texture": "#body", "rotation": 180 },
				"north": { "uv": [ 2, 12, 14, 16 ], "texture": "#body" },
				"south": { "uv": [ 2, 12, 14, 16 ], "texture": "#body" },
				"west": { "uv": [ 0, 2, 4, 14 ], "texture": "#body", "rotation": 90 },
				"east": { "uv": [ 4, 2, 0, 14 ], "texture": "#body", "rotation": 270 }
			}
		},
		{
			"__comment": "Lower narrow portion",
			"from": [ 3, 2, 2 ],
			"to": [ 7, 2.5, 7 ],
			"faces": {
				"down": { "uv": [ 4, 3, 12, 13 ], "texture": "#body", "rotation": 180 },
				"up": { "uv": [ 4, 3, 12, 13 ], "texture": "#body", "rotation": 180 },
				"north": { "uv": [ 4, 11, 12, 12 ], "texture": "#body" },
				"south": { "uv": [ 4, 11, 12, 12 ], "texture": "#body" },
				"west": { "uv": [ 4, 3, 5, 13 ], "texture": "#body", "rotation": 90 },
				"east": { "uv": [ 5, 3, 4, 13 ], "texture": "#body", "rotation": 270 }
			}
		},
		{
			"__comment": "Wider section beneath top portion",
			"from": [ 4, 2.5, 2.625 ],
			"to": [ 6, 5, 6.625 ],
			"faces": {
				"down": { "uv": [ 10, 12, 6, 4 ], "texture": "#body", "rotation": 180 },
				"up": { "uv": [ 10, 12, 6, 4 ], "texture": "#body", "rotation": 180 },
				"north": { "uv": [ 6, 6, 10, 11 ], "texture": "#body" },
				"south": { "uv": [ 6, 6, 10, 11 ], "texture": "#body" },
				"west": { "uv": [ 5, 4, 10, 12 ], "texture": "#body", "rotation": 90 },
				"east": { "uv": [ 10, 4, 5, 12 ], "texture": "#body", "rotation": 270 }
			}
		},
		{
			"__comment": "Anvil top",
			"from": [ 2.5, 5, 1.25 ],
			"to": [ 7.5, 8, 9.25 ],
			"faces": {
				"down": { "uv": [ 3, 0, 13, 16 ], "texture": "#body", "rotation": 180 },
				"up": { "uv": [ 3, 0, 13, 16 ], "texture": "#top", "rotation": 180 },
				"north": { "uv": [ 3, 0, 13, 6 ], "texture": "#body" },
				"south": { "uv": [ 3, 0, 13, 6 ], "texture": "#body" },
				"west": { "uv": [ 10, 0, 16, 16 ], "texture": "#body", "rotation": 90 },
				"east": { "uv": [ 16, 0, 10, 16 ], "texture": "#body", "rotation": 270 }
			}
		},
		{
			"__comment": "Anvil top",
			"from": [ 5, 5.125, -1.25 ],
			"to": [ 8.5, 7.875, 2.25 ],
			"rotation": { "origin": [ 5, 5.125, -1.25 ], "axis": "y", "angle": -45 },
			"faces": {
				"down": { "uv": [ 3, 0, 13, 16 ], "texture": "#body", "rotation": 180 },
				"up": { "uv": [ 3, 0, 13, 16 ], "texture": "#top", "rotation": 180 },
				"north": { "uv": [ 3, 0, 13, 6 ], "texture": "#body" },
				"south": { "uv": [ 3, 0, 13, 6 ], "texture": "#body" },
				"west": { "uv": [ 10, 0, 16, 16 ], "texture": "#body", "rotation": 90 },
				"east": { "uv": [ 16, 0, 10, 16 ], "texture": "#body", "rotation": 270 }
			}
		},
		{
			"__comment": "Box6",
			"from": [ -1, -1.5, -6.5 ],
			"to": [ 5, 0, -0.5 ],
			"faces": {
				"down": { "uv": [ 0, 0, 16, 16 ], "texture": "#texture" },
				"up": { "uv": [ 0, 0, 16, 16 ], "texture": "#texture" },
				"north": { "uv": [ 0, 0, 16, 16 ], "texture": "#texture" },
				"south": { "uv": [ 0, 0, 16, 16 ], "texture": "#texture" },
				"west": { "uv": [ 0, 0, 16, 16 ], "texture": "#texture" },
				"east": { "uv": [ 0, 0, 16, 16 ], "texture": "#texture" }
			}
		},
		{
			"__comment": "Box6",
			"from": [ -1, -1.5, -0.5 ],
			"to": [ 5, 0, 5.5 ],
			"faces": {
				"down": { "uv": [ 0, 0, 16, 16 ], "texture": "#texture" },
				"up": { "uv": [ 0, 0, 16, 16 ], "texture": "#texture" },
				"north": { "uv": [ 0, 0, 16, 16 ], "texture": "#texture" },
				"south": { "uv": [ 0, 0, 16, 16 ], "texture": "#texture" },
				"west": { "uv": [ 0, 0, 16, 16 ], "texture": "#texture" },
				"east": { "uv": [ 0, 0, 16, 16 ], "texture": "#texture" }
			}
		},
		{
			"__comment": "Box6",
			"from": [ -1, -1.5, 5.5 ],
			"to": [ 5, 0, 11.5 ],
			"faces": {
				"down": { "uv": [ 0, 0, 16, 16 ], "texture": "#texture" },
				"up": { "uv": [ 0, 0, 16, 16 ], "texture": "#texture" },
				"north": { "uv": [ 0, 0, 16, 16 ], "texture": "#texture" },
				"south": { "uv": [ 0, 0, 16, 16 ], "texture": "#texture" },
				"west": { "uv": [ 0, 0, 16, 16 ], "texture": "#texture" },
				"east": { "uv": [ 0, 0, 16, 16 ], "texture": "#texture" }
			}
		},
		{
			"__comment": "Box6",
			"from": [ -1, -1.5, 11.5 ],
			"to": [ 5, 0, 17.5 ],
			"faces": {
				"down": { "uv": [ 0, 0, 16, 16 ], "texture": "#texture" },
				"up": { "uv": [ 0, 0, 16, 16 ], "texture": "#texture" },
				"north": { "uv": [ 0, 0, 16, 16 ], "texture": "#texture" },
				"south": { "uv": [ 0, 0, 16, 16 ], "texture": "#texture" },
				"west": { "uv": [ 0, 0, 16, 16 ], "texture": "#texture" },
				"east": { "uv": [ 0, 0, 16, 16 ], "texture": "#texture" }
			}
		},
		{
			"__comment": "Box6",
			"from": [ 5, -1.5, 10 ],
			"to": [ 11, 0, 16 ],
			"faces": {
				"down": { "uv": [ 0, 0, 16, 16 ], "texture": "#texture" },
				"up": { "uv": [ 0, 0, 16, 16 ], "texture": "#texture" },
				"north": { "uv": [ 0, 0, 16, 16 ], "texture": "#texture" },
				"south": { "uv": [ 0, 0, 16, 16 ], "texture": "#texture" },
				"west": { "uv": [ 0, 0, 16, 16 ], "texture": "#texture" },
				"east": { "uv": [ 0, 0, 16, 16 ], "texture": "#texture" }
			}
		},
		{
			"__comment": "Box6",
			"from": [ 5, -1.5, 4 ],
			"to": [ 11, 0, 10 ],
			"faces": {
				"down": { "uv": [ 0, 0, 16, 16 ], "texture": "#texture" },
				"up": { "uv": [ 0, 0, 16, 16 ], "texture": "#texture" },
				"north": { "uv": [ 0, 0, 16, 16 ], "texture": "#texture" },
				"south": { "uv": [ 0, 0, 16, 16 ], "texture": "#texture" },
				"west": { "uv": [ 0, 0, 16, 16 ], "texture": "#texture" },
				"east": { "uv": [ 0, 0, 16, 16 ], "texture": "#texture" }
			}
		},
		{
			"__comment": "Box6",
			"from": [ 5, -1.5, -2 ],
			"to": [ 11, 0, 4 ],
			"faces": {
				"down": { "uv": [ 0, 0, 16, 16 ], "texture": "#texture" },
				"up": { "uv": [ 0, 0, 16, 16 ], "texture": "#texture" },
				"north": { "uv": [ 0, 0, 16, 16 ], "texture": "#texture" },
				"south": { "uv": [ 0, 0, 16, 16 ], "texture": "#texture" },
				"west": { "uv": [ 0, 0, 16, 16 ], "texture": "#texture" },
				"east": { "uv": [ 0, 0, 16, 16 ], "texture": "#texture" }
			}
		},
		{
			"__comment": "Box6",
			"from": [ 5, -1.5, -8 ],
			"to": [ 11, 0, -2 ],
			"faces": {
				"down": { "uv": [ 0, 0, 16, 16 ], "texture": "#texture" },
				"up": { "uv": [ 0, 0, 16, 16 ], "texture": "#texture" },
				"north": { "uv": [ 0, 0, 16, 16 ], "texture": "#texture" },
				"south": { "uv": [ 0, 0, 16, 16 ], "texture": "#texture" },
				"west": { "uv": [ 0, 0, 16, 16 ], "texture": "#texture" },
				"east": { "uv": [ 0, 0, 16, 16 ], "texture": "#texture" }
			}
		},
		{
			"__comment": "Box6",
			"from": [ 11, -1.5, -6.5 ],
			"to": [ 17, 0, -0.5 ],
			"faces": {
				"down": { "uv": [ 0, 0, 16, 16 ], "texture": "#texture" },
				"up": { "uv": [ 0, 0, 16, 16 ], "texture": "#texture" },
				"north": { "uv": [ 0, 0, 16, 16 ], "texture": "#texture" },
				"south": { "uv": [ 0, 0, 16, 16 ], "texture": "#texture" },
				"west": { "uv": [ 0, 0, 16, 16 ], "texture": "#texture" },
				"east": { "uv": [ 0, 0, 16, 16 ], "texture": "#texture" }
			}
		},
		{
			"__comment": "Box6",
			"from": [ 11, -1.5, -0.5 ],
			"to": [ 17, 0, 5.5 ],
			"faces": {
				"down": { "uv": [ 0, 0, 16, 16 ], "texture": "#texture" },
				"up": { "uv": [ 0, 0, 16, 16 ], "texture": "#texture" },
				"north": { "uv": [ 0, 0, 16, 16 ], "texture": "#texture" },
				"south": { "uv": [ 0, 0, 16, 16 ], "texture": "#texture" },
				"west": { "uv": [ 0, 0, 16, 16 ], "texture": "#texture" },
				"east": { "uv": [ 0, 0, 16, 16 ], "texture": "#texture" }
			}
		},
		{
			"__comment": "Box6",
			"from": [ 11, -1.5, 5.5 ],
			"to": [ 17, 0, 11.5 ],
			"faces": {
				"down": { "uv": [ 0, 0, 16, 16 ], "texture": "#texture" },
				"up": { "uv": [ 0, 0, 16, 16 ], "texture": "#texture" },
				"north": { "uv": [ 0, 0, 16, 16 ], "texture": "#texture" },
				"south": { "uv": [ 0, 0, 16, 16 ], "texture": "#texture" },
				"west": { "uv": [ 0, 0, 16, 16 ], "texture": "#texture" },
				"east": { "uv": [ 0, 0, 16, 16 ], "texture": "#texture" }
			}
		},
		{
			"__comment": "Box6",
			"from": [ 11, -1.5, 11.5 ],
			"to": [ 17, 0, 17.5 ],
			"faces": {
				"down": { "uv": [ 0, 0, 16, 16 ], "texture": "#texture" },
				"up": { "uv": [ 0, 0, 16, 16 ], "texture": "#texture" },
				"north": { "uv": [ 0, 0, 16, 16 ], "texture": "#texture" },
				"south": { "uv": [ 0, 0, 16, 16 ], "texture": "#texture" },
				"west": { "uv": [ 0, 0, 16, 16 ], "texture": "#texture" },
				"east": { "uv": [ 0, 0, 16, 16 ], "texture": "#texture" }
			}
		},
		{
			"__comment": "Box6",
			"from": [ 17, -1.5, 10 ],
			"to": [ 23, 0, 16 ],
			"faces": {
				"down": { "uv": [ 0, 0, 16, 16 ], "texture": "#texture" },
				"up": { "uv": [ 0, 0, 16, 16 ], "texture": "#texture" },
				"north": { "uv": [ 0, 0, 16, 16 ], "texture": "#texture" },
				"south": { "uv": [ 0, 0, 16, 16 ], "texture": "#texture" },
				"west": { "uv": [ 0, 0, 16, 16 ], "texture": "#texture" },
				"east": { "uv": [ 0, 0, 16, 16 ], "texture": "#texture" }
			}
		},
		{
			"__comment": "Box6",
			"from": [ 17, -1.5, 4 ],
			"to": [ 23, 0, 10 ],
			"faces": {
				"down": { "uv": [ 0, 0, 16, 16 ], "texture": "#texture" },
				"up": { "uv": [ 0, 0, 16, 16 ], "texture": "#texture" },
				"north": { "uv": [ 0, 0, 16, 16 ], "texture": "#texture" },
				"south": { "uv": [ 0, 0, 16, 16 ], "texture": "#texture" },
				"west": { "uv": [ 0, 0, 16, 16 ], "texture": "#texture" },
				"east": { "uv": [ 0, 0, 16, 16 ], "texture": "#texture" }
			}
		},
		{
			"__comment": "Box6",
			"from": [ 17, -1.5, -2 ],
			"to": [ 23, 0, 4 ],
			"faces": {
				"down": { "uv": [ 0, 0, 16, 16 ], "texture": "#texture" },
				"up": { "uv": [ 0, 0, 16, 16 ], "texture": "#texture" },
				"north": { "uv": [ 0, 0, 16, 16 ], "texture": "#texture" },
				"south": { "uv": [ 0, 0, 16, 16 ], "texture": "#texture" },
				"west": { "uv": [ 0, 0, 16, 16 ], "texture": "#texture" },
				"east": { "uv": [ 0, 0, 16, 16 ], "texture": "#texture" }
			}
		},
		{
			"__comment": "Box6",
			"from": [ 17, -1.5, -8 ],
			"to": [ 23, 0, -2 ],
			"faces": {
				"down": { "uv": [ 0, 0, 16, 16 ], "texture": "#texture" },
				"up": { "uv": [ 0, 0, 16, 16 ], "texture": "#texture" },
				"north": { "uv": [ 0, 0, 16, 16 ], "texture": "#texture" },
				"south": { "uv": [ 0, 0, 16, 16 ], "texture": "#texture" },
				"west": { "uv": [ 0, 0, 16, 16 ], "texture": "#texture" },
				"east": { "uv": [ 0, 0, 16, 16 ], "texture": "#texture" }
			}
		},
		{
			"__comment": "Box6",
			"from": [ 5, -1.5, 16 ],
			"to": [ 11, 0, 22 ],
			"faces": {
				"down": { "uv": [ 0, 0, 16, 16 ], "texture": "#texture" },
				"up": { "uv": [ 0, 0, 16, 16 ], "texture": "#texture" },
				"north": { "uv": [ 0, 0, 16, 16 ], "texture": "#texture" },
				"south": { "uv": [ 0, 0, 16, 16 ], "texture": "#texture" },
				"west": { "uv": [ 0, 0, 16, 16 ], "texture": "#texture" },
				"east": { "uv": [ 0, 0, 16, 16 ], "texture": "#texture" }
			}
		},
		{
			"__comment": "Box6",
			"from": [ 17, -1.5, -14 ],
			"to": [ 23, 0, -8 ],
			"faces": {
				"down": { "uv": [ 0, 0, 16, 16 ], "texture": "#texture" },
				"up": { "uv": [ 0, 0, 16, 16 ], "texture": "#texture" },
				"north": { "uv": [ 0, 0, 16, 16 ], "texture": "#texture" },
				"south": { "uv": [ 0, 0, 16, 16 ], "texture": "#texture" },
				"west": { "uv": [ 0, 0, 16, 16 ], "texture": "#texture" },
				"east": { "uv": [ 0, 0, 16, 16 ], "texture": "#texture" }
			}
		},
		{
			"__comment": "Box6",
			"from": [ 11, -1.5, -12.5 ],
			"to": [ 17, 0, -6.5 ],
			"faces": {
				"down": { "uv": [ 0, 0, 16, 16 ], "texture": "#texture" },
				"up": { "uv": [ 0, 0, 16, 16 ], "texture": "#texture" },
				"north": { "uv": [ 0, 0, 16, 16 ], "texture": "#texture" },
				"south": { "uv": [ 0, 0, 16, 16 ], "texture": "#texture" },
				"west": { "uv": [ 0, 0, 16, 16 ], "texture": "#texture" },
				"east": { "uv": [ 0, 0, 16, 16 ], "texture": "#texture" }
			}
		},
		{
			"__comment": "Box6",
			"from": [ -1, -1.5, -12.5 ],
			"to": [ 5, 0, -6.5 ],
			"faces": {
				"down": { "uv": [ 0, 0, 16, 16 ], "texture": "#texture" },
				"up": { "uv": [ 0, 0, 16, 16 ], "texture": "#texture" },
				"north": { "uv": [ 0, 0, 16, 16 ], "texture": "#texture" },
				"south": { "uv": [ 0, 0, 16, 16 ], "texture": "#texture" },
				"west": { "uv": [ 0, 0, 16, 16 ], "texture": "#texture" },
				"east": { "uv": [ 0, 0, 16, 16 ], "texture": "#texture" }
			}
		},
		{
			"__comment": "Box6",
			"from": [ -7, -1.5, -5 ],
			"to": [ -1, 0, 1 ],
			"faces": {
				"down": { "uv": [ 0, 0, 16, 16 ], "texture": "#texture" },
				"up": { "uv": [ 0, 0, 16, 16 ], "texture": "#texture" },
				"north": { "uv": [ 0, 0, 16, 16 ], "texture": "#texture" },
				"south": { "uv": [ 0, 0, 16, 16 ], "texture": "#texture" },
				"west": { "uv": [ 0, 0, 16, 16 ], "texture": "#texture" },
				"east": { "uv": [ 0, 0, 16, 16 ], "texture": "#texture" }
			}
		},
		{
			"__comment": "Box6",
			"from": [ -7, -1.5, 1 ],
			"to": [ -1, 0, 7 ],
			"faces": {
				"down": { "uv": [ 0, 0, 16, 16 ], "texture": "#texture" },
				"up": { "uv": [ 0, 0, 16, 16 ], "texture": "#texture" },
				"north": { "uv": [ 0, 0, 16, 16 ], "texture": "#texture" },
				"south": { "uv": [ 0, 0, 16, 16 ], "texture": "#texture" },
				"west": { "uv": [ 0, 0, 16, 16 ], "texture": "#texture" },
				"east": { "uv": [ 0, 0, 16, 16 ], "texture": "#texture" }
			}
		},
		{
			"__comment": "Box6",
			"from": [ -7, -1.5, 7 ],
			"to": [ -1, 0, 13 ],
			"faces": {
				"down": { "uv": [ 0, 0, 16, 16 ], "texture": "#texture" },
				"up": { "uv": [ 0, 0, 16, 16 ], "texture": "#texture" },
				"north": { "uv": [ 0, 0, 16, 16 ], "texture": "#texture" },
				"south": { "uv": [ 0, 0, 16, 16 ], "texture": "#texture" },
				"west": { "uv": [ 0, 0, 16, 16 ], "texture": "#texture" },
				"east": { "uv": [ 0, 0, 16, 16 ], "texture": "#texture" }
			}
		},
		{
			"__comment": "Box6",
			"from": [ 23, -1.5, -0.375 ],
			"to": [ 29, 0, 5.625 ],
			"faces": {
				"down": { "uv": [ 0, 0, 16, 16 ], "texture": "#texture" },
				"up": { "uv": [ 0, 0, 16, 16 ], "texture": "#texture" },
				"north": { "uv": [ 0, 0, 16, 16 ], "texture": "#texture" },
				"south": { "uv": [ 0, 0, 16, 16 ], "texture": "#texture" },
				"west": { "uv": [ 0, 0, 16, 16 ], "texture": "#texture" },
				"east": { "uv": [ 0, 0, 16, 16 ], "texture": "#texture" }
			}
		},
		{
			"__comment": "Box6",
			"from": [ 23, -1.5, -6.375 ],
			"to": [ 29, 0, -0.375 ],
			"faces": {
				"down": { "uv": [ 0, 0, 16, 16 ], "texture": "#texture" },
				"up": { "uv": [ 0, 0, 16, 16 ], "texture": "#texture" },
				"north": { "uv": [ 0, 0, 16, 16 ], "texture": "#texture" },
				"south": { "uv": [ 0, 0, 16, 16 ], "texture": "#texture" },
				"west": { "uv": [ 0, 0, 16, 16 ], "texture": "#texture" },
				"east": { "uv": [ 0, 0, 16, 16 ], "texture": "#texture" }
			}
		}
	],
	"display": {
		"head": {
			"rotation":  [ 0, -90, 0 ],
			"translation":  [ -10.42, -15.5, -13.91 ],
			"scale":  [ 3, 3, 3 ]
		},
		"fixed": {
			"rotation":  [ 0, 90, 0 ],
			"scale":  [ 0.5, 0.5, 0.5 ]
		}
	}
}