{
	"__comment": "Designed by Zeibo with Cubik Studio - https://cubik.studio",
	"textures": {
		"particle": "blocks/e_particle",
		"texture": "block/books_2",
		"texture1": "block/stonecutter_saw",
		"texture2": "block/spruce_planks",
		"texture3": "block/birch_planks"
	},
	"elements": [ 	 
		{
			"__comment": "Box1",
			"from": [ -4.5, -0.375, -4.625 ],
			"to": [ 8, 0.625, 7.875 ],
			"faces": {
				"down": { "uv": [ 0, 3, 16, 11 ], "texture": "#texture" },
				"up": { "uv": [ 0, 3, 16, 11 ], "texture": "#texture" },
				"north": { "uv": [ 0, 0, 8, 2 ], "texture": "#texture" },
				"south": { "uv": [ 0, 0, 8, 2 ], "texture": "#texture" },
				"west": { "uv": [ 0, 0, 8, 2 ], "texture": "#texture" },
				"east": { "uv": [ 0, 0, 8, 2 ], "texture": "#texture" }
			}
		},
		{
			"__comment": "Box1",
			"from": [ 8, -0.375, -4.625 ],
			"to": [ 20.5, 0.625, 7.875 ],
			"faces": {
				"down": { "uv": [ 0, 3, 16, 11 ], "texture": "#texture" },
				"up": { "uv": [ 0, 3, 16, 11 ], "texture": "#texture" },
				"north": { "uv": [ 0, 0, 8, 2 ], "texture": "#texture" },
				"south": { "uv": [ 0, 0, 8, 2 ], "texture": "#texture" },
				"west": { "uv": [ 0, 0, 8, 2 ], "texture": "#texture" },
				"east": { "uv": [ 0, 0, 8, 2 ], "texture": "#texture" }
			}
		},
		{
			"__comment": "Box1",
			"from": [ -4.5, -0.375, 7.875 ],
			"to": [ 8, 0.625, 20.375 ],
			"faces": {
				"down": { "uv": [ 0, 3, 16, 11 ], "texture": "#texture" },
				"up": { "uv": [ 0, 3, 16, 11 ], "texture": "#texture" },
				"north": { "uv": [ 0, 0, 8, 2 ], "texture": "#texture" },
				"south": { "uv": [ 0, 0, 8, 2 ], "texture": "#texture" },
				"west": { "uv": [ 0, 0, 8, 2 ], "texture": "#texture" },
				"east": { "uv": [ 0, 0, 8, 2 ], "texture": "#texture" }
			}
		},
		{
			"__comment": "Box1",
			"from": [ 8, -0.375, 7.875 ],
			"to": [ 20.5, 0.625, 20.375 ],
			"faces": {
				"down": { "uv": [ 0, 3, 16, 11 ], "texture": "#texture" },
				"up": { "uv": [ 0, 3, 16, 11 ], "texture": "#texture" },
				"north": { "uv": [ 0, 0, 8, 2 ], "texture": "#texture" },
				"south": { "uv": [ 0, 0, 8, 2 ], "texture": "#texture" },
				"west": { "uv": [ 0, 0, 8, 2 ], "texture": "#texture" },
				"east": { "uv": [ 0, 0, 8, 2 ], "texture": "#texture" }
			}
		},
		{
			"__comment": "Box1",
			"from": [ 0, -4.25, -5.125 ],
			"to": [ 16, 0.25, -4.125 ],
			"faces": {
				"down": { "uv": [ 16, 11, 0, 3 ], "texture": "#texture" },
				"up": { "uv": [ 16, 11, 0, 3 ], "texture": "#texture" },
				"north": { "uv": [ 16, 11, 0, 3 ], "texture": "#texture" },
				"south": { "uv": [ 16, 11, 0, 3 ], "texture": "#texture" },
				"west": { "uv": [ 16, 11, 0, 3 ], "texture": "#texture" },
				"east": { "uv": [ 16, 11, 0, 3 ], "texture": "#texture" }
			}
		},
		{
			"__comment": "Box1",
			"from": [ 0, -4.25, 20 ],
			"to": [ 16, 0.25, 21 ],
			"faces": {
				"down": { "uv": [ 16, 11, 0, 3 ], "texture": "#texture" },
				"up": { "uv": [ 16, 11, 0, 3 ], "texture": "#texture" },
				"north": { "uv": [ 16, 11, 0, 3 ], "texture": "#texture" },
				"south": { "uv": [ 16, 11, 0, 3 ], "texture": "#texture" },
				"west": { "uv": [ 16, 11, 0, 3 ], "texture": "#texture" },
				"east": { "uv": [ 16, 11, 0, 3 ], "texture": "#texture" }
			}
		},
		{
			"__comment": "Box1",
			"from": [ 20.125, -4.25, 0 ],
			"to": [ 21.125, 0.25, 16 ],
			"faces": {
				"down": { "uv": [ 16, 11, 0, 3 ], "texture": "#texture", "rotation": 270 },
				"up": { "uv": [ 16, 11, 0, 3 ], "texture": "#texture", "rotation": 90 },
				"north": { "uv": [ 16, 11, 0, 3 ], "texture": "#texture" },
				"south": { "uv": [ 16, 11, 0, 3 ], "texture": "#texture" },
				"west": { "uv": [ 16, 11, 0, 3 ], "texture": "#texture" },
				"east": { "uv": [ 16, 11, 0, 3 ], "texture": "#texture" }
			}
		},
		{
			"__comment": "Box1",
			"from": [ -5, -4.25, 0 ],
			"to": [ -4, 0.25, 16 ],
			"faces": {
				"down": { "uv": [ 16, 11, 0, 3 ], "texture": "#texture", "rotation": 270 },
				"up": { "uv": [ 16, 11, 0, 3 ], "texture": "#texture", "rotation": 90 },
				"north": { "uv": [ 16, 11, 0, 3 ], "texture": "#texture" },
				"south": { "uv": [ 16, 11, 0, 3 ], "texture": "#texture" },
				"west": { "uv": [ 16, 11, 0, 3 ], "texture": "#texture" },
				"east": { "uv": [ 16, 11, 0, 3 ], "texture": "#texture" }
			}
		},
		{
			"__comment": "PlaneX12",
			"from": [ 2, 0.875, -1.5 ],
			"to": [ 14, 4.875, -1.499 ],
			"faces": {
				"north": { "uv": [ 1, 8, 15, 16 ], "texture": "#texture1" },
				"south": { "uv": [ 1, 8, 15, 16 ], "texture": "#texture1" }
			}
		},
		{
			"__comment": "Box13",
			"from": [ 1, 1.125, -1.125 ],
			"to": [ 15, 2.125, -0.125 ],
			"faces": {
				"down": { "uv": [ 0, 11, 7, 16 ], "texture": "#texture2" },
				"up": { "uv": [ 0, 11, 7, 16 ], "texture": "#texture2" },
				"north": { "uv": [ 0, 11, 7, 16 ], "texture": "#texture2" },
				"south": { "uv": [ 0, 11, 7, 16 ], "texture": "#texture2" },
				"west": { "uv": [ 0, 11, 7, 16 ], "texture": "#texture2" },
				"east": { "uv": [ 0, 11, 7, 16 ], "texture": "#texture2" }
			}
		},
		{
			"__comment": "Box13",
			"from": [ 0.5, 1.25, 11.5 ],
			"to": [ 7.5, 5.75, 18.5 ],
			"faces": {
				"down": { "uv": [ 0, 0, 16, 16 ], "texture": "#texture3" },
				"up": { "uv": [ 0, 0, 16, 16 ], "texture": "#texture3" },
				"north": { "uv": [ 0, 0, 16, 16 ], "texture": "#texture3" },
				"south": { "uv": [ 0, 0, 16, 16 ], "texture": "#texture3" },
				"west": { "uv": [ 0, 0, 16, 16 ], "texture": "#texture3" },
				"east": { "uv": [ 0, 0, 16, 16 ], "texture": "#texture3" }
			}
		},
		{
			"__comment": "Box13",
			"from": [ 1, 1.125, -2.875 ],
			"to": [ 15, 2.125, -1.875 ],
			"faces": {
				"down": { "uv": [ 0, 11, 7, 16 ], "texture": "#texture2" },
				"up": { "uv": [ 0, 11, 7, 16 ], "texture": "#texture2" },
				"north": { "uv": [ 0, 11, 7, 16 ], "texture": "#texture2" },
				"south": { "uv": [ 0, 11, 7, 16 ], "texture": "#texture2" },
				"west": { "uv": [ 0, 11, 7, 16 ], "texture": "#texture2" },
				"east": { "uv": [ 0, 11, 7, 16 ], "texture": "#texture2" }
			}
		},
		{
			"__comment": "Box13",
			"from": [ 0.375, 1.25, 2.25 ],
			"to": [ 7.375, 7.75, 9.25 ],
			"rotation": { "origin": [ 0.375, 1.25, 2.25 ], "axis": "y", "angle": -22.5 },
			"faces": {
				"down": { "uv": [ 0, 0, 16, 16 ], "texture": "#texture2" },
				"up": { "uv": [ 0, 0, 16, 16 ], "texture": "#texture2" },
				"north": { "uv": [ 0, 0, 16, 16 ], "texture": "#texture2" },
				"south": { "uv": [ 0, 0, 16, 16 ], "texture": "#texture2" },
				"west": { "uv": [ 0, 0, 16, 16 ], "texture": "#texture2" },
				"east": { "uv": [ 0, 0, 16, 16 ], "texture": "#texture2" }
			}
		},
		{
			"__comment": "Box13",
			"from": [ 9, 1, 10 ],
			"to": [ 13.5, 3, 21.5 ],
			"rotation": { "origin": [ 13.5, 1, 10 ], "axis": "y", "angle": 22.5 },
			"faces": {
				"down": { "uv": [ 0, 0, 16, 16 ], "texture": "#texture3", "rotation": 270 },
				"up": { "uv": [ 0, 0, 16, 16 ], "texture": "#texture3", "rotation": 90 },
				"north": { "uv": [ 0, 0, 16, 16 ], "texture": "#texture3" },
				"south": { "uv": [ 0, 0, 16, 16 ], "texture": "#texture3" },
				"west": { "uv": [ 0, 0, 16, 16 ], "texture": "#texture3" },
				"east": { "uv": [ 0, 0, 16, 16 ], "texture": "#texture3" }
			}
		}
	],
	"display": {
		"fixed": {
			"rotation":  [ 90, 0, 0 ],
			"translation":  [ 0, 0, 45 ],
			"scale":  [ 4, 4, 4 ]
		}
	}
}