{
	"__comment": "Designed by Zeibo with Cubik Studio - https://cubik.studio",
	"textures": {
		"particle": "blocks/e_particle",
		"texture": "block/oak_log",
		"texture1": "block/oak_log_top",
		"texture2": "block/stonecutter_saw"
	},
	"elements": [ 	 
		{
			"__comment": "Box1",
			"from": [ 9.875, 0, 13.125 ],
			"to": [ 17.875, 16, 29.125 ],
			"faces": {
				"down": { "uv": [ 0, 0, 9, 16 ], "texture": "#texture" },
				"up": { "uv": [ 0, 0, 9, 16 ], "texture": "#texture" },
				"north": { "uv": [ 0, 0, 9, 16 ], "texture": "#texture1" },
				"south": { "uv": [ 7, 0, 16, 16 ], "texture": "#texture1" },
				"west": { "uv": [ 2, 2, 14, 8 ], "texture": "#texture1", "rotation": 90 },
				"east": { "uv": [ 0, 0, 16, 16 ], "texture": "#texture", "rotation": 90 }
			}
		},
		{
			"__comment": "Box1",
			"from": [ -1.875, 0, 13.125 ],
			"to": [ 6.125, 16, 29.125 ],
			"faces": {
				"down": { "uv": [ 0, 0, 9, 16 ], "texture": "#texture" },
				"up": { "uv": [ 0, 0, 9, 16 ], "texture": "#texture" },
				"north": { "uv": [ 7, 0, 16, 16 ], "texture": "#texture1" },
				"south": { "uv": [ 0, 0, 9, 16 ], "texture": "#texture1" },
				"west": { "uv": [ 0, 0, 16, 16 ], "texture": "#texture" },
				"east": { "uv": [ 2, 2, 14, 8 ], "texture": "#texture1", "rotation": 90 }
			}
		},
		{
			"__comment": "PlaneX3",
			"from": [ 8, -0.5, -6.5 ],
			"to": [ 8.001, 29, 30.5 ],
			"faces": {
				"west": { "uv": [ 1, 7, 15, 16 ], "texture": "#texture2" },
				"east": { "uv": [ 1, 7, 15, 16 ], "texture": "#texture2" }
			}
		},
		{
			"__comment": "Box1",
			"from": [ 17.5, 0, -5.5 ],
			"to": [ 25.5, 16, 10.5 ],
			"rotation": { "origin": [ 17.5, 0, -5.5 ], "axis": "y", "angle": -22.5 },
			"faces": {
				"down": { "uv": [ 0, 0, 9, 16 ], "texture": "#texture" },
				"up": { "uv": [ 0, 0, 9, 16 ], "texture": "#texture" },
				"north": { "uv": [ 0, 0, 9, 16 ], "texture": "#texture1" },
				"south": { "uv": [ 7, 0, 16, 16 ], "texture": "#texture1" },
				"west": { "uv": [ 2, 2, 14, 8 ], "texture": "#texture1", "rotation": 90 },
				"east": { "uv": [ 0, 0, 16, 16 ], "texture": "#texture", "rotation": 90 }
			}
		},
		{
			"__comment": "Box1",
			"from": [ -11, 0, -1.5 ],
			"to": [ -3, 16, 14.5 ],
			"rotation": { "origin": [ -11, 0, -1.5 ], "axis": "y", "angle": 22.5 },
			"faces": {
				"down": { "uv": [ 0, 0, 9, 16 ], "texture": "#texture" },
				"up": { "uv": [ 0, 0, 9, 16 ], "texture": "#texture" },
				"north": { "uv": [ 7, 0, 16, 16 ], "texture": "#texture1" },
				"south": { "uv": [ 0, 0, 9, 16 ], "texture": "#texture1" },
				"west": { "uv": [ 0, 0, 16, 16 ], "texture": "#texture" },
				"east": { "uv": [ 2, 2, 14, 8 ], "texture": "#texture1", "rotation": 90 }
			}
		}
	],
	"display": {
		"fixed": {
			"translation":  [ 0, 63.999, -50 ],
			"scale":  [ 2, 2, 2 ]
		}
	}
}