{
	"__comment": "Designed by Zeibo with Cubik Studio - https://cubik.studio",
	"textures": {
		"texture": "block/white_concrete",
		"texture1": "block/black_concrete",
		"texture2": "block/cyan_shulker_box",
		"particle": "block/blue_shulker_box"
	},
	"elements": [ 	 
		{
			"__comment": "Box1",
			"from": [ -4, -1.625, -1 ],
			"to": [ -3, 9.875, 0 ],
			"faces": {
				"down": { "uv": [ 12, 0, 13, 1 ], "texture": "#texture" },
				"up": { "uv": [ 12, 15, 13, 16 ], "texture": "#texture" },
				"north": { "uv": [ 3, 6.125, 4, 16 ], "texture": "#texture" },
				"south": { "uv": [ 12, 6.125, 13, 16 ], "texture": "#texture" },
				"west": { "uv": [ 15, 6.125, 16, 16 ], "texture": "#texture" },
				"east": { "uv": [ 0, 6.125, 1, 16 ], "texture": "#texture" }
			}
		},
		{
			"__comment": "Box1",
			"from": [ -4, -1.625, 16 ],
			"to": [ -3, 9.875, 17 ],
			"faces": {
				"down": { "uv": [ 12, 15, 13, 16 ], "texture": "#texture" },
				"up": { "uv": [ 12, 0, 13, 1 ], "texture": "#texture" },
				"north": { "uv": [ 3, 4.5, 4, 16 ], "texture": "#texture" },
				"south": { "uv": [ 12, 4.5, 13, 16 ], "texture": "#texture" },
				"west": { "uv": [ 0, 4.5, 1, 16 ], "texture": "#texture" },
				"east": { "uv": [ 15, 4.5, 16, 16 ], "texture": "#texture" }
			}
		},
		{
			"__comment": "Box1",
			"from": [ 19, -1.625, 16 ],
			"to": [ 20, 9.875, 17 ],
			"faces": {
				"down": { "uv": [ 3, 15, 4, 16 ], "texture": "#texture" },
				"up": { "uv": [ 3, 0, 4, 1 ], "texture": "#texture" },
				"north": { "uv": [ 12, 4.5, 13, 16 ], "texture": "#texture" },
				"south": { "uv": [ 3, 4.5, 4, 16 ], "texture": "#texture" },
				"west": { "uv": [ 0, 4.5, 1, 16 ], "texture": "#texture" },
				"east": { "uv": [ 15, 4.5, 16, 16 ], "texture": "#texture" }
			}
		},
		{
			"__comment": "Box1",
			"from": [ 19, -1.625, -1 ],
			"to": [ 20, 9.875, 0 ],
			"faces": {
				"down": { "uv": [ 3, 0, 4, 1 ], "texture": "#texture" },
				"up": { "uv": [ 3, 15, 4, 16 ], "texture": "#texture" },
				"north": { "uv": [ 12, 14.625, 13, 16 ], "texture": "#texture" },
				"south": { "uv": [ 3, 14.625, 4, 16 ], "texture": "#texture" },
				"west": { "uv": [ 15, 14.625, 16, 16 ], "texture": "#texture" },
				"east": { "uv": [ 0, 14.625, 1, 16 ], "texture": "#texture" }
			}
		},
		{
			"__comment": "Box5",
			"from": [ 19, 1.5, 0 ],
			"to": [ 20, 2.5, 16 ],
			"faces": {
				"down": { "uv": [ 3, 0, 4, 16 ], "texture": "#texture" },
				"up": { "uv": [ 3, 0, 4, 16 ], "texture": "#texture" },
				"north": { "uv": [ 12, 6, 13, 7 ], "texture": "#texture" },
				"south": { "uv": [ 3, 6, 4, 7 ], "texture": "#texture" },
				"west": { "uv": [ 0, 6, 16, 7 ], "texture": "#texture" },
				"east": { "uv": [ 0, 6, 16, 7 ], "texture": "#texture" }
			}
		},
		{
			"__comment": "Box5",
			"from": [ -4, 1.5, 0 ],
			"to": [ -3, 2.5, 16 ],
			"faces": {
				"down": { "uv": [ 12, 0, 13, 16 ], "texture": "#texture" },
				"up": { "uv": [ 12, 0, 13, 16 ], "texture": "#texture" },
				"north": { "uv": [ 3, 6, 4, 7 ], "texture": "#texture" },
				"south": { "uv": [ 12, 6, 13, 7 ], "texture": "#texture" },
				"west": { "uv": [ 0, 6, 16, 7 ], "texture": "#texture" },
				"east": { "uv": [ 0, 6, 16, 7 ], "texture": "#texture" }
			}
		},
		{
			"__comment": "Box5",
			"from": [ -3, 1.5, 7 ],
			"to": [ 19, 2.5, 8 ],
			"faces": {
				"down": { "uv": [ 0, 8, 16, 9 ], "texture": "#texture" },
				"up": { "uv": [ 0, 7, 16, 8 ], "texture": "#texture" },
				"north": { "uv": [ 0, 6, 16, 7 ], "texture": "#texture" },
				"south": { "uv": [ 0, 6, 16, 7 ], "texture": "#texture" },
				"west": { "uv": [ 7, 6, 8, 7 ], "texture": "#texture" },
				"east": { "uv": [ 8, 6, 9, 7 ], "texture": "#texture" }
			}
		},
		{
			"__comment": "Box5",
			"from": [ -5, 9.5, -2 ],
			"to": [ 21, 9.75, 18 ],
			"faces": {
				"down": { "uv": [ 0, 0, 16, 16 ], "texture": "#texture" },
				"up": { "uv": [ 0, 0, 16, 16 ], "texture": "#texture" },
				"north": { "uv": [ 0, 14.5, 16, 15 ], "texture": "#texture" },
				"south": { "uv": [ 0, 14.5, 16, 15 ], "texture": "#texture" },
				"west": { "uv": [ 0, 14.5, 16, 15 ], "texture": "#texture" },
				"east": { "uv": [ 0, 14.5, 16, 15 ], "texture": "#texture" }
			}
		},
		{
			"__comment": "Box5",
			"from": [ -5, 9.75, -2 ],
			"to": [ 21, 10, 18 ],
			"faces": {
				"down": { "uv": [ 0, 0, 16, 16 ], "texture": "#texture1" },
				"up": { "uv": [ 0, 0, 16, 16 ], "texture": "#texture1" },
				"north": { "uv": [ 0, 14.25, 16, 14.75 ], "texture": "#texture1" },
				"south": { "uv": [ 0, 14.25, 16, 14.75 ], "texture": "#texture1" },
				"west": { "uv": [ 0, 14.25, 16, 14.75 ], "texture": "#texture1" },
				"east": { "uv": [ 0, 14.25, 16, 14.75 ], "texture": "#texture1" }
			}
		},
		{
			"__comment": "Box5",
			"from": [ -5, 10, -2 ],
			"to": [ 21, 10.625, 18 ],
			"faces": {
				"down": { "uv": [ 0, 0, 16, 16 ], "texture": "#texture2" },
				"up": { "uv": [ 0, 0, 16, 16 ], "texture": "#texture2" },
				"north": { "uv": [ 0, 5.5, 16, 6 ], "texture": "#texture2" },
				"south": { "uv": [ 0, 5.5, 16, 6 ], "texture": "#texture2" },
				"west": { "uv": [ 0, 5.5, 16, 6 ], "texture": "#texture2" },
				"east": { "uv": [ 0, 5.5, 16, 6 ], "texture": "#texture2" }
			}
		},
		{
			"__comment": "Box1",
			"from": [ 18.375, -1.625, -1.75 ],
			"to": [ 19.375, 29.375, -0.25 ],
			"faces": {
				"down": { "uv": [ 2.375, 0.25, 3.375, 1.75 ], "texture": "#texture" },
				"up": { "uv": [ 2.375, 14.25, 3.375, 15.75 ], "texture": "#texture" },
				"north": { "uv": [ 12.625, 0, 13.625, 16 ], "texture": "#texture" },
				"south": { "uv": [ 2.375, 0, 3.375, 16 ], "texture": "#texture" },
				"west": { "uv": [ 14.25, 0, 15.75, 16 ], "texture": "#texture" },
				"east": { "uv": [ 0.25, 0, 1.75, 16 ], "texture": "#texture" }
			}
		},
		{
			"__comment": "Box1",
			"from": [ -3.5, -1.625, -1.75 ],
			"to": [ -2.5, 29.375, -0.25 ],
			"faces": {
				"down": { "uv": [ 12.5, 0.25, 13.5, 1.75 ], "texture": "#texture" },
				"up": { "uv": [ 12.5, 14.25, 13.5, 15.75 ], "texture": "#texture" },
				"north": { "uv": [ 2.5, 0, 3.5, 16 ], "texture": "#texture" },
				"south": { "uv": [ 12.5, 0, 13.5, 16 ], "texture": "#texture" },
				"west": { "uv": [ 14.25, 0, 15.75, 16 ], "texture": "#texture" },
				"east": { "uv": [ 0.25, 0, 1.75, 16 ], "texture": "#texture" }
			}
		},
		{
			"__comment": "Box1",
			"from": [ -2.625, 20.875, -1.75 ],
			"to": [ 18.375, 29.375, -1.25 ],
			"faces": {
				"down": { "uv": [ 0, 1.25, 16, 1.75 ], "texture": "#texture" },
				"up": { "uv": [ 0, 14.25, 16, 14.75 ], "texture": "#texture" },
				"north": { "uv": [ 0, 0, 16, 3.625 ], "texture": "#texture" },
				"south": { "uv": [ 0, 0, 16, 3.625 ], "texture": "#texture" },
				"west": { "uv": [ 14.25, 0, 14.75, 3.625 ], "texture": "#texture" },
				"east": { "uv": [ 1.25, 0, 1.75, 3.625 ], "texture": "#texture" }
			}
		},
		{
			"__comment": "Box1",
			"from": [ -3.375, 29.375, -1.625 ],
			"to": [ 19.125, 29.875, 5.875 ],
			"faces": {
				"down": { "uv": [ 0, 10.125, 16, 16 ], "texture": "#texture" },
				"up": { "uv": [ 0, 0, 16, 5.875 ], "texture": "#texture" },
				"north": { "uv": [ 0, 10.625, 16, 11.125 ], "texture": "#texture" },
				"south": { "uv": [ 0, 10.625, 16, 11.125 ], "texture": "#texture" },
				"west": { "uv": [ 0, 10.625, 5.875, 11.125 ], "texture": "#texture" },
				"east": { "uv": [ 10.125, 10.625, 16, 11.125 ], "texture": "#texture" }
			}
		},
		{
			"__comment": "Box1",
			"from": [ -2.5, 12, -2 ],
			"to": [ 18.5, 14, -1.5 ],
			"faces": {
				"down": { "uv": [ 0, 1.5, 16, 2 ], "texture": "#texture" },
				"up": { "uv": [ 0, 14, 16, 14.5 ], "texture": "#texture" },
				"north": { "uv": [ 0, 10.5, 16, 12.5 ], "texture": "#texture" },
				"south": { "uv": [ 0, 10.5, 16, 12.5 ], "texture": "#texture" },
				"west": { "uv": [ 14, 10.5, 14.5, 12.5 ], "texture": "#texture" },
				"east": { "uv": [ 1.5, 10.5, 2, 12.5 ], "texture": "#texture" }
			}
		},
		{
			"__comment": "Box1",
			"from": [ -3.375, 16, -1.5 ],
			"to": [ 19.125, 16.5, 4.5 ],
			"faces": {
				"down": { "uv": [ 0, 11.5, 16, 16 ], "texture": "#texture" },
				"up": { "uv": [ 0, 0, 16, 4.5 ], "texture": "#texture" },
				"north": { "uv": [ 0, 8, 16, 8.5 ], "texture": "#texture" },
				"south": { "uv": [ 0, 8, 16, 8.5 ], "texture": "#texture" },
				"west": { "uv": [ 0, 8, 4.5, 8.5 ], "texture": "#texture" },
				"east": { "uv": [ 11.5, 8, 16, 8.5 ], "texture": "#texture" }
			}
		},
		{
			"__comment": "Box17",
			"from": [ -2, 22.625, -1.625 ],
			"to": [ 4.5, 29.125, -1.125 ],
			"faces": {
				"down": { "uv": [ 0, 0, 16, 16 ], "texture": "#particle" },
				"up": { "uv": [ 0, 0, 16, 16 ], "texture": "#particle" },
				"north": { "uv": [ 0, 0, 16, 16 ], "texture": "#particle" },
				"south": { "uv": [ 0, 0, 16, 16 ], "texture": "#particle" },
				"west": { "uv": [ 0, 0, 16, 16 ], "texture": "#particle" },
				"east": { "uv": [ 0, 0, 16, 16 ], "texture": "#particle" }
			}
		},
		{
			"__comment": "Box17",
			"from": [ 12.5, 21.5, -1.5 ],
			"to": [ 17.5, 28, -1 ],
			"faces": {
				"down": { "uv": [ 0, 0, 16, 16 ], "texture": "#particle" },
				"up": { "uv": [ 0, 0, 16, 16 ], "texture": "#particle" },
				"north": { "uv": [ 0, 0, 16, 16 ], "texture": "#particle" },
				"south": { "uv": [ 0, 0, 16, 16 ], "texture": "#particle" },
				"west": { "uv": [ 0, 0, 16, 16 ], "texture": "#particle" },
				"east": { "uv": [ 0, 0, 16, 16 ], "texture": "#particle" }
			}
		},
		{
			"__comment": "Box17",
			"from": [ 5.5, 21.5, -1.5 ],
			"to": [ 11.5, 25, -1 ],
			"faces": {
				"down": { "uv": [ 0, 0, 16, 16 ], "texture": "#particle" },
				"up": { "uv": [ 0, 0, 16, 16 ], "texture": "#particle" },
				"north": { "uv": [ 0, 0, 16, 16 ], "texture": "#particle" },
				"south": { "uv": [ 0, 0, 16, 16 ], "texture": "#particle" },
				"west": { "uv": [ 0, 0, 16, 16 ], "texture": "#particle" },
				"east": { "uv": [ 0, 0, 16, 16 ], "texture": "#particle" }
			}
		}
	],
	"display": {
		"fixed": {
			"rotation":  [ 90, 180, 0 ],
			"translation":  [ 0, 0, 55 ],
			"scale":  [ 4, 4, 4 ]
		}
	}
}