{
	"__comment": "Designed by S9855027 with BDcraft Cubik PRO 0.96 Beta - http://bdcraft.net",
	"textures": {
		"texture": "mobs/succubus/succubus_hand",
		"texture1": "mobs/succubus/succubus_deck",
		"texture2": "mobs/succubus/succubus_mc"
	},
	"elements": [ 	 
		{
			"__comment": "R_Hand",
			"from": [ 6.5, 6.5, 7.5 ],
			"to": [ 8, 15, 9 ],
			"faces": {
				"down": { "uv": [ 0, 12.5, 4, 16 ], "texture": "#texture" },
				"up": { "uv": [ 4, 0, 8, 1.5 ], "texture": "#texture" },
				"north": { "uv": [ 4, 0, 8, 16 ], "texture": "#texture" },
				"south": { "uv": [ 12, 0, 16, 16 ], "texture": "#texture" },
				"west": { "uv": [ 8, 0, 12, 16 ], "texture": "#texture" },
				"east": { "uv": [ 0, 0, 4, 16 ], "texture": "#texture" }
			}
		},
		{
			"__comment": "Element",
			"from": [ 4.5, 13.375, 8.25 ],
			"to": [ 6.5, 14.875, 8.3125 ],
			"faces": {
				"north": { "uv": [ 4, 5, 0, 0 ], "texture": "#texture1", "rotation": 270 },
				"south": { "uv": [ 0, 5, 4, 0 ], "texture": "#texture1", "rotation": 90 }
			}
		},
		{
			"__comment": "PlaneY3",
			"from": [ 4, 3, 5.5 ],
			"to": [ 10, 3.001, 11.5 ],
			"faces": {
				"down": { "uv": [ 0, 0, 16, 16 ], "texture": "#texture2" },
				"up": { "uv": [ 0, 0, 16, 16 ], "texture": "#texture2" }
			}
		}
	],
	"display": {
		"thirdperson_righthand": {
			"rotation":  [ 180, 180, -5 ],
			"translation":  [ -0.694, 9.2304, 13.564 ],
			"scale":  [ 1.7, 1.7, 1.7 ]
		},
		"thirdperson_lefthand": {
			"rotation":  [ 90, 0, 10 ],
			"translation":  [ -0.001, -1.704, 1.8 ],
			"scale":  [ 1.7, 1.7, 1.7 ]
		}
	}
}