{
	"__comment": "Designed by Zeibo with Cubik Studio - https://cubik.studio",
	"elements": [ 	 
		{
			"__comment": "Box2",
			"from": [ 0.75, 13.5, 5.25 ],
			"to": [ 5.25, 17, 9.75 ],
			"rotation": { "origin": [ 0.75, 13.5, 5.25 ], "axis": "x", "angle": 22.5 },
			"faces": {
				"down": { "uv": [ 0, 8, 8, 16 ], "texture": "#texture" },
				"up": { "uv": [ 0, 8, 8, 16 ], "texture": "#texture" },
				"north": { "uv": [ 0, 8, 8, 16 ], "texture": "#texture" },
				"south": { "uv": [ 0, 8, 8, 16 ], "texture": "#texture" },
				"west": { "uv": [ 0, 8, 8, 16 ], "texture": "#texture" },
				"east": { "uv": [ 0, 8, 8, 16 ], "texture": "#texture" }
			}
		},
		{
			"__comment": "Box2",
			"from": [ 10.75, 13.5, 5.375 ],
			"to": [ 15.25, 17, 9.875 ],
			"rotation": { "origin": [ 10.75, 13.5, 5.375 ], "axis": "x", "angle": 22.5 },
			"faces": {
				"down": { "uv": [ 0, 8, 8, 16 ], "texture": "#texture" },
				"up": { "uv": [ 0, 8, 8, 16 ], "texture": "#texture" },
				"north": { "uv": [ 0, 8, 8, 16 ], "texture": "#texture" },
				"south": { "uv": [ 0, 0, 3.5, 3.5 ], "texture": "#texture" },
				"west": { "uv": [ 0, 8, 8, 16 ], "texture": "#texture" },
				"east": { "uv": [ 7, 0, 11, 3.5 ], "texture": "#texture" }
			}
		},
		{
			"__comment": "Box2",
			"from": [ 1.25, 19.75, -0.125 ],
			"to": [ 4.75, 22.75, 9.875 ],
			"rotation": { "origin": [ 1.25, 19.75, -0.125 ], "axis": "x", "angle": 45 },
			"faces": {
				"down": { "uv": [ 0, 8, 8, 16 ], "texture": "#texture" },
				"up": { "uv": [ 0, 8, 8, 16 ], "texture": "#texture" },
				"north": { "uv": [ 0, 8, 8, 16 ], "texture": "#texture" },
				"south": { "uv": [ 0, 8, 8, 16 ], "texture": "#texture" },
				"west": { "uv": [ 0, 8, 8, 16 ], "texture": "#texture" },
				"east": { "uv": [ 0, 8, 8, 16 ], "texture": "#texture" }
			}
		},
		{
			"__comment": "Box2",
			"from": [ 11.25, 19.625, -0.125 ],
			"to": [ 14.75, 22.625, 9.875 ],
			"rotation": { "origin": [ 11.25, 19.625, -0.125 ], "axis": "x", "angle": 45 },
			"faces": {
				"down": { "uv": [ 0, 8, 8, 16 ], "texture": "#texture" },
				"up": { "uv": [ 0, 8, 8, 16 ], "texture": "#texture" },
				"north": { "uv": [ 0, 8, 8, 16 ], "texture": "#texture" },
				"south": { "uv": [ 0, 8, 8, 16 ], "texture": "#texture" },
				"west": { "uv": [ 0, 8, 8, 16 ], "texture": "#texture" },
				"east": { "uv": [ 0, 8, 8, 16 ], "texture": "#texture" }
			}
		},
		{
			"__comment": "Box2",
			"from": [ 1.625, 22.75, -7.125 ],
			"to": [ 4.125, 24.75, 2.375 ],
			"rotation": { "origin": [ 1.625, 22.75, -7.125 ], "axis": "x", "angle": 22.5 },
			"faces": {
				"down": { "uv": [ 0, 8, 8, 16 ], "texture": "#texture" },
				"up": { "uv": [ 0, 8, 8, 16 ], "texture": "#texture" },
				"north": { "uv": [ 0, 8, 8, 16 ], "texture": "#texture" },
				"south": { "uv": [ 0, 8, 8, 16 ], "texture": "#texture" },
				"west": { "uv": [ 0, 8, 8, 16 ], "texture": "#texture" },
				"east": { "uv": [ 0, 8, 8, 16 ], "texture": "#texture" }
			}
		},
		{
			"__comment": "Box2",
			"from": [ 11.75, 22.75, -7.125 ],
			"to": [ 14.25, 24.75, 2.375 ],
			"rotation": { "origin": [ 11.75, 22.75, -7.125 ], "axis": "x", "angle": 22.5 },
			"faces": {
				"down": { "uv": [ 0, 8, 8, 16 ], "texture": "#texture" },
				"up": { "uv": [ 0, 8, 8, 16 ], "texture": "#texture" },
				"north": { "uv": [ 0, 8, 8, 16 ], "texture": "#texture" },
				"south": { "uv": [ 0, 8, 8, 16 ], "texture": "#texture" },
				"west": { "uv": [ 0, 8, 8, 16 ], "texture": "#texture" },
				"east": { "uv": [ 0, 8, 8, 16 ], "texture": "#texture" }
			}
		},
		{
			"__comment": "Box2",
			"from": [ 5, 17.25, 2.375 ],
			"to": [ 6.5, 18.75, 11.875 ],
			"rotation": { "origin": [ 5, 17.25, 2.375 ], "axis": "x", "angle": 22.5 },
			"faces": {
				"down": { "uv": [ 0, 8, 8, 16 ], "texture": "#texture" },
				"up": { "uv": [ 0, 8, 8, 16 ], "texture": "#texture" },
				"north": { "uv": [ 0, 8, 8, 16 ], "texture": "#texture" },
				"south": { "uv": [ 0, 8, 8, 16 ], "texture": "#texture" },
				"west": { "uv": [ 0, 8, 8, 16 ], "texture": "#texture" },
				"east": { "uv": [ 0, 8, 8, 16 ], "texture": "#texture" }
			}
		},
		{
			"__comment": "Box2",
			"from": [ 9.375, 17.25, 2.375 ],
			"to": [ 10.875, 18.75, 11.875 ],
			"rotation": { "origin": [ 9.375, 17.25, 2.375 ], "axis": "x", "angle": 22.5 },
			"faces": {
				"down": { "uv": [ 0, 8, 8, 16 ], "texture": "#texture" },
				"up": { "uv": [ 0, 8, 8, 16 ], "texture": "#texture" },
				"north": { "uv": [ 0, 8, 8, 16 ], "texture": "#texture" },
				"south": { "uv": [ 0, 8, 8, 16 ], "texture": "#texture" },
				"west": { "uv": [ 0, 8, 8, 16 ], "texture": "#texture" },
				"east": { "uv": [ 0, 8, 8, 16 ], "texture": "#texture" }
			}
		},
		{
			"__comment": "Box2",
			"from": [ -0.125, 9.75, 6.25 ],
			"to": [ 1.375, 11.25, 8.75 ],
			"rotation": { "origin": [ -0.125, 9.75, 6.25 ], "axis": "x", "angle": -22.5 },
			"faces": {
				"down": { "uv": [ 0, 8, 8, 16 ], "texture": "#texture" },
				"up": { "uv": [ 0, 8, 8, 16 ], "texture": "#texture" },
				"north": { "uv": [ 0, 8, 8, 16 ], "texture": "#texture" },
				"south": { "uv": [ 0, 8, 8, 16 ], "texture": "#texture" },
				"west": { "uv": [ 0, 8, 8, 16 ], "texture": "#texture" },
				"east": { "uv": [ 0, 8, 8, 16 ], "texture": "#texture" }
			}
		},
		{
			"__comment": "Box2",
			"from": [ 0.375, 11.75, 7.375 ],
			"to": [ 2.375, 14.25, 9.875 ],
			"rotation": { "origin": [ 0.375, 11.75, 7.375 ], "axis": "x", "angle": 45 },
			"faces": {
				"down": { "uv": [ 0, 8, 8, 16 ], "texture": "#texture" },
				"up": { "uv": [ 0, 8, 8, 16 ], "texture": "#texture" },
				"north": { "uv": [ 0, 8, 8, 16 ], "texture": "#texture" },
				"south": { "uv": [ 0, 8, 8, 16 ], "texture": "#texture" },
				"west": { "uv": [ 0, 8, 8, 16 ], "texture": "#texture" },
				"east": { "uv": [ 0, 8, 8, 16 ], "texture": "#texture" }
			}
		},
		{
			"__comment": "Box2",
			"from": [ 13.5, 11.625, 7.375 ],
			"to": [ 15.5, 14.125, 9.875 ],
			"rotation": { "origin": [ 13.5, 11.625, 7.375 ], "axis": "x", "angle": 45 },
			"faces": {
				"down": { "uv": [ 0, 8, 8, 16 ], "texture": "#texture" },
				"up": { "uv": [ 0, 8, 8, 16 ], "texture": "#texture" },
				"north": { "uv": [ 0, 8, 8, 16 ], "texture": "#texture" },
				"south": { "uv": [ 0, 8, 8, 16 ], "texture": "#texture" },
				"west": { "uv": [ 0, 8, 8, 16 ], "texture": "#texture" },
				"east": { "uv": [ 0, 8, 8, 16 ], "texture": "#texture" }
			}
		},
		{
			"__comment": "Box2",
			"from": [ 14.375, 9.875, 6.25 ],
			"to": [ 15.875, 11.375, 8.75 ],
			"rotation": { "origin": [ 14.375, 9.875, 6.25 ], "axis": "x", "angle": -22.5 },
			"faces": {
				"down": { "uv": [ 0, 8, 8, 16 ], "texture": "#texture" },
				"up": { "uv": [ 0, 8, 8, 16 ], "texture": "#texture" },
				"north": { "uv": [ 0, 8, 8, 16 ], "texture": "#texture" },
				"south": { "uv": [ 0, 8, 8, 16 ], "texture": "#texture" },
				"west": { "uv": [ 0, 8, 8, 16 ], "texture": "#texture" },
				"east": { "uv": [ 0, 8, 8, 16 ], "texture": "#texture" }
			}
		},
		{
			"__comment": "Box2",
			"from": [ -0.375, 9.625, 2.75 ],
			"to": [ 0.625, 11.125, 6.25 ],
			"faces": {
				"down": { "uv": [ 0, 8, 8, 16 ], "texture": "#texture" },
				"up": { "uv": [ 0, 8, 8, 16 ], "texture": "#texture" },
				"north": { "uv": [ 0, 8, 8, 16 ], "texture": "#texture" },
				"south": { "uv": [ 0, 8, 8, 16 ], "texture": "#texture" },
				"west": { "uv": [ 0, 8, 8, 16 ], "texture": "#texture" },
				"east": { "uv": [ 0, 8, 8, 16 ], "texture": "#texture" }
			}
		},
		{
			"__comment": "Box2",
			"from": [ 15.125, 9.625, 2.75 ],
			"to": [ 16.125, 11.125, 6.25 ],
			"faces": {
				"down": { "uv": [ 0, 8, 8, 16 ], "texture": "#texture" },
				"up": { "uv": [ 0, 8, 8, 16 ], "texture": "#texture" },
				"north": { "uv": [ 0, 8, 8, 16 ], "texture": "#texture" },
				"south": { "uv": [ 0, 8, 8, 16 ], "texture": "#texture" },
				"west": { "uv": [ 0, 8, 8, 16 ], "texture": "#texture" },
				"east": { "uv": [ 0, 8, 8, 16 ], "texture": "#texture" }
			}
		},
		{
			"__comment": "Box2",
			"from": [ 12.5, 20.375, -6.625 ],
			"to": [ 13.5, 21.375, 0.375 ],
			"faces": {
				"down": { "uv": [ 0, 8, 8, 16 ], "texture": "#texture" },
				"up": { "uv": [ 0, 8, 8, 16 ], "texture": "#texture" },
				"north": { "uv": [ 0, 8, 8, 16 ], "texture": "#texture" },
				"south": { "uv": [ 0, 8, 8, 16 ], "texture": "#texture" },
				"west": { "uv": [ 0, 8, 8, 16 ], "texture": "#texture" },
				"east": { "uv": [ 0, 8, 8, 16 ], "texture": "#texture" }
			}
		},
		{
			"__comment": "Box2",
			"from": [ 2.5, 20.875, -8.25 ],
			"to": [ 4, 21.875, -2.25 ],
			"rotation": { "origin": [ 2.5, 20.875, -8.25 ], "axis": "z", "angle": 45 },
			"faces": {
				"down": { "uv": [ 0, 8, 8, 16 ], "texture": "#texture" },
				"up": { "uv": [ 0, 8, 8, 16 ], "texture": "#texture" },
				"north": { "uv": [ 0, 8, 8, 16 ], "texture": "#texture" },
				"south": { "uv": [ 0, 8, 8, 16 ], "texture": "#texture" },
				"west": { "uv": [ 0, 8, 8, 16 ], "texture": "#texture" },
				"east": { "uv": [ 0, 8, 8, 16 ], "texture": "#texture" }
			}
		},
		{
			"__comment": "Box23",
			"from": [ 0, 0, 0 ],
			"to": [ 16, 16, 16 ],
			"faces": {
				"down": { "uv": [ 0, 0, 4, 4 ], "texture": "#texture" },
				"up": { "uv": [ 4, 0, 8, 4 ], "texture": "#texture" },
				"north": { "uv": [ 12, 4, 16, 8 ], "texture": "#texture" },
				"south": { "uv": [ 4, 4, 8, 8 ], "texture": "#texture" },
				"west": { "uv": [ 0, 4, 4, 8 ], "texture": "#texture" },
				"east": { "uv": [ 8, 4, 12, 8 ], "texture": "#texture" }
			}
		}
	],
	"display": {
		"thirdperson_righthand": {
			"rotation":  [ 0, -33, 0 ],
			"translation":  [ 0.6959, -2.782, 1.3913 ],
			"scale":  [ 0.5, 0.5, 0.5 ]
		},
		"thirdperson_lefthand": {
			"rotation":  [ 0, -33, 0 ],
			"translation":  [ 0.6959, -2.782, 1.3913 ],
			"scale":  [ 0.5, 0.5, 0.5 ]
		},
		"firstperson_righthand": {
			"rotation":  [ 16, 19, 0 ],
			"translation":  [ 3.4782, -2.086, 0 ],
			"scale":  [ 0.5, 0.5, 0.5 ]
		},
		"gui": {
			"rotation":  [ 0, -19, 0 ],
			"translation":  [ -0.695, -6.259, 10 ],
			"scale":  [ 0.85, 0.85, 0.85 ]
		},
		"head": {
			"rotation":  [ 0, 180, 0 ]
		}
	}
}