{
	"__comment": "Designed by Zeibo with Cubik Studio - https://cubik.studio",
	"textures": {
	},
	"elements": [ 	 
		{
			"__comment": "sword_01",
			"from": [ 7.8298, 6.4681, 7 ],
			"to": [ 8.170225, 13.61704, 7.5 ],
			"faces": {
				"down": { "uv": [ 8.170213, 9.531915, 7.829787, 9.191489 ], "texture": "#texture" },
				"up": { "uv": [ 8.170213, 2.382978, 7.829787, 2.723404 ], "texture": "#texture" },
				"north": { "uv": [ 8.170213, 9.531915, 7.829787, 2.382978 ], "texture": "#texture", "rotation": 180 },
				"south": { "uv": [ 7.829787, 9.531915, 8.170213, 2.382978 ], "texture": "#texture", "rotation": 180 },
				"west": { "uv": [ 8.170213, 9.531915, 7.829787, 2.382978 ], "texture": "#texture", "rotation": 180 },
				"east": { "uv": [ 7.829787, 2.382978, 8.170213, 9.531915 ], "texture": "#texture" }
			}
		},
		{
			"__comment": "sword_02_",
			"from": [ 7.4894, 13.617, 6.875 ],
			"to": [ 8.510676, 15.31913, 7.625 ],
			"faces": {
				"down": { "uv": [ 8.510638, 2.382978, 7.489362, 2.042553 ], "texture": "#texture" },
				"up": { "uv": [ 8.510638, 0.680851, 7.489362, 1.021276 ], "texture": "#texture" },
				"north": { "uv": [ 8.510638, 2.382978, 7.489362, 0.680851 ], "texture": "#texture", "rotation": 180 },
				"south": { "uv": [ 7.489362, 2.382978, 8.510638, 0.680851 ], "texture": "#texture", "rotation": 180 },
				"west": { "uv": [ 8.510638, 2.382978, 8.170213, 0.680851 ], "texture": "#texture", "rotation": 180 },
				"east": { "uv": [ 7.489362, 0.680851, 7.829787, 2.382978 ], "texture": "#texture" }
			}
		},
		{
			"__comment": "sword_02_1",
			"from": [ 8.170199, 5.1064, 6.875 ],
			"to": [ 8.510625, 13.61704, 7.625 ],
			"faces": {
				"down": { "uv": [ 7.829787, 10.89362, 7.489362, 10.55319 ], "texture": "#texture" },
				"up": { "uv": [ 7.829787, 2.382978, 7.489362, 2.723404 ], "texture": "#texture" },
				"north": { "uv": [ 7.829787, 10.89362, 7.489362, 2.382978 ], "texture": "#texture", "rotation": 180 },
				"south": { "uv": [ 7.489362, 10.89362, 7.829787, 2.382978 ], "texture": "#texture", "rotation": 180 },
				"west": { "uv": [ 7.829787, 10.89362, 7.489362, 2.382978 ], "texture": "#texture", "rotation": 180 },
				"east": { "uv": [ 7.489362, 2.382978, 7.829787, 10.89362 ], "texture": "#texture" }
			}
		},
		{
			"__comment": "sword_02_2",
			"from": [ 7.8298, 15.3191, 6.875 ],
			"to": [ 8.170225, 15.99995, 7.625 ],
			"faces": {
				"down": { "uv": [ 8.170213, 0.680851, 7.829787, 0.3404255 ], "texture": "#texture" },
				"up": { "uv": [ 8.170213, 0, 7.829787, 0.3404255 ], "texture": "#texture" },
				"north": { "uv": [ 8.170213, 0.680851, 7.829787, 0 ], "texture": "#texture", "rotation": 180 },
				"south": { "uv": [ 7.829787, 0.680851, 8.170213, 0 ], "texture": "#texture", "rotation": 180 },
				"west": { "uv": [ 8.170213, 0.680851, 7.829787, 0 ], "texture": "#texture", "rotation": 180 },
				"east": { "uv": [ 7.829787, 0, 8.170213, 0.680851 ], "texture": "#texture" }
			}
		},
		{
			"__comment": "sword_02_3",
			"from": [ 7.4894, 5.1064, 6.875 ],
			"to": [ 7.829825, 13.61704, 7.625 ],
			"faces": {
				"down": { "uv": [ 8.510638, 10.89362, 8.170213, 10.55319 ], "texture": "#texture" },
				"up": { "uv": [ 8.510638, 2.382978, 8.170213, 2.723404 ], "texture": "#texture" },
				"north": { "uv": [ 8.510638, 10.89362, 8.170213, 2.382978 ], "texture": "#texture", "rotation": 180 },
				"south": { "uv": [ 8.170213, 10.89362, 8.510638, 2.382978 ], "texture": "#texture", "rotation": 180 },
				"west": { "uv": [ 8.510638, 10.89362, 8.170213, 2.382978 ], "texture": "#texture", "rotation": 180 },
				"east": { "uv": [ 8.170213, 2.382978, 8.510638, 10.89362 ], "texture": "#texture" }
			}
		},
		{
			"__comment": "sword_03_",
			"from": [ 8.5106, 5.7872, 7 ],
			"to": [ 9.191451, 6.468051, 7.5 ],
			"faces": {
				"down": { "uv": [ 7.489362, 10.21277, 6.808511, 9.872341 ], "texture": "#texture" },
				"up": { "uv": [ 7.489362, 9.531915, 6.808511, 9.87234 ], "texture": "#texture" },
				"north": { "uv": [ 7.489362, 10.21277, 6.808511, 9.531915 ], "texture": "#texture", "rotation": 180 },
				"south": { "uv": [ 6.808511, 10.21277, 7.489362, 9.531915 ], "texture": "#texture", "rotation": 180 },
				"west": { "uv": [ 7.489362, 10.21277, 7.148936, 9.531915 ], "texture": "#texture", "rotation": 180 },
				"east": { "uv": [ 6.808511, 9.531915, 7.148936, 10.21277 ], "texture": "#texture" }
			}
		},
		{
			"__comment": "sword_03_1",
			"from": [ 8.5106, 9.531899, 7 ],
			"to": [ 8.851026, 13.61701, 7.5 ],
			"faces": {
				"down": { "uv": [ 7.489362, 6.468085, 7.148936, 6.12766 ], "texture": "#texture" },
				"up": { "uv": [ 7.489362, 2.382978, 7.148936, 2.723404 ], "texture": "#texture" },
				"north": { "uv": [ 7.489362, 6.468085, 7.148936, 2.382978 ], "texture": "#texture", "rotation": 180 },
				"south": { "uv": [ 7.148936, 6.468085, 7.489362, 2.382978 ], "texture": "#texture", "rotation": 180 },
				"west": { "uv": [ 7.489362, 6.468085, 7.148936, 2.382978 ], "texture": "#texture", "rotation": 180 },
				"east": { "uv": [ 7.148936, 2.382978, 7.489362, 6.468085 ], "texture": "#texture" }
			}
		},
		{
			"__comment": "sword_03_2",
			"from": [ 8.5106, 5.4468, 7 ],
			"to": [ 8.851026, 7.489353, 7.5 ],
			"faces": {
				"down": { "uv": [ 7.489362, 10.55319, 7.148936, 10.21277 ], "texture": "#texture" },
				"up": { "uv": [ 7.489362, 8.510638, 7.148936, 8.851064 ], "texture": "#texture" },
				"north": { "uv": [ 7.489362, 10.55319, 7.148936, 8.510638 ], "texture": "#texture", "rotation": 180 },
				"south": { "uv": [ 7.148936, 10.55319, 7.489362, 8.510638 ], "texture": "#texture", "rotation": 180 },
				"west": { "uv": [ 7.489362, 10.55319, 7.148936, 8.510638 ], "texture": "#texture", "rotation": 180 },
				"east": { "uv": [ 7.148936, 8.510638, 7.489362, 10.55319 ], "texture": "#texture" }
			}
		},
		{
			"__comment": "sword_03_3",
			"from": [ 7.1489, 9.531899, 7 ],
			"to": [ 7.489326, 13.61701, 7.5 ],
			"faces": {
				"down": { "uv": [ 8.851064, 6.468085, 8.510638, 6.12766 ], "texture": "#texture" },
				"up": { "uv": [ 8.851064, 2.382978, 8.510638, 2.723404 ], "texture": "#texture" },
				"north": { "uv": [ 8.851064, 6.468085, 8.510638, 2.382978 ], "texture": "#texture", "rotation": 180 },
				"south": { "uv": [ 8.510638, 6.468085, 8.851064, 2.382978 ], "texture": "#texture", "rotation": 180 },
				"west": { "uv": [ 8.851064, 6.468085, 8.510638, 2.382978 ], "texture": "#texture", "rotation": 180 },
				"east": { "uv": [ 8.510638, 2.382978, 8.851064, 6.468085 ], "texture": "#texture" }
			}
		},
		{
			"__comment": "sword_03_4",
			"from": [ 7.1489, 5.4468, 7 ],
			"to": [ 7.489326, 7.489353, 7.5 ],
			"faces": {
				"down": { "uv": [ 8.851064, 10.55319, 8.510638, 10.21277 ], "texture": "#texture" },
				"up": { "uv": [ 8.851064, 8.510638, 8.510638, 8.851064 ], "texture": "#texture" },
				"north": { "uv": [ 8.851064, 10.55319, 8.510638, 8.510638 ], "texture": "#texture", "rotation": 180 },
				"south": { "uv": [ 8.510638, 10.55319, 8.851064, 8.510638 ], "texture": "#texture", "rotation": 180 },
				"west": { "uv": [ 8.851064, 10.55319, 8.510638, 8.510638 ], "texture": "#texture", "rotation": 180 },
				"east": { "uv": [ 8.510638, 8.510638, 8.851064, 10.55319 ], "texture": "#texture" }
			}
		},
		{
			"__comment": "sword_03_5",
			"from": [ 6.8085, 5.7872, 7 ],
			"to": [ 7.148925, 6.468051, 7.5 ],
			"faces": {
				"down": { "uv": [ 9.191489, 10.21277, 8.851064, 9.872341 ], "texture": "#texture" },
				"up": { "uv": [ 9.191489, 9.531915, 8.851064, 9.87234 ], "texture": "#texture" },
				"north": { "uv": [ 9.191489, 10.21277, 8.851064, 9.531915 ], "texture": "#texture", "rotation": 180 },
				"south": { "uv": [ 8.851064, 10.21277, 9.191489, 9.531915 ], "texture": "#texture", "rotation": 180 },
				"west": { "uv": [ 9.191489, 10.21277, 8.851064, 9.531915 ], "texture": "#texture", "rotation": 180 },
				"east": { "uv": [ 8.851064, 9.531915, 9.191489, 10.21277 ], "texture": "#texture" }
			}
		},
		{
			"__comment": "sword_04_",
			"from": [ 7.8298, 3.0638, 6.75 ],
			"to": [ 8.170225, 4.425502, 7.75 ],
			"faces": {
				"down": { "uv": [ 8.170213, 12.93617, 7.829787, 12.59575 ], "texture": "#texture" },
				"up": { "uv": [ 8.170213, 11.57447, 7.829787, 11.91489 ], "texture": "#texture" },
				"north": { "uv": [ 8.170213, 12.93617, 7.829787, 11.57447 ], "texture": "#texture", "rotation": 180 },
				"south": { "uv": [ 7.829787, 12.93617, 8.170213, 11.57447 ], "texture": "#texture", "rotation": 180 },
				"west": { "uv": [ 8.170213, 12.93617, 7.829787, 11.57447 ], "texture": "#texture", "rotation": 180 },
				"east": { "uv": [ 7.829787, 11.57447, 8.170213, 12.93617 ], "texture": "#texture" }
			}
		},
		{
			"__comment": "sword_04_1",
			"from": [ 7.8298, 0.6809, 6.75 ],
			"to": [ 8.170225, 1.021325, 7.75 ],
			"faces": {
				"down": { "uv": [ 8.170213, 15.31915, 7.829787, 14.97872 ], "texture": "#texture" },
				"up": { "uv": [ 8.170213, 14.97872, 7.829787, 15.31915 ], "texture": "#texture" },
				"north": { "uv": [ 8.170213, 15.31915, 7.829787, 14.97872 ], "texture": "#texture", "rotation": 180 },
				"south": { "uv": [ 7.829787, 15.31915, 8.170213, 14.97872 ], "texture": "#texture", "rotation": 180 },
				"west": { "uv": [ 8.170213, 15.31915, 7.829787, 14.97872 ], "texture": "#texture", "rotation": 180 },
				"east": { "uv": [ 7.829787, 14.97872, 8.170213, 15.31915 ], "texture": "#texture" }
			}
		},
		{
			"__comment": "sword_05_",
			"from": [ 7.4894, 4.4255, 6.5 ],
			"to": [ 8.510676, 4.765925, 8 ],
			"faces": {
				"down": { "uv": [ 8.510638, 11.57447, 7.489362, 11.23404 ], "texture": "#texture" },
				"up": { "uv": [ 8.510638, 11.23404, 7.489362, 11.57447 ], "texture": "#texture" },
				"north": { "uv": [ 8.510638, 11.57447, 7.489362, 11.23404 ], "texture": "#texture", "rotation": 180 },
				"south": { "uv": [ 7.489362, 11.57447, 8.510638, 11.23404 ], "texture": "#texture", "rotation": 180 },
				"west": { "uv": [ 8.510638, 11.57447, 8.170213, 11.23404 ], "texture": "#texture", "rotation": 180 },
				"east": { "uv": [ 7.489362, 11.23404, 7.829787, 11.57447 ], "texture": "#texture" }
			}
		},
		{
			"__comment": "sword_05_1",
			"from": [ 8.170199, 2.7234, 6.5 ],
			"to": [ 8.510625, 4.425528, 8 ],
			"faces": {
				"down": { "uv": [ 7.829787, 13.2766, 7.489362, 12.93617 ], "texture": "#texture" },
				"up": { "uv": [ 7.829787, 11.57447, 7.489362, 11.91489 ], "texture": "#texture" },
				"north": { "uv": [ 7.829787, 13.2766, 7.489362, 11.57447 ], "texture": "#texture", "rotation": 180 },
				"south": { "uv": [ 7.489362, 13.2766, 7.829787, 11.57447 ], "texture": "#texture", "rotation": 180 },
				"west": { "uv": [ 7.829787, 13.2766, 7.489362, 11.57447 ], "texture": "#texture", "rotation": 180 },
				"east": { "uv": [ 7.489362, 11.57447, 7.829787, 13.2766 ], "texture": "#texture" }
			}
		},
		{
			"__comment": "sword_05_2",
			"from": [ 8.170199, 0.3404, 6.5 ],
			"to": [ 8.510625, 1.021251, 8 ],
			"faces": {
				"down": { "uv": [ 7.829787, 15.65957, 7.489362, 15.31915 ], "texture": "#texture" },
				"up": { "uv": [ 7.829787, 14.97872, 7.489362, 15.31915 ], "texture": "#texture" },
				"north": { "uv": [ 7.829787, 15.65957, 7.489362, 14.97872 ], "texture": "#texture", "rotation": 180 },
				"south": { "uv": [ 7.489362, 15.65957, 7.829787, 14.97872 ], "texture": "#texture", "rotation": 180 },
				"west": { "uv": [ 7.829787, 15.65957, 7.489362, 14.97872 ], "texture": "#texture", "rotation": 180 },
				"east": { "uv": [ 7.489362, 14.97872, 7.829787, 15.65957 ], "texture": "#texture" }
			}
		},
		{
			"__comment": "sword_05_3",
			"from": [ 7.8298, 4.766, 6.5 ],
			"to": [ 8.170225, 5.446851, 8 ],
			"faces": {
				"down": { "uv": [ 8.170213, 11.23404, 7.829787, 10.89362 ], "texture": "#texture" },
				"up": { "uv": [ 8.170213, 10.55319, 7.829787, 10.89362 ], "texture": "#texture" },
				"north": { "uv": [ 8.170213, 11.23404, 7.829787, 10.55319 ], "texture": "#texture", "rotation": 180 },
				"south": { "uv": [ 7.829787, 11.23404, 8.170213, 10.55319 ], "texture": "#texture", "rotation": 180 },
				"west": { "uv": [ 8.170213, 11.23404, 7.829787, 10.55319 ], "texture": "#texture", "rotation": 180 },
				"east": { "uv": [ 7.829787, 10.55319, 8.170213, 11.23404 ], "texture": "#texture" }
			}
		},
		{
			"__comment": "sword_05_4",
			"from": [ 7.4894, 2.7234, 6.5 ],
			"to": [ 8.170251, 3.063825, 8 ],
			"faces": {
				"down": { "uv": [ 8.510638, 13.2766, 7.829787, 12.93617 ], "texture": "#texture" },
				"up": { "uv": [ 8.510638, 12.93617, 7.829787, 13.2766 ], "texture": "#texture" },
				"north": { "uv": [ 8.510638, 13.2766, 7.829787, 12.93617 ], "texture": "#texture", "rotation": 180 },
				"south": { "uv": [ 7.829787, 13.2766, 8.510638, 12.93617 ], "texture": "#texture", "rotation": 180 },
				"west": { "uv": [ 8.510638, 13.2766, 8.170213, 12.93617 ], "texture": "#texture", "rotation": 180 },
				"east": { "uv": [ 7.829787, 12.93617, 8.170213, 13.2766 ], "texture": "#texture" }
			}
		},
		{
			"__comment": "sword_05_5",
			"from": [ 7.8298, 1.0213, 6.5 ],
			"to": [ 8.170225, 2.723428, 8 ],
			"faces": {
				"down": { "uv": [ 8.170213, 14.97872, 7.829787, 14.6383 ], "texture": "#texture" },
				"up": { "uv": [ 8.170213, 13.2766, 7.829787, 13.61702 ], "texture": "#texture" },
				"north": { "uv": [ 8.170213, 14.97872, 7.829787, 13.2766 ], "texture": "#texture", "rotation": 180 },
				"south": { "uv": [ 7.829787, 14.97872, 8.170213, 13.2766 ], "texture": "#texture", "rotation": 180 },
				"west": { "uv": [ 8.170213, 14.97872, 7.829787, 13.2766 ], "texture": "#texture", "rotation": 180 },
				"east": { "uv": [ 7.829787, 13.2766, 8.170213, 14.97872 ], "texture": "#texture" }
			}
		},
		{
			"__comment": "sword_05_6",
			"from": [ 7.4894, 0.3404, 6.5 ],
			"to": [ 8.170251, 0.6808255, 8 ],
			"faces": {
				"down": { "uv": [ 8.510638, 15.65957, 7.829787, 15.31915 ], "texture": "#texture" },
				"up": { "uv": [ 8.510638, 15.31915, 7.829787, 15.65957 ], "texture": "#texture" },
				"north": { "uv": [ 8.510638, 15.65957, 7.829787, 15.31915 ], "texture": "#texture", "rotation": 180 },
				"south": { "uv": [ 7.829787, 15.65957, 8.510638, 15.31915 ], "texture": "#texture", "rotation": 180 },
				"west": { "uv": [ 8.510638, 15.65957, 8.170213, 15.31915 ], "texture": "#texture", "rotation": 180 },
				"east": { "uv": [ 7.829787, 15.31915, 8.170213, 15.65957 ], "texture": "#texture" }
			}
		},
		{
			"__comment": "sword_05_7",
			"from": [ 7.4894, 3.0638, 6.5 ],
			"to": [ 7.829825, 4.425502, 8 ],
			"faces": {
				"down": { "uv": [ 8.510638, 12.93617, 8.170213, 12.59575 ], "texture": "#texture" },
				"up": { "uv": [ 8.510638, 11.57447, 8.170213, 11.91489 ], "texture": "#texture" },
				"north": { "uv": [ 8.510638, 12.93617, 8.170213, 11.57447 ], "texture": "#texture", "rotation": 180 },
				"south": { "uv": [ 8.170213, 12.93617, 8.510638, 11.57447 ], "texture": "#texture", "rotation": 180 },
				"west": { "uv": [ 8.510638, 12.93617, 8.170213, 11.57447 ], "texture": "#texture", "rotation": 180 },
				"east": { "uv": [ 8.170213, 11.57447, 8.510638, 12.93617 ], "texture": "#texture" }
			}
		},
		{
			"__comment": "sword_05_8",
			"from": [ 7.4894, 0.6809, 6.5 ],
			"to": [ 7.829825, 1.021325, 8 ],
			"faces": {
				"down": { "uv": [ 8.510638, 15.31915, 8.170213, 14.97872 ], "texture": "#texture" },
				"up": { "uv": [ 8.510638, 14.97872, 8.170213, 15.31915 ], "texture": "#texture" },
				"north": { "uv": [ 8.510638, 15.31915, 8.170213, 14.97872 ], "texture": "#texture", "rotation": 180 },
				"south": { "uv": [ 8.170213, 15.31915, 8.510638, 14.97872 ], "texture": "#texture", "rotation": 180 },
				"west": { "uv": [ 8.510638, 15.31915, 8.170213, 14.97872 ], "texture": "#texture", "rotation": 180 },
				"east": { "uv": [ 8.170213, 14.97872, 8.510638, 15.31915 ], "texture": "#texture" }
			}
		},
		{
			"__comment": "sword_06_",
			"from": [ 9.531899, 4.766, 6.25 ],
			"to": [ 10.55318, 5.106425, 8.25 ],
			"faces": {
				"down": { "uv": [ 6.468085, 11.23404, 5.446808, 10.89362 ], "texture": "#texture" },
				"up": { "uv": [ 6.468085, 10.89362, 5.446808, 11.23404 ], "texture": "#texture" },
				"north": { "uv": [ 6.468085, 11.23404, 5.446808, 10.89362 ], "texture": "#texture", "rotation": 180 },
				"south": { "uv": [ 5.446808, 11.23404, 6.468085, 10.89362 ], "texture": "#texture", "rotation": 180 },
				"west": { "uv": [ 6.468085, 11.23404, 6.12766, 10.89362 ], "texture": "#texture", "rotation": 180 },
				"east": { "uv": [ 5.446808, 10.89362, 5.787234, 11.23404 ], "texture": "#texture" }
			}
		},
		{
			"__comment": "sword_06_1",
			"from": [ 8.5106, 4.4255, 6.25 ],
			"to": [ 9.531877, 4.765925, 8.25 ],
			"faces": {
				"down": { "uv": [ 7.489362, 11.57447, 6.468085, 11.23404 ], "texture": "#texture" },
				"up": { "uv": [ 7.489362, 11.23404, 6.468085, 11.57447 ], "texture": "#texture" },
				"north": { "uv": [ 7.489362, 11.57447, 6.468085, 11.23404 ], "texture": "#texture", "rotation": 180 },
				"south": { "uv": [ 6.468085, 11.57447, 7.489362, 11.23404 ], "texture": "#texture", "rotation": 180 },
				"west": { "uv": [ 7.489362, 11.57447, 7.148936, 11.23404 ], "texture": "#texture", "rotation": 180 },
				"east": { "uv": [ 6.468085, 11.23404, 6.808511, 11.57447 ], "texture": "#texture" }
			}
		},
		{
			"__comment": "sword_06_2",
			"from": [ 8.170199, 4.766, 6.25 ],
			"to": [ 8.85105, 5.106425, 8.25 ],
			"faces": {
				"down": { "uv": [ 7.829787, 11.23404, 7.148936, 10.89362 ], "texture": "#texture" },
				"up": { "uv": [ 7.829787, 10.89362, 7.148936, 11.23404 ], "texture": "#texture" },
				"north": { "uv": [ 7.829787, 11.23404, 7.148936, 10.89362 ], "texture": "#texture", "rotation": 180 },
				"south": { "uv": [ 7.148936, 11.23404, 7.829787, 10.89362 ], "texture": "#texture", "rotation": 180 },
				"west": { "uv": [ 7.829787, 11.23404, 7.489362, 10.89362 ], "texture": "#texture", "rotation": 180 },
				"east": { "uv": [ 7.148936, 10.89362, 7.489362, 11.23404 ], "texture": "#texture" }
			}
		},
		{
			"__comment": "sword_06_3",
			"from": [ 8.5106, 2.7234, 6.25 ],
			"to": [ 8.851026, 4.425528, 8.25 ],
			"faces": {
				"down": { "uv": [ 7.489362, 13.2766, 7.148936, 12.93617 ], "texture": "#texture" },
				"up": { "uv": [ 7.489362, 11.57447, 7.148936, 11.91489 ], "texture": "#texture" },
				"north": { "uv": [ 7.489362, 13.2766, 7.148936, 11.57447 ], "texture": "#texture", "rotation": 180 },
				"south": { "uv": [ 7.148936, 13.2766, 7.489362, 11.57447 ], "texture": "#texture", "rotation": 180 },
				"west": { "uv": [ 7.489362, 13.2766, 7.148936, 11.57447 ], "texture": "#texture", "rotation": 180 },
				"east": { "uv": [ 7.148936, 11.57447, 7.489362, 13.2766 ], "texture": "#texture" }
			}
		},
		{
			"__comment": "sword_06_4",
			"from": [ 8.170199, 1.0213, 6.25 ],
			"to": [ 8.510625, 2.723428, 8.25 ],
			"faces": {
				"down": { "uv": [ 7.829787, 14.97872, 7.489362, 14.6383 ], "texture": "#texture" },
				"up": { "uv": [ 7.829787, 13.2766, 7.489362, 13.61702 ], "texture": "#texture" },
				"north": { "uv": [ 7.829787, 14.97872, 7.489362, 13.2766 ], "texture": "#texture", "rotation": 180 },
				"south": { "uv": [ 7.489362, 14.97872, 7.829787, 13.2766 ], "texture": "#texture", "rotation": 180 },
				"west": { "uv": [ 7.829787, 14.97872, 7.489362, 13.2766 ], "texture": "#texture", "rotation": 180 },
				"east": { "uv": [ 7.489362, 13.2766, 7.829787, 14.97872 ], "texture": "#texture" }
			}
		},
		{
			"__comment": "sword_06_5",
			"from": [ 7.1489, 4.766, 6.25 ],
			"to": [ 7.829751, 5.106425, 8.25 ],
			"faces": {
				"down": { "uv": [ 8.851064, 11.23404, 8.170213, 10.89362 ], "texture": "#texture" },
				"up": { "uv": [ 8.851064, 10.89362, 8.170213, 11.23404 ], "texture": "#texture" },
				"north": { "uv": [ 8.851064, 11.23404, 8.170213, 10.89362 ], "texture": "#texture", "rotation": 180 },
				"south": { "uv": [ 8.170213, 11.23404, 8.851064, 10.89362 ], "texture": "#texture", "rotation": 180 },
				"west": { "uv": [ 8.851064, 11.23404, 8.510638, 10.89362 ], "texture": "#texture", "rotation": 180 },
				"east": { "uv": [ 8.170213, 10.89362, 8.510638, 11.23404 ], "texture": "#texture" }
			}
		},
		{
			"__comment": "sword_06_6",
			"from": [ 7.4894, 1.0213, 6.25 ],
			"to": [ 7.829825, 2.723428, 8.25 ],
			"faces": {
				"down": { "uv": [ 8.510638, 14.97872, 8.170213, 14.6383 ], "texture": "#texture" },
				"up": { "uv": [ 8.510638, 13.2766, 8.170213, 13.61702 ], "texture": "#texture" },
				"north": { "uv": [ 8.510638, 14.97872, 8.170213, 13.2766 ], "texture": "#texture", "rotation": 180 },
				"south": { "uv": [ 8.170213, 14.97872, 8.510638, 13.2766 ], "texture": "#texture", "rotation": 180 },
				"west": { "uv": [ 8.510638, 14.97872, 8.170213, 13.2766 ], "texture": "#texture", "rotation": 180 },
				"east": { "uv": [ 8.170213, 13.2766, 8.510638, 14.97872 ], "texture": "#texture" }
			}
		},
		{
			"__comment": "sword_06_7",
			"from": [ 6.4681, 4.4255, 6.25 ],
			"to": [ 7.489377, 4.765925, 8.25 ],
			"faces": {
				"down": { "uv": [ 9.531915, 11.57447, 8.510638, 11.23404 ], "texture": "#texture" },
				"up": { "uv": [ 9.531915, 11.23404, 8.510638, 11.57447 ], "texture": "#texture" },
				"north": { "uv": [ 9.531915, 11.57447, 8.510638, 11.23404 ], "texture": "#texture", "rotation": 180 },
				"south": { "uv": [ 8.510638, 11.57447, 9.531915, 11.23404 ], "texture": "#texture", "rotation": 180 },
				"west": { "uv": [ 9.531915, 11.57447, 9.191489, 11.23404 ], "texture": "#texture", "rotation": 180 },
				"east": { "uv": [ 8.510638, 11.23404, 8.851064, 11.57447 ], "texture": "#texture" }
			}
		},
		{
			"__comment": "sword_06_8",
			"from": [ 7.1489, 2.7234, 6.25 ],
			"to": [ 7.489326, 4.425528, 8.25 ],
			"faces": {
				"down": { "uv": [ 8.851064, 13.2766, 8.510638, 12.93617 ], "texture": "#texture" },
				"up": { "uv": [ 8.851064, 11.57447, 8.510638, 11.91489 ], "texture": "#texture" },
				"north": { "uv": [ 8.851064, 13.2766, 8.510638, 11.57447 ], "texture": "#texture", "rotation": 180 },
				"south": { "uv": [ 8.510638, 13.2766, 8.851064, 11.57447 ], "texture": "#texture", "rotation": 180 },
				"west": { "uv": [ 8.851064, 13.2766, 8.510638, 11.57447 ], "texture": "#texture", "rotation": 180 },
				"east": { "uv": [ 8.510638, 11.57447, 8.851064, 13.2766 ], "texture": "#texture" }
			}
		},
		{
			"__comment": "sword_06_9",
			"from": [ 5.4468, 4.766, 6.25 ],
			"to": [ 6.468076, 5.106425, 8.25 ],
			"faces": {
				"down": { "uv": [ 10.55319, 11.23404, 9.531915, 10.89362 ], "texture": "#texture" },
				"up": { "uv": [ 10.55319, 10.89362, 9.531915, 11.23404 ], "texture": "#texture" },
				"north": { "uv": [ 10.55319, 11.23404, 9.531915, 10.89362 ], "texture": "#texture", "rotation": 180 },
				"south": { "uv": [ 9.531915, 11.23404, 10.55319, 10.89362 ], "texture": "#texture", "rotation": 180 },
				"west": { "uv": [ 10.55319, 11.23404, 10.21277, 10.89362 ], "texture": "#texture", "rotation": 180 },
				"east": { "uv": [ 9.531915, 10.89362, 9.87234, 11.23404 ], "texture": "#texture" }
			}
		},
		{
			"__comment": "sword_07_",
			"from": [ 11.234, 5.1064, 6.625 ],
			"to": [ 11.57442, 6.127676, 7.875 ],
			"faces": {
				"down": { "uv": [ 4.765957, 10.89362, 4.425532, 10.55319 ], "texture": "#texture" },
				"up": { "uv": [ 4.765957, 9.87234, 4.425532, 10.21277 ], "texture": "#texture" },
				"north": { "uv": [ 4.765957, 10.89362, 4.425532, 9.87234 ], "texture": "#texture", "rotation": 180 },
				"south": { "uv": [ 4.425532, 10.89362, 4.765957, 9.87234 ], "texture": "#texture", "rotation": 180 },
				"west": { "uv": [ 4.765957, 10.89362, 4.425532, 9.87234 ], "texture": "#texture", "rotation": 180 },
				"east": { "uv": [ 4.425532, 9.87234, 4.765957, 10.89362 ], "texture": "#texture" }
			}
		},
		{
			"__comment": "sword_07_1",
			"from": [ 10.8936, 4.766, 6.625 ],
			"to": [ 11.23403, 5.446851, 7.875 ],
			"faces": {
				"down": { "uv": [ 5.106383, 11.23404, 4.765957, 10.89362 ], "texture": "#texture" },
				"up": { "uv": [ 5.106383, 10.55319, 4.765957, 10.89362 ], "texture": "#texture" },
				"north": { "uv": [ 5.106383, 11.23404, 4.765957, 10.55319 ], "texture": "#texture", "rotation": 180 },
				"south": { "uv": [ 4.765957, 11.23404, 5.106383, 10.55319 ], "texture": "#texture", "rotation": 180 },
				"west": { "uv": [ 5.106383, 11.23404, 4.765957, 10.55319 ], "texture": "#texture", "rotation": 180 },
				"east": { "uv": [ 4.765957, 10.55319, 5.106383, 11.23404 ], "texture": "#texture" }
			}
		},
		{
			"__comment": "sword_07_2",
			"from": [ 10.5532, 4.4255, 6.625 ],
			"to": [ 10.89363, 5.106351, 7.875 ],
			"faces": {
				"down": { "uv": [ 5.446808, 11.57447, 5.106383, 11.23404 ], "texture": "#texture" },
				"up": { "uv": [ 5.446808, 10.89362, 5.106383, 11.23404 ], "texture": "#texture" },
				"north": { "uv": [ 5.446808, 11.57447, 5.106383, 10.89362 ], "texture": "#texture", "rotation": 180 },
				"south": { "uv": [ 5.106383, 11.57447, 5.446808, 10.89362 ], "texture": "#texture", "rotation": 180 },
				"west": { "uv": [ 5.446808, 11.57447, 5.106383, 10.89362 ], "texture": "#texture", "rotation": 180 },
				"east": { "uv": [ 5.106383, 10.89362, 5.446808, 11.57447 ], "texture": "#texture" }
			}
		},
		{
			"__comment": "sword_07_3",
			"from": [ 9.531899, 4.4255, 6.625 ],
			"to": [ 10.55318, 4.765925, 7.875 ],
			"faces": {
				"down": { "uv": [ 6.468085, 11.57447, 5.446808, 11.23404 ], "texture": "#texture" },
				"up": { "uv": [ 6.468085, 11.23404, 5.446808, 11.57447 ], "texture": "#texture" },
				"north": { "uv": [ 6.468085, 11.57447, 5.446808, 11.23404 ], "texture": "#texture", "rotation": 180 },
				"south": { "uv": [ 5.446808, 11.57447, 6.468085, 11.23404 ], "texture": "#texture", "rotation": 180 },
				"west": { "uv": [ 6.468085, 11.57447, 6.12766, 11.23404 ], "texture": "#texture", "rotation": 180 },
				"east": { "uv": [ 5.446808, 11.23404, 5.787234, 11.57447 ], "texture": "#texture" }
			}
		},
		{
			"__comment": "sword_07_4",
			"from": [ 8.5106, 5.1064, 6.625 ],
			"to": [ 9.872302, 5.446826, 7.875 ],
			"faces": {
				"down": { "uv": [ 7.489362, 10.89362, 6.12766, 10.55319 ], "texture": "#texture" },
				"up": { "uv": [ 7.489362, 10.55319, 6.12766, 10.89362 ], "texture": "#texture" },
				"north": { "uv": [ 7.489362, 10.89362, 6.12766, 10.55319 ], "texture": "#texture", "rotation": 180 },
				"south": { "uv": [ 6.12766, 10.89362, 7.489362, 10.55319 ], "texture": "#texture", "rotation": 180 },
				"west": { "uv": [ 7.489362, 10.89362, 7.148936, 10.55319 ], "texture": "#texture", "rotation": 180 },
				"east": { "uv": [ 6.12766, 10.55319, 6.468085, 10.89362 ], "texture": "#texture" }
			}
		},
		{
			"__comment": "sword_07_5",
			"from": [ 8.8511, 4.766, 6.625 ],
			"to": [ 9.531951, 5.106425, 7.875 ],
			"faces": {
				"down": { "uv": [ 7.148936, 11.23404, 6.468085, 10.89362 ], "texture": "#texture" },
				"up": { "uv": [ 7.148936, 10.89362, 6.468085, 11.23404 ], "texture": "#texture" },
				"north": { "uv": [ 7.148936, 11.23404, 6.468085, 10.89362 ], "texture": "#texture", "rotation": 180 },
				"south": { "uv": [ 6.468085, 11.23404, 7.148936, 10.89362 ], "texture": "#texture", "rotation": 180 },
				"west": { "uv": [ 7.148936, 11.23404, 6.808511, 10.89362 ], "texture": "#texture", "rotation": 180 },
				"east": { "uv": [ 6.468085, 10.89362, 6.808511, 11.23404 ], "texture": "#texture" }
			}
		},
		{
			"__comment": "sword_07_6",
			"from": [ 8.8511, 4.0851, 6.625 ],
			"to": [ 9.531951, 4.425525, 7.875 ],
			"faces": {
				"down": { "uv": [ 7.148936, 11.91489, 6.468085, 11.57447 ], "texture": "#texture" },
				"up": { "uv": [ 7.148936, 11.57447, 6.468085, 11.91489 ], "texture": "#texture" },
				"north": { "uv": [ 7.148936, 11.91489, 6.468085, 11.57447 ], "texture": "#texture", "rotation": 180 },
				"south": { "uv": [ 6.468085, 11.91489, 7.148936, 11.57447 ], "texture": "#texture", "rotation": 180 },
				"west": { "uv": [ 7.148936, 11.91489, 6.808511, 11.57447 ], "texture": "#texture", "rotation": 180 },
				"east": { "uv": [ 6.468085, 11.57447, 6.808511, 11.91489 ], "texture": "#texture" }
			}
		},
		{
			"__comment": "sword_07_7",
			"from": [ 8.8511, 5.4468, 6.625 ],
			"to": [ 9.191525, 5.787225, 7.875 ],
			"faces": {
				"down": { "uv": [ 7.148936, 10.55319, 6.808511, 10.21277 ], "texture": "#texture" },
				"up": { "uv": [ 7.148936, 10.21277, 6.808511, 10.55319 ], "texture": "#texture" },
				"north": { "uv": [ 7.148936, 10.55319, 6.808511, 10.21277 ], "texture": "#texture", "rotation": 180 },
				"south": { "uv": [ 6.808511, 10.55319, 7.148936, 10.21277 ], "texture": "#texture", "rotation": 180 },
				"west": { "uv": [ 7.148936, 10.55319, 6.808511, 10.21277 ], "texture": "#texture", "rotation": 180 },
				"east": { "uv": [ 6.808511, 10.21277, 7.148936, 10.55319 ], "texture": "#texture" }
			}
		},
		{
			"__comment": "sword_07_8",
			"from": [ 8.8511, 3.7447, 6.625 ],
			"to": [ 9.191525, 4.085125, 7.875 ],
			"faces": {
				"down": { "uv": [ 7.148936, 12.25532, 6.808511, 11.91489 ], "texture": "#texture" },
				"up": { "uv": [ 7.148936, 11.91489, 6.808511, 12.25532 ], "texture": "#texture" },
				"north": { "uv": [ 7.148936, 12.25532, 6.808511, 11.91489 ], "texture": "#texture", "rotation": 180 },
				"south": { "uv": [ 6.808511, 12.25532, 7.148936, 11.91489 ], "texture": "#texture", "rotation": 180 },
				"west": { "uv": [ 7.148936, 12.25532, 6.808511, 11.91489 ], "texture": "#texture", "rotation": 180 },
				"east": { "uv": [ 6.808511, 11.91489, 7.148936, 12.25532 ], "texture": "#texture" }
			}
		},
		{
			"__comment": "sword_07_9",
			"from": [ 8.5106, 2.0426, 6.625 ],
			"to": [ 8.851026, 2.723451, 7.875 ],
			"faces": {
				"down": { "uv": [ 7.489362, 13.95745, 7.148936, 13.61702 ], "texture": "#texture" },
				"up": { "uv": [ 7.489362, 13.2766, 7.148936, 13.61702 ], "texture": "#texture" },
				"north": { "uv": [ 7.489362, 13.95745, 7.148936, 13.2766 ], "texture": "#texture", "rotation": 180 },
				"south": { "uv": [ 7.148936, 13.95745, 7.489362, 13.2766 ], "texture": "#texture", "rotation": 180 },
				"west": { "uv": [ 7.489362, 13.95745, 7.148936, 13.2766 ], "texture": "#texture", "rotation": 180 },
				"east": { "uv": [ 7.148936, 13.2766, 7.489362, 13.95745 ], "texture": "#texture" }
			}
		},
		{
			"__comment": "sword_07_10",
			"from": [ 8.5106, 0.3404, 6.625 ],
			"to": [ 8.851026, 0.6808255, 7.875 ],
			"faces": {
				"down": { "uv": [ 7.489362, 15.65957, 7.148936, 15.31915 ], "texture": "#texture" },
				"up": { "uv": [ 7.489362, 15.31915, 7.148936, 15.65957 ], "texture": "#texture" },
				"north": { "uv": [ 7.489362, 15.65957, 7.148936, 15.31915 ], "texture": "#texture", "rotation": 180 },
				"south": { "uv": [ 7.148936, 15.65957, 7.489362, 15.31915 ], "texture": "#texture", "rotation": 180 },
				"west": { "uv": [ 7.489362, 15.65957, 7.148936, 15.31915 ], "texture": "#texture", "rotation": 180 },
				"east": { "uv": [ 7.148936, 15.31915, 7.489362, 15.65957 ], "texture": "#texture" }
			}
		},
		{
			"__comment": "sword_07_11",
			"from": [ 7.4894, 0, 6.625 ],
			"to": [ 8.510676, 0.3404255, 7.875 ],
			"faces": {
				"down": { "uv": [ 8.510638, 16, 7.489362, 15.65957 ], "texture": "#texture" },
				"up": { "uv": [ 8.510638, 15.65957, 7.489362, 16 ], "texture": "#texture" },
				"north": { "uv": [ 8.510638, 16, 7.489362, 15.65957 ], "texture": "#texture", "rotation": 180 },
				"south": { "uv": [ 7.489362, 16, 8.510638, 15.65957 ], "texture": "#texture", "rotation": 180 },
				"west": { "uv": [ 8.510638, 16, 8.170213, 15.65957 ], "texture": "#texture", "rotation": 180 },
				"east": { "uv": [ 7.489362, 15.65957, 7.829787, 16 ], "texture": "#texture" }
			}
		},
		{
			"__comment": "sword_07_12",
			"from": [ 7.8298, 5.4468, 6.625 ],
			"to": [ 8.170225, 6.468076, 7.875 ],
			"faces": {
				"down": { "uv": [ 8.170213, 10.55319, 7.829787, 10.21277 ], "texture": "#texture" },
				"up": { "uv": [ 8.170213, 9.531915, 7.829787, 9.87234 ], "texture": "#texture" },
				"north": { "uv": [ 8.170213, 10.55319, 7.829787, 9.531915 ], "texture": "#texture", "rotation": 180 },
				"south": { "uv": [ 7.829787, 10.55319, 8.170213, 9.531915 ], "texture": "#texture", "rotation": 180 },
				"west": { "uv": [ 8.170213, 10.55319, 7.829787, 9.531915 ], "texture": "#texture", "rotation": 180 },
				"east": { "uv": [ 7.829787, 9.531915, 8.170213, 10.55319 ], "texture": "#texture" }
			}
		},
		{
			"__comment": "sword_07_13",
			"from": [ 6.1277, 5.1064, 6.625 ],
			"to": [ 7.489402, 5.446826, 7.875 ],
			"faces": {
				"down": { "uv": [ 9.87234, 10.89362, 8.510638, 10.55319 ], "texture": "#texture" },
				"up": { "uv": [ 9.87234, 10.55319, 8.510638, 10.89362 ], "texture": "#texture" },
				"north": { "uv": [ 9.87234, 10.89362, 8.510638, 10.55319 ], "texture": "#texture", "rotation": 180 },
				"south": { "uv": [ 8.510638, 10.89362, 9.87234, 10.55319 ], "texture": "#texture", "rotation": 180 },
				"west": { "uv": [ 9.87234, 10.89362, 9.531915, 10.55319 ], "texture": "#texture", "rotation": 180 },
				"east": { "uv": [ 8.510638, 10.55319, 8.851064, 10.89362 ], "texture": "#texture" }
			}
		},
		{
			"__comment": "sword_07_14",
			"from": [ 7.1489, 2.0426, 6.625 ],
			"to": [ 7.489326, 2.723451, 7.875 ],
			"faces": {
				"down": { "uv": [ 8.851064, 13.95745, 8.510638, 13.61702 ], "texture": "#texture" },
				"up": { "uv": [ 8.851064, 13.2766, 8.510638, 13.61702 ], "texture": "#texture" },
				"north": { "uv": [ 8.851064, 13.95745, 8.510638, 13.2766 ], "texture": "#texture", "rotation": 180 },
				"south": { "uv": [ 8.510638, 13.95745, 8.851064, 13.2766 ], "texture": "#texture", "rotation": 180 },
				"west": { "uv": [ 8.851064, 13.95745, 8.510638, 13.2766 ], "texture": "#texture", "rotation": 180 },
				"east": { "uv": [ 8.510638, 13.2766, 8.851064, 13.95745 ], "texture": "#texture" }
			}
		},
		{
			"__comment": "sword_07_15",
			"from": [ 7.1489, 0.3404, 6.625 ],
			"to": [ 7.489326, 0.6808255, 7.875 ],
			"faces": {
				"down": { "uv": [ 8.851064, 15.65957, 8.510638, 15.31915 ], "texture": "#texture" },
				"up": { "uv": [ 8.851064, 15.31915, 8.510638, 15.65957 ], "texture": "#texture" },
				"north": { "uv": [ 8.851064, 15.65957, 8.510638, 15.31915 ], "texture": "#texture", "rotation": 180 },
				"south": { "uv": [ 8.510638, 15.65957, 8.851064, 15.31915 ], "texture": "#texture", "rotation": 180 },
				"west": { "uv": [ 8.851064, 15.65957, 8.510638, 15.31915 ], "texture": "#texture", "rotation": 180 },
				"east": { "uv": [ 8.510638, 15.31915, 8.851064, 15.65957 ], "texture": "#texture" }
			}
		},
		{
			"__comment": "sword_07_16",
			"from": [ 6.8085, 4.766, 6.625 ],
			"to": [ 7.148925, 5.787276, 7.875 ],
			"faces": {
				"down": { "uv": [ 9.191489, 11.23404, 8.851064, 10.89362 ], "texture": "#texture" },
				"up": { "uv": [ 9.191489, 10.21277, 8.851064, 10.55319 ], "texture": "#texture" },
				"north": { "uv": [ 9.191489, 11.23404, 8.851064, 10.21277 ], "texture": "#texture", "rotation": 180 },
				"south": { "uv": [ 8.851064, 11.23404, 9.191489, 10.21277 ], "texture": "#texture", "rotation": 180 },
				"west": { "uv": [ 9.191489, 11.23404, 8.851064, 10.21277 ], "texture": "#texture", "rotation": 180 },
				"east": { "uv": [ 8.851064, 10.21277, 9.191489, 11.23404 ], "texture": "#texture" }
			}
		},
		{
			"__comment": "sword_07_17",
			"from": [ 6.4681, 4.0851, 6.625 ],
			"to": [ 7.148951, 4.425525, 7.875 ],
			"faces": {
				"down": { "uv": [ 9.531915, 11.91489, 8.851064, 11.57447 ], "texture": "#texture" },
				"up": { "uv": [ 9.531915, 11.57447, 8.851064, 11.91489 ], "texture": "#texture" },
				"north": { "uv": [ 9.531915, 11.91489, 8.851064, 11.57447 ], "texture": "#texture", "rotation": 180 },
				"south": { "uv": [ 8.851064, 11.91489, 9.531915, 11.57447 ], "texture": "#texture", "rotation": 180 },
				"west": { "uv": [ 9.531915, 11.91489, 9.191489, 11.57447 ], "texture": "#texture", "rotation": 180 },
				"east": { "uv": [ 8.851064, 11.57447, 9.191489, 11.91489 ], "texture": "#texture" }
			}
		},
		{
			"__comment": "sword_07_18",
			"from": [ 6.8085, 3.7447, 6.625 ],
			"to": [ 7.148925, 4.085125, 7.875 ],
			"faces": {
				"down": { "uv": [ 9.191489, 12.25532, 8.851064, 11.91489 ], "texture": "#texture" },
				"up": { "uv": [ 9.191489, 11.91489, 8.851064, 12.25532 ], "texture": "#texture" },
				"north": { "uv": [ 9.191489, 12.25532, 8.851064, 11.91489 ], "texture": "#texture", "rotation": 180 },
				"south": { "uv": [ 8.851064, 12.25532, 9.191489, 11.91489 ], "texture": "#texture", "rotation": 180 },
				"west": { "uv": [ 9.191489, 12.25532, 8.851064, 11.91489 ], "texture": "#texture", "rotation": 180 },
				"east": { "uv": [ 8.851064, 11.91489, 9.191489, 12.25532 ], "texture": "#texture" }
			}
		},
		{
			"__comment": "sword_07_19",
			"from": [ 6.4681, 4.766, 6.625 ],
			"to": [ 6.808526, 5.106425, 7.875 ],
			"faces": {
				"down": { "uv": [ 9.531915, 11.23404, 9.191489, 10.89362 ], "texture": "#texture" },
				"up": { "uv": [ 9.531915, 10.89362, 9.191489, 11.23404 ], "texture": "#texture" },
				"north": { "uv": [ 9.531915, 11.23404, 9.191489, 10.89362 ], "texture": "#texture", "rotation": 180 },
				"south": { "uv": [ 9.191489, 11.23404, 9.531915, 10.89362 ], "texture": "#texture", "rotation": 180 },
				"west": { "uv": [ 9.531915, 11.23404, 9.191489, 10.89362 ], "texture": "#texture", "rotation": 180 },
				"east": { "uv": [ 9.191489, 10.89362, 9.531915, 11.23404 ], "texture": "#texture" }
			}
		},
		{
			"__comment": "sword_07_20",
			"from": [ 5.1064, 4.4255, 6.625 ],
			"to": [ 6.468102, 4.765925, 7.875 ],
			"faces": {
				"down": { "uv": [ 10.89362, 11.57447, 9.531915, 11.23404 ], "texture": "#texture" },
				"up": { "uv": [ 10.89362, 11.23404, 9.531915, 11.57447 ], "texture": "#texture" },
				"north": { "uv": [ 10.89362, 11.57447, 9.531915, 11.23404 ], "texture": "#texture", "rotation": 180 },
				"south": { "uv": [ 9.531915, 11.57447, 10.89362, 11.23404 ], "texture": "#texture", "rotation": 180 },
				"west": { "uv": [ 10.89362, 11.57447, 10.55319, 11.23404 ], "texture": "#texture", "rotation": 180 },
				"east": { "uv": [ 9.531915, 11.23404, 9.87234, 11.57447 ], "texture": "#texture" }
			}
		},
		{
			"__comment": "sword_07_21",
			"from": [ 4.766, 4.766, 6.625 ],
			"to": [ 5.446851, 5.106425, 7.875 ],
			"faces": {
				"down": { "uv": [ 11.23404, 11.23404, 10.55319, 10.89362 ], "texture": "#texture" },
				"up": { "uv": [ 11.23404, 10.89362, 10.55319, 11.23404 ], "texture": "#texture" },
				"north": { "uv": [ 11.23404, 11.23404, 10.55319, 10.89362 ], "texture": "#texture", "rotation": 180 },
				"south": { "uv": [ 10.55319, 11.23404, 11.23404, 10.89362 ], "texture": "#texture", "rotation": 180 },
				"west": { "uv": [ 11.23404, 11.23404, 10.89362, 10.89362 ], "texture": "#texture", "rotation": 180 },
				"east": { "uv": [ 10.55319, 10.89362, 10.89362, 11.23404 ], "texture": "#texture" }
			}
		},
		{
			"__comment": "sword_07_22",
			"from": [ 4.4255, 5.1064, 6.625 ],
			"to": [ 5.106351, 5.446826, 7.875 ],
			"faces": {
				"down": { "uv": [ 11.57447, 10.89362, 10.89362, 10.55319 ], "texture": "#texture" },
				"up": { "uv": [ 11.57447, 10.55319, 10.89362, 10.89362 ], "texture": "#texture" },
				"north": { "uv": [ 11.57447, 10.89362, 10.89362, 10.55319 ], "texture": "#texture", "rotation": 180 },
				"south": { "uv": [ 10.89362, 10.89362, 11.57447, 10.55319 ], "texture": "#texture", "rotation": 180 },
				"west": { "uv": [ 11.57447, 10.89362, 11.23404, 10.55319 ], "texture": "#texture", "rotation": 180 },
				"east": { "uv": [ 10.89362, 10.55319, 11.23404, 10.89362 ], "texture": "#texture" }
			}
		},
		{
			"__comment": "sword_07_23",
			"from": [ 4.4255, 5.4468, 6.625 ],
			"to": [ 4.765925, 6.127651, 7.875 ],
			"faces": {
				"down": { "uv": [ 11.57447, 10.55319, 11.23404, 10.21277 ], "texture": "#texture" },
				"up": { "uv": [ 11.57447, 9.87234, 11.23404, 10.21277 ], "texture": "#texture" },
				"north": { "uv": [ 11.57447, 10.55319, 11.23404, 9.87234 ], "texture": "#texture", "rotation": 180 },
				"south": { "uv": [ 11.23404, 10.55319, 11.57447, 9.87234 ], "texture": "#texture", "rotation": 180 },
				"west": { "uv": [ 11.57447, 10.55319, 11.23404, 9.87234 ], "texture": "#texture", "rotation": 180 },
				"east": { "uv": [ 11.23404, 9.87234, 11.57447, 10.55319 ], "texture": "#texture" }
			}
		},
		{
			"__comment": "sword_08_",
			"from": [ 11.234, 4.766, 6.75 ],
			"to": [ 11.57442, 5.106425, 7.75 ],
			"faces": {
				"down": { "uv": [ 4.765957, 11.23404, 4.425532, 10.89362 ], "texture": "#texture" },
				"up": { "uv": [ 4.765957, 10.89362, 4.425532, 11.23404 ], "texture": "#texture" },
				"north": { "uv": [ 4.765957, 11.23404, 4.425532, 10.89362 ], "texture": "#texture", "rotation": 180 },
				"south": { "uv": [ 4.425532, 11.23404, 4.765957, 10.89362 ], "texture": "#texture", "rotation": 180 },
				"west": { "uv": [ 4.765957, 11.23404, 4.425532, 10.89362 ], "texture": "#texture", "rotation": 180 },
				"east": { "uv": [ 4.425532, 10.89362, 4.765957, 11.23404 ], "texture": "#texture" }
			}
		},
		{
			"__comment": "sword_08_1",
			"from": [ 10.8936, 4.4255, 6.75 ],
			"to": [ 11.23403, 4.765925, 7.75 ],
			"faces": {
				"down": { "uv": [ 5.106383, 11.57447, 4.765957, 11.23404 ], "texture": "#texture" },
				"up": { "uv": [ 5.106383, 11.23404, 4.765957, 11.57447 ], "texture": "#texture" },
				"north": { "uv": [ 5.106383, 11.57447, 4.765957, 11.23404 ], "texture": "#texture", "rotation": 180 },
				"south": { "uv": [ 4.765957, 11.57447, 5.106383, 11.23404 ], "texture": "#texture", "rotation": 180 },
				"west": { "uv": [ 5.106383, 11.57447, 4.765957, 11.23404 ], "texture": "#texture", "rotation": 180 },
				"east": { "uv": [ 4.765957, 11.23404, 5.106383, 11.57447 ], "texture": "#texture" }
			}
		},
		{
			"__comment": "sword_08_2",
			"from": [ 9.531899, 4.0851, 6.75 ],
			"to": [ 10.8936, 4.425525, 7.75 ],
			"faces": {
				"down": { "uv": [ 6.468085, 11.91489, 5.106383, 11.57447 ], "texture": "#texture" },
				"up": { "uv": [ 6.468085, 11.57447, 5.106383, 11.91489 ], "texture": "#texture" },
				"north": { "uv": [ 6.468085, 11.91489, 5.106383, 11.57447 ], "texture": "#texture", "rotation": 180 },
				"south": { "uv": [ 5.106383, 11.91489, 6.468085, 11.57447 ], "texture": "#texture", "rotation": 180 },
				"west": { "uv": [ 6.468085, 11.91489, 6.12766, 11.57447 ], "texture": "#texture", "rotation": 180 },
				"east": { "uv": [ 5.106383, 11.57447, 5.446808, 11.91489 ], "texture": "#texture" }
			}
		},
		{
			"__comment": "sword_08_3",
			"from": [ 9.1915, 3.7447, 6.75 ],
			"to": [ 9.531925, 4.085125, 7.75 ],
			"faces": {
				"down": { "uv": [ 6.808511, 12.25532, 6.468085, 11.91489 ], "texture": "#texture" },
				"up": { "uv": [ 6.808511, 11.91489, 6.468085, 12.25532 ], "texture": "#texture" },
				"north": { "uv": [ 6.808511, 12.25532, 6.468085, 11.91489 ], "texture": "#texture", "rotation": 180 },
				"south": { "uv": [ 6.468085, 12.25532, 6.808511, 11.91489 ], "texture": "#texture", "rotation": 180 },
				"west": { "uv": [ 6.808511, 12.25532, 6.468085, 11.91489 ], "texture": "#texture", "rotation": 180 },
				"east": { "uv": [ 6.468085, 11.91489, 6.808511, 12.25532 ], "texture": "#texture" }
			}
		},
		{
			"__comment": "sword_08_4",
			"from": [ 8.8511, 3.4043, 6.75 ],
			"to": [ 9.191525, 3.744725, 7.75 ],
			"faces": {
				"down": { "uv": [ 7.148936, 12.59575, 6.808511, 12.25532 ], "texture": "#texture" },
				"up": { "uv": [ 7.148936, 12.25532, 6.808511, 12.59575 ], "texture": "#texture" },
				"north": { "uv": [ 7.148936, 12.59575, 6.808511, 12.25532 ], "texture": "#texture", "rotation": 180 },
				"south": { "uv": [ 6.808511, 12.59575, 7.148936, 12.25532 ], "texture": "#texture", "rotation": 180 },
				"west": { "uv": [ 7.148936, 12.59575, 6.808511, 12.25532 ], "texture": "#texture", "rotation": 180 },
				"east": { "uv": [ 6.808511, 12.25532, 7.148936, 12.59575 ], "texture": "#texture" }
			}
		},
		{
			"__comment": "sword_08_5",
			"from": [ 6.8085, 3.4043, 6.75 ],
			"to": [ 7.148925, 3.744725, 7.75 ],
			"faces": {
				"down": { "uv": [ 9.191489, 12.59575, 8.851064, 12.25532 ], "texture": "#texture" },
				"up": { "uv": [ 9.191489, 12.25532, 8.851064, 12.59575 ], "texture": "#texture" },
				"north": { "uv": [ 9.191489, 12.59575, 8.851064, 12.25532 ], "texture": "#texture", "rotation": 180 },
				"south": { "uv": [ 8.851064, 12.59575, 9.191489, 12.25532 ], "texture": "#texture", "rotation": 180 },
				"west": { "uv": [ 9.191489, 12.59575, 8.851064, 12.25532 ], "texture": "#texture", "rotation": 180 },
				"east": { "uv": [ 8.851064, 12.25532, 9.191489, 12.59575 ], "texture": "#texture" }
			}
		},
		{
			"__comment": "sword_08_6",
			"from": [ 6.4681, 3.7447, 6.75 ],
			"to": [ 6.808526, 4.085125, 7.75 ],
			"faces": {
				"down": { "uv": [ 9.531915, 12.25532, 9.191489, 11.91489 ], "texture": "#texture" },
				"up": { "uv": [ 9.531915, 11.91489, 9.191489, 12.25532 ], "texture": "#texture" },
				"north": { "uv": [ 9.531915, 12.25532, 9.191489, 11.91489 ], "texture": "#texture", "rotation": 180 },
				"south": { "uv": [ 9.191489, 12.25532, 9.531915, 11.91489 ], "texture": "#texture", "rotation": 180 },
				"west": { "uv": [ 9.531915, 12.25532, 9.191489, 11.91489 ], "texture": "#texture", "rotation": 180 },
				"east": { "uv": [ 9.191489, 11.91489, 9.531915, 12.25532 ], "texture": "#texture" }
			}
		},
		{
			"__comment": "sword_08_7",
			"from": [ 5.1064, 4.0851, 6.75 ],
			"to": [ 6.468102, 4.425525, 7.75 ],
			"faces": {
				"down": { "uv": [ 10.89362, 11.91489, 9.531915, 11.57447 ], "texture": "#texture" },
				"up": { "uv": [ 10.89362, 11.57447, 9.531915, 11.91489 ], "texture": "#texture" },
				"north": { "uv": [ 10.89362, 11.91489, 9.531915, 11.57447 ], "texture": "#texture", "rotation": 180 },
				"south": { "uv": [ 9.531915, 11.91489, 10.89362, 11.57447 ], "texture": "#texture", "rotation": 180 },
				"west": { "uv": [ 10.89362, 11.91489, 10.55319, 11.57447 ], "texture": "#texture", "rotation": 180 },
				"east": { "uv": [ 9.531915, 11.57447, 9.87234, 11.91489 ], "texture": "#texture" }
			}
		},
		{
			"__comment": "sword_08_8",
			"from": [ 4.766, 4.4255, 6.75 ],
			"to": [ 5.106425, 4.765925, 7.75 ],
			"faces": {
				"down": { "uv": [ 11.23404, 11.57447, 10.89362, 11.23404 ], "texture": "#texture" },
				"up": { "uv": [ 11.23404, 11.23404, 10.89362, 11.57447 ], "texture": "#texture" },
				"north": { "uv": [ 11.23404, 11.57447, 10.89362, 11.23404 ], "texture": "#texture", "rotation": 180 },
				"south": { "uv": [ 10.89362, 11.57447, 11.23404, 11.23404 ], "texture": "#texture", "rotation": 180 },
				"west": { "uv": [ 11.23404, 11.57447, 10.89362, 11.23404 ], "texture": "#texture", "rotation": 180 },
				"east": { "uv": [ 10.89362, 11.23404, 11.23404, 11.57447 ], "texture": "#texture" }
			}
		},
		{
			"__comment": "sword_08_9",
			"from": [ 4.4255, 4.766, 6.75 ],
			"to": [ 4.765925, 5.106425, 7.75 ],
			"faces": {
				"down": { "uv": [ 11.57447, 11.23404, 11.23404, 10.89362 ], "texture": "#texture" },
				"up": { "uv": [ 11.57447, 10.89362, 11.23404, 11.23404 ], "texture": "#texture" },
				"north": { "uv": [ 11.57447, 11.23404, 11.23404, 10.89362 ], "texture": "#texture", "rotation": 180 },
				"south": { "uv": [ 11.23404, 11.23404, 11.57447, 10.89362 ], "texture": "#texture", "rotation": 180 },
				"west": { "uv": [ 11.57447, 11.23404, 11.23404, 10.89362 ], "texture": "#texture", "rotation": 180 },
				"east": { "uv": [ 11.23404, 10.89362, 11.57447, 11.23404 ], "texture": "#texture" }
			}
		}
	],
	"display": {
		"thirdperson_righthand": {
			"rotation":  [ 22, -50, 0 ],
			"translation":  [ 0.0003, 6.9565, 4.8695 ],
			"scale":  [ 1, 1.5, 0.9 ]
		},
		"firstperson_righthand": {
			"rotation":  [ -16, 81, 0 ],
			"translation":  [ 3.4782, 6.2608, 0 ],
			"scale":  [ 1, 1.5, 0.9 ]
		},
		"gui": {
			"rotation":  [ -6, 0, -44 ],
			"translation":  [ 0, 0, 17.391 ],
			"scale":  [ 1, 1.5, 0.8 ]
		},
		"ground": {
			"rotation":  [ 0, 0, 80 ],
			"scale":  [ 1, 1.5, 0.9 ]
		},
		"fixed": {
			"scale":  [ 1, 1.5, 0.9 ]
		}
	}
}