{
"__comment": "Designed by S9855027 with BDcraft Cubik PRO 0.96 Beta - http://bdcraft.net",
"textures": {
    "texture": "blocks/Thatch",
    "log_oak": "blocks/log_oak",
    "log_oak_top": "blocks/log_oak_top",
    "beacon": "blocks/brick7",
    "Thatch_side": "blocks/Thatch_side"
},
"elements": [ 
{
    "from": [ 0, -7.35, -0.6875 ],
    "to": [ 16, 15.25, 0.3125 ],
    "rotation": { "origin": [ 0, 15.25, -0.6875 ], "axis": "x", "angle": -45 },
    "faces": {
        "down":  { "uv": [ 16, 1, 0, 0 ], "texture": "#texture" },
        "up":    { "uv": [ 0, 0, 16, 1 ], "texture": "#texture" },
        "north": { "uv": [ 0, 0, 16, 16 ], "texture": "#texture" },
        "south": { "uv": [ 0, 0, 16, 16 ], "texture": "#texture" },
        "west":  { "uv": [ 0, 0, 1, 16 ], "texture": "#texture" },
        "east":  { "uv": [ 15, 0, 16, 16 ], "texture": "#texture" }
    }
},
{
    "from": [ 4.25, 7, 8 ],
    "to": [ 8.75, 8, 9 ],
    "faces": {
        "down":  { "uv": [ 0, 0, 16, 16 ], "texture": "#log_oak" },
        "up":    { "uv": [ 0, 0, 16, 16 ], "texture": "#log_oak" },
        "north": { "uv": [ 0, 0, 16, 16 ], "rotation": 90, "texture": "#log_oak" },
        "south": { "uv": [ 0, 0, 16, 16 ], "rotation": 270, "texture": "#log_oak" },
        "west":  { "uv": [ 0, 0, 16, 16 ], "rotation": 90, "texture": "#log_oak_top" },
        "east":  { "uv": [ 0, 0, 16, 16 ], "rotation": 270, "texture": "#log_oak_top" }
    }
},
{
    "from": [ 0, 15, 0 ],
    "to": [ 16, 16, 1 ],
    "faces": {
        "down":  { "uv": [ 16, 1, 0, 0 ], "texture": "#texture" },
        "up":    { "uv": [ 0, 0, 16, 1 ], "texture": "#texture" },
        "north": { "uv": [ 0, 0, 16, 1 ], "texture": "#texture" },
        "south": { "uv": [ 0, 0, 16, 1 ], "texture": "#texture" },
        "west":  { "uv": [ 0, 0, 1, 1 ], "texture": "#texture" },
        "east":  { "uv": [ 15, 0, 16, 1 ], "texture": "#texture" }
    }
},
{
    "from": [ 8.75, 7, 8 ],
    "to": [ 13.25, 8, 9 ],
    "faces": {
        "down":  { "uv": [ 0, 0, 16, 16 ], "texture": "#log_oak" },
        "up":    { "uv": [ 0, 0, 16, 16 ], "texture": "#log_oak" },
        "north": { "uv": [ 0, 0, 16, 16 ], "rotation": 90, "texture": "#log_oak" },
        "south": { "uv": [ 0, 0, 16, 16 ], "rotation": 270, "texture": "#log_oak" },
        "west":  { "uv": [ 0, 0, 16, 16 ], "rotation": 90, "texture": "#log_oak_top" },
        "east":  { "uv": [ 0, 0, 16, 16 ], "rotation": 270, "texture": "#log_oak_top" }
    }
},
{
    "from": [ 13.25, 7, 8 ],
    "to": [ 16.35, 8, 9 ],
    "faces": {
        "down":  { "uv": [ 0, 0, 16, 16 ], "texture": "#log_oak" },
        "up":    { "uv": [ 0, 0, 16, 16 ], "texture": "#log_oak" },
        "north": { "uv": [ 0, 0, 16, 16 ], "rotation": 90, "texture": "#log_oak" },
        "south": { "uv": [ 0, 0, 16, 16 ], "rotation": 270, "texture": "#log_oak" },
        "west":  { "uv": [ 0, 0, 16, 16 ], "rotation": 90, "texture": "#log_oak_top" },
        "east":  { "uv": [ 0, 0, 16, 16 ], "rotation": 270, "texture": "#log_oak_top" }
    }
},
{
    "from": [ -0.25, 7, 8 ],
    "to": [ 4.25, 8, 9 ],
    "faces": {
        "down":  { "uv": [ 0, 0, 16, 16 ], "texture": "#log_oak" },
        "up":    { "uv": [ 0, 0, 16, 16 ], "texture": "#log_oak" },
        "north": { "uv": [ 0, 0, 16, 16 ], "rotation": 90, "texture": "#log_oak" },
        "south": { "uv": [ 0, 0, 16, 16 ], "rotation": 270, "texture": "#log_oak" },
        "west":  { "uv": [ 0, 0, 16, 16 ], "rotation": 90, "texture": "#log_oak_top" },
        "east":  { "uv": [ 0, 0, 16, 16 ], "rotation": 270, "texture": "#log_oak_top" }
    }
},
{
    "from": [ 0, -8.5, 0.5 ],
    "to": [ 16, 15.5, 0.5625 ],
    "rotation": { "origin": [ 0, 15.5, 0.5 ], "axis": "x", "angle": -45 },
    "faces": {
        "north": { "uv": [ 0, 0, 16, 11 ], "texture": "#Thatch_side" },
        "south": { "uv": [ 16, 0, 0, 11 ], "texture": "#Thatch_side" }
    }
},
{
    "from": [ 0, -4.365, 0.5 ],
    "to": [ 16, 15.635, 0.5625 ],
    "rotation": { "origin": [ 0, 15.635, 0.5 ], "axis": "x", "angle": -45 },
    "faces": {
        "north": { "uv": [ 16, 0, 0, 11 ], "texture": "#Thatch_side" },
        "south": { "uv": [ 0, 0, 16, 11 ], "texture": "#Thatch_side" }
    }
}
],
"display": {
    "thirdperson_righthand": {
        "rotation": [ 75, 45, 0 ],
        "translation": [ 0, 2.5, 0 ],
        "scale": [ 0.375, 0.375, 0.375 ]
    },
    "thirdperson_lefthand": {
        "rotation": [ 75, 45, 0 ],
        "translation": [ 0, 2.5, 0 ],
        "scale": [ 0.375, 0.375, 0.375 ]
    },
    "head": {
        "rotation": [ 0, 0, 0 ],
        "translation": [ 0, 0, 0 ],
        "scale": [ 1, 1, 1 ]
    },
    "ground": {
        "rotation": [ 0, 0, 0 ],
        "translation": [ 0, 2, 0 ],
        "scale": [ 0.5, 0.5, 0.5 ]
    },
    "fixed": {
        "rotation": [ 0, 0, 0 ],
        "translation": [ 0, 0, 15 ],
        "scale": [ 2, 2, 2 ]
    },
    "firstperson_righthand": {
        "rotation": [ -3, 15, 0 ],
        "translation": [ 0, 0, 0 ],
        "scale": [ 0.4, 0.4, 0.4 ]
    },
    "firstperson_lefthand": {
        "rotation": [ -3, 15, 0 ],
        "translation": [ 0, 0, 0 ],
        "scale": [ 0.4, 0.4, 0.4 ]
    },
    "gui": {
        "rotation": [ 31, -40, 0 ],
        "translation": [ 0, 0, 0 ],
        "scale": [ 0.62, 0.62, 0.62 ]
    }
}
}