{
"custom.cookiefish01":{
	"sounds":[{"name":"custom/cookiefish/cookiefish01","stream":true}],"category":"block"},
"custom.cookiefish02":{
	"sounds":[{"name":"custom/cookiefish/cookiefish02","stream":true}],"category":"block"},
"custom.cookiefish03":{
	"sounds":[{"name":"custom/cookiefish/cookiefish03","stream":true}],"category":"block"},
"custom.cookiefish_die":{
	"sounds":[{"name":"custom/cookiefish/cookiefish_die","stream":true}],"category":"block"},
"custom.cookiefish_die_mama":{
	"sounds":[{"name":"custom/cookiefish/cookiefish_die_mama","stream":true}],"category":"block"},
"custom.cookiefish_skill_1":{
	"sounds":[{"name":"custom/cookiefish/cookiefish_skill_1","stream":true}],"category":"block"},
"custom.cookiefish_skill_2":{
	"sounds":[{"name":"custom/cookiefish/cookiefish_skill_2","stream":true}],"category":"block"},
"custom.cookiefish_h":{
	"sounds":[{"name":"custom/cookiefish/cookiefish_h","stream":true}],"category":"block"},


	
"custom.furry":{
	"sounds":[{"name":"custom/etskill/furry","stream":true}],"category":"block"},

"custom.magic3":{
	"sounds":[{"name":"custom/se/magic3","stream":true}],"category":"block"},
"custom.leakage":{
	"sounds":[{"name":"custom/se/leakage","stream":true}],"category":"block"},
"custom.thunder9":{
	"sounds":[{"name":"custom/se/thunder9","stream":true}],"category":"block"},
"custom.quit":{
	"sounds":[{"name":"custom/se/quit","stream":true}],"category":"block"},
"custom.fire":{
	"sounds":[{"name":"custom/se/fire","stream":true}],"category":"block"},
"custom.ltsfd":{
	"sounds":[{"name":"custom/se/ltsfd","stream":true}],"category":"block"},

"magic01":{
	"sounds":[{"name":"custom/magic/magic01","stream":true}],"category":"block"},
"magic02":{
	"sounds":[{"name":"custom/magic/magic02","stream":true}],"category":"block"},
"magic03":{
	"sounds":[{"name":"custom/magic/magic03","stream":true}],"category":"block"},

"custom.harp01":{
	"sounds":[{"name":"custom/harp/harp01","stream":true}],"category":"block"},
"custom.harp02":{
	"sounds":[{"name":"custom/harp/harp02","stream":true}],"category":"block"},
"custom.harp03":{
	"sounds":[{"name":"custom/harp/harp03","stream":true}],"category":"block"},
"custom.harp04":{
	"sounds":[{"name":"custom/harp/harp04","stream":true}],"category":"block"},


"bow_aim":{
	"sounds":[{"name":"custom/skill/bow_aim","stream":true}],"category":"block"},
"magic_book":{
	"sounds":[{"name":"custom/skill/magic_book","stream":true}],"category":"block"},











"custom.story1":{
	"sounds":[{"name":"custom/vocal/story1","stream":true}],"category":"block"},
	
"custom.succubus01":{
	"sounds":[{"name":"custom/succbus/succubus01","stream":true}],"category":"block"},
"custom.succubus02":{
	"sounds":[{"name":"custom/succbus/succubus02","stream":true}],"category":"block"},
"custom.succubus03":{
	"sounds":[{"name":"custom/succbus/succubus03","stream":true}],"category":"block"},
"custom.succubus04":{
	"sounds":[{"name":"custom/succbus/succubus04","stream":true}],"category":"block"},
"custom.succubus05":{
	"sounds":[{"name":"custom/succbus/succubus05","stream":true}],"category":"block"},
"custom.succubus06":{
	"sounds":[{"name":"custom/succbus/succubus06","stream":true}],"category":"block"},
"custom.succubus_skill":{
	"sounds":[{"name":"custom/succbus/succubus_skill","stream":true}],"category":"block"},
"custom.succubus_skill_2":{
	"sounds":[{"name":"custom/succbus/succubus_skill_2","stream":true}],"category":"block"},
"custom.succubus_skill_3":{
	"sounds":[{"name":"custom/succbus/succubus_skill_3","stream":true}],"category":"block"},
"custom.succubus_skill_4":{
	"sounds":[{"name":"custom/succbus/succubus_skill_4","stream":true}],"category":"block"},
"custom.succubus_h1":{
	"sounds":[{"name":"custom/succbus/succubus_h1","stream":true}],"category":"block"},
"custom.succubus_h2":{
	"sounds":[{"name":"custom/succbus/succubus_h2","stream":true}],"category":"block"},
"custom.succubus_d":{
	"sounds":[{"name":"custom/succbus/succubus_d","stream":true}],"category":"block"}
}