{
	"__comment": "Designed by Zeibo with Cubik Studio - https://cubik.studio",
	"textures": {
		"texture": "block/light_gray_concrete_powder",
		"texture1": "block/orange_terracotta",
		"texture2": "block/black_concrete",
		"texture3": "block/blue_concrete",
		"texture4": "staff/water"
	},
	"elements": [ 	 
		{
			"__comment": "Box1",
			"from": [ 2.5, 13, 0 ],
			"to": [ 13.5, 14, 16 ],
			"faces": {
				"down": { "uv": [ 2.5, 0, 13.5, 16 ], "texture": "#texture" },
				"up": { "uv": [ 2.5, 0, 13.5, 16 ], "texture": "#texture" },
				"north": { "uv": [ 2.5, 2, 13.5, 3 ], "texture": "#texture" },
				"south": { "uv": [ 2.5, 2, 13.5, 3 ], "texture": "#texture" },
				"west": { "uv": [ 0, 2, 16, 3 ], "texture": "#texture" },
				"east": { "uv": [ 0, 2, 16, 3 ], "texture": "#texture" }
			}
		},
		{
			"__comment": "Box1",
			"from": [ 2.5, 3, 0 ],
			"to": [ 3.5, 13, 16 ],
			"faces": {
				"down": { "uv": [ 16, 4, 0, 3 ], "texture": "#texture", "rotation": 90 },
				"up": { "uv": [ 0, 3, 16, 4 ], "texture": "#texture", "rotation": 270 },
				"north": { "uv": [ 2, 3, 12, 4 ], "texture": "#texture", "rotation": 90 },
				"south": { "uv": [ 4, 3, 14, 4 ], "texture": "#texture", "rotation": 270 },
				"west": { "uv": [ 4, 0, 14, 16 ], "texture": "#texture", "rotation": 270 },
				"east": { "uv": [ 14, 16, 4, 0 ], "texture": "#texture", "rotation": 90 }
			}
		},
		{
			"__comment": "Box1",
			"from": [ 12.5, 3, 0 ],
			"to": [ 13.5, 13, 16 ],
			"faces": {
				"down": { "uv": [ 16, 4, 0, 3 ], "texture": "#texture", "rotation": 90 },
				"up": { "uv": [ 0, 3, 16, 4 ], "texture": "#texture", "rotation": 270 },
				"north": { "uv": [ 2, 3, 12, 4 ], "texture": "#texture", "rotation": 90 },
				"south": { "uv": [ 4, 3, 14, 4 ], "texture": "#texture", "rotation": 270 },
				"west": { "uv": [ 4, 0, 14, 16 ], "texture": "#texture", "rotation": 270 },
				"east": { "uv": [ 14, 16, 4, 0 ], "texture": "#texture", "rotation": 90 }
			}
		},
		{
			"__comment": "Box1",
			"from": [ 2.5, 2, 0 ],
			"to": [ 13.5, 3, 16 ],
			"faces": {
				"down": { "uv": [ 2.5, 0, 13.5, 16 ], "texture": "#texture" },
				"up": { "uv": [ 2.5, 0, 13.5, 16 ], "texture": "#texture" },
				"north": { "uv": [ 2.5, 13, 13.5, 14 ], "texture": "#texture" },
				"south": { "uv": [ 2.5, 13, 13.5, 14 ], "texture": "#texture" },
				"west": { "uv": [ 0, 13, 16, 14 ], "texture": "#texture" },
				"east": { "uv": [ 0, 13, 16, 14 ], "texture": "#texture" }
			}
		},
		{
			"__comment": "Box1",
			"from": [ 3.5, 12.5, 1 ],
			"to": [ 12.5, 13, 15 ],
			"faces": {
				"down": { "uv": [ 3.5, 1, 12.5, 15 ], "texture": "#texture2" },
				"up": { "uv": [ 3.5, 1, 12.5, 15 ], "texture": "#texture2" },
				"north": { "uv": [ 3.5, 3, 12.5, 3.5 ], "texture": "#texture2" },
				"south": { "uv": [ 3.5, 3, 12.5, 3.5 ], "texture": "#texture2" },
				"west": { "uv": [ 1, 3, 15, 3.5 ], "texture": "#texture2" },
				"east": { "uv": [ 1, 3, 15, 3.5 ], "texture": "#texture2" }
			}
		},
		{
			"__comment": "Box1",
			"from": [ 3.5, 3, 1 ],
			"to": [ 12.5, 3.5, 15 ],
			"faces": {
				"down": { "uv": [ 3.5, 1, 12.5, 15 ], "texture": "#texture2" },
				"up": { "uv": [ 3.5, 1, 12.5, 15 ], "texture": "#texture2" },
				"north": { "uv": [ 3.5, 12.5, 12.5, 13 ], "texture": "#texture2" },
				"south": { "uv": [ 3.5, 12.5, 12.5, 13 ], "texture": "#texture2" },
				"west": { "uv": [ 1, 12.5, 15, 13 ], "texture": "#texture2" },
				"east": { "uv": [ 1, 12.5, 15, 13 ], "texture": "#texture2" }
			}
		},
		{
			"__comment": "Box1",
			"from": [ 3.5, 3.5, 1 ],
			"to": [ 4, 12.5, 15 ],
			"faces": {
				"down": { "uv": [ 1, 10.5, 15, 11 ], "texture": "#texture2", "rotation": 90 },
				"up": { "uv": [ 15, 11, 1, 10.5 ], "texture": "#texture2", "rotation": 270 },
				"north": { "uv": [ 4, 10.5, 12, 11 ], "texture": "#texture2", "rotation": 270 },
				"south": { "uv": [ 4, 10.5, 12, 11 ], "texture": "#texture2", "rotation": 90 },
				"west": { "uv": [ 4, 1, 12, 15 ], "texture": "#texture2", "rotation": 90 },
				"east": { "uv": [ 12, 15, 4, 1 ], "texture": "#texture2", "rotation": 270 }
			}
		},
		{
			"__comment": "Box1",
			"from": [ 12, 3.5, 1 ],
			"to": [ 12.5, 12.5, 15 ],
			"faces": {
				"down": { "uv": [ 1, 10.5, 15, 11 ], "texture": "#texture2", "rotation": 90 },
				"up": { "uv": [ 15, 11, 1, 10.5 ], "texture": "#texture2", "rotation": 270 },
				"north": { "uv": [ 4, 10.5, 12, 11 ], "texture": "#texture2", "rotation": 270 },
				"south": { "uv": [ 4, 10.5, 12, 11 ], "texture": "#texture2", "rotation": 90 },
				"west": { "uv": [ 4, 1, 12, 15 ], "texture": "#texture2", "rotation": 90 },
				"east": { "uv": [ 12, 15, 4, 1 ], "texture": "#texture2", "rotation": 270 }
			}
		},
		{
			"__comment": "Box1",
			"from": [ 4.5, 3, 0.75 ],
			"to": [ 5.5, 4, 15.25 ],
			"faces": {
				"down": { "uv": [ 4.5, 0.75, 5.5, 15.25 ], "texture": "#texture3" },
				"up": { "uv": [ 4.5, 0.75, 5.5, 15.25 ], "texture": "#texture3" },
				"north": { "uv": [ 10.5, 12, 11.5, 13 ], "texture": "#texture3" },
				"south": { "uv": [ 4.5, 12, 5.5, 13 ], "texture": "#texture3" },
				"west": { "uv": [ 0.75, 12, 15.25, 13 ], "texture": "#texture3" },
				"east": { "uv": [ 0.75, 12, 15.25, 13 ], "texture": "#texture3" }
			}
		},
		{
			"__comment": "Box1",
			"from": [ 6.5, 3, 0.75 ],
			"to": [ 7.5, 4, 15.25 ],
			"faces": {
				"down": { "uv": [ 6.5, 0.75, 7.5, 15.25 ], "texture": "#texture3" },
				"up": { "uv": [ 6.5, 0.75, 7.5, 15.25 ], "texture": "#texture3" },
				"north": { "uv": [ 8.5, 12, 9.5, 13 ], "texture": "#texture3" },
				"south": { "uv": [ 6.5, 12, 7.5, 13 ], "texture": "#texture3" },
				"west": { "uv": [ 0.75, 12, 15.25, 13 ], "texture": "#texture3" },
				"east": { "uv": [ 0.75, 12, 15.25, 13 ], "texture": "#texture3" }
			}
		},
		{
			"__comment": "Box1",
			"from": [ 8.5, 3, 0.75 ],
			"to": [ 9.5, 4, 15.25 ],
			"faces": {
				"down": { "uv": [ 8.5, 0.75, 9.5, 15.25 ], "texture": "#texture3" },
				"up": { "uv": [ 8.5, 0.75, 9.5, 15.25 ], "texture": "#texture3" },
				"north": { "uv": [ 6.5, 12, 7.5, 13 ], "texture": "#texture3" },
				"south": { "uv": [ 8.5, 12, 9.5, 13 ], "texture": "#texture3" },
				"west": { "uv": [ 0.75, 12, 15.25, 13 ], "texture": "#texture3" },
				"east": { "uv": [ 0.75, 12, 15.25, 13 ], "texture": "#texture3" }
			}
		},
		{
			"__comment": "Box1",
			"from": [ 10.5, 3, 0.75 ],
			"to": [ 11.5, 4, 15.25 ],
			"faces": {
				"down": { "uv": [ 10.5, 0.75, 11.5, 15.25 ], "texture": "#texture3" },
				"up": { "uv": [ 10.5, 0.75, 11.5, 15.25 ], "texture": "#texture3" },
				"north": { "uv": [ 4.5, 12, 5.5, 13 ], "texture": "#texture3" },
				"south": { "uv": [ 10.5, 12, 11.5, 13 ], "texture": "#texture3" },
				"west": { "uv": [ 0.75, 12, 15.25, 13 ], "texture": "#texture3" },
				"east": { "uv": [ 0.75, 12, 15.25, 13 ], "texture": "#texture3" }
			}
		},
		{
			"__comment": "Box1",
			"from": [ 10.5, 12, 0.75 ],
			"to": [ 11.5, 13, 15.25 ],
			"faces": {
				"down": { "uv": [ 10.5, 0.75, 11.5, 15.25 ], "texture": "#texture3" },
				"up": { "uv": [ 10.5, 0.75, 11.5, 15.25 ], "texture": "#texture3" },
				"north": { "uv": [ 4.5, 3, 5.5, 4 ], "texture": "#texture3" },
				"south": { "uv": [ 10.5, 3, 11.5, 4 ], "texture": "#texture3" },
				"west": { "uv": [ 0.75, 3, 15.25, 4 ], "texture": "#texture3" },
				"east": { "uv": [ 0.75, 3, 15.25, 4 ], "texture": "#texture3" }
			}
		},
		{
			"__comment": "Box1",
			"from": [ 8.5, 12, 0.75 ],
			"to": [ 9.5, 13, 15.25 ],
			"faces": {
				"down": { "uv": [ 8.5, 0.75, 9.5, 15.25 ], "texture": "#texture3" },
				"up": { "uv": [ 8.5, 0.75, 9.5, 15.25 ], "texture": "#texture3" },
				"north": { "uv": [ 6.5, 3, 7.5, 4 ], "texture": "#texture3" },
				"south": { "uv": [ 8.5, 3, 9.5, 4 ], "texture": "#texture3" },
				"west": { "uv": [ 0.75, 3, 15.25, 4 ], "texture": "#texture3" },
				"east": { "uv": [ 0.75, 3, 15.25, 4 ], "texture": "#texture3" }
			}
		},
		{
			"__comment": "Box1",
			"from": [ 6.5, 12, 0.75 ],
			"to": [ 7.5, 13, 15.25 ],
			"faces": {
				"down": { "uv": [ 6.5, 0.75, 7.5, 15.25 ], "texture": "#texture3" },
				"up": { "uv": [ 6.5, 0.75, 7.5, 15.25 ], "texture": "#texture3" },
				"north": { "uv": [ 8.5, 3, 9.5, 4 ], "texture": "#texture3" },
				"south": { "uv": [ 6.5, 3, 7.5, 4 ], "texture": "#texture3" },
				"west": { "uv": [ 0.75, 3, 15.25, 4 ], "texture": "#texture3" },
				"east": { "uv": [ 0.75, 3, 15.25, 4 ], "texture": "#texture3" }
			}
		},
		{
			"__comment": "Box1",
			"from": [ 4.5, 12, 0.75 ],
			"to": [ 5.5, 13, 15.25 ],
			"faces": {
				"down": { "uv": [ 4.5, 0.75, 5.5, 15.25 ], "texture": "#texture3" },
				"up": { "uv": [ 4.5, 0.75, 5.5, 15.25 ], "texture": "#texture3" },
				"north": { "uv": [ 10.5, 3, 11.5, 4 ], "texture": "#texture3" },
				"south": { "uv": [ 4.5, 3, 5.5, 4 ], "texture": "#texture3" },
				"west": { "uv": [ 0.75, 3, 15.25, 4 ], "texture": "#texture3" },
				"east": { "uv": [ 0.75, 3, 15.25, 4 ], "texture": "#texture3" }
			}
		},
		{
			"__comment": "Box1",
			"from": [ 11.625, 4, 0.75 ],
			"to": [ 12.625, 5, 15.25 ],
			"faces": {
				"down": { "uv": [ 11.625, 0.75, 12.625, 15.25 ], "texture": "#texture3" },
				"up": { "uv": [ 11.625, 0.75, 12.625, 15.25 ], "texture": "#texture3" },
				"north": { "uv": [ 3.375, 11, 4.375, 12 ], "texture": "#texture3" },
				"south": { "uv": [ 11.625, 11, 12.625, 12 ], "texture": "#texture3" },
				"west": { "uv": [ 0.75, 11, 15.25, 12 ], "texture": "#texture3" },
				"east": { "uv": [ 0.75, 11, 15.25, 12 ], "texture": "#texture3" }
			}
		},
		{
			"__comment": "Box1",
			"from": [ 11.625, 6, 0.75 ],
			"to": [ 12.625, 7, 15.25 ],
			"faces": {
				"down": { "uv": [ 11.625, 0.75, 12.625, 15.25 ], "texture": "#texture3" },
				"up": { "uv": [ 11.625, 0.75, 12.625, 15.25 ], "texture": "#texture3" },
				"north": { "uv": [ 3.375, 9, 4.375, 10 ], "texture": "#texture3" },
				"south": { "uv": [ 11.625, 9, 12.625, 10 ], "texture": "#texture3" },
				"west": { "uv": [ 0.75, 9, 15.25, 10 ], "texture": "#texture3" },
				"east": { "uv": [ 0.75, 9, 15.25, 10 ], "texture": "#texture3" }
			}
		},
		{
			"__comment": "Box1",
			"from": [ 11.625, 7.5, 0.75 ],
			"to": [ 12.625, 8.5, 15.25 ],
			"faces": {
				"down": { "uv": [ 11.625, 0.75, 12.625, 15.25 ], "texture": "#texture3" },
				"up": { "uv": [ 11.625, 0.75, 12.625, 15.25 ], "texture": "#texture3" },
				"north": { "uv": [ 3.375, 7.5, 4.375, 8.5 ], "texture": "#texture3" },
				"south": { "uv": [ 11.625, 7.5, 12.625, 8.5 ], "texture": "#texture3" },
				"west": { "uv": [ 0.75, 7.5, 15.25, 8.5 ], "texture": "#texture3" },
				"east": { "uv": [ 0.75, 7.5, 15.25, 8.5 ], "texture": "#texture3" }
			}
		},
		{
			"__comment": "Box1",
			"from": [ 11.625, 9, 0.75 ],
			"to": [ 12.625, 10, 15.25 ],
			"faces": {
				"down": { "uv": [ 11.625, 0.75, 12.625, 15.25 ], "texture": "#texture3" },
				"up": { "uv": [ 11.625, 0.75, 12.625, 15.25 ], "texture": "#texture3" },
				"north": { "uv": [ 3.375, 6, 4.375, 7 ], "texture": "#texture3" },
				"south": { "uv": [ 11.625, 6, 12.625, 7 ], "texture": "#texture3" },
				"west": { "uv": [ 0.75, 6, 15.25, 7 ], "texture": "#texture3" },
				"east": { "uv": [ 0.75, 6, 15.25, 7 ], "texture": "#texture3" }
			}
		},
		{
			"__comment": "Box1",
			"from": [ 11.625, 11, 0.75 ],
			"to": [ 12.625, 12, 15.25 ],
			"faces": {
				"down": { "uv": [ 11.625, 0.75, 12.625, 15.25 ], "texture": "#texture3" },
				"up": { "uv": [ 11.625, 0.75, 12.625, 15.25 ], "texture": "#texture3" },
				"north": { "uv": [ 3.375, 4, 4.375, 5 ], "texture": "#texture3" },
				"south": { "uv": [ 11.625, 4, 12.625, 5 ], "texture": "#texture3" },
				"west": { "uv": [ 0.75, 4, 15.25, 5 ], "texture": "#texture3" },
				"east": { "uv": [ 0.75, 4, 15.25, 5 ], "texture": "#texture3" }
			}
		},
		{
			"__comment": "Box1",
			"from": [ 3.5, 11, 0.75 ],
			"to": [ 4.5, 12, 15.25 ],
			"faces": {
				"down": { "uv": [ 3.5, 0.75, 4.5, 15.25 ], "texture": "#texture3" },
				"up": { "uv": [ 3.5, 0.75, 4.5, 15.25 ], "texture": "#texture3" },
				"north": { "uv": [ 11.5, 4, 12.5, 5 ], "texture": "#texture3" },
				"south": { "uv": [ 3.5, 4, 4.5, 5 ], "texture": "#texture3" },
				"west": { "uv": [ 0.75, 4, 15.25, 5 ], "texture": "#texture3" },
				"east": { "uv": [ 0.75, 4, 15.25, 5 ], "texture": "#texture3" }
			}
		},
		{
			"__comment": "Box1",
			"from": [ 3.5, 9, 0.75 ],
			"to": [ 4.5, 10, 15.25 ],
			"faces": {
				"down": { "uv": [ 3.5, 0.75, 4.5, 15.25 ], "texture": "#texture3" },
				"up": { "uv": [ 3.5, 0.75, 4.5, 15.25 ], "texture": "#texture3" },
				"north": { "uv": [ 11.5, 6, 12.5, 7 ], "texture": "#texture3" },
				"south": { "uv": [ 3.5, 6, 4.5, 7 ], "texture": "#texture3" },
				"west": { "uv": [ 0.75, 6, 15.25, 7 ], "texture": "#texture3" },
				"east": { "uv": [ 0.75, 6, 15.25, 7 ], "texture": "#texture3" }
			}
		},
		{
			"__comment": "Box1",
			"from": [ 3.5, 7.5, 0.75 ],
			"to": [ 4.5, 8.5, 15.25 ],
			"faces": {
				"down": { "uv": [ 3.5, 0.75, 4.5, 15.25 ], "texture": "#texture3" },
				"up": { "uv": [ 3.5, 0.75, 4.5, 15.25 ], "texture": "#texture3" },
				"north": { "uv": [ 11.5, 7.5, 12.5, 8.5 ], "texture": "#texture3" },
				"south": { "uv": [ 3.5, 7.5, 4.5, 8.5 ], "texture": "#texture3" },
				"west": { "uv": [ 0.75, 7.5, 15.25, 8.5 ], "texture": "#texture3" },
				"east": { "uv": [ 0.75, 7.5, 15.25, 8.5 ], "texture": "#texture3" }
			}
		},
		{
			"__comment": "Box1",
			"from": [ 3.5, 6, 0.75 ],
			"to": [ 4.5, 7, 15.25 ],
			"faces": {
				"down": { "uv": [ 3.5, 0.75, 4.5, 15.25 ], "texture": "#texture3" },
				"up": { "uv": [ 3.5, 0.75, 4.5, 15.25 ], "texture": "#texture3" },
				"north": { "uv": [ 11.5, 9, 12.5, 10 ], "texture": "#texture3" },
				"south": { "uv": [ 3.5, 9, 4.5, 10 ], "texture": "#texture3" },
				"west": { "uv": [ 0.75, 9, 15.25, 10 ], "texture": "#texture3" },
				"east": { "uv": [ 0.75, 9, 15.25, 10 ], "texture": "#texture3" }
			}
		},
		{
			"__comment": "Box1",
			"from": [ 3.5, 4, 0.75 ],
			"to": [ 4.5, 5, 15.25 ],
			"faces": {
				"down": { "uv": [ 3.5, 0.75, 4.5, 15.25 ], "texture": "#texture3" },
				"up": { "uv": [ 3.5, 0.75, 4.5, 15.25 ], "texture": "#texture3" },
				"north": { "uv": [ 11.5, 11, 12.5, 12 ], "texture": "#texture3" },
				"south": { "uv": [ 3.5, 11, 4.5, 12 ], "texture": "#texture3" },
				"west": { "uv": [ 0.75, 11, 15.25, 12 ], "texture": "#texture3" },
				"east": { "uv": [ 0.75, 11, 15.25, 12 ], "texture": "#texture3" }
			}
		},
		{
			"__comment": "Box35",
			"from": [ 2, 13, -0.5 ],
			"to": [ 3.5, 14.5, 16.5 ],
			"faces": {
				"down": { "uv": [ 2, 0, 3.5, 16 ], "texture": "#texture1" },
				"up": { "uv": [ 2, 0, 3.5, 16 ], "texture": "#texture1" },
				"north": { "uv": [ 12.5, 1.5, 14, 3 ], "texture": "#texture1" },
				"south": { "uv": [ 2, 1.5, 3.5, 3 ], "texture": "#texture1" },
				"west": { "uv": [ 0, 1.5, 16, 3 ], "texture": "#texture1" },
				"east": { "uv": [ 0, 1.5, 16, 3 ], "texture": "#texture1" }
			}
		},
		{
			"__comment": "Box35",
			"from": [ 12.5, 13, -0.5 ],
			"to": [ 14, 14.5, 16.5 ],
			"faces": {
				"down": { "uv": [ 12.5, 0, 14, 16 ], "texture": "#texture1" },
				"up": { "uv": [ 12.5, 0, 14, 16 ], "texture": "#texture1" },
				"north": { "uv": [ 2, 1.5, 3.5, 3 ], "texture": "#texture1" },
				"south": { "uv": [ 12.5, 1.5, 14, 3 ], "texture": "#texture1" },
				"west": { "uv": [ 0, 1.5, 16, 3 ], "texture": "#texture1" },
				"east": { "uv": [ 0, 1.5, 16, 3 ], "texture": "#texture1" }
			}
		},
		{
			"__comment": "Box35",
			"from": [ 12.5, 1.5, -0.5 ],
			"to": [ 14, 3, 16.5 ],
			"faces": {
				"down": { "uv": [ 12.5, 0, 14, 16 ], "texture": "#texture1" },
				"up": { "uv": [ 12.5, 0, 14, 16 ], "texture": "#texture1" },
				"north": { "uv": [ 2, 13, 3.5, 14.5 ], "texture": "#texture1" },
				"south": { "uv": [ 12.5, 13, 14, 14.5 ], "texture": "#texture1" },
				"west": { "uv": [ 0, 13, 16, 14.5 ], "texture": "#texture1" },
				"east": { "uv": [ 0, 13, 16, 14.5 ], "texture": "#texture1" }
			}
		},
		{
			"__comment": "Box35",
			"from": [ 2, 1.5, -0.5 ],
			"to": [ 3.5, 3, 16.5 ],
			"faces": {
				"down": { "uv": [ 2, 0, 3.5, 16 ], "texture": "#texture1" },
				"up": { "uv": [ 2, 0, 3.5, 16 ], "texture": "#texture1" },
				"north": { "uv": [ 12.5, 13, 14, 14.5 ], "texture": "#texture1" },
				"south": { "uv": [ 2, 13, 3.5, 14.5 ], "texture": "#texture1" },
				"west": { "uv": [ 0, 13, 16, 14.5 ], "texture": "#texture1" },
				"east": { "uv": [ 0, 13, 16, 14.5 ], "texture": "#texture1" }
			}
		},
		{
			"__comment": "Box35",
			"from": [ -0.25, 0.75, -0.5 ],
			"to": [ 4.25, 1.75, 16.5 ],
			"rotation": { "origin": [ 4.25, 0.75, -0.5 ], "axis": "z", "angle": -45 },
			"faces": {
				"down": { "uv": [ 16, 2, 0, 0 ], "texture": "#texture1", "rotation": 90 },
				"up": { "uv": [ 0, 0, 16, 2 ], "texture": "#texture1", "rotation": 270 },
				"north": { "uv": [ 11.5, 0, 12.5, 2 ], "texture": "#texture1", "rotation": 90 },
				"south": { "uv": [ 3.5, 0, 4.5, 2 ], "texture": "#texture1", "rotation": 270 },
				"west": { "uv": [ 3.5, 0, 4.5, 16 ], "texture": "#texture1", "rotation": 270 },
				"east": { "uv": [ 4.5, 16, 3.5, 0 ], "texture": "#texture1", "rotation": 90 }
			}
		},
		{
			"__comment": "Box35",
			"from": [ -0.4697, 16.1208, -0.5 ],
			"to": [ 4.0303, 17.1208, 16.5 ],
			"rotation": { "origin": [ 3.5, 1.625, -0.5 ], "axis": "z", "angle": -45 },
			"faces": {
				"down": { "uv": [ 16, 2, 0, 0 ], "texture": "#texture1", "rotation": 90 },
				"up": { "uv": [ 0, 0, 16, 2 ], "texture": "#texture1", "rotation": 270 },
				"north": { "uv": [ 11.5, 0, 12.5, 2 ], "texture": "#texture1", "rotation": 90 },
				"south": { "uv": [ 3.5, 0, 4.5, 2 ], "texture": "#texture1", "rotation": 270 },
				"west": { "uv": [ 3.5, 0, 4.5, 16 ], "texture": "#texture1", "rotation": 270 },
				"east": { "uv": [ 4.5, 16, 3.5, 0 ], "texture": "#texture1", "rotation": 90 }
			}
		},
		{
			"__comment": "Box35",
			"from": [ 1.125, 12.125, -0.5 ],
			"to": [ 2.125, 16.625, 16.5 ],
			"rotation": { "origin": [ 1.125, 12.125, -0.5 ], "axis": "z", "angle": -45 },
			"faces": {
				"down": { "uv": [ 3.5, 0, 4.5, 16 ], "texture": "#texture1" },
				"up": { "uv": [ 3.5, 0, 4.5, 16 ], "texture": "#texture1" },
				"north": { "uv": [ 11.5, 0, 12.5, 2 ], "texture": "#texture1" },
				"south": { "uv": [ 3.5, 0, 4.5, 2 ], "texture": "#texture1" },
				"west": { "uv": [ 0, 0, 16, 2 ], "texture": "#texture1" },
				"east": { "uv": [ 0, 0, 16, 2 ], "texture": "#texture1" }
			}
		},
		{
			"__comment": "Box35",
			"from": [ 11, 1.5, -0.5 ],
			"to": [ 12, 6, 16.5 ],
			"rotation": { "origin": [ 11, 1.5, -0.5 ], "axis": "z", "angle": -45 },
			"faces": {
				"down": { "uv": [ 3.5, 0, 4.5, 16 ], "texture": "#texture1" },
				"up": { "uv": [ 3.5, 0, 4.5, 16 ], "texture": "#texture1" },
				"north": { "uv": [ 11.5, 0, 12.5, 2 ], "texture": "#texture1" },
				"south": { "uv": [ 3.5, 0, 4.5, 2 ], "texture": "#texture1" },
				"west": { "uv": [ 0, 0, 16, 2 ], "texture": "#texture1" },
				"east": { "uv": [ 0, 0, 16, 2 ], "texture": "#texture1" }
			}
		},
		{
			"__comment": "PlaneZ35",
			"from": [ 4, 7.375, 7.875 ],
			"to": [ 9.5, 12.375, 7.876 ],
			"faces": {
				"north": { "uv": [ 6, 9, 11.5, 14 ], "texture": "#texture4" },
				"south": { "uv": [ 6, 9, 11.5, 14 ], "texture": "#texture4" }
			}
		},
		{
			"__comment": "PlaneZ35",
			"from": [ 6, 4, 6.875 ],
			"to": [ 11.5, 9, 6.876 ],
			"faces": {
				"north": { "uv": [ 4, 2, 9.5, 7 ], "texture": "#texture4" },
				"south": { "uv": [ 4, 2, 9.5, 7 ], "texture": "#texture4" }
			}
		},
		{
			"__comment": "PlaneZ35",
			"from": [ 5.75, 4.75, 6.25 ],
			"to": [ 11.25, 9.75, 6.251 ],
			"faces": {
				"north": { "uv": [ 4.75, 6.25, 10.25, 11.25 ], "texture": "#texture4" },
				"south": { "uv": [ 5.75, 6.25, 11.25, 11.25 ], "texture": "#texture4" }
			}
		},
		{
			"__comment": "PlaneZ35",
			"from": [ 4, 3, 5.75 ],
			"to": [ 9.5, 8, 5.751 ],
			"faces": {
				"north": { "uv": [ 6.5, 8, 12, 13 ], "texture": "#texture4" },
				"south": { "uv": [ 6.5, 8, 12, 13 ], "texture": "#texture4" }
			}
		},
		{
			"__comment": "PlaneZ35",
			"from": [ 4, 3, 9.75 ],
			"to": [ 9.5, 8, 9.751 ],
			"faces": {
				"north": { "uv": [ 6.5, 8, 12, 13 ], "texture": "#texture4" },
				"south": { "uv": [ 4, 8, 9.5, 13 ], "texture": "#texture4" }
			}
		},
		{
			"__comment": "PlaneZ35",
			"from": [ 7, 5.5, 8.875 ],
			"to": [ 12.5, 10.5, 8.876 ],
			"faces": {
				"north": { "uv": [ 5.5, 5.5, 11, 10.5 ], "texture": "#texture4" },
				"south": { "uv": [ 5.5, 5.5, 11, 10.5 ], "texture": "#texture4" }
			}
		},
		{
			"__comment": "PlaneZ35",
			"from": [ 7.875, 9, 9.125 ],
			"to": [ 11.375, 12.5, 9.126 ],
			"faces": {
				"north": { "uv": [ 5, 8, 8.5, 11.5 ], "texture": "#texture4" },
				"south": { "uv": [ 5, 8, 8.5, 11.5 ], "texture": "#texture4" }
			}
		},
		{
			"__comment": "PlaneZ35",
			"from": [ 5, 5.5, 8.625 ],
			"to": [ 10.5, 10.5, 8.626 ],
			"faces": {
				"north": { "uv": [ 5.5, 5.5, 11, 10.5 ], "texture": "#texture4" },
				"south": { "uv": [ 5, 5.5, 10.5, 10.5 ], "texture": "#texture4" }
			}
		}
	],
	"display": {
		"head": {
			"rotation":  [ 8, -35, 42 ],
			"translation":  [ 25.739, -6.259, 0 ]
		}
	}
}