{
	"__comment": "Designed by Zeibo with Cubik Studio - https://cubik.studio",
	"textures": {
		"particle": "blocks/e_particle",
		"texture": "mobs/helllord/helllord_head_skin",
		"texture1": "mobs/helllord/helllord_eye",
		"texture2": "mobs/helllord/helllord_mouth",
		"texture3": "mobs/helllord/helllord_clo",
		"texture4": "elements/fire_core",
		"texture5": "mobs/helllord/swing"
	},
	"elements": [ 	 
		{
			"__comment": "Box1",
			"from": [ 3, 9, 3 ],
			"to": [ 13, 16.5, 10 ],
			"faces": {
				"down": { "uv": [ 2, 6, 13.5, 16 ], "texture": "#texture" },
				"up": { "uv": [ 0, 0, 5.5, 2.5 ], "texture": "#texture" },
				"north": { "uv": [ 0, 1.5, 5.5, 9 ], "texture": "#texture" },
				"south": { "uv": [ 2, 6, 13.5, 16 ], "texture": "#texture" },
				"west": { "uv": [ 0, 1.5, 5.5, 9 ], "texture": "#texture" },
				"east": { "uv": [ 0, 0, 5.5, 7.5 ], "texture": "#texture" }
			}
		},
		{
			"__comment": "Box1",
			"from": [ 3.5, 13.25, 2.75 ],
			"to": [ 12.5, 16.75, 13.75 ],
			"faces": {
				"down": { "uv": [ 0, 0, 5.5, 2.5 ], "texture": "#texture" },
				"up": { "uv": [ 0, 0, 5.5, 4 ], "texture": "#texture" },
				"north": { "uv": [ 0, 1.5, 5.5, 3.5 ], "texture": "#texture" },
				"south": { "uv": [ 0, 6.5, 5.5, 0.5 ], "texture": "#texture" },
				"west": { "uv": [ 0, 1.5, 5.5, 9 ], "texture": "#texture" },
				"east": { "uv": [ 0, 1.5, 5.5, 9 ], "texture": "#texture" }
			}
		},
		{
			"__comment": "Box1",
			"from": [ 5, 7.5, 3.75 ],
			"to": [ 11, 11, 12.25 ],
			"faces": {
				"down": { "uv": [ 1, 2.5, 14.5, 16 ], "texture": "#texture" },
				"up": { "uv": [ 5.5, 3, 16, 10.5 ], "texture": "#texture" },
				"north": { "uv": [ 1.5, 0, 15, 14 ], "texture": "#texture" },
				"south": { "uv": [ 0, 7, 5.5, 1 ], "texture": "#texture" },
				"west": { "uv": [ 0, 0, 13.5, 14 ], "texture": "#texture" },
				"east": { "uv": [ 2.5, 0, 16, 14 ], "texture": "#texture" }
			}
		},
		{
			"__comment": "Box1",
			"from": [ 3.25, 9.125, 4.6125 ],
			"to": [ 5.75, 11.625, 12.1125 ],
			"rotation": { "origin": [ 3.25, 9.125, 4.6125 ], "axis": "z", "angle": -45 },
			"faces": {
				"down": { "uv": [ 1, 2.5, 14.5, 16 ], "texture": "#texture" },
				"up": { "uv": [ 1, 0, 14.5, 13.5 ], "texture": "#texture" },
				"north": { "uv": [ 1.5, 0, 15, 14 ], "texture": "#texture" },
				"south": { "uv": [ 0, 1.5, 6, 4 ], "texture": "#texture", "rotation": 180 },
				"west": { "uv": [ 0, 0, 13.5, 14 ], "texture": "#texture" },
				"east": { "uv": [ 2.5, 0, 16, 14 ], "texture": "#texture" }
			}
		},
		{
			"__comment": "Box1",
			"from": [ 9.125, 9.125, 4.6125 ],
			"to": [ 11.625, 11.625, 12.1125 ],
			"rotation": { "origin": [ 9.125, 9.125, 4.6125 ], "axis": "z", "angle": -45 },
			"faces": {
				"down": { "uv": [ 1.5, 6, 14, 15 ], "texture": "#texture" },
				"up": { "uv": [ 2, 6, 14.5, 16 ], "texture": "#texture" },
				"north": { "uv": [ 2, 6, 13.5, 16 ], "texture": "#texture" },
				"south": { "uv": [ 0, 1.5, 5.5, 5.5 ], "texture": "#texture", "rotation": 90 },
				"west": { "uv": [ 0.5, 6, 16, 16 ], "texture": "#texture" },
				"east": { "uv": [ 2, 6, 15.5, 15.5 ], "texture": "#texture" }
			}
		},
		{
			"__comment": "Box1",
			"from": [ 3.75, 9.625, 7.625 ],
			"to": [ 6.25, 14.125, 12.125 ],
			"faces": {
				"down": { "uv": [ 1, 2.5, 14.5, 16 ], "texture": "#texture" },
				"up": { "uv": [ 1, 0, 14.5, 13.5 ], "texture": "#texture" },
				"north": { "uv": [ 1.5, 0, 15, 14 ], "texture": "#texture" },
				"south": { "uv": [ 1, 0, 14.5, 14 ], "texture": "#texture" },
				"west": { "uv": [ 0, 0, 13.5, 14 ], "texture": "#texture" },
				"east": { "uv": [ 2.5, 0, 16, 14 ], "texture": "#texture" }
			}
		},
		{
			"__comment": "Box1",
			"from": [ 9.625, 9.5, 7.625 ],
			"to": [ 11.625, 14, 12.125 ],
			"faces": {
				"down": { "uv": [ 1, 2.5, 14.5, 16 ], "texture": "#texture" },
				"up": { "uv": [ 1, 0, 14.5, 13.5 ], "texture": "#texture" },
				"north": { "uv": [ 1.5, 0, 15, 14 ], "texture": "#texture" },
				"south": { "uv": [ 3, 6, 14.5, 15 ], "texture": "#texture" },
				"west": { "uv": [ 0, 0, 13.5, 14 ], "texture": "#texture" },
				"east": { "uv": [ 2.5, 0, 16, 14 ], "texture": "#texture" }
			}
		},
		{
			"__comment": "Box1",
			"from": [ 2.5, 13, 3.375 ],
			"to": [ 13.5, 17.5, 7.875 ],
			"rotation": { "origin": [ 2.5, 13, 3.375 ], "axis": "x", "angle": 45 },
			"faces": {
				"down": { "uv": [ 0, 0, 5.5, 2.5 ], "texture": "#texture" },
				"up": { "uv": [ 0, 0, 5.5, 2.5 ], "texture": "#texture" },
				"north": { "uv": [ 0, 0, 5.5, 2.5 ], "texture": "#texture" },
				"south": { "uv": [ 0, 0, 5.5, 2.5 ], "texture": "#texture" },
				"west": { "uv": [ 0, 0, 5.5, 2.5 ], "texture": "#texture" },
				"east": { "uv": [ 0, 0, 5.5, 2.5 ], "texture": "#texture" }
			}
		},
		{
			"__comment": "Box1",
			"from": [ 3.375, 12.75, 10 ],
			"to": [ 6.875, 16.25, 16 ],
			"rotation": { "origin": [ 3.375, 12.75, 10 ], "axis": "x", "angle": -22.5 },
			"faces": {
				"down": { "uv": [ 0, 2, 5.5, 11 ], "texture": "#texture" },
				"up": { "uv": [ 0, 2, 5.5, 11 ], "texture": "#texture" },
				"north": { "uv": [ 0, 2, 5.5, 11 ], "texture": "#texture" },
				"south": { "uv": [ 0, 0, 5.5, 1 ], "texture": "#texture" },
				"west": { "uv": [ 0, 2, 5.5, 11 ], "texture": "#texture", "rotation": 90 },
				"east": { "uv": [ 0, 2, 5.5, 11 ], "texture": "#texture", "rotation": 270 }
			}
		},
		{
			"__comment": "Box1",
			"from": [ 9.125, 12.75, 10.125 ],
			"to": [ 12.625, 16.25, 16.125 ],
			"rotation": { "origin": [ 9.125, 12.75, 10.125 ], "axis": "x", "angle": -22.5 },
			"faces": {
				"down": { "uv": [ 0, 2, 5.5, 11 ], "texture": "#texture" },
				"up": { "uv": [ 0, 11, 5.5, 16 ], "texture": "#texture" },
				"north": { "uv": [ 0, 11, 5.5, 16 ], "texture": "#texture" },
				"south": { "uv": [ 0, 0, 5.5, 1 ], "texture": "#texture" },
				"west": { "uv": [ 0, 0.5, 5, 9 ], "texture": "#texture", "rotation": 90 },
				"east": { "uv": [ 0, 0.5, 5.5, 7.5 ], "texture": "#texture", "rotation": 270 }
			}
		},
		{
			"__comment": "Box1",
			"from": [ 4, 14.5, 12.5 ],
			"to": [ 6.5, 17, 17 ],
			"rotation": { "origin": [ 4, 17, 17 ], "axis": "x", "angle": 45 },
			"faces": {
				"down": { "uv": [ 0, 0, 5.5, 1.5 ], "texture": "#texture" },
				"up": { "uv": [ 0, 0, 5.5, 1.5 ], "texture": "#texture" },
				"north": { "uv": [ 0, 0, 5.5, 1.5 ], "texture": "#texture" },
				"south": { "uv": [ 0, 0, 5.5, 1.5 ], "texture": "#texture" },
				"west": { "uv": [ 0, 0, 5.5, 1.5 ], "texture": "#texture" },
				"east": { "uv": [ 0, 0, 5.5, 1.5 ], "texture": "#texture" }
			}
		},
		{
			"__comment": "Box1",
			"from": [ 9.625, 18.5, 12 ],
			"to": [ 12.125, 21, 16.5 ],
			"rotation": { "origin": [ 9.625, 18.5, 12 ], "axis": "x", "angle": 45 },
			"faces": {
				"down": { "uv": [ 0, 0, 5.5, 1.5 ], "texture": "#texture" },
				"up": { "uv": [ 0, 0, 5.5, 1.5 ], "texture": "#texture" },
				"north": { "uv": [ 0, 0, 5.5, 1.5 ], "texture": "#texture" },
				"south": { "uv": [ 0, 0, 5.5, 1.5 ], "texture": "#texture" },
				"west": { "uv": [ 0, 0, 5.5, 1.5 ], "texture": "#texture" },
				"east": { "uv": [ 0, 0, 5.5, 1.5 ], "texture": "#texture" }
			}
		},
		{
			"__comment": "Box1",
			"from": [ 4.5, 19.0482, 12.3129 ],
			"to": [ 6, 24.0482, 13.8129 ],
			"rotation": { "origin": [ 4.5, 19.5, 14 ], "axis": "x", "angle": -22.5 },
			"faces": {
				"down": { "uv": [ 0, 0, 5.5, 1.5 ], "texture": "#texture" },
				"up": { "uv": [ 0, 0, 5.5, 1.5 ], "texture": "#texture" },
				"north": { "uv": [ 0, 0, 5.5, 1.5 ], "texture": "#texture" },
				"south": { "uv": [ 0, 0, 5.5, 1.5 ], "texture": "#texture" },
				"west": { "uv": [ 0, 0, 5.5, 1.5 ], "texture": "#texture" },
				"east": { "uv": [ 0, 0, 5.5, 1.5 ], "texture": "#texture" }
			}
		},
		{
			"__comment": "Box1",
			"from": [ 10.125, 19.0482, 12.3129 ],
			"to": [ 11.625, 24.0482, 13.8129 ],
			"rotation": { "origin": [ 10.125, 19.5, 14 ], "axis": "x", "angle": -22.5 },
			"faces": {
				"down": { "uv": [ 0, 0, 5.5, 1.5 ], "texture": "#texture" },
				"up": { "uv": [ 0, 0, 5.5, 1.5 ], "texture": "#texture" },
				"north": { "uv": [ 0, 0, 5.5, 1.5 ], "texture": "#texture" },
				"south": { "uv": [ 0, 0, 5.5, 1.5 ], "texture": "#texture" },
				"west": { "uv": [ 0, 0, 5.5, 1.5 ], "texture": "#texture" },
				"east": { "uv": [ 0, 0, 5.5, 1.5 ], "texture": "#texture" }
			}
		},
		{
			"__comment": "Box1",
			"from": [ 6.125, 14.5, 3.125 ],
			"to": [ 9.625, 17.5, 11.625 ],
			"rotation": { "origin": [ 6.125, 14.5, 3.125 ], "axis": "z", "angle": 45 },
			"faces": {
				"down": { "uv": [ 0, 0, 5.5, 2.5 ], "texture": "#texture" },
				"up": { "uv": [ 0, 0, 5.5, 2.5 ], "texture": "#texture" },
				"north": { "uv": [ 0, 0, 5.5, 2.5 ], "texture": "#texture" },
				"south": { "uv": [ 0, 0, 5.5, 2.5 ], "texture": "#texture" },
				"west": { "uv": [ 0, 0, 5.5, 2.5 ], "texture": "#texture" },
				"east": { "uv": [ 0, 0, 5.5, 2.5 ], "texture": "#texture" }
			}
		},
		{
			"__comment": "Box1",
			"from": [ 9.875, 14.25, 3.125 ],
			"to": [ 13.375, 17.75, 11.625 ],
			"rotation": { "origin": [ 9.875, 14.25, 3.125 ], "axis": "z", "angle": 45 },
			"faces": {
				"down": { "uv": [ 0, 0, 5.5, 2.5 ], "texture": "#texture" },
				"up": { "uv": [ 0, 0, 5.5, 2.5 ], "texture": "#texture" },
				"north": { "uv": [ 0, 0, 5.5, 2.5 ], "texture": "#texture" },
				"south": { "uv": [ 0, 0, 5.5, 2.5 ], "texture": "#texture" },
				"west": { "uv": [ 0, 0, 5.5, 2.5 ], "texture": "#texture" },
				"east": { "uv": [ 0, 0, 5.5, 2.5 ], "texture": "#texture" }
			}
		},
		{
			"__comment": "Box32",
			"from": [ 4.625, 11.5, 12 ],
			"to": [ 6.625, 13, 13 ],
			"faces": {
				"down": { "uv": [ 4.5, 4.5, 12, 12 ], "texture": "#texture1" },
				"up": { "uv": [ 4.5, 4.5, 12, 12 ], "texture": "#texture1" },
				"north": { "uv": [ 4.5, 4.5, 12, 12 ], "texture": "#texture1" },
				"south": { "uv": [ 4.5, 4.5, 12, 12 ], "texture": "#texture1" },
				"west": { "uv": [ 4.5, 4.5, 12, 12 ], "texture": "#texture1" },
				"east": { "uv": [ 4.5, 4.5, 12, 12 ], "texture": "#texture1" }
			}
		},
		{
			"__comment": "Box32",
			"from": [ 9.375, 11.5, 11.875 ],
			"to": [ 11.375, 13, 12.875 ],
			"faces": {
				"down": { "uv": [ 4.5, 4.5, 12, 12 ], "texture": "#texture1" },
				"up": { "uv": [ 4.5, 4.5, 12, 12 ], "texture": "#texture1" },
				"north": { "uv": [ 4.5, 4.5, 12, 12 ], "texture": "#texture1" },
				"south": { "uv": [ 12, 4.5, 4.5, 12 ], "texture": "#texture1" },
				"west": { "uv": [ 4.5, 4.5, 12, 12 ], "texture": "#texture1" },
				"east": { "uv": [ 12, 4.5, 4.5, 12 ], "texture": "#texture1" }
			}
		},
		{
			"__comment": "Box1",
			"from": [ 6.625, 10.875, 8.875 ],
			"to": [ 9.125, 13.375, 13.375 ],
			"faces": {
				"down": { "uv": [ 2, 6, 13.5, 16 ], "texture": "#texture" },
				"up": { "uv": [ 2, 6, 13.5, 16 ], "texture": "#texture" },
				"north": { "uv": [ 2, 6, 13.5, 16 ], "texture": "#texture" },
				"south": { "uv": [ 0, 0, 5.5, 5 ], "texture": "#texture" },
				"west": { "uv": [ 2, 6, 13.5, 16 ], "texture": "#texture" },
				"east": { "uv": [ 2, 6, 13.5, 16 ], "texture": "#texture" }
			}
		},
		{
			"__comment": "Box1",
			"from": [ 8.5, 12, 12 ],
			"to": [ 12, 13, 13.5 ],
			"rotation": { "origin": [ 8.5, 12, 12 ], "axis": "z", "angle": 22.5 },
			"faces": {
				"down": { "uv": [ 1, 2.5, 14.5, 16 ], "texture": "#texture" },
				"up": { "uv": [ 5.5, 3, 16, 10.5 ], "texture": "#texture" },
				"north": { "uv": [ 1.5, 0, 15, 14 ], "texture": "#texture" },
				"south": { "uv": [ 4.5, 4.5, 13.5, 10.5 ], "texture": "#texture" },
				"west": { "uv": [ 0, 0, 13.5, 14 ], "texture": "#texture" },
				"east": { "uv": [ 2.5, 0, 16, 14 ], "texture": "#texture" }
			}
		},
		{
			"__comment": "Box1",
			"from": [ 4.125, 12, 12 ],
			"to": [ 7.625, 13, 13.5 ],
			"rotation": { "origin": [ 7.625, 13, 12 ], "axis": "z", "angle": -22.5 },
			"faces": {
				"down": { "uv": [ 5.5, 3, 16, 10.5 ], "texture": "#texture", "rotation": 180 },
				"up": { "uv": [ 1, 2.5, 14.5, 16 ], "texture": "#texture", "rotation": 180 },
				"north": { "uv": [ 15, 14, 1.5, 0 ], "texture": "#texture" },
				"south": { "uv": [ 13.5, 10.5, 4.5, 4.5 ], "texture": "#texture" },
				"west": { "uv": [ 2.5, 0, 16, 14 ], "texture": "#texture", "rotation": 180 },
				"east": { "uv": [ 0, 0, 13.5, 14 ], "texture": "#texture", "rotation": 180 }
			}
		},
		{
			"__comment": "Box1",
			"from": [ 9, 11, 11.625 ],
			"to": [ 12.5, 12, 13.125 ],
			"faces": {
				"down": { "uv": [ 1, 2.5, 14.5, 16 ], "texture": "#texture" },
				"up": { "uv": [ 5.5, 3, 16, 10.5 ], "texture": "#texture" },
				"north": { "uv": [ 1.5, 0, 15, 14 ], "texture": "#texture" },
				"south": { "uv": [ 4.5, 4.5, 13.5, 10.5 ], "texture": "#texture" },
				"west": { "uv": [ 0, 0, 13.5, 14 ], "texture": "#texture" },
				"east": { "uv": [ 2.5, 0, 16, 14 ], "texture": "#texture" }
			}
		},
		{
			"__comment": "Box1",
			"from": [ 3.5, 11, 11.625 ],
			"to": [ 7, 12, 13.125 ],
			"faces": {
				"down": { "uv": [ 1, 2.5, 14.5, 16 ], "texture": "#texture" },
				"up": { "uv": [ 5.5, 3, 16, 10.5 ], "texture": "#texture" },
				"north": { "uv": [ 1.5, 0, 15, 14 ], "texture": "#texture" },
				"south": { "uv": [ 4.5, 4.5, 13.5, 10.5 ], "texture": "#texture" },
				"west": { "uv": [ 0, 0, 13.5, 14 ], "texture": "#texture" },
				"east": { "uv": [ 2.5, 0, 16, 14 ], "texture": "#texture" }
			}
		},
		{
			"__comment": "Box1",
			"from": [ 10.75, 12.5, 11.25 ],
			"to": [ 12.75, 14.5, 12.75 ],
			"rotation": { "origin": [ 10.75, 12.5, 11.25 ], "axis": "z", "angle": -45 },
			"faces": {
				"down": { "uv": [ 1, 2.5, 14.5, 16 ], "texture": "#texture" },
				"up": { "uv": [ 5.5, 3, 16, 10.5 ], "texture": "#texture" },
				"north": { "uv": [ 1.5, 0, 15, 14 ], "texture": "#texture" },
				"south": { "uv": [ 4.5, 4.5, 13.5, 10.5 ], "texture": "#texture" },
				"west": { "uv": [ 0, 0, 13.5, 14 ], "texture": "#texture" },
				"east": { "uv": [ 2.5, 0, 16, 14 ], "texture": "#texture" }
			}
		},
		{
			"__comment": "Box1",
			"from": [ 2.375, 12.5, 11.375 ],
			"to": [ 4.375, 14.5, 12.875 ],
			"rotation": { "origin": [ 2.375, 12.5, 11.375 ], "axis": "z", "angle": -45 },
			"faces": {
				"down": { "uv": [ 1, 2.5, 14.5, 16 ], "texture": "#texture" },
				"up": { "uv": [ 5.5, 3, 16, 10.5 ], "texture": "#texture" },
				"north": { "uv": [ 1.5, 0, 15, 14 ], "texture": "#texture" },
				"south": { "uv": [ 4.5, 4.5, 13.5, 10.5 ], "texture": "#texture" },
				"west": { "uv": [ 0, 0, 13.5, 14 ], "texture": "#texture" },
				"east": { "uv": [ 2.5, 0, 16, 14 ], "texture": "#texture" }
			}
		},
		{
			"__comment": "Box26",
			"from": [ 5.5, 9, 12.25 ],
			"to": [ 6, 10.5, 12.75 ],
			"faces": {
				"down": { "uv": [ 0, 0, 16, 16 ], "texture": "#texture2" },
				"up": { "uv": [ 0, 0, 16, 16 ], "texture": "#texture2" },
				"north": { "uv": [ 0, 0, 16, 16 ], "texture": "#texture2" },
				"south": { "uv": [ 0, 0, 16, 16 ], "texture": "#texture2" },
				"west": { "uv": [ 0, 0, 16, 16 ], "texture": "#texture2" },
				"east": { "uv": [ 0, 0, 16, 16 ], "texture": "#texture2" }
			}
		},
		{
			"__comment": "Box26",
			"from": [ 10, 9, 12.25 ],
			"to": [ 10.5, 10.5, 12.75 ],
			"faces": {
				"down": { "uv": [ 0, 0, 16, 16 ], "texture": "#texture2" },
				"up": { "uv": [ 0, 0, 16, 16 ], "texture": "#texture2" },
				"north": { "uv": [ 0, 0, 16, 16 ], "texture": "#texture2" },
				"south": { "uv": [ 0, 0, 16, 16 ], "texture": "#texture2" },
				"west": { "uv": [ 0, 0, 16, 16 ], "texture": "#texture2" },
				"east": { "uv": [ 0, 0, 16, 16 ], "texture": "#texture2" }
			}
		},
		{
			"__comment": "Box26",
			"from": [ 9.5, 9.25, 12.25 ],
			"to": [ 10, 10.25, 12.75 ],
			"faces": {
				"down": { "uv": [ 0, 0, 16, 16 ], "texture": "#texture2" },
				"up": { "uv": [ 0, 0, 16, 16 ], "texture": "#texture2" },
				"north": { "uv": [ 0, 0, 16, 16 ], "texture": "#texture2" },
				"south": { "uv": [ 0, 0, 16, 16 ], "texture": "#texture2" },
				"west": { "uv": [ 0, 0, 16, 16 ], "texture": "#texture2" },
				"east": { "uv": [ 0, 0, 16, 16 ], "texture": "#texture2" }
			}
		},
		{
			"__comment": "Box26",
			"from": [ 6, 9.25, 12.25 ],
			"to": [ 6.5, 10.25, 12.75 ],
			"faces": {
				"down": { "uv": [ 0, 0, 16, 16 ], "texture": "#texture2" },
				"up": { "uv": [ 0, 0, 16, 16 ], "texture": "#texture2" },
				"north": { "uv": [ 0, 0, 16, 16 ], "texture": "#texture2" },
				"south": { "uv": [ 0, 0, 16, 16 ], "texture": "#texture2" },
				"west": { "uv": [ 0, 0, 16, 16 ], "texture": "#texture2" },
				"east": { "uv": [ 0, 0, 16, 16 ], "texture": "#texture2" }
			}
		},
		{
			"__comment": "Box26",
			"from": [ 7, 9.375, 12.25 ],
			"to": [ 7.5, 10.375, 12.75 ],
			"faces": {
				"down": { "uv": [ 0, 0, 16, 16 ], "texture": "#texture2" },
				"up": { "uv": [ 0, 0, 16, 16 ], "texture": "#texture2" },
				"north": { "uv": [ 0, 0, 16, 16 ], "texture": "#texture2" },
				"south": { "uv": [ 0, 0, 16, 16 ], "texture": "#texture2" },
				"west": { "uv": [ 0, 0, 16, 16 ], "texture": "#texture2" },
				"east": { "uv": [ 0, 0, 16, 16 ], "texture": "#texture2" }
			}
		},
		{
			"__comment": "Box26",
			"from": [ 8, 9.375, 12.25 ],
			"to": [ 8.5, 10.375, 12.75 ],
			"faces": {
				"down": { "uv": [ 0, 0, 16, 16 ], "texture": "#texture2" },
				"up": { "uv": [ 0, 0, 16, 16 ], "texture": "#texture2" },
				"north": { "uv": [ 0, 0, 16, 16 ], "texture": "#texture2" },
				"south": { "uv": [ 0, 0, 16, 16 ], "texture": "#texture2" },
				"west": { "uv": [ 0, 0, 16, 16 ], "texture": "#texture2" },
				"east": { "uv": [ 0, 0, 16, 16 ], "texture": "#texture2" }
			}
		},
		{
			"__comment": "Box26",
			"from": [ 9, 9.25, 12.25 ],
			"to": [ 9.5, 10.25, 12.75 ],
			"faces": {
				"down": { "uv": [ 0, 0, 16, 16 ], "texture": "#texture2" },
				"up": { "uv": [ 0, 0, 16, 16 ], "texture": "#texture2" },
				"north": { "uv": [ 0, 0, 16, 16 ], "texture": "#texture2" },
				"south": { "uv": [ 0, 0, 16, 16 ], "texture": "#texture2" },
				"west": { "uv": [ 0, 0, 16, 16 ], "texture": "#texture2" },
				"east": { "uv": [ 0, 0, 16, 16 ], "texture": "#texture2" }
			}
		},
		{
			"__comment": "Box26",
			"from": [ 6.5, 9.25, 12.25 ],
			"to": [ 7, 10.25, 12.75 ],
			"faces": {
				"down": { "uv": [ 0, 0, 16, 16 ], "texture": "#texture2" },
				"up": { "uv": [ 0, 0, 16, 16 ], "texture": "#texture2" },
				"north": { "uv": [ 0, 0, 16, 16 ], "texture": "#texture2" },
				"south": { "uv": [ 0, 0, 16, 16 ], "texture": "#texture2" },
				"west": { "uv": [ 0, 0, 16, 16 ], "texture": "#texture2" },
				"east": { "uv": [ 0, 0, 16, 16 ], "texture": "#texture2" }
			}
		},
		{
			"__comment": "Box26",
			"from": [ 7.5, 9.375, 12.25 ],
			"to": [ 8, 10.375, 12.75 ],
			"faces": {
				"down": { "uv": [ 0, 0, 16, 16 ], "texture": "#texture2" },
				"up": { "uv": [ 0, 0, 16, 16 ], "texture": "#texture2" },
				"north": { "uv": [ 0, 0, 16, 16 ], "texture": "#texture2" },
				"south": { "uv": [ 0, 0, 16, 16 ], "texture": "#texture2" },
				"west": { "uv": [ 0, 0, 16, 16 ], "texture": "#texture2" },
				"east": { "uv": [ 0, 0, 16, 16 ], "texture": "#texture2" }
			}
		},
		{
			"__comment": "Box26",
			"from": [ 8.5, 9.375, 12.25 ],
			"to": [ 9, 10.375, 12.75 ],
			"faces": {
				"down": { "uv": [ 0, 0, 16, 16 ], "texture": "#texture2" },
				"up": { "uv": [ 0, 0, 16, 16 ], "texture": "#texture2" },
				"north": { "uv": [ 0, 0, 16, 16 ], "texture": "#texture2" },
				"south": { "uv": [ 0, 0, 16, 16 ], "texture": "#texture2" },
				"west": { "uv": [ 0, 0, 16, 16 ], "texture": "#texture2" },
				"east": { "uv": [ 0, 0, 16, 16 ], "texture": "#texture2" }
			}
		},
		{
			"__comment": "Box26",
			"from": [ 9.75, 7.5, 12.25 ],
			"to": [ 10.25, 9, 12.75 ],
			"faces": {
				"down": { "uv": [ 0, 0, 16, 16 ], "texture": "#texture2" },
				"up": { "uv": [ 0, 0, 16, 16 ], "texture": "#texture2" },
				"north": { "uv": [ 0, 0, 16, 16 ], "texture": "#texture2" },
				"south": { "uv": [ 0, 0, 16, 16 ], "texture": "#texture2" },
				"west": { "uv": [ 0, 0, 16, 16 ], "texture": "#texture2" },
				"east": { "uv": [ 0, 0, 16, 16 ], "texture": "#texture2" }
			}
		},
		{
			"__comment": "Box26",
			"from": [ 5.75, 7.5, 12.25 ],
			"to": [ 6.25, 9, 12.75 ],
			"faces": {
				"down": { "uv": [ 0, 0, 16, 16 ], "texture": "#texture2" },
				"up": { "uv": [ 0, 0, 16, 16 ], "texture": "#texture2" },
				"north": { "uv": [ 0, 0, 16, 16 ], "texture": "#texture2" },
				"south": { "uv": [ 0, 0, 16, 16 ], "texture": "#texture2" },
				"west": { "uv": [ 0, 0, 16, 16 ], "texture": "#texture2" },
				"east": { "uv": [ 0, 0, 16, 16 ], "texture": "#texture2" }
			}
		},
		{
			"__comment": "Box26",
			"from": [ 6.75, 7.625, 12.25 ],
			"to": [ 7.25, 8.625, 12.75 ],
			"faces": {
				"down": { "uv": [ 0, 0, 16, 16 ], "texture": "#texture2" },
				"up": { "uv": [ 0, 0, 16, 16 ], "texture": "#texture2" },
				"north": { "uv": [ 0, 0, 16, 16 ], "texture": "#texture2" },
				"south": { "uv": [ 0, 0, 16, 16 ], "texture": "#texture2" },
				"west": { "uv": [ 0, 0, 16, 16 ], "texture": "#texture2" },
				"east": { "uv": [ 0, 0, 16, 16 ], "texture": "#texture2" }
			}
		},
		{
			"__comment": "Box26",
			"from": [ 6.25, 7.75, 12.25 ],
			"to": [ 6.75, 8.75, 12.75 ],
			"faces": {
				"down": { "uv": [ 0, 0, 16, 16 ], "texture": "#texture2" },
				"up": { "uv": [ 0, 0, 16, 16 ], "texture": "#texture2" },
				"north": { "uv": [ 0, 0, 16, 16 ], "texture": "#texture2" },
				"south": { "uv": [ 0, 0, 16, 16 ], "texture": "#texture2" },
				"west": { "uv": [ 0, 0, 16, 16 ], "texture": "#texture2" },
				"east": { "uv": [ 0, 0, 16, 16 ], "texture": "#texture2" }
			}
		},
		{
			"__comment": "Box26",
			"from": [ 7.25, 7.625, 12.25 ],
			"to": [ 7.75, 8.625, 12.75 ],
			"faces": {
				"down": { "uv": [ 0, 0, 16, 16 ], "texture": "#texture2" },
				"up": { "uv": [ 0, 0, 16, 16 ], "texture": "#texture2" },
				"north": { "uv": [ 0, 0, 16, 16 ], "texture": "#texture2" },
				"south": { "uv": [ 0, 0, 16, 16 ], "texture": "#texture2" },
				"west": { "uv": [ 0, 0, 16, 16 ], "texture": "#texture2" },
				"east": { "uv": [ 0, 0, 16, 16 ], "texture": "#texture2" }
			}
		},
		{
			"__comment": "Box26",
			"from": [ 7.75, 7.625, 12.25 ],
			"to": [ 8.25, 8.625, 12.75 ],
			"faces": {
				"down": { "uv": [ 0, 0, 16, 16 ], "texture": "#texture2" },
				"up": { "uv": [ 0, 0, 16, 16 ], "texture": "#texture2" },
				"north": { "uv": [ 0, 0, 16, 16 ], "texture": "#texture2" },
				"south": { "uv": [ 0, 0, 16, 16 ], "texture": "#texture2" },
				"west": { "uv": [ 0, 0, 16, 16 ], "texture": "#texture2" },
				"east": { "uv": [ 0, 0, 16, 16 ], "texture": "#texture2" }
			}
		},
		{
			"__comment": "Box26",
			"from": [ 8.25, 7.625, 12.25 ],
			"to": [ 8.75, 8.625, 12.75 ],
			"faces": {
				"down": { "uv": [ 0, 0, 16, 16 ], "texture": "#texture2" },
				"up": { "uv": [ 0, 0, 16, 16 ], "texture": "#texture2" },
				"north": { "uv": [ 0, 0, 16, 16 ], "texture": "#texture2" },
				"south": { "uv": [ 0, 0, 16, 16 ], "texture": "#texture2" },
				"west": { "uv": [ 0, 0, 16, 16 ], "texture": "#texture2" },
				"east": { "uv": [ 0, 0, 16, 16 ], "texture": "#texture2" }
			}
		},
		{
			"__comment": "Box26",
			"from": [ 8.75, 7.625, 12.25 ],
			"to": [ 9.25, 8.625, 12.75 ],
			"faces": {
				"down": { "uv": [ 0, 0, 16, 16 ], "texture": "#texture2" },
				"up": { "uv": [ 0, 0, 16, 16 ], "texture": "#texture2" },
				"north": { "uv": [ 0, 0, 16, 16 ], "texture": "#texture2" },
				"south": { "uv": [ 0, 0, 16, 16 ], "texture": "#texture2" },
				"west": { "uv": [ 0, 0, 16, 16 ], "texture": "#texture2" },
				"east": { "uv": [ 0, 0, 16, 16 ], "texture": "#texture2" }
			}
		},
		{
			"__comment": "Box26",
			"from": [ 9.25, 7.75, 12.25 ],
			"to": [ 9.75, 8.75, 12.75 ],
			"faces": {
				"down": { "uv": [ 0, 0, 16, 16 ], "texture": "#texture2" },
				"up": { "uv": [ 0, 0, 16, 16 ], "texture": "#texture2" },
				"north": { "uv": [ 0, 0, 16, 16 ], "texture": "#texture2" },
				"south": { "uv": [ 0, 0, 16, 16 ], "texture": "#texture2" },
				"west": { "uv": [ 0, 0, 16, 16 ], "texture": "#texture2" },
				"east": { "uv": [ 0, 0, 16, 16 ], "texture": "#texture2" }
			}
		},
		{
			"__comment": "Box54",
			"from": [ 5.75, 8.5, 12 ],
			"to": [ 10.25, 9.5, 12.5 ],
			"faces": {
				"down": { "uv": [ 0, 0, 1, 1 ], "texture": "#texture" },
				"up": { "uv": [ 0, 0, 1, 1 ], "texture": "#texture" },
				"north": { "uv": [ 0, 0, 1, 1 ], "texture": "#texture" },
				"south": { "uv": [ 0, 0, 1, 1 ], "texture": "#texture" },
				"west": { "uv": [ 0, 0, 1, 1 ], "texture": "#texture" },
				"east": { "uv": [ 0, 0, 1, 1 ], "texture": "#texture" }
			}
		},
		{
			"__comment": "Box1",
			"from": [ 0, 12, 6.5 ],
			"to": [ 16, 15.5, 10 ],
			"rotation": { "origin": [ 0, 15.5, 6.5 ], "axis": "x", "angle": 45 },
			"faces": {
				"down": { "uv": [ 0, 0, 5.5, 2.5 ], "texture": "#texture" },
				"up": { "uv": [ 5.5, 2.5, 0, 0 ], "texture": "#texture" },
				"north": { "uv": [ 5.5, 2.5, 0, 0 ], "texture": "#texture" },
				"south": { "uv": [ 0, 0, 5.5, 2.5 ], "texture": "#texture" },
				"west": { "uv": [ 0, 0, 5.5, 2.5 ], "texture": "#texture", "rotation": 90 },
				"east": { "uv": [ 0, 0, 5.5, 2.5 ], "texture": "#texture", "rotation": 270 }
			}
		},
		{
			"__comment": "Box1",
			"from": [ -1.5, 11.375, 8.75 ],
			"to": [ 4.5, 14.875, 12.25 ],
			"rotation": { "origin": [ -1.5, 14.875, 12.25 ], "axis": "y", "angle": 45 },
			"faces": {
				"down": { "uv": [ 0, 0, 5.5, 2.5 ], "texture": "#texture" },
				"up": { "uv": [ 0, 0, 5.5, 2.5 ], "texture": "#texture" },
				"north": { "uv": [ 5.5, 2.5, 0, 0 ], "texture": "#texture" },
				"south": { "uv": [ 5.5, 2.5, 0, 0 ], "texture": "#texture" },
				"west": { "uv": [ 0, 0, 5.5, 2.5 ], "texture": "#texture", "rotation": 180 },
				"east": { "uv": [ 0, 0, 5.5, 2.5 ], "texture": "#texture", "rotation": 180 }
			}
		},
		{
			"__comment": "Box1",
			"from": [ 13.5, 11.375, 8 ],
			"to": [ 17, 14.875, 14 ],
			"rotation": { "origin": [ 13.5, 14.875, 8 ], "axis": "y", "angle": 45 },
			"faces": {
				"down": { "uv": [ 0, 0, 5.5, 2.5 ], "texture": "#texture", "rotation": 270 },
				"up": { "uv": [ 0, 0, 5.5, 2.5 ], "texture": "#texture", "rotation": 90 },
				"north": { "uv": [ 0, 0, 5.5, 2.5 ], "texture": "#texture", "rotation": 180 },
				"south": { "uv": [ 0, 0, 5.5, 2.5 ], "texture": "#texture", "rotation": 180 },
				"west": { "uv": [ 5.5, 2.5, 0, 0 ], "texture": "#texture" },
				"east": { "uv": [ 5.5, 2.5, 0, 0 ], "texture": "#texture" }
			}
		},
		{
			"__comment": "Box1",
			"from": [ 17, 11.25, 8.5 ],
			"to": [ 20.5, 14.75, 12 ],
			"rotation": { "origin": [ 17, 14.75, 8.5 ], "axis": "y", "angle": -22.5 },
			"faces": {
				"down": { "uv": [ 0, 0, 5.5, 2.5 ], "texture": "#texture", "rotation": 270 },
				"up": { "uv": [ 0, 0, 5.5, 2.5 ], "texture": "#texture", "rotation": 90 },
				"north": { "uv": [ 0, 0, 5.5, 2.5 ], "texture": "#texture", "rotation": 180 },
				"south": { "uv": [ 0, 0, 5.5, 2.5 ], "texture": "#texture", "rotation": 180 },
				"west": { "uv": [ 5.5, 2.5, 0, 0 ], "texture": "#texture" },
				"east": { "uv": [ 5.5, 2.5, 0, 0 ], "texture": "#texture" }
			}
		},
		{
			"__comment": "Box1",
			"from": [ -3.875, 11.125, 9.625 ],
			"to": [ -0.375, 14.625, 13.125 ],
			"rotation": { "origin": [ -3.875, 14.625, 9.625 ], "axis": "y", "angle": 22.5 },
			"faces": {
				"down": { "uv": [ 0, 0, 5.5, 2.5 ], "texture": "#texture", "rotation": 270 },
				"up": { "uv": [ 0, 0, 5.5, 2.5 ], "texture": "#texture", "rotation": 90 },
				"north": { "uv": [ 0, 0, 5.5, 2.5 ], "texture": "#texture", "rotation": 180 },
				"south": { "uv": [ 0, 0, 5.5, 2.5 ], "texture": "#texture", "rotation": 180 },
				"west": { "uv": [ 5.5, 2.5, 0, 0 ], "texture": "#texture" },
				"east": { "uv": [ 5.5, 2.5, 0, 0 ], "texture": "#texture" }
			}
		},
		{
			"__comment": "Box1",
			"from": [ 16, 11.625, 13 ],
			"to": [ 18.5, 14.125, 18.5 ],
			"rotation": { "origin": [ 16, 14.125, 13 ], "axis": "x", "angle": 45 },
			"faces": {
				"down": { "uv": [ 0, 0, 5.5, 2.5 ], "texture": "#texture", "rotation": 270 },
				"up": { "uv": [ 0, 0, 5.5, 2.5 ], "texture": "#texture", "rotation": 90 },
				"north": { "uv": [ 0, 0, 5.5, 2.5 ], "texture": "#texture", "rotation": 180 },
				"south": { "uv": [ 0, 0, 5.5, 2.5 ], "texture": "#texture", "rotation": 180 },
				"west": { "uv": [ 5.5, 2.5, 0, 0 ], "texture": "#texture" },
				"east": { "uv": [ 5.5, 2.5, 0, 0 ], "texture": "#texture" }
			}
		},
		{
			"__comment": "Box1",
			"from": [ -2.125, 11.75, 13.125 ],
			"to": [ 0.375, 14.25, 18.625 ],
			"rotation": { "origin": [ -2.125, 14.25, 13.125 ], "axis": "x", "angle": 45 },
			"faces": {
				"down": { "uv": [ 0, 0, 5.5, 2.5 ], "texture": "#texture", "rotation": 270 },
				"up": { "uv": [ 0, 0, 5.5, 2.5 ], "texture": "#texture", "rotation": 90 },
				"north": { "uv": [ 0, 0, 5.5, 2.5 ], "texture": "#texture", "rotation": 180 },
				"south": { "uv": [ 0, 0, 5.5, 2.5 ], "texture": "#texture", "rotation": 180 },
				"west": { "uv": [ 5.5, 2.5, 0, 0 ], "texture": "#texture" },
				"east": { "uv": [ 5.5, 2.5, 0, 0 ], "texture": "#texture" }
			}
		},
		{
			"__comment": "Box1",
			"from": [ 17, 8.75, 15.25 ],
			"to": [ 18.5, 10.25, 20.75 ],
			"rotation": { "origin": [ 17, 10.25, 15.25 ], "axis": "y", "angle": -45 },
			"faces": {
				"down": { "uv": [ 0, 0, 5.5, 2.5 ], "texture": "#texture", "rotation": 270 },
				"up": { "uv": [ 0, 0, 5.5, 2.5 ], "texture": "#texture", "rotation": 90 },
				"north": { "uv": [ 0, 0, 5.5, 2.5 ], "texture": "#texture", "rotation": 180 },
				"south": { "uv": [ 0, 0, 5.5, 2.5 ], "texture": "#texture", "rotation": 180 },
				"west": { "uv": [ 5.5, 2.5, 0, 0 ], "texture": "#texture" },
				"east": { "uv": [ 5.5, 2.5, 0, 0 ], "texture": "#texture" }
			}
		},
		{
			"__comment": "Box1",
			"from": [ -1.875, 8.875, 16.375 ],
			"to": [ -0.375, 10.375, 21.875 ],
			"rotation": { "origin": [ -1.875, 10.375, 16.375 ], "axis": "y", "angle": 45 },
			"faces": {
				"down": { "uv": [ 0, 0, 5.5, 2.5 ], "texture": "#texture", "rotation": 270 },
				"up": { "uv": [ 0, 0, 5.5, 2.5 ], "texture": "#texture", "rotation": 90 },
				"north": { "uv": [ 0, 0, 5.5, 2.5 ], "texture": "#texture", "rotation": 180 },
				"south": { "uv": [ 0, 0, 5.5, 2.5 ], "texture": "#texture", "rotation": 180 },
				"west": { "uv": [ 5.5, 2.5, 0, 0 ], "texture": "#texture" },
				"east": { "uv": [ 5.5, 2.5, 0, 0 ], "texture": "#texture" }
			}
		},
		{
			"__comment": "Box1",
			"from": [ -5.5, 2, -1.5 ],
			"to": [ -0.5, 4, 0.5 ],
			"rotation": { "origin": [ -5.5, 4, -1.5 ], "axis": "z", "angle": 22.5 },
			"faces": {
				"down": { "uv": [ 0, 0, 5.5, 2.5 ], "texture": "#texture", "rotation": 270 },
				"up": { "uv": [ 0, 0, 5.5, 2.5 ], "texture": "#texture", "rotation": 90 },
				"north": { "uv": [ 0, 0, 5.5, 2.5 ], "texture": "#texture", "rotation": 180 },
				"south": { "uv": [ 0, 0, 5.5, 2.5 ], "texture": "#texture", "rotation": 180 },
				"west": { "uv": [ 5.5, 2.5, 0, 0 ], "texture": "#texture" },
				"east": { "uv": [ 5.5, 2.5, 0, 0 ], "texture": "#texture" }
			}
		},
		{
			"__comment": "Box1",
			"from": [ -5.5, -1.75, -1.25 ],
			"to": [ -3.5, 3.25, 0.75 ],
			"rotation": { "origin": [ -3.5, 3.25, -1.25 ], "axis": "z", "angle": -22.5 },
			"faces": {
				"down": { "uv": [ 5.5, 2.5, 0, 0 ], "texture": "#texture", "rotation": 90 },
				"up": { "uv": [ 0, 0, 5.5, 2.5 ], "texture": "#texture", "rotation": 270 },
				"north": { "uv": [ 0, 0, 5.5, 2.5 ], "texture": "#texture", "rotation": 90 },
				"south": { "uv": [ 0, 0, 5.5, 2.5 ], "texture": "#texture", "rotation": 270 },
				"west": { "uv": [ 0, 0, 5.5, 2.5 ], "texture": "#texture" },
				"east": { "uv": [ 5.5, 2.5, 0, 0 ], "texture": "#texture" }
			}
		},
		{
			"__comment": "Box1",
			"from": [ 0.5, 5.5, -1.5 ],
			"to": [ 5.5, 7.5, 0.5 ],
			"faces": {
				"down": { "uv": [ 0, 0, 5.5, 2.5 ], "texture": "#texture", "rotation": 270 },
				"up": { "uv": [ 0, 0, 5.5, 2.5 ], "texture": "#texture", "rotation": 90 },
				"north": { "uv": [ 0, 0, 5.5, 2.5 ], "texture": "#texture", "rotation": 180 },
				"south": { "uv": [ 0, 0, 5.5, 2.5 ], "texture": "#texture", "rotation": 180 },
				"west": { "uv": [ 5.5, 2.5, 0, 0 ], "texture": "#texture" },
				"east": { "uv": [ 5.5, 2.5, 0, 0 ], "texture": "#texture" }
			}
		},
		{
			"__comment": "Box1",
			"from": [ -7, 6.5, -0.625 ],
			"to": [ 1, 7, -0.125 ],
			"faces": {
				"down": { "uv": [ 0, 0, 5.5, 2.5 ], "texture": "#texture", "rotation": 270 },
				"up": { "uv": [ 0, 0, 5.5, 2.5 ], "texture": "#texture", "rotation": 90 },
				"north": { "uv": [ 0, 0, 5.5, 2.5 ], "texture": "#texture", "rotation": 180 },
				"south": { "uv": [ 0, 0, 5.5, 2.5 ], "texture": "#texture", "rotation": 180 },
				"west": { "uv": [ 5.5, 2.5, 0, 0 ], "texture": "#texture" },
				"east": { "uv": [ 5.5, 2.5, 0, 0 ], "texture": "#texture" }
			}
		},
		{
			"__comment": "Box1",
			"from": [ -7.5, -7, -1.5 ],
			"to": [ -5.5, 0.5, 0.5 ],
			"rotation": { "origin": [ -5.5, 0.5, -1.5 ], "axis": "z", "angle": 45 },
			"faces": {
				"down": { "uv": [ 5.5, 2.5, 0, 0 ], "texture": "#texture", "rotation": 90 },
				"up": { "uv": [ 0, 0, 5.5, 2.5 ], "texture": "#texture", "rotation": 270 },
				"north": { "uv": [ 0, 0, 5.5, 2.5 ], "texture": "#texture", "rotation": 90 },
				"south": { "uv": [ 0, 0, 5.5, 2.5 ], "texture": "#texture", "rotation": 270 },
				"west": { "uv": [ 0, 0, 5.5, 2.5 ], "texture": "#texture" },
				"east": { "uv": [ 5.5, 2.5, 0, 0 ], "texture": "#texture" }
			}
		},
		{
			"__comment": "Box1",
			"from": [ -1.766, -12.2863, -0.875 ],
			"to": [ -0.7659999, -4.2863, 0.125 ],
			"rotation": { "origin": [ 0.25, -4.5, -0.875 ], "axis": "z", "angle": 22.5 },
			"faces": {
				"down": { "uv": [ 0, 0, 5.5, 2.5 ], "texture": "#texture", "rotation": 270 },
				"up": { "uv": [ 5.5, 2.5, 0, 0 ], "texture": "#texture", "rotation": 90 },
				"north": { "uv": [ 0, 0, 5.5, 2.5 ], "texture": "#texture", "rotation": 90 },
				"south": { "uv": [ 0, 0, 5.5, 2.5 ], "texture": "#texture", "rotation": 270 },
				"west": { "uv": [ 5.5, 2.5, 0, 0 ], "texture": "#texture", "rotation": 180 },
				"east": { "uv": [ 0, 0, 5.5, 2.5 ], "texture": "#texture", "rotation": 180 }
			}
		},
		{
			"__comment": "Box1",
			"from": [ -9.5, 4.5, -0.625 ],
			"to": [ -1.5, 5, -0.125 ],
			"faces": {
				"down": { "uv": [ 0, 0, 5.5, 2.5 ], "texture": "#texture", "rotation": 270 },
				"up": { "uv": [ 0, 0, 5.5, 2.5 ], "texture": "#texture", "rotation": 90 },
				"north": { "uv": [ 0, 0, 5.5, 2.5 ], "texture": "#texture", "rotation": 180 },
				"south": { "uv": [ 0, 0, 5.5, 2.5 ], "texture": "#texture", "rotation": 180 },
				"west": { "uv": [ 5.5, 2.5, 0, 0 ], "texture": "#texture" },
				"east": { "uv": [ 5.5, 2.5, 0, 0 ], "texture": "#texture" }
			}
		},
		{
			"__comment": "Box1",
			"from": [ -13.5, 1, -0.625 ],
			"to": [ -5.5, 1.5, -0.125 ],
			"faces": {
				"down": { "uv": [ 0, 0, 5.5, 2.5 ], "texture": "#texture", "rotation": 270 },
				"up": { "uv": [ 0, 0, 5.5, 2.5 ], "texture": "#texture", "rotation": 90 },
				"north": { "uv": [ 0, 0, 5.5, 2.5 ], "texture": "#texture", "rotation": 180 },
				"south": { "uv": [ 0, 0, 5.5, 2.5 ], "texture": "#texture", "rotation": 180 },
				"west": { "uv": [ 5.5, 2.5, 0, 0 ], "texture": "#texture" },
				"east": { "uv": [ 5.5, 2.5, 0, 0 ], "texture": "#texture" }
			}
		},
		{
			"__comment": "Box1",
			"from": [ -11.5, -3, -0.625 ],
			"to": [ -3.5, -2.5, -0.125 ],
			"faces": {
				"down": { "uv": [ 0, 0, 5.5, 2.5 ], "texture": "#texture", "rotation": 270 },
				"up": { "uv": [ 0, 0, 5.5, 2.5 ], "texture": "#texture", "rotation": 90 },
				"north": { "uv": [ 0, 0, 5.5, 2.5 ], "texture": "#texture", "rotation": 180 },
				"south": { "uv": [ 0, 0, 5.5, 2.5 ], "texture": "#texture", "rotation": 180 },
				"west": { "uv": [ 5.5, 2.5, 0, 0 ], "texture": "#texture" },
				"east": { "uv": [ 5.5, 2.5, 0, 0 ], "texture": "#texture" }
			}
		},
		{
			"__comment": "Box1",
			"from": [ -10, -5, -0.625 ],
			"to": [ -2, -4.5, -0.125 ],
			"faces": {
				"down": { "uv": [ 0, 0, 5.5, 2.5 ], "texture": "#texture", "rotation": 270 },
				"up": { "uv": [ 0, 0, 5.5, 2.5 ], "texture": "#texture", "rotation": 90 },
				"north": { "uv": [ 0, 0, 5.5, 2.5 ], "texture": "#texture", "rotation": 180 },
				"south": { "uv": [ 0, 0, 5.5, 2.5 ], "texture": "#texture", "rotation": 180 },
				"west": { "uv": [ 5.5, 2.5, 0, 0 ], "texture": "#texture" },
				"east": { "uv": [ 5.5, 2.5, 0, 0 ], "texture": "#texture" }
			}
		},
		{
			"__comment": "PlaneZ67",
			"from": [ -3.5, -5.5, -1 ],
			"to": [ 8, 5.5, -0.999 ],
			"faces": {
				"north": { "uv": [ 0, 0, 16, 16 ], "texture": "#texture4" },
				"south": { "uv": [ 0, 0, 16, 16 ], "texture": "#texture4" }
			}
		},
		{
			"__comment": "PlaneZ67",
			"from": [ -3.5, -5.5, -0.125 ],
			"to": [ 8, 5.5, -0.124 ],
			"faces": {
				"north": { "uv": [ 0, 0, 16, 16 ], "texture": "#texture4" },
				"south": { "uv": [ 0, 0, 16, 16 ], "texture": "#texture4" }
			}
		},
		{
			"__comment": "Box1",
			"from": [ 16, 2, -1.5 ],
			"to": [ 21, 4, 0.5 ],
			"rotation": { "origin": [ 21, 4.000001, 0.5000057 ], "axis": "z", "angle": -22.5 },
			"faces": {
				"down": { "uv": [ 5.5, 2.5, 0, 0 ], "texture": "#texture", "rotation": 270 },
				"up": { "uv": [ 5.5, 2.5, 0, 0 ], "texture": "#texture", "rotation": 90 },
				"north": { "uv": [ 5.5, 2.5, 0, 0 ], "texture": "#texture" },
				"south": { "uv": [ 5.5, 2.5, 0, 0 ], "texture": "#texture" },
				"west": { "uv": [ 5.5, 2.5, 0, 0 ], "texture": "#texture" },
				"east": { "uv": [ 5.5, 2.5, 0, 0 ], "texture": "#texture" }
			}
		},
		{
			"__comment": "Box1",
			"from": [ 19, -2, -1.5 ],
			"to": [ 21, 3, 0.5 ],
			"rotation": { "origin": [ 19, 3, 0.5 ], "axis": "z", "angle": 22.5 },
			"faces": {
				"down": { "uv": [ 0, 0, 5.5, 2.5 ], "texture": "#texture", "rotation": 90 },
				"up": { "uv": [ 5.5, 2.5, 0, 0 ], "texture": "#texture", "rotation": 270 },
				"north": { "uv": [ 5.5, 2.5, 0, 0 ], "texture": "#texture", "rotation": 90 },
				"south": { "uv": [ 5.5, 2.5, 0, 0 ], "texture": "#texture", "rotation": 270 },
				"west": { "uv": [ 5.5, 2.5, 0, 0 ], "texture": "#texture" },
				"east": { "uv": [ 0, 0, 5.5, 2.5 ], "texture": "#texture" }
			}
		},
		{
			"__comment": "Box1",
			"from": [ 10, 5.5, -1.5 ],
			"to": [ 15, 7.5, 0.5 ],
			"faces": {
				"down": { "uv": [ 5.5, 2.5, 0, 0 ], "texture": "#texture", "rotation": 270 },
				"up": { "uv": [ 5.5, 2.5, 0, 0 ], "texture": "#texture", "rotation": 90 },
				"north": { "uv": [ 5.5, 2.5, 0, 0 ], "texture": "#texture" },
				"south": { "uv": [ 5.5, 2.5, 0, 0 ], "texture": "#texture" },
				"west": { "uv": [ 5.5, 2.5, 0, 0 ], "texture": "#texture" },
				"east": { "uv": [ 5.5, 2.5, 0, 0 ], "texture": "#texture" }
			}
		},
		{
			"__comment": "Box1",
			"from": [ 14.5, 6.5, -0.875 ],
			"to": [ 22.5, 7, -0.375 ],
			"faces": {
				"down": { "uv": [ 5.5, 2.5, 0, 0 ], "texture": "#texture", "rotation": 270 },
				"up": { "uv": [ 5.5, 2.5, 0, 0 ], "texture": "#texture", "rotation": 90 },
				"north": { "uv": [ 5.5, 2.5, 0, 0 ], "texture": "#texture" },
				"south": { "uv": [ 5.5, 2.5, 0, 0 ], "texture": "#texture" },
				"west": { "uv": [ 5.5, 2.5, 0, 0 ], "texture": "#texture" },
				"east": { "uv": [ 5.5, 2.5, 0, 0 ], "texture": "#texture" }
			}
		},
		{
			"__comment": "Box1",
			"from": [ 21, -7, -1.5 ],
			"to": [ 23, 0.5, 0.5 ],
			"rotation": { "origin": [ 21.00001, 0.5000048, 0.5000057 ], "axis": "z", "angle": -45 },
			"faces": {
				"down": { "uv": [ 0, 0, 5.5, 2.5 ], "texture": "#texture", "rotation": 90 },
				"up": { "uv": [ 5.5, 2.5, 0, 0 ], "texture": "#texture", "rotation": 270 },
				"north": { "uv": [ 5.5, 2.5, 0, 0 ], "texture": "#texture", "rotation": 90 },
				"south": { "uv": [ 5.5, 2.5, 0, 0 ], "texture": "#texture", "rotation": 270 },
				"west": { "uv": [ 5.5, 2.5, 0, 0 ], "texture": "#texture" },
				"east": { "uv": [ 0, 0, 5.5, 2.5 ], "texture": "#texture" }
			}
		},
		{
			"__comment": "Box1",
			"from": [ 16.2661, -12.2862, -1.125 ],
			"to": [ 17.2661, -4.2862, -0.125 ],
			"rotation": { "origin": [ 15.25001, -4.499994, -0.1249943 ], "axis": "z", "angle": -22.5 },
			"faces": {
				"down": { "uv": [ 5.5, 2.5, 0, 0 ], "texture": "#texture", "rotation": 270 },
				"up": { "uv": [ 0, 0, 5.5, 2.5 ], "texture": "#texture", "rotation": 90 },
				"north": { "uv": [ 5.5, 2.5, 0, 0 ], "texture": "#texture", "rotation": 90 },
				"south": { "uv": [ 5.5, 2.5, 0, 0 ], "texture": "#texture", "rotation": 270 },
				"west": { "uv": [ 0, 0, 5.5, 2.5 ], "texture": "#texture", "rotation": 180 },
				"east": { "uv": [ 5.5, 2.5, 0, 0 ], "texture": "#texture", "rotation": 180 }
			}
		},
		{
			"__comment": "Box1",
			"from": [ 17, 4.5, -0.875 ],
			"to": [ 25, 5, -0.375 ],
			"faces": {
				"down": { "uv": [ 5.5, 2.5, 0, 0 ], "texture": "#texture", "rotation": 270 },
				"up": { "uv": [ 5.5, 2.5, 0, 0 ], "texture": "#texture", "rotation": 90 },
				"north": { "uv": [ 5.5, 2.5, 0, 0 ], "texture": "#texture" },
				"south": { "uv": [ 5.5, 2.5, 0, 0 ], "texture": "#texture" },
				"west": { "uv": [ 5.5, 2.5, 0, 0 ], "texture": "#texture" },
				"east": { "uv": [ 5.5, 2.5, 0, 0 ], "texture": "#texture" }
			}
		},
		{
			"__comment": "Box1",
			"from": [ 21, 1, -0.875 ],
			"to": [ 29, 1.5, -0.375 ],
			"faces": {
				"down": { "uv": [ 5.5, 2.5, 0, 0 ], "texture": "#texture", "rotation": 270 },
				"up": { "uv": [ 5.5, 2.5, 0, 0 ], "texture": "#texture", "rotation": 90 },
				"north": { "uv": [ 5.5, 2.5, 0, 0 ], "texture": "#texture" },
				"south": { "uv": [ 5.5, 2.5, 0, 0 ], "texture": "#texture" },
				"west": { "uv": [ 5.5, 2.5, 0, 0 ], "texture": "#texture" },
				"east": { "uv": [ 5.5, 2.5, 0, 0 ], "texture": "#texture" }
			}
		},
		{
			"__comment": "Box1",
			"from": [ 19, -3, -0.875 ],
			"to": [ 27, -2.5, -0.375 ],
			"faces": {
				"down": { "uv": [ 5.5, 2.5, 0, 0 ], "texture": "#texture", "rotation": 270 },
				"up": { "uv": [ 5.5, 2.5, 0, 0 ], "texture": "#texture", "rotation": 90 },
				"north": { "uv": [ 5.5, 2.5, 0, 0 ], "texture": "#texture" },
				"south": { "uv": [ 5.5, 2.5, 0, 0 ], "texture": "#texture" },
				"west": { "uv": [ 5.5, 2.5, 0, 0 ], "texture": "#texture" },
				"east": { "uv": [ 5.5, 2.5, 0, 0 ], "texture": "#texture" }
			}
		},
		{
			"__comment": "Box1",
			"from": [ 17.5, -5, -0.875 ],
			"to": [ 25.5, -4.5, -0.375 ],
			"faces": {
				"down": { "uv": [ 5.5, 2.5, 0, 0 ], "texture": "#texture", "rotation": 270 },
				"up": { "uv": [ 5.5, 2.5, 0, 0 ], "texture": "#texture", "rotation": 90 },
				"north": { "uv": [ 5.5, 2.5, 0, 0 ], "texture": "#texture" },
				"south": { "uv": [ 5.5, 2.5, 0, 0 ], "texture": "#texture" },
				"west": { "uv": [ 5.5, 2.5, 0, 0 ], "texture": "#texture" },
				"east": { "uv": [ 5.5, 2.5, 0, 0 ], "texture": "#texture" }
			}
		},
		{
			"__comment": "PlaneZ67",
			"from": [ 7.5, -5.5, -0.0009999999 ],
			"to": [ 19, 5.5, 1.164153E-10 ],
			"faces": {
				"north": { "uv": [ 16, 16, 0, 0 ], "texture": "#texture4", "rotation": 180 },
				"south": { "uv": [ 16, 16, 0, 0 ], "texture": "#texture4", "rotation": 180 }
			}
		},
		{
			"__comment": "PlaneZ67",
			"from": [ 7.5, -5.5, -0.876 ],
			"to": [ 19, 5.5, -0.875 ],
			"faces": {
				"north": { "uv": [ 16, 16, 0, 0 ], "texture": "#texture4", "rotation": 180 },
				"south": { "uv": [ 16, 16, 0, 0 ], "texture": "#texture4", "rotation": 180 }
			}
		},
		{
			"__comment": "Box79",
			"from": [ 1.75, -14.5, 4 ],
			"to": [ 14.25, 6.5, 13.5 ],
			"faces": {
				"down": { "uv": [ 12.75, 13.5, 16, 16 ], "texture": "#texture3" },
				"up": { "uv": [ 0, 0, 14.5, 9 ], "texture": "#texture3" },
				"north": { "uv": [ 0, 6, 16, 16 ], "texture": "#texture3" },
				"south": { "uv": [ 0, 6, 16, 16 ], "texture": "#texture3" },
				"west": { "uv": [ 0, 6, 16, 16 ], "texture": "#texture3" },
				"east": { "uv": [ 0, 6, 16, 16 ], "texture": "#texture3" }
			}
		},
		{
			"__comment": "Box1",
			"from": [ 5.5, 6.25, 5.625 ],
			"to": [ 10.5, 8.75, 11.125 ],
			"faces": {
				"down": { "uv": [ 0, 0, 5.5, 2.5 ], "texture": "#texture" },
				"up": { "uv": [ 0, 0, 5.5, 4 ], "texture": "#texture" },
				"north": { "uv": [ 0, 1.5, 5.5, 3.5 ], "texture": "#texture" },
				"south": { "uv": [ 0, 6.5, 5.5, 0.5 ], "texture": "#texture" },
				"west": { "uv": [ 0, 1.5, 5.5, 9 ], "texture": "#texture" },
				"east": { "uv": [ 0, 1.5, 5.5, 9 ], "texture": "#texture" }
			}
		},
		{
			"__comment": "PlaneY81",
			"from": [ -14, 0.5, -15 ],
			"to": [ 30.5, 0.501, 30.5 ],
			"faces": {
				"down": { "uv": [ 0, 0, 16, 16 ], "texture": "#texture5" },
				"up": { "uv": [ 0, 0, 16, 16 ], "texture": "#texture5" }
			}
		}
	],
	"display": {
		"head": {
			"rotation":  [ 0, 180, 0 ],
			"translation":  [ 0, 22.956, 0 ],
			"scale":  [ 2.1, 2.1, 2.1 ]
		}
	}
}