{
	"__comment": "Designed by Zeibo with Cubik Studio - https://cubik.studio",
	"textures": {
		"particle": "blocks/e_particle",
		"texture": "mobs/helllord/helllord_head_skin",
		"texture1": "mobs/helllord/helllord_clo"
	},
	"elements": [ 	 
		{
			"__comment": "Box1",
			"from": [ 0.75, 10, 6 ],
			"to": [ 4.25, 25.5, 9 ],
			"rotation": { "origin": [ 0.75, 10, 6 ], "axis": "z", "angle": -45 },
			"faces": {
				"down": { "uv": [ 5.5, 0, 16, 16 ], "texture": "#texture" },
				"up": { "uv": [ 5.5, 16, 16, 0 ], "texture": "#texture" },
				"north": { "uv": [ 5.5, 0, 16, 16 ], "texture": "#texture" },
				"south": { "uv": [ 5.5, 0, 16, 16 ], "texture": "#texture" },
				"west": { "uv": [ 5.5, 0, 16, 16 ], "texture": "#texture" },
				"east": { "uv": [ 5.5, 0, 16, 16 ], "texture": "#texture" }
			}
		},
		{
			"__comment": "Box1",
			"from": [ 1, -2, 16.75 ],
			"to": [ 4.5, 13.5, 19.75 ],
			"rotation": { "origin": [ 1, -2, 16.75 ], "axis": "x", "angle": -45 },
			"faces": {
				"down": { "uv": [ 5.5, 0, 16, 16 ], "texture": "#texture" },
				"up": { "uv": [ 5.5, 16, 16, 0 ], "texture": "#texture" },
				"north": { "uv": [ 5.5, 0, 16, 16 ], "texture": "#texture" },
				"south": { "uv": [ 5.5, 0, 16, 16 ], "texture": "#texture" },
				"west": { "uv": [ 5.5, 0, 16, 16 ], "texture": "#texture" },
				"east": { "uv": [ 5.5, 0, 16, 16 ], "texture": "#texture" }
			}
		},
		{
			"__comment": "Box1",
			"from": [ 0, -5.5, 16.5 ],
			"to": [ 5, -0.5, 18.5 ],
			"rotation": { "origin": [ 0, -0.5, 16.5 ], "axis": "x", "angle": -22.5 },
			"faces": {
				"down": { "uv": [ 5.5, 0, 16, 16 ], "texture": "#texture" },
				"up": { "uv": [ 5.5, 16, 16, 0 ], "texture": "#texture" },
				"north": { "uv": [ 5.5, 0, 16, 16 ], "texture": "#texture" },
				"south": { "uv": [ 5.5, 0, 16, 16 ], "texture": "#texture" },
				"west": { "uv": [ 5.5, 0, 16, 16 ], "texture": "#texture" },
				"east": { "uv": [ 5.5, 0, 16, 16 ], "texture": "#texture" }
			}
		},
		{
			"__comment": "Box1",
			"from": [ -0.25, -8.5, 18.7361 ],
			"to": [ 0.25, -4, 19.7361 ],
			"faces": {
				"down": { "uv": [ 5.5, 0, 16, 16 ], "texture": "#texture" },
				"up": { "uv": [ 5.5, 16, 16, 0 ], "texture": "#texture" },
				"north": { "uv": [ 5.5, 0, 16, 16 ], "texture": "#texture" },
				"south": { "uv": [ 5.5, 0, 16, 16 ], "texture": "#texture" },
				"west": { "uv": [ 5.5, 0, 16, 16 ], "texture": "#texture" },
				"east": { "uv": [ 5.5, 0, 16, 16 ], "texture": "#texture" }
			}
		},
		{
			"__comment": "Box1",
			"from": [ 1.125, -8.75, 18.7361 ],
			"to": [ 1.625, -4.25, 19.7361 ],
			"faces": {
				"down": { "uv": [ 5.5, 0, 16, 16 ], "texture": "#texture" },
				"up": { "uv": [ 5.5, 16, 16, 0 ], "texture": "#texture" },
				"north": { "uv": [ 5.5, 0, 16, 16 ], "texture": "#texture" },
				"south": { "uv": [ 5.5, 0, 16, 16 ], "texture": "#texture" },
				"west": { "uv": [ 5.5, 0, 16, 16 ], "texture": "#texture" },
				"east": { "uv": [ 5.5, 0, 16, 16 ], "texture": "#texture" }
			}
		},
		{
			"__comment": "Box1",
			"from": [ 3.75, -8.5, 18.6111 ],
			"to": [ 4.25, -4, 19.6111 ],
			"faces": {
				"down": { "uv": [ 5.5, 0, 16, 16 ], "texture": "#texture" },
				"up": { "uv": [ 5.5, 16, 16, 0 ], "texture": "#texture" },
				"north": { "uv": [ 5.5, 0, 16, 16 ], "texture": "#texture" },
				"south": { "uv": [ 5.5, 0, 16, 16 ], "texture": "#texture" },
				"west": { "uv": [ 5.5, 0, 16, 16 ], "texture": "#texture" },
				"east": { "uv": [ 5.5, 0, 16, 16 ], "texture": "#texture" }
			}
		},
		{
			"__comment": "Box1",
			"from": [ 2.5, -8.75, 18.6111 ],
			"to": [ 3, -4.25, 19.6111 ],
			"faces": {
				"down": { "uv": [ 5.5, 0, 16, 16 ], "texture": "#texture" },
				"up": { "uv": [ 5.5, 16, 16, 0 ], "texture": "#texture" },
				"north": { "uv": [ 5.5, 0, 16, 16 ], "texture": "#texture" },
				"south": { "uv": [ 5.5, 0, 16, 16 ], "texture": "#texture" },
				"west": { "uv": [ 5.5, 0, 16, 16 ], "texture": "#texture" },
				"east": { "uv": [ 5.5, 0, 16, 16 ], "texture": "#texture" }
			}
		},
		{
			"__comment": "Box1",
			"from": [ 5, -8.5, 18.6111 ],
			"to": [ 5.5, -4, 19.6111 ],
			"faces": {
				"down": { "uv": [ 5.5, 0, 16, 16 ], "texture": "#texture" },
				"up": { "uv": [ 5.5, 16, 16, 0 ], "texture": "#texture" },
				"north": { "uv": [ 5.5, 0, 16, 16 ], "texture": "#texture" },
				"south": { "uv": [ 5.5, 0, 16, 16 ], "texture": "#texture" },
				"west": { "uv": [ 5.5, 0, 16, 16 ], "texture": "#texture" },
				"east": { "uv": [ 5.5, 0, 16, 16 ], "texture": "#texture" }
			}
		},
		{
			"__comment": "Box10",
			"from": [ 1.5, 15, 4 ],
			"to": [ 11.5, 30, 11 ],
			"rotation": { "origin": [ 1.5, 15, 4 ], "axis": "z", "angle": -45 },
			"faces": {
				"down": { "uv": [ 13.5, 14.5, 16, 16 ], "texture": "#texture1" },
				"up": { "uv": [ 0, 0, 16, 3.5 ], "texture": "#texture1" },
				"north": { "uv": [ 0, 0, 16, 16 ], "texture": "#texture1" },
				"south": { "uv": [ 0, 0, 16, 16 ], "texture": "#texture1" },
				"west": { "uv": [ 0, 0, 16, 16 ], "texture": "#texture1" },
				"east": { "uv": [ 0, 0, 16, 16 ], "texture": "#texture1" }
			}
		},
		{
			"__comment": "Box10",
			"from": [ 12, 3, 1 ],
			"to": [ 27, 27, 13 ],
			"faces": {
				"down": { "uv": [ 13.5, 14.5, 16, 16 ], "texture": "#texture1" },
				"up": { "uv": [ 0, 0, 16, 3.5 ], "texture": "#texture1" },
				"north": { "uv": [ 0, 0, 16, 16 ], "texture": "#texture1" },
				"south": { "uv": [ 0, 0, 16, 16 ], "texture": "#texture1" },
				"west": { "uv": [ 0, 0, 16, 16 ], "texture": "#texture1" },
				"east": { "uv": [ 13.5, 15, 16, 16 ], "texture": "#texture1" }
			}
		}
	],
	"display": {
		"thirdperson_righthand": {
			"rotation":  [ 13, 180, 0 ],
			"translation":  [ 10.434, -2, 4.1739 ],
			"scale":  [ 0.9, 0.9, 0.9 ]
		},
		"thirdperson_lefthand": {
			"rotation":  [ 13, 0, 0 ],
			"translation":  [ 10.434, -2, 8.3487 ],
			"scale":  [ 0.9, 0.9, 0.9 ]
		}
	}
}