{
	"__comment": "Designed by Zeibo with Cubik Studio - https://cubik.studio",
	"textures": {
		"texture": "skills/absorption"
	},
	"elements": [ 	 
		{
			"__comment": "PlaneZ1",
			"from": [ 7.999, -9.25, -7.875 ],
			"to": [ 8, 22.75, 24.125 ],
			"faces": {
				"west": { "uv": [ 0, 0, 16, 16 ], "texture": "#texture" },
				"east": { "uv": [ 0, 0, 16, 16 ], "texture": "#texture" }
			}
		},
		{
			"__comment": "PlaneZ1",
			"from": [ -7.875, -9.25, 8 ],
			"to": [ 24.125, 22.75, 8.001 ],
			"faces": {
				"north": { "uv": [ 0, 0, 16, 16 ], "texture": "#texture" },
				"south": { "uv": [ 0, 0, 16, 16 ], "texture": "#texture" }
			}
		},
		{
			"__comment": "PlaneZ1",
			"from": [ -12.75, -9.25, -3.376 ],
			"to": [ 19.25, 22.75, -3.375 ],
			"rotation": { "origin": [ 19.25, -9.25, -3.375 ], "axis": "y", "angle": 45 },
			"faces": {
				"north": { "uv": [ 0, 0, 16, 16 ], "texture": "#texture" },
				"south": { "uv": [ 0, 0, 16, 16 ], "texture": "#texture" }
			}
		},
		{
			"__comment": "PlaneZ1",
			"from": [ -3.375, -9.25, -3.375 ],
			"to": [ 28.625, 22.75, -3.374 ],
			"rotation": { "origin": [ -3.375, -9.25, -3.375 ], "axis": "y", "angle": -45 },
			"faces": {
				"north": { "uv": [ 0, 0, 16, 16 ], "texture": "#texture" },
				"south": { "uv": [ 0, 0, 16, 16 ], "texture": "#texture" }
			}
		}
	],
	"display": {
		"thirdperson_righthand": {
			"scale":  [ 1.5, 1.5, 1.5 ]
		},
		"head": {
			"scale":  [ 0.4, 0.4, 0.4 ]
		}
	}
}