{
	"__comment": "Designed by Zeibo with Cubik Studio - https://cubik.studio",
	"textures": {
		"texture": "staff/fire"
	},
	"elements": [ 	 
		{
			"__comment": "PlaneZ3",
			"from": [ 0, -15.375, 8 ],
			"to": [ 16, 1.125, 8.001 ],
			"faces": {
				"north": { "uv": [ 0, 0, 16, 16 ], "texture": "#texture" },
				"south": { "uv": [ 0, 0, 16, 16 ], "texture": "#texture" }
			}
		},
		{
			"__comment": "PlaneX4",
			"from": [ 8, -14.875, 0.125 ],
			"to": [ 8.001, 1.125, 16.125 ],
			"faces": {
				"west": { "uv": [ 0.125, 0, 16, 16 ], "texture": "#texture" },
				"east": { "uv": [ 0, 0, 15.875, 16 ], "texture": "#texture" }
			}
		},
		{
			"__comment": "PlaneZ3",
			"from": [ 2.625, -15.375, 14 ],
			"to": [ 18.625, 1.125, 14.001 ],
			"rotation": { "origin": [ 2.625, -15.375, 14 ], "axis": "y", "angle": 45 },
			"faces": {
				"north": { "uv": [ 0, 0, 16, 16 ], "texture": "#texture" },
				"south": { "uv": [ 0, 0, 16, 16 ], "texture": "#texture" }
			}
		},
		{
			"__comment": "PlaneX4",
			"from": [ 2.375, -14.875, 2.625 ],
			"to": [ 2.376, 1.125, 18.625 ],
			"rotation": { "origin": [ 2.375, -14.875, 2.625 ], "axis": "y", "angle": 45 },
			"faces": {
				"west": { "uv": [ 0, 0, 16, 16 ], "texture": "#texture" },
				"east": { "uv": [ 0, 0, 16, 16 ], "texture": "#texture" }
			}
		}
	],
	"display": {
		"thirdperson_lefthand": {
			"rotation":  [ 8, 0, 0 ],
			"translation":  [ -6.26, -60, 8.3478 ],
			"scale":  [ 0.8, 0.8, 0.8 ]
		}
	}
}