{
"__comment": "Designed by S9855027 with BDcraft Cubik PRO 0.96 Beta - http://bdcraft.net",
"textures": {
    "particle": "skills/green_poison",
    "texture": "skills/green_poison"
},
"elements": [ 
{
    "from": [ 6.5, 6, 4.5 ],
    "to": [ 9.5, 9, 11.5 ],
    "faces": {
        "down":  { "uv": [ 9.5, 11.5, 6.5, 4.5 ], "texture": "#texture" },
        "up":    { "uv": [ 6.5, 4.5, 9.5, 11.5 ], "texture": "#texture" },
        "north": { "uv": [ 6.5, 7, 9.5, 10 ], "texture": "#texture" },
        "south": { "uv": [ 6.5, 7, 9.5, 10 ], "texture": "#texture" },
        "west":  { "uv": [ 4.5, 7, 11.5, 10 ], "texture": "#texture" },
        "east":  { "uv": [ 4.5, 7, 11.5, 10 ], "texture": "#texture" }
    }
},
{
    "from": [ 4.5, 6, 6.5 ],
    "to": [ 11.5, 9, 9.5 ],
    "faces": {
        "down":  { "uv": [ 11.5, 9.5, 4.5, 6.5 ], "texture": "#texture" },
        "up":    { "uv": [ 4.5, 6.5, 11.5, 9.5 ], "texture": "#texture" },
        "north": { "uv": [ 4.5, 7, 11.5, 10 ], "texture": "#texture" },
        "south": { "uv": [ 4.5, 7, 11.5, 10 ], "texture": "#texture" },
        "west":  { "uv": [ 6.5, 7, 9.5, 10 ], "texture": "#texture" },
        "east":  { "uv": [ 6.5, 7, 9.5, 10 ], "texture": "#texture" }
    }
},
{
    "from": [ 6.5, 4, 6.5 ],
    "to": [ 9.5, 11, 9.5 ],
    "faces": {
        "down":  { "uv": [ 9.5, 9.5, 6.5, 6.5 ], "texture": "#texture" },
        "up":    { "uv": [ 6.5, 6.5, 9.5, 9.5 ], "texture": "#texture" },
        "north": { "uv": [ 6.5, 5, 9.5, 12 ], "texture": "#texture" },
        "south": { "uv": [ 6.5, 5, 9.5, 12 ], "texture": "#texture" },
        "west":  { "uv": [ 6.5, 5, 9.5, 12 ], "texture": "#texture" },
        "east":  { "uv": [ 6.5, 5, 9.5, 12 ], "texture": "#texture" }
    }
},
{
    "from": [ 7.5, 5, 10.5 ],
    "to": [ 8.5, 10, 11.5 ],
    "faces": {
        "down":  { "uv": [ 8.5, 11.5, 7.5, 10.5 ], "texture": "#texture" },
        "up":    { "uv": [ 7.5, 10.5, 8.5, 11.5 ], "texture": "#texture" },
        "north": { "uv": [ 7.5, 6, 8.5, 11 ], "texture": "#texture" },
        "south": { "uv": [ 7.5, 6, 8.5, 11 ], "texture": "#texture" },
        "west":  { "uv": [ 10.5, 6, 11.5, 11 ], "texture": "#texture" },
        "east":  { "uv": [ 4.5, 6, 5.5, 11 ], "texture": "#texture" }
    }
},
{
    "from": [ 7.5, 5, 4.5 ],
    "to": [ 8.5, 10, 5.5 ],
    "faces": {
        "down":  { "uv": [ 8.5, 5.5, 7.5, 4.5 ], "texture": "#texture" },
        "up":    { "uv": [ 7.5, 4.5, 8.5, 5.5 ], "texture": "#texture" },
        "north": { "uv": [ 7.5, 6, 8.5, 11 ], "texture": "#texture" },
        "south": { "uv": [ 7.5, 6, 8.5, 11 ], "texture": "#texture" },
        "west":  { "uv": [ 4.5, 6, 5.5, 11 ], "texture": "#texture" },
        "east":  { "uv": [ 10.5, 6, 11.5, 11 ], "texture": "#texture" }
    }
},
{
    "from": [ 4.5, 5, 7.5 ],
    "to": [ 5.5, 10, 8.5 ],
    "faces": {
        "down":  { "uv": [ 11.5, 8.5, 10.5, 7.5 ], "texture": "#texture" },
        "up":    { "uv": [ 4.5, 7.5, 5.5, 8.5 ], "texture": "#texture" },
        "north": { "uv": [ 10.5, 6, 11.5, 11 ], "texture": "#texture" },
        "south": { "uv": [ 4.5, 6, 5.5, 11 ], "texture": "#texture" },
        "west":  { "uv": [ 7.5, 6, 8.5, 11 ], "texture": "#texture" },
        "east":  { "uv": [ 7.5, 6, 8.5, 11 ], "texture": "#texture" }
    }
},
{
    "from": [ 10.5, 5, 7.5 ],
    "to": [ 11.5, 10, 8.5 ],
    "faces": {
        "down":  { "uv": [ 5.5, 8.5, 4.5, 7.5 ], "texture": "#texture" },
        "up":    { "uv": [ 10.5, 7.5, 11.5, 8.5 ], "texture": "#texture" },
        "north": { "uv": [ 4.5, 6, 5.5, 11 ], "texture": "#texture" },
        "south": { "uv": [ 10.5, 6, 11.5, 11 ], "texture": "#texture" },
        "west":  { "uv": [ 7.5, 6, 8.5, 11 ], "texture": "#texture" },
        "east":  { "uv": [ 7.5, 6, 8.5, 11 ], "texture": "#texture" }
    }
},
{
    "from": [ 5.5, 7, 10.5 ],
    "to": [ 10.5, 8, 11.5 ],
    "faces": {
        "down":  { "uv": [ 10.5, 11.5, 5.5, 10.5 ], "texture": "#texture" },
        "up":    { "uv": [ 5.5, 10.5, 10.5, 11.5 ], "texture": "#texture" },
        "north": { "uv": [ 5.5, 8, 10.5, 9 ], "texture": "#texture" },
        "south": { "uv": [ 5.5, 8, 10.5, 9 ], "texture": "#texture" },
        "west":  { "uv": [ 10.5, 8, 11.5, 9 ], "texture": "#texture" },
        "east":  { "uv": [ 4.5, 8, 5.5, 9 ], "texture": "#texture" }
    }
},
{
    "from": [ 5.5, 7, 4.5 ],
    "to": [ 10.5, 8, 5.5 ],
    "faces": {
        "down":  { "uv": [ 10.5, 5.5, 5.5, 4.5 ], "texture": "#texture" },
        "up":    { "uv": [ 5.5, 4.5, 10.5, 5.5 ], "texture": "#texture" },
        "north": { "uv": [ 5.5, 8, 10.5, 9 ], "texture": "#texture" },
        "south": { "uv": [ 5.5, 8, 10.5, 9 ], "texture": "#texture" },
        "west":  { "uv": [ 4.5, 8, 5.5, 9 ], "texture": "#texture" },
        "east":  { "uv": [ 10.5, 8, 11.5, 9 ], "texture": "#texture" }
    }
},
{
    "from": [ 4.5, 7, 5.5 ],
    "to": [ 5.5, 8, 10.5 ],
    "faces": {
        "down":  { "uv": [ 11.5, 10.5, 10.5, 5.5 ], "texture": "#texture" },
        "up":    { "uv": [ 4.5, 5.5, 5.5, 10.5 ], "texture": "#texture" },
        "north": { "uv": [ 10.5, 8, 11.5, 9 ], "texture": "#texture" },
        "south": { "uv": [ 4.5, 8, 5.5, 9 ], "texture": "#texture" },
        "west":  { "uv": [ 5.5, 8, 10.5, 9 ], "texture": "#texture" },
        "east":  { "uv": [ 5.5, 8, 10.5, 9 ], "texture": "#texture" }
    }
},
{
    "from": [ 10.5, 7, 5.5 ],
    "to": [ 11.5, 8, 10.5 ],
    "faces": {
        "down":  { "uv": [ 5.5, 10.5, 4.5, 5.5 ], "texture": "#texture" },
        "up":    { "uv": [ 10.5, 5.5, 11.5, 10.5 ], "texture": "#texture" },
        "north": { "uv": [ 4.5, 8, 5.5, 9 ], "texture": "#texture" },
        "south": { "uv": [ 10.5, 8, 11.5, 9 ], "texture": "#texture" },
        "west":  { "uv": [ 5.5, 8, 10.5, 9 ], "texture": "#texture" },
        "east":  { "uv": [ 5.5, 8, 10.5, 9 ], "texture": "#texture" }
    }
},
{
    "from": [ 7.5, 4, 5.5 ],
    "to": [ 8.5, 5, 10.5 ],
    "faces": {
        "down":  { "uv": [ 8.5, 10.5, 7.5, 5.5 ], "texture": "#texture" },
        "up":    { "uv": [ 7.5, 5.5, 8.5, 10.5 ], "texture": "#texture" },
        "north": { "uv": [ 7.5, 11, 8.5, 12 ], "texture": "#texture" },
        "south": { "uv": [ 7.5, 11, 8.5, 12 ], "texture": "#texture" },
        "west":  { "uv": [ 5.5, 11, 10.5, 12 ], "texture": "#texture" },
        "east":  { "uv": [ 5.5, 11, 10.5, 12 ], "texture": "#texture" }
    }
},
{
    "from": [ 5.5, 10, 7.5 ],
    "to": [ 10.5, 11, 8.5 ],
    "faces": {
        "down":  { "uv": [ 10.5, 8.5, 5.5, 7.5 ], "texture": "#texture" },
        "up":    { "uv": [ 5.5, 7.5, 10.5, 8.5 ], "texture": "#texture" },
        "north": { "uv": [ 5.5, 5, 10.5, 6 ], "texture": "#texture" },
        "south": { "uv": [ 5.5, 5, 10.5, 6 ], "texture": "#texture" },
        "west":  { "uv": [ 7.5, 5, 8.5, 6 ], "texture": "#texture" },
        "east":  { "uv": [ 7.5, 5, 8.5, 6 ], "texture": "#texture" }
    }
},
{
    "from": [ 5.5, 4, 7.5 ],
    "to": [ 10.5, 5, 8.5 ],
    "faces": {
        "down":  { "uv": [ 10.5, 8.5, 5.5, 7.5 ], "texture": "#texture" },
        "up":    { "uv": [ 5.5, 7.5, 10.5, 8.5 ], "texture": "#texture" },
        "north": { "uv": [ 5.5, 11, 10.5, 12 ], "texture": "#texture" },
        "south": { "uv": [ 5.5, 11, 10.5, 12 ], "texture": "#texture" },
        "west":  { "uv": [ 7.5, 11, 8.5, 12 ], "texture": "#texture" },
        "east":  { "uv": [ 7.5, 11, 8.5, 12 ], "texture": "#texture" }
    }
},
{
    "from": [ 7.5, 10, 5.5 ],
    "to": [ 8.5, 11, 10.5 ],
    "faces": {
        "down":  { "uv": [ 8.5, 10.5, 7.5, 5.5 ], "texture": "#texture" },
        "up":    { "uv": [ 7.5, 5.5, 8.5, 10.5 ], "texture": "#texture" },
        "north": { "uv": [ 7.5, 5, 8.5, 6 ], "texture": "#texture" },
        "south": { "uv": [ 7.5, 5, 8.5, 6 ], "texture": "#texture" },
        "west":  { "uv": [ 5.5, 5, 10.5, 6 ], "texture": "#texture" },
        "east":  { "uv": [ 5.5, 5, 10.5, 6 ], "texture": "#texture" }
    }
}
],
"display": {
    "thirdperson_righthand": {
        "rotation": [ 0, 0, 0 ],
        "translation": [ -6.43, -2.65, 9.07 ],
        "scale": [ 1, 1, 1 ]
    },
    "thirdperson_lefthand": {
        "rotation": [ 0, 0, 0 ],
        "translation": [ -6.43, -2.65, 9.07 ],
        "scale": [ 1, 1, 1 ]
    },
    "firstperson_lefthand": {
        "rotation": [ 0, 0, 0 ],
        "translation": [ 0, 0, 0 ],
        "scale": [ 1, 1, 1 ]
    }
}
}