{
	"__comment": "Designed by Zeibo with Cubik Studio - https://cubik.studio",
	"textures": {
		"texture": "block/ice"
	},
	"elements": [ 	 
		{
			"__comment": "Box1",
			"from": [ 12, -3.875, -2 ],
			"to": [ 16.5, 1.125, 2.5 ],
			"rotation": { "origin": [ 12, -3.875, -2 ], "axis": "z", "angle": -45 },
			"faces": {
				"down": { "uv": [ 11, 13.5, 15.5, 16 ], "texture": "#texture" },
				"up": { "uv": [ 11, 0, 15.5, 2.5 ], "texture": "#texture" },
				"north": { "uv": [ 0.5, 14.375, 5, 16 ], "texture": "#texture" },
				"south": { "uv": [ 11, 14.375, 15.5, 16 ], "texture": "#texture" },
				"west": { "uv": [ 0, 14.375, 2.5, 16 ], "texture": "#texture" },
				"east": { "uv": [ 13.5, 14.375, 16, 16 ], "texture": "#texture" }
			}
		},
		{
			"__comment": "Box1",
			"from": [ 2.5, -7.875, 3.75 ],
			"to": [ 7, -2.875, 8.25 ],
			"faces": {
				"down": { "uv": [ 1.5, 5, 6, 9.5 ], "texture": "#texture" },
				"up": { "uv": [ 1.5, 6.5, 6, 11 ], "texture": "#texture" },
				"north": { "uv": [ 10, 8, 14.5, 16 ], "texture": "#texture" },
				"south": { "uv": [ 1.5, 8, 6, 16 ], "texture": "#texture" },
				"west": { "uv": [ 6.5, 8, 11, 16 ], "texture": "#texture" },
				"east": { "uv": [ 5, 8, 9.5, 16 ], "texture": "#texture" }
			}
		},
		{
			"__comment": "Box1",
			"from": [ 6, -6.875, 12.5 ],
			"to": [ 11, 3.625, 17 ],
			"rotation": { "origin": [ 6, -6.875, 12.5 ], "axis": "x", "angle": -22.5 },
			"faces": {
				"down": { "uv": [ 1.5, 5, 6, 9.5 ], "texture": "#texture" },
				"up": { "uv": [ 1.5, 6.5, 6, 11 ], "texture": "#texture" },
				"north": { "uv": [ 10, 8, 14.5, 16 ], "texture": "#texture" },
				"south": { "uv": [ 1.5, 8, 6, 16 ], "texture": "#texture" },
				"west": { "uv": [ 6.5, 8, 11, 16 ], "texture": "#texture" },
				"east": { "uv": [ 5, 8, 9.5, 16 ], "texture": "#texture" }
			}
		},
		{
			"__comment": "Box1",
			"from": [ 4, -5, 2 ],
			"to": [ 8.5, 0, 6.5 ],
			"faces": {
				"down": { "uv": [ 1.5, 5, 6, 9.5 ], "texture": "#texture" },
				"up": { "uv": [ 1.5, 6.5, 6, 11 ], "texture": "#texture" },
				"north": { "uv": [ 10, 8, 14.5, 16 ], "texture": "#texture" },
				"south": { "uv": [ 1.5, 8, 6, 16 ], "texture": "#texture" },
				"west": { "uv": [ 6.5, 8, 11, 16 ], "texture": "#texture" },
				"east": { "uv": [ 5, 8, 9.5, 16 ], "texture": "#texture" }
			}
		},
		{
			"__comment": "Box1",
			"from": [ 0.5, -6.875, 3 ],
			"to": [ 5, 1.625, 7.5 ],
			"rotation": { "origin": [ 0.5, -6.875, 3 ], "axis": "z", "angle": 22.5 },
			"faces": {
				"down": { "uv": [ 1.5, 5, 6, 9.5 ], "texture": "#texture" },
				"up": { "uv": [ 1.5, 6.5, 6, 11 ], "texture": "#texture" },
				"north": { "uv": [ 10, 8, 14.5, 16 ], "texture": "#texture" },
				"south": { "uv": [ 1.5, 8, 6, 16 ], "texture": "#texture" },
				"west": { "uv": [ 6.5, 8, 11, 16 ], "texture": "#texture" },
				"east": { "uv": [ 5, 8, 9.5, 16 ], "texture": "#texture" }
			}
		},
		{
			"__comment": "Box1",
			"from": [ 7.5, -5.375, -1.5 ],
			"to": [ 12, 2.625, 3.5 ],
			"rotation": { "origin": [ 7.5, -5.375, -1.5 ], "axis": "x", "angle": 22.5 },
			"faces": {
				"down": { "uv": [ 1.5, 5, 6, 9.5 ], "texture": "#texture" },
				"up": { "uv": [ 1.5, 6.5, 6, 11 ], "texture": "#texture" },
				"north": { "uv": [ 10, 8, 14.5, 16 ], "texture": "#texture" },
				"south": { "uv": [ 1.5, 8, 6, 16 ], "texture": "#texture" },
				"west": { "uv": [ 6.5, 8, 11, 16 ], "texture": "#texture" },
				"east": { "uv": [ 5, 8, 9.5, 16 ], "texture": "#texture" }
			}
		},
		{
			"__comment": "Box1",
			"from": [ 10, -5.375, 2.5 ],
			"to": [ 14.5, -0.375, 7 ],
			"faces": {
				"down": { "uv": [ 1.5, 5, 6, 9.5 ], "texture": "#texture" },
				"up": { "uv": [ 1.5, 6.5, 6, 11 ], "texture": "#texture" },
				"north": { "uv": [ 10, 8, 14.5, 16 ], "texture": "#texture" },
				"south": { "uv": [ 1.5, 8, 6, 16 ], "texture": "#texture" },
				"west": { "uv": [ 6.5, 8, 11, 16 ], "texture": "#texture" },
				"east": { "uv": [ 5, 8, 9.5, 16 ], "texture": "#texture" }
			}
		},
		{
			"__comment": "Box1",
			"from": [ 1.5, -8.5, 10 ],
			"to": [ 6, -3.5, 14.5 ],
			"faces": {
				"down": { "uv": [ 1.5, 5, 6, 9.5 ], "texture": "#texture" },
				"up": { "uv": [ 1.5, 6.5, 6, 11 ], "texture": "#texture" },
				"north": { "uv": [ 10, 8, 14.5, 16 ], "texture": "#texture" },
				"south": { "uv": [ 1.5, 8, 6, 16 ], "texture": "#texture" },
				"west": { "uv": [ 6.5, 8, 11, 16 ], "texture": "#texture" },
				"east": { "uv": [ 5, 8, 9.5, 16 ], "texture": "#texture" }
			}
		},
		{
			"__comment": "Box1",
			"from": [ 9, -4.875, 6 ],
			"to": [ 13.5, 0.125, 10.5 ],
			"faces": {
				"down": { "uv": [ 1.5, 5, 6, 9.5 ], "texture": "#texture" },
				"up": { "uv": [ 1.5, 6.5, 6, 11 ], "texture": "#texture" },
				"north": { "uv": [ 10, 8, 14.5, 16 ], "texture": "#texture" },
				"south": { "uv": [ 1.5, 8, 6, 16 ], "texture": "#texture" },
				"west": { "uv": [ 6.5, 8, 11, 16 ], "texture": "#texture" },
				"east": { "uv": [ 5, 8, 9.5, 16 ], "texture": "#texture" }
			}
		},
		{
			"__comment": "Box1",
			"from": [ 1.5, -5.375, 6.5 ],
			"to": [ 6, 2.625, 11 ],
			"rotation": { "origin": [ 1.5, -5.375, 6.5 ], "axis": "z", "angle": -22.5 },
			"faces": {
				"down": { "uv": [ 1.5, 5, 6, 9.5 ], "texture": "#texture" },
				"up": { "uv": [ 1.5, 6.5, 6, 11 ], "texture": "#texture" },
				"north": { "uv": [ 10, 8, 14.5, 16 ], "texture": "#texture" },
				"south": { "uv": [ 1.5, 8, 6, 16 ], "texture": "#texture" },
				"west": { "uv": [ 6.5, 8, 11, 16 ], "texture": "#texture" },
				"east": { "uv": [ 5, 8, 9.5, 16 ], "texture": "#texture" }
			}
		},
		{
			"__comment": "Box1",
			"from": [ 5.5, -5.375, 5 ],
			"to": [ 10, -0.375, 9.5 ],
			"faces": {
				"down": { "uv": [ 1.5, 5, 6, 9.5 ], "texture": "#texture" },
				"up": { "uv": [ 1.5, 6.5, 6, 11 ], "texture": "#texture" },
				"north": { "uv": [ 10, 8, 14.5, 16 ], "texture": "#texture" },
				"south": { "uv": [ 1.5, 8, 6, 16 ], "texture": "#texture" },
				"west": { "uv": [ 6.5, 8, 11, 16 ], "texture": "#texture" },
				"east": { "uv": [ 5, 8, 9.5, 16 ], "texture": "#texture" }
			}
		},
		{
			"__comment": "Box1",
			"from": [ 13.5, -7.875, 8.5 ],
			"to": [ 18, -1.375, 13 ],
			"rotation": { "origin": [ 13.5, -7.875, 8.5 ], "axis": "z", "angle": 22.5 },
			"faces": {
				"down": { "uv": [ 1.5, 5, 6, 9.5 ], "texture": "#texture" },
				"up": { "uv": [ 1.5, 6.5, 6, 11 ], "texture": "#texture" },
				"north": { "uv": [ 10, 8, 14.5, 16 ], "texture": "#texture" },
				"south": { "uv": [ 1.5, 8, 6, 16 ], "texture": "#texture" },
				"west": { "uv": [ 6.5, 8, 11, 16 ], "texture": "#texture" },
				"east": { "uv": [ 5, 8, 9.5, 16 ], "texture": "#texture" }
			}
		}
	],
	"display": {
		"head": {
			"translation":  [ 0, -1, -1 ],
			"scale":  [ 2, 3.5, 2 ]
		}
	}
}