{
	"__comment": "Designed by Zeibo with Cubik Studio - https://cubik.studio",
	"textures": {
		"texture": "staff/ice_e"
	},
	"elements": [ 	 
		{
			"__comment": "Box1",
			"from": [ 7, -11.875, 5.5 ],
			"to": [ 10, 0.625, 9.5 ],
			"faces": {
				"down": { "uv": [ 6, 8, 10, 12 ], "texture": "#texture", "rotation": 90 },
				"up": { "uv": [ 10, 12, 6, 8 ], "texture": "#texture", "rotation": 270 },
				"north": { "uv": [ 6, 8, 10, 12 ], "texture": "#texture", "rotation": 270 },
				"south": { "uv": [ 6, 8, 10, 12 ], "texture": "#texture", "rotation": 90 },
				"west": { "uv": [ 6, 8, 10, 12 ], "texture": "#texture", "rotation": 90 },
				"east": { "uv": [ 10, 12, 6, 8 ], "texture": "#texture", "rotation": 270 }
			}
		},
		{
			"__comment": "Box1",
			"from": [ 5, -15.375, 8.5 ],
			"to": [ 8, -2.875, 11 ],
			"rotation": { "origin": [ 5, -2.875, 8.5 ], "axis": "x", "angle": 22.5 },
			"faces": {
				"down": { "uv": [ 6, 8, 10, 12 ], "texture": "#texture", "rotation": 90 },
				"up": { "uv": [ 10, 12, 6, 8 ], "texture": "#texture", "rotation": 270 },
				"north": { "uv": [ 6, 8, 10, 12 ], "texture": "#texture", "rotation": 270 },
				"south": { "uv": [ 6, 8, 10, 12 ], "texture": "#texture", "rotation": 90 },
				"west": { "uv": [ 6, 8, 10, 12 ], "texture": "#texture", "rotation": 90 },
				"east": { "uv": [ 10, 12, 6, 8 ], "texture": "#texture", "rotation": 270 }
			}
		},
		{
			"__comment": "Box1",
			"from": [ 8, -10.875, 4 ],
			"to": [ 11, 1.625, 6.5 ],
			"rotation": { "origin": [ 8, 1.625, 4 ], "axis": "x", "angle": -22.5 },
			"faces": {
				"down": { "uv": [ 6, 8, 10, 12 ], "texture": "#texture", "rotation": 90 },
				"up": { "uv": [ 10, 12, 6, 8 ], "texture": "#texture", "rotation": 270 },
				"north": { "uv": [ 6, 8, 10, 12 ], "texture": "#texture", "rotation": 270 },
				"south": { "uv": [ 6, 8, 10, 12 ], "texture": "#texture", "rotation": 90 },
				"west": { "uv": [ 6, 8, 10, 12 ], "texture": "#texture", "rotation": 90 },
				"east": { "uv": [ 10, 12, 6, 8 ], "texture": "#texture", "rotation": 270 }
			}
		},
		{
			"__comment": "Box1",
			"from": [ 5.5, -14.375, 6 ],
			"to": [ 8.5, -1.875, 8.5 ],
			"faces": {
				"down": { "uv": [ 6, 8, 10, 12 ], "texture": "#texture", "rotation": 90 },
				"up": { "uv": [ 10, 12, 6, 8 ], "texture": "#texture", "rotation": 270 },
				"north": { "uv": [ 6, 8, 10, 12 ], "texture": "#texture", "rotation": 270 },
				"south": { "uv": [ 6, 8, 10, 12 ], "texture": "#texture", "rotation": 90 },
				"west": { "uv": [ 6, 8, 10, 12 ], "texture": "#texture", "rotation": 90 },
				"east": { "uv": [ 10, 12, 6, 8 ], "texture": "#texture", "rotation": 270 }
			}
		},
		{
			"__comment": "Box1",
			"from": [ 8, -10.375, 7 ],
			"to": [ 11, 2.125, 10 ],
			"faces": {
				"down": { "uv": [ 6, 8, 10, 12 ], "texture": "#texture", "rotation": 90 },
				"up": { "uv": [ 10, 12, 6, 8 ], "texture": "#texture", "rotation": 270 },
				"north": { "uv": [ 6, 8, 10, 12 ], "texture": "#texture", "rotation": 270 },
				"south": { "uv": [ 6, 8, 10, 12 ], "texture": "#texture", "rotation": 90 },
				"west": { "uv": [ 6, 8, 10, 12 ], "texture": "#texture", "rotation": 90 },
				"east": { "uv": [ 10, 12, 6, 8 ], "texture": "#texture", "rotation": 270 }
			}
		},
		{
			"__comment": "Box1",
			"from": [ 4.5, -12.875, 6.5 ],
			"to": [ 6.5, 1.125, 9 ],
			"rotation": { "origin": [ 4.5, 1.125, 6.5 ], "axis": "z", "angle": 22.5 },
			"faces": {
				"down": { "uv": [ 6, 8, 10, 12 ], "texture": "#texture", "rotation": 90 },
				"up": { "uv": [ 10, 12, 6, 8 ], "texture": "#texture", "rotation": 270 },
				"north": { "uv": [ 6, 8, 10, 12 ], "texture": "#texture", "rotation": 270 },
				"south": { "uv": [ 6, 8, 10, 12 ], "texture": "#texture", "rotation": 90 },
				"west": { "uv": [ 6, 8, 10, 12 ], "texture": "#texture", "rotation": 90 },
				"east": { "uv": [ 10, 12, 6, 8 ], "texture": "#texture", "rotation": 270 }
			}
		}
	],
	"display": {
		"thirdperson_lefthand": {
			"rotation":  [ 8, 0, 0 ],
			"translation":  [ -6.26, -60, 8.3478 ],
			"scale":  [ 0.8, 0.8, 0.8 ]
		}
	}
}