{
	"__comment": "Designed by Zeibo with Cubik Studio - https://cubik.studio",
	"textures": {
		"texture": "block/ice"
	},
	"elements": [ 	 
		{
			"__comment": "Box1",
			"from": [ 12, -14, -1.5 ],
			"to": [ 18, -8, 4.5 ],
			"faces": {
				"down": { "uv": [ 12, 11.5, 16, 16 ], "texture": "#texture" },
				"up": { "uv": [ 12, 0, 16, 4.5 ], "texture": "#texture" },
				"north": { "uv": [ 0, 8, 4, 14 ], "texture": "#texture" },
				"south": { "uv": [ 12, 8, 16, 14 ], "texture": "#texture" },
				"west": { "uv": [ 0, 8, 4.5, 14 ], "texture": "#texture" },
				"east": { "uv": [ 11.5, 8, 16, 14 ], "texture": "#texture" }
			}
		},
		{
			"__comment": "Box1",
			"from": [ 0.5, -13.5, 11.5 ],
			"to": [ 6.5, -7.5, 17.5 ],
			"rotation": { "origin": [ 0.5, -13.5, 11.5 ], "axis": "z", "angle": 45 },
			"faces": {
				"down": { "uv": [ 0, 0, 3.5, 4.5 ], "texture": "#texture" },
				"up": { "uv": [ 0, 11.5, 3.5, 16 ], "texture": "#texture" },
				"north": { "uv": [ 12.5, 7.5, 16, 13.5 ], "texture": "#texture" },
				"south": { "uv": [ 0, 7.5, 3.5, 13.5 ], "texture": "#texture" },
				"west": { "uv": [ 11.5, 7.5, 16, 13.5 ], "texture": "#texture" },
				"east": { "uv": [ 0, 7.5, 4.5, 13.5 ], "texture": "#texture" }
			}
		},
		{
			"__comment": "Box1",
			"from": [ -3, -13.75, 1.5 ],
			"to": [ 3, -7.75, 7.5 ],
			"rotation": { "origin": [ -3, -13.75, 1.5 ], "axis": "x", "angle": -22.5 },
			"faces": {
				"down": { "uv": [ 0, 8.5, 3, 14.5 ], "texture": "#texture" },
				"up": { "uv": [ 0, 1.5, 3, 7.5 ], "texture": "#texture" },
				"north": { "uv": [ 13, 7.75, 16, 13.75 ], "texture": "#texture" },
				"south": { "uv": [ 0, 7.75, 3, 13.75 ], "texture": "#texture" },
				"west": { "uv": [ 1.5, 7.75, 7.5, 13.75 ], "texture": "#texture" },
				"east": { "uv": [ 8.5, 7.75, 14.5, 13.75 ], "texture": "#texture" }
			}
		},
		{
			"__comment": "Box1",
			"from": [ 7, -13.25, 12 ],
			"to": [ 13, -7.25, 18 ],
			"faces": {
				"down": { "uv": [ 7, 0, 13, 4 ], "texture": "#texture" },
				"up": { "uv": [ 7, 12, 13, 16 ], "texture": "#texture" },
				"north": { "uv": [ 3, 7.25, 9, 13.25 ], "texture": "#texture" },
				"south": { "uv": [ 7, 7.25, 13, 13.25 ], "texture": "#texture" },
				"west": { "uv": [ 12, 7.25, 16, 13.25 ], "texture": "#texture" },
				"east": { "uv": [ 0, 7.25, 4, 13.25 ], "texture": "#texture" }
			}
		},
		{
			"__comment": "Box1",
			"from": [ 12, -13.625, 12.375 ],
			"to": [ 18, -7.625, 18.375 ],
			"rotation": { "origin": [ 12, -13.625, 12.375 ], "axis": "z", "angle": 22.5 },
			"faces": {
				"down": { "uv": [ 12, 0, 16, 4 ], "texture": "#texture" },
				"up": { "uv": [ 12, 12, 16, 16 ], "texture": "#texture" },
				"north": { "uv": [ 0, 8, 4, 14 ], "texture": "#texture" },
				"south": { "uv": [ 12, 8, 16, 14 ], "texture": "#texture" },
				"west": { "uv": [ 12, 8, 16, 14 ], "texture": "#texture" },
				"east": { "uv": [ 0, 8, 4, 14 ], "texture": "#texture" }
			}
		},
		{
			"__comment": "Box1",
			"from": [ 0.5, -13.5, -2 ],
			"to": [ 6.5, -7.5, 4 ],
			"faces": {
				"down": { "uv": [ 0.5, 12, 6.5, 16 ], "texture": "#texture" },
				"up": { "uv": [ 0.5, 0, 6.5, 4 ], "texture": "#texture" },
				"north": { "uv": [ 9.5, 7.5, 15.5, 13.5 ], "texture": "#texture" },
				"south": { "uv": [ 0.5, 7.5, 6.5, 13.5 ], "texture": "#texture" },
				"west": { "uv": [ 0, 7.5, 4, 13.5 ], "texture": "#texture" },
				"east": { "uv": [ 12, 7.5, 16, 13.5 ], "texture": "#texture" }
			}
		},
		{
			"__comment": "Box1",
			"from": [ 8, -13.75, -3 ],
			"to": [ 14, -7.75, 3 ],
			"rotation": { "origin": [ 8, -13.75, -3 ], "axis": "x", "angle": -22.5 },
			"faces": {
				"down": { "uv": [ 12, 0, 16, 4 ], "texture": "#texture" },
				"up": { "uv": [ 12, 12, 16, 16 ], "texture": "#texture" },
				"north": { "uv": [ 0, 8, 4, 14 ], "texture": "#texture" },
				"south": { "uv": [ 12, 8, 16, 14 ], "texture": "#texture" },
				"west": { "uv": [ 12, 8, 16, 14 ], "texture": "#texture" },
				"east": { "uv": [ 0, 8, 4, 14 ], "texture": "#texture" }
			}
		},
		{
			"__comment": "Box1",
			"from": [ 4, -14.5, -2.5 ],
			"to": [ 10, -8.5, 3.5 ],
			"faces": {
				"down": { "uv": [ 12, 0, 16, 4 ], "texture": "#texture" },
				"up": { "uv": [ 12, 12, 16, 16 ], "texture": "#texture" },
				"north": { "uv": [ 0, 8, 4, 14 ], "texture": "#texture" },
				"south": { "uv": [ 12, 8, 16, 14 ], "texture": "#texture" },
				"west": { "uv": [ 12, 8, 16, 14 ], "texture": "#texture" },
				"east": { "uv": [ 0, 8, 4, 14 ], "texture": "#texture" }
			}
		},
		{
			"__comment": "Box1",
			"from": [ -1, -14, 6 ],
			"to": [ 5, -8, 12 ],
			"rotation": { "origin": [ -1, -14, 6 ], "axis": "x", "angle": -22.5 },
			"faces": {
				"down": { "uv": [ 0, 0, 3.5, 4.5 ], "texture": "#texture" },
				"up": { "uv": [ 0, 11.5, 3.5, 16 ], "texture": "#texture" },
				"north": { "uv": [ 12.5, 7.5, 16, 13.5 ], "texture": "#texture" },
				"south": { "uv": [ 0, 7.5, 3.5, 13.5 ], "texture": "#texture" },
				"west": { "uv": [ 11.5, 7.5, 16, 13.5 ], "texture": "#texture" },
				"east": { "uv": [ 0, 7.5, 4.5, 13.5 ], "texture": "#texture" }
			}
		},
		{
			"__comment": "Box1",
			"from": [ 2.5, -14, 11.625 ],
			"to": [ 8.5, -8, 17.625 ],
			"faces": {
				"down": { "uv": [ 0, 0, 3.5, 4.5 ], "texture": "#texture" },
				"up": { "uv": [ 0, 11.5, 3.5, 16 ], "texture": "#texture" },
				"north": { "uv": [ 12.5, 7.5, 16, 13.5 ], "texture": "#texture" },
				"south": { "uv": [ 0, 7.5, 3.5, 13.5 ], "texture": "#texture" },
				"west": { "uv": [ 11.5, 7.5, 16, 13.5 ], "texture": "#texture" },
				"east": { "uv": [ 0, 7.5, 4.5, 13.5 ], "texture": "#texture" }
			}
		},
		{
			"__comment": "Box1",
			"from": [ 14, -13.875, 3 ],
			"to": [ 20, -7.875, 9 ],
			"faces": {
				"down": { "uv": [ 0, 0, 3.5, 4.5 ], "texture": "#texture" },
				"up": { "uv": [ 0, 11.5, 3.5, 16 ], "texture": "#texture" },
				"north": { "uv": [ 12.5, 7.5, 16, 13.5 ], "texture": "#texture" },
				"south": { "uv": [ 0, 7.5, 3.5, 13.5 ], "texture": "#texture" },
				"west": { "uv": [ 11.5, 7.5, 16, 13.5 ], "texture": "#texture" },
				"east": { "uv": [ 0, 7.5, 4.5, 13.5 ], "texture": "#texture" }
			}
		},
		{
			"__comment": "Box1",
			"from": [ 12.5, -14.25, 7.5 ],
			"to": [ 18.5, -8.25, 13.5 ],
			"faces": {
				"down": { "uv": [ 0, 0, 3.5, 4.5 ], "texture": "#texture" },
				"up": { "uv": [ 0, 11.5, 3.5, 16 ], "texture": "#texture" },
				"north": { "uv": [ 12.5, 7.5, 16, 13.5 ], "texture": "#texture" },
				"south": { "uv": [ 0, 7.5, 3.5, 13.5 ], "texture": "#texture" },
				"west": { "uv": [ 11.5, 7.5, 16, 13.5 ], "texture": "#texture" },
				"east": { "uv": [ 0, 7.5, 4.5, 13.5 ], "texture": "#texture" }
			}
		},
		{
			"__comment": "Box1",
			"from": [ 9.25, -1.75, 0.75 ],
			"to": [ 15.25, 4.25, 6.75 ],
			"faces": {
				"down": { "uv": [ 9.25, 9.25, 15.25, 15.25 ], "texture": "#texture" },
				"up": { "uv": [ 9.25, 0.75, 15.25, 6.75 ], "texture": "#texture" },
				"north": { "uv": [ 0.75, 4.5, 6.75, 10.5 ], "texture": "#texture" },
				"south": { "uv": [ 9.25, 4.5, 15.25, 10.5 ], "texture": "#texture" },
				"west": { "uv": [ 0.75, 4.5, 6.75, 10.5 ], "texture": "#texture" },
				"east": { "uv": [ 9.25, 4.5, 15.25, 10.5 ], "texture": "#texture" }
			}
		},
		{
			"__comment": "Box1",
			"from": [ 10.5, -1.25, 2 ],
			"to": [ 16.5, 4.75, 8 ],
			"rotation": { "origin": [ 10.5, -1.25, 2 ], "axis": "z", "angle": 45 },
			"faces": {
				"down": { "uv": [ 0, 0, 3.5, 4.5 ], "texture": "#texture" },
				"up": { "uv": [ 0, 11.5, 3.5, 16 ], "texture": "#texture" },
				"north": { "uv": [ 12.5, 7.5, 16, 13.5 ], "texture": "#texture" },
				"south": { "uv": [ 0, 7.5, 3.5, 13.5 ], "texture": "#texture" },
				"west": { "uv": [ 11.5, 7.5, 16, 13.5 ], "texture": "#texture" },
				"east": { "uv": [ 0, 7.5, 4.5, 13.5 ], "texture": "#texture" }
			}
		},
		{
			"__comment": "Box1",
			"from": [ 2.5, -1.75, 4 ],
			"to": [ 8.5, 4.25, 10 ],
			"rotation": { "origin": [ 2.5, -1.75, 4 ], "axis": "x", "angle": -22.5 },
			"faces": {
				"down": { "uv": [ 0, 8.5, 3, 14.5 ], "texture": "#texture" },
				"up": { "uv": [ 0, 1.5, 3, 7.5 ], "texture": "#texture" },
				"north": { "uv": [ 13, 7.75, 16, 13.75 ], "texture": "#texture" },
				"south": { "uv": [ 0, 7.75, 3, 13.75 ], "texture": "#texture" },
				"west": { "uv": [ 1.5, 7.75, 7.5, 13.75 ], "texture": "#texture" },
				"east": { "uv": [ 8.5, 7.75, 14.5, 13.75 ], "texture": "#texture" }
			}
		},
		{
			"__comment": "Box1",
			"from": [ 6, -0.75, 8 ],
			"to": [ 12, 5.25, 14 ],
			"faces": {
				"down": { "uv": [ 6, 2, 12, 8 ], "texture": "#texture" },
				"up": { "uv": [ 6, 8, 12, 14 ], "texture": "#texture" },
				"north": { "uv": [ 4, 3.5, 10, 9.5 ], "texture": "#texture" },
				"south": { "uv": [ 6, 3.5, 12, 9.5 ], "texture": "#texture" },
				"west": { "uv": [ 8, 3.5, 14, 9.5 ], "texture": "#texture" },
				"east": { "uv": [ 2, 3.5, 8, 9.5 ], "texture": "#texture" }
			}
		},
		{
			"__comment": "Box1",
			"from": [ 2, -1.25, 6.5 ],
			"to": [ 8, 4.75, 12.5 ],
			"rotation": { "origin": [ 2, -1.25, 6.5 ], "axis": "x", "angle": -22.5 },
			"faces": {
				"down": { "uv": [ 12, 0, 16, 4 ], "texture": "#texture" },
				"up": { "uv": [ 12, 12, 16, 16 ], "texture": "#texture" },
				"north": { "uv": [ 0, 8, 4, 14 ], "texture": "#texture" },
				"south": { "uv": [ 12, 8, 16, 14 ], "texture": "#texture" },
				"west": { "uv": [ 12, 8, 16, 14 ], "texture": "#texture" },
				"east": { "uv": [ 0, 8, 4, 14 ], "texture": "#texture" }
			}
		},
		{
			"__comment": "Box1",
			"from": [ 5.5, -2.25, 0.5 ],
			"to": [ 11.5, 3.75, 6.5 ],
			"faces": {
				"down": { "uv": [ 12, 0, 16, 4 ], "texture": "#texture" },
				"up": { "uv": [ 12, 12, 16, 16 ], "texture": "#texture" },
				"north": { "uv": [ 0, 8, 4, 14 ], "texture": "#texture" },
				"south": { "uv": [ 12, 8, 16, 14 ], "texture": "#texture" },
				"west": { "uv": [ 12, 8, 16, 14 ], "texture": "#texture" },
				"east": { "uv": [ 0, 8, 4, 14 ], "texture": "#texture" }
			}
		},
		{
			"__comment": "Box1",
			"from": [ 3.5, -1.75, 7 ],
			"to": [ 9.5, 4.25, 13 ],
			"faces": {
				"down": { "uv": [ 0, 0, 3.5, 4.5 ], "texture": "#texture" },
				"up": { "uv": [ 0, 11.5, 3.5, 16 ], "texture": "#texture" },
				"north": { "uv": [ 12.5, 7.5, 16, 13.5 ], "texture": "#texture" },
				"south": { "uv": [ 0, 7.5, 3.5, 13.5 ], "texture": "#texture" },
				"west": { "uv": [ 11.5, 7.5, 16, 13.5 ], "texture": "#texture" },
				"east": { "uv": [ 0, 7.5, 4.5, 13.5 ], "texture": "#texture" }
			}
		},
		{
			"__comment": "Box1",
			"from": [ 9, -2.25, 5 ],
			"to": [ 15, 3.75, 11 ],
			"faces": {
				"down": { "uv": [ 0, 0, 3.5, 4.5 ], "texture": "#texture" },
				"up": { "uv": [ 0, 11.5, 3.5, 16 ], "texture": "#texture" },
				"north": { "uv": [ 12.5, 7.5, 16, 13.5 ], "texture": "#texture" },
				"south": { "uv": [ 0, 7.5, 3.5, 13.5 ], "texture": "#texture" },
				"west": { "uv": [ 11.5, 7.5, 16, 13.5 ], "texture": "#texture" },
				"east": { "uv": [ 0, 7.5, 4.5, 13.5 ], "texture": "#texture" }
			}
		},
		{
			"__comment": "Box1",
			"from": [ 7.5, -2.25, 7 ],
			"to": [ 13.5, 3.75, 13 ],
			"faces": {
				"down": { "uv": [ 0, 0, 3.5, 4.5 ], "texture": "#texture" },
				"up": { "uv": [ 0, 11.5, 3.5, 16 ], "texture": "#texture" },
				"north": { "uv": [ 12.5, 7.5, 16, 13.5 ], "texture": "#texture" },
				"south": { "uv": [ 0, 7.5, 3.5, 13.5 ], "texture": "#texture" },
				"west": { "uv": [ 11.5, 7.5, 16, 13.5 ], "texture": "#texture" },
				"east": { "uv": [ 0, 7.5, 4.5, 13.5 ], "texture": "#texture" }
			}
		},
		{
			"__comment": "Box1",
			"from": [ 9.25, -7.625, 0.75 ],
			"to": [ 15.25, -1.625, 6.75 ],
			"faces": {
				"down": { "uv": [ 9.25, 9.25, 15.25, 15.25 ], "texture": "#texture" },
				"up": { "uv": [ 9.25, 0.75, 15.25, 6.75 ], "texture": "#texture" },
				"north": { "uv": [ 0.75, 1.625, 6.75, 7.625 ], "texture": "#texture" },
				"south": { "uv": [ 9.25, 1.625, 15.25, 7.625 ], "texture": "#texture" },
				"west": { "uv": [ 0.75, 1.625, 6.75, 7.625 ], "texture": "#texture" },
				"east": { "uv": [ 9.25, 1.625, 15.25, 7.625 ], "texture": "#texture" }
			}
		},
		{
			"__comment": "Box1",
			"from": [ 2.5, -7.125, 9.5 ],
			"to": [ 8.5, -1.125, 15.5 ],
			"rotation": { "origin": [ 2.5, -7.125, 9.5 ], "axis": "z", "angle": 45 },
			"faces": {
				"down": { "uv": [ 0, 0, 3.5, 4.5 ], "texture": "#texture" },
				"up": { "uv": [ 0, 11.5, 3.5, 16 ], "texture": "#texture" },
				"north": { "uv": [ 12.5, 7.5, 16, 13.5 ], "texture": "#texture" },
				"south": { "uv": [ 0, 7.5, 3.5, 13.5 ], "texture": "#texture" },
				"west": { "uv": [ 11.5, 7.5, 16, 13.5 ], "texture": "#texture" },
				"east": { "uv": [ 0, 7.5, 4.5, 13.5 ], "texture": "#texture" }
			}
		},
		{
			"__comment": "Box1",
			"from": [ 1, -7.625, 2.5 ],
			"to": [ 7, -1.625, 8.5 ],
			"rotation": { "origin": [ 1, -7.625, 2.5 ], "axis": "x", "angle": -22.5 },
			"faces": {
				"down": { "uv": [ 0, 8.5, 3, 14.5 ], "texture": "#texture" },
				"up": { "uv": [ 0, 1.5, 3, 7.5 ], "texture": "#texture" },
				"north": { "uv": [ 13, 7.75, 16, 13.75 ], "texture": "#texture" },
				"south": { "uv": [ 0, 7.75, 3, 13.75 ], "texture": "#texture" },
				"west": { "uv": [ 1.5, 7.75, 7.5, 13.75 ], "texture": "#texture" },
				"east": { "uv": [ 8.5, 7.75, 14.5, 13.75 ], "texture": "#texture" }
			}
		},
		{
			"__comment": "Box1",
			"from": [ 5.5, -6.625, 9.5 ],
			"to": [ 11.5, -0.625, 15.5 ],
			"faces": {
				"down": { "uv": [ 5.5, 0.5, 11.5, 6.5 ], "texture": "#texture" },
				"up": { "uv": [ 5.5, 9.5, 11.5, 15.5 ], "texture": "#texture" },
				"north": { "uv": [ 4.5, 0.625, 10.5, 6.625 ], "texture": "#texture" },
				"south": { "uv": [ 5.5, 0.625, 11.5, 6.625 ], "texture": "#texture" },
				"west": { "uv": [ 9.5, 0.625, 15.5, 6.625 ], "texture": "#texture" },
				"east": { "uv": [ 0.5, 0.625, 6.5, 6.625 ], "texture": "#texture" }
			}
		},
		{
			"__comment": "Box1",
			"from": [ 11, -7.125, 10 ],
			"to": [ 17, -1.125, 16 ],
			"rotation": { "origin": [ 11, -7.125, 10 ], "axis": "z", "angle": 22.5 },
			"faces": {
				"down": { "uv": [ 12, 0, 16, 4 ], "texture": "#texture" },
				"up": { "uv": [ 12, 12, 16, 16 ], "texture": "#texture" },
				"north": { "uv": [ 0, 8, 4, 14 ], "texture": "#texture" },
				"south": { "uv": [ 12, 8, 16, 14 ], "texture": "#texture" },
				"west": { "uv": [ 12, 8, 16, 14 ], "texture": "#texture" },
				"east": { "uv": [ 0, 8, 4, 14 ], "texture": "#texture" }
			}
		},
		{
			"__comment": "Box1",
			"from": [ 0.5, -7.125, -2.125 ],
			"to": [ 6.5, -1.125, 3.875 ],
			"faces": {
				"down": { "uv": [ 0.5, 12.125, 6.5, 16 ], "texture": "#texture" },
				"up": { "uv": [ 0.5, 0, 6.5, 3.875 ], "texture": "#texture" },
				"north": { "uv": [ 9.5, 1.125, 15.5, 7.125 ], "texture": "#texture" },
				"south": { "uv": [ 0.5, 1.125, 6.5, 7.125 ], "texture": "#texture" },
				"west": { "uv": [ 0, 1.125, 3.875, 7.125 ], "texture": "#texture" },
				"east": { "uv": [ 12.125, 1.125, 16, 7.125 ], "texture": "#texture" }
			}
		},
		{
			"__comment": "Box1",
			"from": [ 8, -7.375, 1.75 ],
			"to": [ 14, -1.375, 7.75 ],
			"rotation": { "origin": [ 8, -7.375, 1.75 ], "axis": "x", "angle": -22.5 },
			"faces": {
				"down": { "uv": [ 12, 0, 16, 4 ], "texture": "#texture" },
				"up": { "uv": [ 12, 12, 16, 16 ], "texture": "#texture" },
				"north": { "uv": [ 0, 8, 4, 14 ], "texture": "#texture" },
				"south": { "uv": [ 12, 8, 16, 14 ], "texture": "#texture" },
				"west": { "uv": [ 12, 8, 16, 14 ], "texture": "#texture" },
				"east": { "uv": [ 0, 8, 4, 14 ], "texture": "#texture" }
			}
		},
		{
			"__comment": "Box1",
			"from": [ 5.5, -8.125, 0.5 ],
			"to": [ 11.5, -2.125, 6.5 ],
			"faces": {
				"down": { "uv": [ 12, 0, 16, 4 ], "texture": "#texture" },
				"up": { "uv": [ 12, 12, 16, 16 ], "texture": "#texture" },
				"north": { "uv": [ 0, 8, 4, 14 ], "texture": "#texture" },
				"south": { "uv": [ 12, 8, 16, 14 ], "texture": "#texture" },
				"west": { "uv": [ 12, 8, 16, 14 ], "texture": "#texture" },
				"east": { "uv": [ 0, 8, 4, 14 ], "texture": "#texture" }
			}
		},
		{
			"__comment": "Box1",
			"from": [ 0.5, -7.625, 6 ],
			"to": [ 6.5, -1.625, 12 ],
			"rotation": { "origin": [ 0.5, -7.625, 6 ], "axis": "x", "angle": -22.5 },
			"faces": {
				"down": { "uv": [ 0, 0, 3.5, 4.5 ], "texture": "#texture" },
				"up": { "uv": [ 0, 11.5, 3.5, 16 ], "texture": "#texture" },
				"north": { "uv": [ 12.5, 7.5, 16, 13.5 ], "texture": "#texture" },
				"south": { "uv": [ 0, 7.5, 3.5, 13.5 ], "texture": "#texture" },
				"west": { "uv": [ 11.5, 7.5, 16, 13.5 ], "texture": "#texture" },
				"east": { "uv": [ 0, 7.5, 4.5, 13.5 ], "texture": "#texture" }
			}
		},
		{
			"__comment": "Box1",
			"from": [ 1.75, -7.625, 9.75 ],
			"to": [ 7.75, -1.625, 15.75 ],
			"faces": {
				"down": { "uv": [ 0, 0, 3.5, 4.5 ], "texture": "#texture" },
				"up": { "uv": [ 0, 11.5, 3.5, 16 ], "texture": "#texture" },
				"north": { "uv": [ 12.5, 7.5, 16, 13.5 ], "texture": "#texture" },
				"south": { "uv": [ 0, 7.5, 3.5, 13.5 ], "texture": "#texture" },
				"west": { "uv": [ 11.5, 7.5, 16, 13.5 ], "texture": "#texture" },
				"east": { "uv": [ 0, 7.5, 4.5, 13.5 ], "texture": "#texture" }
			}
		},
		{
			"__comment": "Box1",
			"from": [ 10, -8.125, 3.5 ],
			"to": [ 16, -2.125, 9.5 ],
			"faces": {
				"down": { "uv": [ 0, 0, 3.5, 4.5 ], "texture": "#texture" },
				"up": { "uv": [ 0, 11.5, 3.5, 16 ], "texture": "#texture" },
				"north": { "uv": [ 12.5, 7.5, 16, 13.5 ], "texture": "#texture" },
				"south": { "uv": [ 0, 7.5, 3.5, 13.5 ], "texture": "#texture" },
				"west": { "uv": [ 11.5, 7.5, 16, 13.5 ], "texture": "#texture" },
				"east": { "uv": [ 0, 7.5, 4.5, 13.5 ], "texture": "#texture" }
			}
		},
		{
			"__comment": "Box1",
			"from": [ 10.5, -8, 7.5 ],
			"to": [ 16.5, -2, 13.5 ],
			"faces": {
				"down": { "uv": [ 0, 0, 3.5, 4.5 ], "texture": "#texture" },
				"up": { "uv": [ 0, 11.5, 3.5, 16 ], "texture": "#texture" },
				"north": { "uv": [ 12.5, 7.5, 16, 13.5 ], "texture": "#texture" },
				"south": { "uv": [ 0, 7.5, 3.5, 13.5 ], "texture": "#texture" },
				"west": { "uv": [ 11.5, 7.5, 16, 13.5 ], "texture": "#texture" },
				"east": { "uv": [ 0, 7.5, 4.5, 13.5 ], "texture": "#texture" }
			}
		},
		{
			"__comment": "Box1",
			"from": [ 7.5, 5, 7 ],
			"to": [ 13.5, 11, 13 ],
			"faces": {
				"down": { "uv": [ 0, 0, 3.5, 4.5 ], "texture": "#texture" },
				"up": { "uv": [ 0, 11.5, 3.5, 16 ], "texture": "#texture" },
				"north": { "uv": [ 12.5, 7.5, 16, 13.5 ], "texture": "#texture" },
				"south": { "uv": [ 0, 7.5, 3.5, 13.5 ], "texture": "#texture" },
				"west": { "uv": [ 11.5, 7.5, 16, 13.5 ], "texture": "#texture" },
				"east": { "uv": [ 0, 7.5, 4.5, 13.5 ], "texture": "#texture" }
			}
		},
		{
			"__comment": "Box1",
			"from": [ 8.375, 3.875, 0.75 ],
			"to": [ 14.375, 9.875, 6.75 ],
			"faces": {
				"down": { "uv": [ 8.375, 9.25, 14.375, 15.25 ], "texture": "#texture" },
				"up": { "uv": [ 8.375, 0.75, 14.375, 6.75 ], "texture": "#texture" },
				"north": { "uv": [ 1.625, 6.125, 7.625, 12.125 ], "texture": "#texture" },
				"south": { "uv": [ 8.375, 6.125, 14.375, 12.125 ], "texture": "#texture" },
				"west": { "uv": [ 0.75, 6.125, 6.75, 12.125 ], "texture": "#texture" },
				"east": { "uv": [ 9.25, 6.125, 15.25, 12.125 ], "texture": "#texture" }
			}
		},
		{
			"__comment": "Box1",
			"from": [ 10.5, 6, 2 ],
			"to": [ 16.5, 12, 8 ],
			"rotation": { "origin": [ 10.5, 6, 2 ], "axis": "z", "angle": 45 },
			"faces": {
				"down": { "uv": [ 0, 0, 3.5, 4.5 ], "texture": "#texture" },
				"up": { "uv": [ 0, 11.5, 3.5, 16 ], "texture": "#texture" },
				"north": { "uv": [ 12.5, 7.5, 16, 13.5 ], "texture": "#texture" },
				"south": { "uv": [ 0, 7.5, 3.5, 13.5 ], "texture": "#texture" },
				"west": { "uv": [ 11.5, 7.5, 16, 13.5 ], "texture": "#texture" },
				"east": { "uv": [ 0, 7.5, 4.5, 13.5 ], "texture": "#texture" }
			}
		},
		{
			"__comment": "Box1",
			"from": [ 2.5, 5.5, 4 ],
			"to": [ 8.5, 11.5, 10 ],
			"rotation": { "origin": [ 2.5, 5.5, 4 ], "axis": "x", "angle": -22.5 },
			"faces": {
				"down": { "uv": [ 0, 8.5, 3, 14.5 ], "texture": "#texture" },
				"up": { "uv": [ 0, 1.5, 3, 7.5 ], "texture": "#texture" },
				"north": { "uv": [ 13, 7.75, 16, 13.75 ], "texture": "#texture" },
				"south": { "uv": [ 0, 7.75, 3, 13.75 ], "texture": "#texture" },
				"west": { "uv": [ 1.5, 7.75, 7.5, 13.75 ], "texture": "#texture" },
				"east": { "uv": [ 8.5, 7.75, 14.5, 13.75 ], "texture": "#texture" }
			}
		},
		{
			"__comment": "Box1",
			"from": [ 6, 19, 6.5 ],
			"to": [ 12, 25, 12.5 ],
			"faces": {
				"down": { "uv": [ 6, 3.5, 12, 9.5 ], "texture": "#texture" },
				"up": { "uv": [ 6, 6.5, 12, 12.5 ], "texture": "#texture" },
				"north": { "uv": [ 4, 5.5, 10, 11.5 ], "texture": "#texture" },
				"south": { "uv": [ 6, 5.5, 12, 11.5 ], "texture": "#texture" },
				"west": { "uv": [ 6.5, 5.5, 12.5, 11.5 ], "texture": "#texture" },
				"east": { "uv": [ 3.5, 5.5, 9.5, 11.5 ], "texture": "#texture" }
			}
		},
		{
			"__comment": "Box1",
			"from": [ 5.875, 18.5, 6 ],
			"to": [ 11.875, 24.5, 12 ],
			"rotation": { "origin": [ 5.875, 18.5, 6 ], "axis": "x", "angle": -22.5 },
			"faces": {
				"down": { "uv": [ 12, 0, 16, 4 ], "texture": "#texture" },
				"up": { "uv": [ 12, 12, 16, 16 ], "texture": "#texture" },
				"north": { "uv": [ 0, 8, 4, 14 ], "texture": "#texture" },
				"south": { "uv": [ 12, 8, 16, 14 ], "texture": "#texture" },
				"west": { "uv": [ 12, 8, 16, 14 ], "texture": "#texture" },
				"east": { "uv": [ 0, 8, 4, 14 ], "texture": "#texture" }
			}
		},
		{
			"__comment": "Box1",
			"from": [ 5.5, 16.5, 2.875 ],
			"to": [ 11.5, 22.5, 8.875 ],
			"faces": {
				"down": { "uv": [ 12, 0, 16, 4 ], "texture": "#texture" },
				"up": { "uv": [ 12, 12, 16, 16 ], "texture": "#texture" },
				"north": { "uv": [ 0, 8, 4, 14 ], "texture": "#texture" },
				"south": { "uv": [ 12, 8, 16, 14 ], "texture": "#texture" },
				"west": { "uv": [ 12, 8, 16, 14 ], "texture": "#texture" },
				"east": { "uv": [ 0, 8, 4, 14 ], "texture": "#texture" }
			}
		},
		{
			"__comment": "Box1",
			"from": [ 4.375, 18, 5.5 ],
			"to": [ 10.375, 24, 11.5 ],
			"faces": {
				"down": { "uv": [ 0, 0, 3.5, 4.5 ], "texture": "#texture" },
				"up": { "uv": [ 0, 11.5, 3.5, 16 ], "texture": "#texture" },
				"north": { "uv": [ 12.5, 7.5, 16, 13.5 ], "texture": "#texture" },
				"south": { "uv": [ 0, 7.5, 3.5, 13.5 ], "texture": "#texture" },
				"west": { "uv": [ 11.5, 7.5, 16, 13.5 ], "texture": "#texture" },
				"east": { "uv": [ 0, 7.5, 4.5, 13.5 ], "texture": "#texture" }
			}
		},
		{
			"__comment": "Box1",
			"from": [ 4.375, 17.5, 4 ],
			"to": [ 10.375, 23.5, 10 ],
			"faces": {
				"down": { "uv": [ 0, 0, 3.5, 4.5 ], "texture": "#texture" },
				"up": { "uv": [ 0, 11.5, 3.5, 16 ], "texture": "#texture" },
				"north": { "uv": [ 12.5, 7.5, 16, 13.5 ], "texture": "#texture" },
				"south": { "uv": [ 0, 7.5, 3.5, 13.5 ], "texture": "#texture" },
				"west": { "uv": [ 11.5, 7.5, 16, 13.5 ], "texture": "#texture" },
				"east": { "uv": [ 0, 7.5, 4.5, 13.5 ], "texture": "#texture" }
			}
		},
		{
			"__comment": "Box1",
			"from": [ 6, 6.5, 8 ],
			"to": [ 12, 12.5, 14 ],
			"faces": {
				"down": { "uv": [ 6, 2, 12, 8 ], "texture": "#texture" },
				"up": { "uv": [ 6, 8, 12, 14 ], "texture": "#texture" },
				"north": { "uv": [ 4, 3.5, 10, 9.5 ], "texture": "#texture" },
				"south": { "uv": [ 6, 3.5, 12, 9.5 ], "texture": "#texture" },
				"west": { "uv": [ 8, 3.5, 14, 9.5 ], "texture": "#texture" },
				"east": { "uv": [ 2, 3.5, 8, 9.5 ], "texture": "#texture" }
			}
		},
		{
			"__comment": "Box1",
			"from": [ 2, 6, 6.5 ],
			"to": [ 8, 12, 12.5 ],
			"rotation": { "origin": [ 2, 6, 6.5 ], "axis": "x", "angle": -22.5 },
			"faces": {
				"down": { "uv": [ 12, 0, 16, 4 ], "texture": "#texture" },
				"up": { "uv": [ 12, 12, 16, 16 ], "texture": "#texture" },
				"north": { "uv": [ 0, 8, 4, 14 ], "texture": "#texture" },
				"south": { "uv": [ 12, 8, 16, 14 ], "texture": "#texture" },
				"west": { "uv": [ 12, 8, 16, 14 ], "texture": "#texture" },
				"east": { "uv": [ 0, 8, 4, 14 ], "texture": "#texture" }
			}
		},
		{
			"__comment": "Box1",
			"from": [ 5.5, 5, 0.5 ],
			"to": [ 11.5, 11, 6.5 ],
			"faces": {
				"down": { "uv": [ 12, 0, 16, 4 ], "texture": "#texture" },
				"up": { "uv": [ 12, 12, 16, 16 ], "texture": "#texture" },
				"north": { "uv": [ 0, 8, 4, 14 ], "texture": "#texture" },
				"south": { "uv": [ 12, 8, 16, 14 ], "texture": "#texture" },
				"west": { "uv": [ 12, 8, 16, 14 ], "texture": "#texture" },
				"east": { "uv": [ 0, 8, 4, 14 ], "texture": "#texture" }
			}
		},
		{
			"__comment": "Box1",
			"from": [ 3.5, 5.5, 7 ],
			"to": [ 9.5, 11.5, 13 ],
			"faces": {
				"down": { "uv": [ 0, 0, 3.5, 4.5 ], "texture": "#texture" },
				"up": { "uv": [ 0, 11.5, 3.5, 16 ], "texture": "#texture" },
				"north": { "uv": [ 12.5, 7.5, 16, 13.5 ], "texture": "#texture" },
				"south": { "uv": [ 0, 7.5, 3.5, 13.5 ], "texture": "#texture" },
				"west": { "uv": [ 11.5, 7.5, 16, 13.5 ], "texture": "#texture" },
				"east": { "uv": [ 0, 7.5, 4.5, 13.5 ], "texture": "#texture" }
			}
		},
		{
			"__comment": "Box1",
			"from": [ 9, 5, 5 ],
			"to": [ 15, 11, 11 ],
			"faces": {
				"down": { "uv": [ 0, 0, 3.5, 4.5 ], "texture": "#texture" },
				"up": { "uv": [ 0, 11.5, 3.5, 16 ], "texture": "#texture" },
				"north": { "uv": [ 12.5, 7.5, 16, 13.5 ], "texture": "#texture" },
				"south": { "uv": [ 0, 7.5, 3.5, 13.5 ], "texture": "#texture" },
				"west": { "uv": [ 11.5, 7.5, 16, 13.5 ], "texture": "#texture" },
				"east": { "uv": [ 0, 7.5, 4.5, 13.5 ], "texture": "#texture" }
			}
		},
		{
			"__comment": "Box1",
			"from": [ 2.5, 11.375, 4 ],
			"to": [ 8.5, 17.375, 10 ],
			"faces": {
				"down": { "uv": [ 0, 0, 3.5, 4.5 ], "texture": "#texture" },
				"up": { "uv": [ 0, 11.5, 3.5, 16 ], "texture": "#texture" },
				"north": { "uv": [ 12.5, 7.5, 16, 13.5 ], "texture": "#texture" },
				"south": { "uv": [ 0, 7.5, 3.5, 13.5 ], "texture": "#texture" },
				"west": { "uv": [ 11.5, 7.5, 16, 13.5 ], "texture": "#texture" },
				"east": { "uv": [ 0, 7.5, 4.5, 13.5 ], "texture": "#texture" }
			}
		},
		{
			"__comment": "Box1",
			"from": [ 6, 12.5, 6.5 ],
			"to": [ 12, 18.5, 12.5 ],
			"faces": {
				"down": { "uv": [ 6, 3.5, 12, 9.5 ], "texture": "#texture" },
				"up": { "uv": [ 6, 6.5, 12, 12.5 ], "texture": "#texture" },
				"north": { "uv": [ 4, 0, 10, 3.5 ], "texture": "#texture" },
				"south": { "uv": [ 6, 0, 12, 3.5 ], "texture": "#texture" },
				"west": { "uv": [ 6.5, 0, 12.5, 3.5 ], "texture": "#texture" },
				"east": { "uv": [ 3.5, 0, 9.5, 3.5 ], "texture": "#texture" }
			}
		},
		{
			"__comment": "Box1",
			"from": [ 7.5, 12.375, 6 ],
			"to": [ 13.5, 18.375, 12 ],
			"rotation": { "origin": [ 7.5, 12.375, 6 ], "axis": "x", "angle": -22.5 },
			"faces": {
				"down": { "uv": [ 12, 0, 16, 4 ], "texture": "#texture" },
				"up": { "uv": [ 12, 12, 16, 16 ], "texture": "#texture" },
				"north": { "uv": [ 0, 8, 4, 14 ], "texture": "#texture" },
				"south": { "uv": [ 12, 8, 16, 14 ], "texture": "#texture" },
				"west": { "uv": [ 12, 8, 16, 14 ], "texture": "#texture" },
				"east": { "uv": [ 0, 8, 4, 14 ], "texture": "#texture" }
			}
		},
		{
			"__comment": "Box1",
			"from": [ 5.5, 10.625, 2.25 ],
			"to": [ 11.5, 16.625, 8.25 ],
			"faces": {
				"down": { "uv": [ 12, 0, 16, 4 ], "texture": "#texture" },
				"up": { "uv": [ 12, 12, 16, 16 ], "texture": "#texture" },
				"north": { "uv": [ 0, 8, 4, 14 ], "texture": "#texture" },
				"south": { "uv": [ 12, 8, 16, 14 ], "texture": "#texture" },
				"west": { "uv": [ 12, 8, 16, 14 ], "texture": "#texture" },
				"east": { "uv": [ 0, 8, 4, 14 ], "texture": "#texture" }
			}
		},
		{
			"__comment": "Box1",
			"from": [ 4, 11.875, 5.5 ],
			"to": [ 10, 17.875, 11.5 ],
			"faces": {
				"down": { "uv": [ 0, 0, 3.5, 4.5 ], "texture": "#texture" },
				"up": { "uv": [ 0, 11.5, 3.5, 16 ], "texture": "#texture" },
				"north": { "uv": [ 12.5, 7.5, 16, 13.5 ], "texture": "#texture" },
				"south": { "uv": [ 0, 7.5, 3.5, 13.5 ], "texture": "#texture" },
				"west": { "uv": [ 11.5, 7.5, 16, 13.5 ], "texture": "#texture" },
				"east": { "uv": [ 0, 7.5, 4.5, 13.5 ], "texture": "#texture" }
			}
		}
	],
	"display": {
		"head": {
			"translation":  [ 0, -60, 0 ],
			"scale":  [ 4, 2.5, 4 ]
		}
	}
}