{
	"__comment": "Designed by Zeibo with Cubik Studio - https://cubik.studio",
	"textures": {
		"particle": "skills/poisin01",
		"texture": "skills/poisin01"
	},
	"elements": [ 	 
		{
			"__comment": "Box1",
			"from": [ -9.5, 6, 7.5 ],
			"to": [ 25, 8.5, 10 ],
			"faces": {
				"down": { "uv": [ 0, 0, 8.5, 16 ], "texture": "#texture", "rotation": 90 },
				"up": { "uv": [ 0, 0, 8, 16 ], "texture": "#texture", "rotation": 90 },
				"north": { "uv": [ 0, 0, 8, 16 ], "texture": "#texture", "rotation": 90 },
				"south": { "uv": [ 0, 0, 8, 16 ], "texture": "#texture", "rotation": 90 },
				"west": { "uv": [ 0, 3.5, 7, 10 ], "texture": "#texture" },
				"east": { "uv": [ 0, 8.5, 7, 16 ], "texture": "#texture" }
			}
		},
		{
			"__comment": "PlaneZ6",
			"from": [ -10, 3.875, 12 ],
			"to": [ 30, 15.375, 12.001 ],
			"rotation": { "origin": [ -10, 3.875, 12 ], "axis": "x", "angle": -45 },
			"faces": {
				"north": { "uv": [ 9.5, 0, 16, 16 ], "texture": "#texture", "rotation": 90 },
				"south": { "uv": [ 9, 0, 16, 16 ], "texture": "#texture", "rotation": 90 }
			}
		}
	],
	"display": {
		"head": {
			"rotation":  [ 0, 90, 0 ],
			"translation":  [ -1.391, -18.78, 2.7826 ],
			"scale":  [ 1.5, 1.5, 1.5 ]
		}
	}
}