{
	"__comment": "Designed by Zeibo with Cubik Studio - https://cubik.studio",
	"textures": {
		"texture": "skills/purple_range_e"
	},
	"elements": [ 	 
		{
			"__comment": "PlaneY1",
			"from": [ -15.5, 0.125, -15.5 ],
			"to": [ 31.5, 0.126, 31.5 ],
			"faces": {
				"down": { "uv": [ 0, 0, 16, 16 ], "texture": "#texture" },
				"up": { "uv": [ 0, 0, 16, 16 ], "texture": "#texture" }
			}
		},
		{
			"__comment": "PlaneY1",
			"from": [ -15.5, -0.125, -15.5 ],
			"to": [ 31.5, -0.124, 31.5 ],
			"faces": {
				"down": { "uv": [ 0, 0, 16, 16 ], "texture": "#texture" },
				"up": { "uv": [ 0, 0, 16, 16 ], "texture": "#texture" }
			}
		},
		{
			"__comment": "PlaneY1",
			"from": [ -4, -4.625, 22 ],
			"to": [ 21, 20.375, 22.001 ],
			"faces": {
				"north": { "uv": [ 16, 16, 0, 0 ], "texture": "#texture" },
				"south": { "uv": [ 0, 0, 16, 16 ], "texture": "#texture" }
			}
		},
		{
			"__comment": "PlaneY1",
			"from": [ 21.999, -4.625, -4.875 ],
			"to": [ 22, 20.375, 20.125 ],
			"faces": {
				"west": { "uv": [ 0, 0, 16, 16 ], "texture": "#texture" },
				"east": { "uv": [ 16, 16, 0, 0 ], "texture": "#texture" }
			}
		},
		{
			"__comment": "PlaneY1",
			"from": [ -4, -4.625, -5.875 ],
			"to": [ 21, 20.375, -5.874 ],
			"faces": {
				"north": { "uv": [ 16, 16, 0, 0 ], "texture": "#texture" },
				"south": { "uv": [ 0, 0, 16, 16 ], "texture": "#texture" }
			}
		},
		{
			"__comment": "PlaneY1",
			"from": [ -6.001, -4.625, -4.875 ],
			"to": [ -6, 20.375, 20.125 ],
			"faces": {
				"west": { "uv": [ 0, 0, 16, 16 ], "texture": "#texture" },
				"east": { "uv": [ 16, 16, 0, 0 ], "texture": "#texture" }
			}
		}
	],
	"display": {
		"thirdperson_lefthand": {
			"rotation":  [ 7, 0, 0 ],
			"translation":  [ -5.564, -19.5, 8.3478 ],
			"scale":  [ 1.2, 1.2, 1.2 ]
		},
		"head": {
			"translation":  [ 0, -70, 0 ],
			"scale":  [ 6, 6, 6 ]
		}
	}
}