{
	"__comment": "Designed by Zeibo with Cubik Studio - https://cubik.studio",
	"textures": {
		"texture": "skills/range_1"
	},
	"elements": [ 	 
		{
			"__comment": "PlaneY1",
			"from": [ -15.5, 0.125, -15.5 ],
			"to": [ 31.5, 0.126, 31.5 ],
			"faces": {
				"down": { "uv": [ 0, 0, 16, 16 ], "texture": "#texture" },
				"up": { "uv": [ 0, 0, 16, 16 ], "texture": "#texture" }
			}
		},
		{
			"__comment": "PlaneY1",
			"from": [ -15.5, -0.125, -15.5 ],
			"to": [ 31.5, -0.124, 31.5 ],
			"faces": {
				"down": { "uv": [ 0, 0, 16, 16 ], "texture": "#texture" },
				"up": { "uv": [ 0, 0, 16, 16 ], "texture": "#texture" }
			}
		}
	],
	"display": {
		"thirdperson_lefthand": {
			"rotation":  [ 7, 0, 0 ],
			"translation":  [ -5.564, -19.5, 8.3478 ],
			"scale":  [ 1.2, 1.2, 1.2 ]
		},
		"head": {
			"translation":  [ 0, -75, 0 ],
			"scale":  [ 4, 4, 4 ]
		}
	}
}