{
	"__comment": "Designed by Zeibo with Cubik Studio - https://cubik.studio",
	"textures": {
		"texture": "skills/skill10_8_e"
	},
	"elements": [ 	 
		{
			"__comment": "PlaneY1",
			"from": [ -8, 8.375, -7 ],
			"to": [ 25, 8.376, 27.5 ],
			"faces": {
				"down": { "uv": [ 0, 16, 16, 0 ], "texture": "#texture" },
				"up": { "uv": [ 0, 0, 16, 16 ], "texture": "#texture" }
			}
		},
		{
			"__comment": "PlaneY1",
			"from": [ -8, 2, -7 ],
			"to": [ 25, 2.001, 27.5 ],
			"rotation": { "origin": [ -8, 2, -7 ], "axis": "x", "angle": -22.5 },
			"faces": {
				"down": { "uv": [ 0, 16, 16, 0 ], "texture": "#texture" },
				"up": { "uv": [ 0, 0, 16, 16 ], "texture": "#texture" }
			}
		},
		{
			"__comment": "PlaneY1",
			"from": [ -8, 14.5, -7 ],
			"to": [ 25, 14.501, 27.5 ],
			"rotation": { "origin": [ -8, 14.5, -7 ], "axis": "x", "angle": 22.5 },
			"faces": {
				"down": { "uv": [ 0, 16, 16, 0 ], "texture": "#texture" },
				"up": { "uv": [ 0, 0, 16, 16 ], "texture": "#texture" }
			}
		}
	],
	"display": {
		"head": {
			"translation":  [ 0, -22.26, -35.00 ],
			"scale":  [ 4, 4, 4 ]
		}
	}
}