{
	"__comment": "Designed by Zeibo with Cubik Studio - https://cubik.studio",
	"textures": {
		"texture": "skills/follow_arrow_e"
	},
	"elements": [ 	 
		{
			"__comment": "PlaneZ1",
			"from": [ 8.125, -12, 2 ],
			"to": [ 8.126, 28, 14 ],
			"faces": {
				"west": { "uv": [ 5, 0, 11, 16 ], "texture": "#texture" },
				"east": { "uv": [ 5, 0, 11, 16 ], "texture": "#texture" }
			}
		},
		{
			"__comment": "PlaneZ1",
			"from": [ 2, -12, 8 ],
			"to": [ 14, 28, 8.001 ],
			"faces": {
				"north": { "uv": [ 5, 0, 11, 16 ], "texture": "#texture" },
				"south": { "uv": [ 5, 0, 11, 16 ], "texture": "#texture" }
			}
		}
	],
	"display": {
		"head": {
			"rotation":  [ -90, 0, 0 ],
			"translation":  [ 0, -16.69, 0 ],
			"scale":  [ 2, 2, 2 ]
		}
	}
}