{
	"__comment": "Designed by Zeibo with Cubik Studio - https://cubik.studio",
	"textures": {
		"texture": "skills/cloud_arrow"
	},
	"elements": [ 	 
		{
			"__comment": "PlaneZ1",
			"from": [ 5, -2, 8 ],
			"to": [ 11, 18, 8.001 ],
			"faces": {
				"north": { "uv": [ 5, 0, 11, 16 ], "texture": "#texture" },
				"south": { "uv": [ 5, 0, 11, 16 ], "texture": "#texture" }
			}
		},
		{
			"__comment": "PlaneZ1",
			"from": [ 8, -2, 5 ],
			"to": [ 8.001, 18, 11 ],
			"faces": {
				"west": { "uv": [ 5, 0, 11, 16 ], "texture": "#texture" },
				"east": { "uv": [ 5, 0, 11, 16 ], "texture": "#texture" }
			}
		}
	],
	"display": {
		"head": {
			"rotation":  [ 180, 0, 0 ],
			"translation":  [ 0, -16.69, 0 ],
			"scale":  [ 3, 3, 3 ]
		}
	}
}