{
	"__comment": "Designed by Zeibo with Cubik Studio - https://cubik.studio",
	"textures": {
		"particle": "blocks/e_particle",
		"texture": "block/magma"
	},
	"elements": [ 	 
		{
			"__comment": "Box1",
			"from": [ 0, -2, 0 ],
			"to": [ 16, 1, 16 ],
			"faces": {
				"down": { "uv": [ 0, 0, 16, 16 ], "texture": "#texture" },
				"up": { "uv": [ 0, 0, 16, 16 ], "texture": "#texture" },
				"north": { "uv": [ 0, 15, 16, 16 ], "texture": "#texture" },
				"south": { "uv": [ 0, 15, 16, 16 ], "texture": "#texture" },
				"west": { "uv": [ 0, 15, 16, 16 ], "texture": "#texture" },
				"east": { "uv": [ 0, 15, 16, 16 ], "texture": "#texture" }
			}
		},
		{
			"__comment": "Box1",
			"from": [ -5, 5, 1.25 ],
			"to": [ 2, 6.5, 6.25 ],
			"rotation": { "origin": [ -5, 5, 1.25 ], "axis": "z", "angle": -45 },
			"faces": {
				"down": { "uv": [ 0, 0, 16, 16 ], "texture": "#texture" },
				"up": { "uv": [ 0, 0, 16, 16 ], "texture": "#texture" },
				"north": { "uv": [ 0, 14.5, 16, 16 ], "texture": "#texture" },
				"south": { "uv": [ 0, 14.5, 16, 16 ], "texture": "#texture" },
				"west": { "uv": [ 0, 14.5, 16, 16 ], "texture": "#texture" },
				"east": { "uv": [ 0, 14.5, 16, 16 ], "texture": "#texture" }
			}
		},
		{
			"__comment": "Box1",
			"from": [ -5.125, 5, 9.75 ],
			"to": [ 1.875, 6.5, 14.75 ],
			"rotation": { "origin": [ -5.125, 5, 9.75 ], "axis": "z", "angle": -45 },
			"faces": {
				"down": { "uv": [ 0, 0, 16, 16 ], "texture": "#texture" },
				"up": { "uv": [ 0, 0, 16, 16 ], "texture": "#texture" },
				"north": { "uv": [ 0, 14.5, 16, 16 ], "texture": "#texture" },
				"south": { "uv": [ 0, 14.5, 16, 16 ], "texture": "#texture" },
				"west": { "uv": [ 0, 14.5, 16, 16 ], "texture": "#texture" },
				"east": { "uv": [ 0, 14.5, 16, 16 ], "texture": "#texture" }
			}
		},
		{
			"__comment": "Box1",
			"from": [ 14.25, 0.125, 9.5 ],
			"to": [ 15.75, 7.125, 14.5 ],
			"rotation": { "origin": [ 15.75, 0.125, 9.5 ], "axis": "z", "angle": -45 },
			"faces": {
				"down": { "uv": [ 16, 16, 0, 14.5 ], "texture": "#texture", "rotation": 90 },
				"up": { "uv": [ 0, 14.5, 16, 16 ], "texture": "#texture", "rotation": 270 },
				"north": { "uv": [ 0, 14.5, 16, 16 ], "texture": "#texture", "rotation": 90 },
				"south": { "uv": [ 0, 14.5, 16, 16 ], "texture": "#texture", "rotation": 270 },
				"west": { "uv": [ 0, 0, 16, 16 ], "texture": "#texture", "rotation": 270 },
				"east": { "uv": [ 16, 16, 0, 0 ], "texture": "#texture", "rotation": 90 }
			}
		},
		{
			"__comment": "Box1",
			"from": [ 15.875, 0.125, 1 ],
			"to": [ 22.875, 1.625, 6 ],
			"rotation": { "origin": [ 15.875, 0.125, 1 ], "axis": "z", "angle": 45 },
			"faces": {
				"down": { "uv": [ 0, 0, 16, 16 ], "texture": "#texture" },
				"up": { "uv": [ 0, 0, 16, 16 ], "texture": "#texture" },
				"north": { "uv": [ 0, 14.5, 16, 16 ], "texture": "#texture" },
				"south": { "uv": [ 0, 14.5, 16, 16 ], "texture": "#texture" },
				"west": { "uv": [ 0, 14.5, 16, 16 ], "texture": "#texture" },
				"east": { "uv": [ 0, 14.5, 16, 16 ], "texture": "#texture" }
			}
		},
		{
			"__comment": "Box1",
			"from": [ 9.625, -0.5, -2.375 ],
			"to": [ 14.625, 6.5, -0.875 ],
			"rotation": { "origin": [ 14.625, 6.5, -2.375 ], "axis": "x", "angle": -22.5 },
			"faces": {
				"down": { "uv": [ 0, 14.5, 16, 16 ], "texture": "#texture" },
				"up": { "uv": [ 16, 16, 0, 14.5 ], "texture": "#texture" },
				"north": { "uv": [ 16, 16, 0, 0 ], "texture": "#texture", "rotation": 270 },
				"south": { "uv": [ 0, 0, 16, 16 ], "texture": "#texture", "rotation": 90 },
				"west": { "uv": [ 16, 16, 0, 14.5 ], "texture": "#texture", "rotation": 270 },
				"east": { "uv": [ 16, 16, 0, 14.5 ], "texture": "#texture", "rotation": 90 }
			}
		},
		{
			"__comment": "Box1",
			"from": [ 1.125, -0.4116, -2.4634 ],
			"to": [ 6.125, 6.5884, -0.9633999 ],
			"rotation": { "origin": [ 14.625, 6.5, -2.375 ], "axis": "x", "angle": -22.5 },
			"faces": {
				"down": { "uv": [ 0, 14.5, 16, 16 ], "texture": "#texture" },
				"up": { "uv": [ 16, 16, 0, 14.5 ], "texture": "#texture" },
				"north": { "uv": [ 16, 16, 0, 0 ], "texture": "#texture", "rotation": 270 },
				"south": { "uv": [ 0, 0, 16, 16 ], "texture": "#texture", "rotation": 90 },
				"west": { "uv": [ 16, 16, 0, 14.5 ], "texture": "#texture", "rotation": 270 },
				"east": { "uv": [ 16, 16, 0, 14.5 ], "texture": "#texture", "rotation": 90 }
			}
		},
		{
			"__comment": "Box1",
			"from": [ 9.625, 0, 17.5 ],
			"to": [ 14.625, 7, 19 ],
			"rotation": { "origin": [ 14.625, 7, 17.5 ], "axis": "x", "angle": 22.5 },
			"faces": {
				"down": { "uv": [ 0, 14.5, 16, 16 ], "texture": "#texture" },
				"up": { "uv": [ 16, 16, 0, 14.5 ], "texture": "#texture" },
				"north": { "uv": [ 16, 16, 0, 0 ], "texture": "#texture", "rotation": 270 },
				"south": { "uv": [ 0, 0, 16, 16 ], "texture": "#texture", "rotation": 90 },
				"west": { "uv": [ 16, 16, 0, 14.5 ], "texture": "#texture", "rotation": 270 },
				"east": { "uv": [ 16, 16, 0, 14.5 ], "texture": "#texture", "rotation": 90 }
			}
		},
		{
			"__comment": "Box1",
			"from": [ 1, 0.0884, 17.1616 ],
			"to": [ 6, 7.0884, 18.6616 ],
			"rotation": { "origin": [ 14.5, 7, 17.25 ], "axis": "x", "angle": 22.5 },
			"faces": {
				"down": { "uv": [ 0, 14.5, 16, 16 ], "texture": "#texture" },
				"up": { "uv": [ 16, 16, 0, 14.5 ], "texture": "#texture" },
				"north": { "uv": [ 16, 16, 0, 0 ], "texture": "#texture", "rotation": 270 },
				"south": { "uv": [ 0, 0, 16, 16 ], "texture": "#texture", "rotation": 90 },
				"west": { "uv": [ 16, 16, 0, 14.5 ], "texture": "#texture", "rotation": 270 },
				"east": { "uv": [ 16, 16, 0, 14.5 ], "texture": "#texture", "rotation": 90 }
			}
		}
	],
	"display": {
		"head": {
			"translation":  [ 0, -32, 0 ],
			"scale":  [ 1.5, 1.5, 1.5 ]
		}
	}
}