{
	"__comment": "Designed by Zeibo with Cubik Studio - https://cubik.studio",
	"textures": {
		"particle": "blocks/e_particle",
		"texture": "block/magma"
	},
	"elements": [ 	 
		{
			"__comment": "Box1",
			"from": [ 0, -5.125, 0 ],
			"to": [ 16, -2.125, 16 ],
			"faces": {
				"down": { "uv": [ 0, 0, 16, 16 ], "texture": "#texture" },
				"up": { "uv": [ 0, 0, 16, 16 ], "texture": "#texture" },
				"north": { "uv": [ 0, 2.125, 16, 5.125 ], "texture": "#texture" },
				"south": { "uv": [ 0, 2.125, 16, 5.125 ], "texture": "#texture" },
				"west": { "uv": [ 0, 2.125, 16, 5.125 ], "texture": "#texture" },
				"east": { "uv": [ 0, 2.125, 16, 5.125 ], "texture": "#texture" }
			}
		},
		{
			"__comment": "Box1",
			"from": [ -5, 1.875, 1.25 ],
			"to": [ 2, 3.375, 6.25 ],
			"rotation": { "origin": [ -5, 1.875, 1.25 ], "axis": "z", "angle": -45 },
			"faces": {
				"down": { "uv": [ 0, 0, 16, 16 ], "texture": "#texture" },
				"up": { "uv": [ 0, 0, 16, 16 ], "texture": "#texture" },
				"north": { "uv": [ 0, 14.5, 16, 16 ], "texture": "#texture" },
				"south": { "uv": [ 0, 14.5, 16, 16 ], "texture": "#texture" },
				"west": { "uv": [ 0, 14.5, 16, 16 ], "texture": "#texture" },
				"east": { "uv": [ 0, 14.5, 16, 16 ], "texture": "#texture" }
			}
		},
		{
			"__comment": "Box1",
			"from": [ -5.125, 1.875, 9.75 ],
			"to": [ 1.875, 3.375, 14.75 ],
			"rotation": { "origin": [ -5.125, 1.875, 9.75 ], "axis": "z", "angle": -45 },
			"faces": {
				"down": { "uv": [ 0, 0, 16, 16 ], "texture": "#texture" },
				"up": { "uv": [ 0, 0, 16, 16 ], "texture": "#texture" },
				"north": { "uv": [ 0, 14.5, 16, 16 ], "texture": "#texture" },
				"south": { "uv": [ 0, 14.5, 16, 16 ], "texture": "#texture" },
				"west": { "uv": [ 0, 14.5, 16, 16 ], "texture": "#texture" },
				"east": { "uv": [ 0, 14.5, 16, 16 ], "texture": "#texture" }
			}
		},
		{
			"__comment": "Box1",
			"from": [ 14.25, -3, 9.5 ],
			"to": [ 15.75, 4, 14.5 ],
			"rotation": { "origin": [ 15.75, -3, 9.5 ], "axis": "z", "angle": -45 },
			"faces": {
				"down": { "uv": [ 16, 16, 0, 14.5 ], "texture": "#texture", "rotation": 90 },
				"up": { "uv": [ 0, 14.5, 16, 16 ], "texture": "#texture", "rotation": 270 },
				"north": { "uv": [ 0, 14.5, 16, 16 ], "texture": "#texture", "rotation": 90 },
				"south": { "uv": [ 0, 14.5, 16, 16 ], "texture": "#texture", "rotation": 270 },
				"west": { "uv": [ 0, 0, 16, 16 ], "texture": "#texture", "rotation": 270 },
				"east": { "uv": [ 16, 16, 0, 0 ], "texture": "#texture", "rotation": 90 }
			}
		},
		{
			"__comment": "Box1",
			"from": [ 15.875, -3, 1 ],
			"to": [ 22.875, -1.5, 6 ],
			"rotation": { "origin": [ 15.875, -3, 1 ], "axis": "z", "angle": 45 },
			"faces": {
				"down": { "uv": [ 0, 0, 16, 16 ], "texture": "#texture" },
				"up": { "uv": [ 0, 0, 16, 16 ], "texture": "#texture" },
				"north": { "uv": [ 0, 14.5, 16, 16 ], "texture": "#texture" },
				"south": { "uv": [ 0, 14.5, 16, 16 ], "texture": "#texture" },
				"west": { "uv": [ 0, 14.5, 16, 16 ], "texture": "#texture" },
				"east": { "uv": [ 0, 14.5, 16, 16 ], "texture": "#texture" }
			}
		},
		{
			"__comment": "Box1",
			"from": [ 9.625, -3.625, -2.375 ],
			"to": [ 14.625, 3.375, -0.875 ],
			"rotation": { "origin": [ 14.625, 3.375, -2.375 ], "axis": "x", "angle": -22.5 },
			"faces": {
				"down": { "uv": [ 0, 14.5, 16, 16 ], "texture": "#texture" },
				"up": { "uv": [ 16, 16, 0, 14.5 ], "texture": "#texture" },
				"north": { "uv": [ 16, 16, 0, 0 ], "texture": "#texture", "rotation": 270 },
				"south": { "uv": [ 0, 0, 16, 16 ], "texture": "#texture", "rotation": 90 },
				"west": { "uv": [ 16, 16, 0, 14.5 ], "texture": "#texture", "rotation": 270 },
				"east": { "uv": [ 16, 16, 0, 14.5 ], "texture": "#texture", "rotation": 90 }
			}
		},
		{
			"__comment": "Box1",
			"from": [ 1.125, -3.5366, -2.4634 ],
			"to": [ 6.125, 3.4634, -0.9633999 ],
			"rotation": { "origin": [ 14.625, 3.375, -2.375 ], "axis": "x", "angle": -22.5 },
			"faces": {
				"down": { "uv": [ 0, 14.5, 16, 16 ], "texture": "#texture" },
				"up": { "uv": [ 16, 16, 0, 14.5 ], "texture": "#texture" },
				"north": { "uv": [ 16, 16, 0, 0 ], "texture": "#texture", "rotation": 270 },
				"south": { "uv": [ 0, 0, 16, 16 ], "texture": "#texture", "rotation": 90 },
				"west": { "uv": [ 16, 16, 0, 14.5 ], "texture": "#texture", "rotation": 270 },
				"east": { "uv": [ 16, 16, 0, 14.5 ], "texture": "#texture", "rotation": 90 }
			}
		},
		{
			"__comment": "Box1",
			"from": [ 9.625, -3.125, 17.5 ],
			"to": [ 14.625, 3.875, 19 ],
			"rotation": { "origin": [ 14.625, 3.875, 17.5 ], "axis": "x", "angle": 22.5 },
			"faces": {
				"down": { "uv": [ 0, 14.5, 16, 16 ], "texture": "#texture" },
				"up": { "uv": [ 16, 16, 0, 14.5 ], "texture": "#texture" },
				"north": { "uv": [ 16, 16, 0, 0 ], "texture": "#texture", "rotation": 270 },
				"south": { "uv": [ 0, 0, 16, 16 ], "texture": "#texture", "rotation": 90 },
				"west": { "uv": [ 16, 16, 0, 14.5 ], "texture": "#texture", "rotation": 270 },
				"east": { "uv": [ 16, 16, 0, 14.5 ], "texture": "#texture", "rotation": 90 }
			}
		},
		{
			"__comment": "Box1",
			"from": [ 1, -3.0366, 17.1616 ],
			"to": [ 6, 3.9634, 18.6616 ],
			"rotation": { "origin": [ 14.5, 3.875, 17.25 ], "axis": "x", "angle": 22.5 },
			"faces": {
				"down": { "uv": [ 0, 14.5, 16, 16 ], "texture": "#texture" },
				"up": { "uv": [ 16, 16, 0, 14.5 ], "texture": "#texture" },
				"north": { "uv": [ 16, 16, 0, 0 ], "texture": "#texture", "rotation": 270 },
				"south": { "uv": [ 0, 0, 16, 16 ], "texture": "#texture", "rotation": 90 },
				"west": { "uv": [ 16, 16, 0, 14.5 ], "texture": "#texture", "rotation": 270 },
				"east": { "uv": [ 16, 16, 0, 14.5 ], "texture": "#texture", "rotation": 90 }
			}
		}
	],
	"display": {
		"head": {
			"translation":  [ 0, -32, 0 ],
			"scale":  [ 1.5, 1.5, 1.5 ]
		}
	}
}