{
	"__comment": "Designed by Zeibo with Cubik Studio - https://cubik.studio",
	"textures": {
		"particle": "blocks/e_particle",
		"texture": "skills/skill11_e"
	},
	"elements": [ 	 
		{
			"__comment": "PlaneZ1",
			"from": [ -10.875, -15.375, 11.625 ],
			"to": [ 27.125, 31.625, 11.626 ],
			"faces": {
				"north": { "uv": [ 0, 0, 16, 16 ], "texture": "#texture" },
				"south": { "uv": [ 0, 0, 16, 16 ], "texture": "#texture" }
			}
		},
		{
			"__comment": "PlaneZ1",
			"from": [ 7.999, -15.5, -8.125 ],
			"to": [ 8, 31.5, 29.875 ],
			"faces": {
				"west": { "uv": [ 0, 0, 16, 16 ], "texture": "#texture" },
				"east": { "uv": [ 0, 0, 16, 16 ], "texture": "#texture" }
			}
		}
	],
	"display": {
		"head": {
			"translation":  [ 0.6956, -9.043, -11.81 ],
			"scale":  [ 4, 4, 4 ]
		}
	}
}