{
	"__comment": "Designed by Zeibo with Cubik Studio - https://cubik.studio",
	"textures": {
		"texture": "skills/cloud_arrow",
		"texture1": "skills/skill03_p2_e"
	},
	"elements": [ 	 
		{
			"__comment": "PlaneZ1",
			"from": [ 8.125, -12, 2 ],
			"to": [ 8.126, 28, 14 ],
			"faces": {
				"west": { "uv": [ 5, 0, 11, 16 ], "texture": "#texture" },
				"east": { "uv": [ 5, 0, 11, 16 ], "texture": "#texture" }
			}
		},
		{
			"__comment": "PlaneZ1",
			"from": [ 2, -12, 8 ],
			"to": [ 14, 28, 8.001 ],
			"faces": {
				"north": { "uv": [ 5, 0, 11, 16 ], "texture": "#texture" },
				"south": { "uv": [ 5, 0, 11, 16 ], "texture": "#texture" }
			}
		},
		{
			"__comment": "PlaneZ4",
			"from": [ -6.75, -15, 0.249 ],
			"to": [ 15.75, 29.5, 0.25 ],
			"rotation": { "origin": [ 15.75, -15, 0.25 ], "axis": "y", "angle": 45 },
			"faces": {
				"north": { "uv": [ 0, 0, 16, 16 ], "texture": "#texture1" },
				"south": { "uv": [ 0, 0, 16, 16 ], "texture": "#texture1" }
			}
		},
		{
			"__comment": "PlaneZ4",
			"from": [ 0, -15, 0.25 ],
			"to": [ 22.5, 29.5, 0.251 ],
			"rotation": { "origin": [ 0, -15, 0.25 ], "axis": "y", "angle": -45 },
			"faces": {
				"north": { "uv": [ 0, 0, 16, 16 ], "texture": "#texture1" },
				"south": { "uv": [ 0, 0, 16, 16 ], "texture": "#texture1" }
			}
		}
	],
	"display": {
		"head": {
			"rotation":  [ -90, 0, 0 ],
			"translation":  [ 0, -16.69, 0 ],
			"scale":  [ 2, 2, 2 ]
		}
	}
}