{
	"__comment": "Designed by Zeibo with Cubik Studio - https://cubik.studio",
	"textures": {
		"particle": "blocks/e_particle",
		"texture": "block/oak_log"
	},
	"elements": [ 	 
		{
			"__comment": "Box1",
			"from": [ 1.125, 0, 1 ],
			"to": [ 2.625, 5, 2.5 ],
			"faces": {
				"down": { "uv": [ 2.5, 0, 12.5, 15 ], "texture": "#texture" },
				"up": { "uv": [ 2.5, 0, 12.5, 15 ], "texture": "#texture" },
				"north": { "uv": [ 2.5, 0, 12.5, 15 ], "texture": "#texture" },
				"south": { "uv": [ 2.5, 0, 12.5, 15 ], "texture": "#texture" },
				"west": { "uv": [ 2.5, 0, 12.5, 15 ], "texture": "#texture" },
				"east": { "uv": [ 2.5, 0, 12.5, 15 ], "texture": "#texture" }
			}
		},
		{
			"__comment": "Box1",
			"from": [ 1, 0, 13.5 ],
			"to": [ 2.5, 5, 15 ],
			"faces": {
				"down": { "uv": [ 2.5, 0, 12.5, 15 ], "texture": "#texture" },
				"up": { "uv": [ 2.5, 0, 12.5, 15 ], "texture": "#texture" },
				"north": { "uv": [ 2.5, 0, 12.5, 15 ], "texture": "#texture" },
				"south": { "uv": [ 2.5, 0, 12.5, 15 ], "texture": "#texture" },
				"west": { "uv": [ 2.5, 0, 12.5, 15 ], "texture": "#texture" },
				"east": { "uv": [ 2.5, 0, 12.5, 15 ], "texture": "#texture" }
			}
		},
		{
			"__comment": "Box1",
			"from": [ 13.5, 0, 13.5 ],
			"to": [ 15, 5, 15 ],
			"faces": {
				"down": { "uv": [ 2.5, 0, 12.5, 15 ], "texture": "#texture" },
				"up": { "uv": [ 2.5, 0, 12.5, 15 ], "texture": "#texture" },
				"north": { "uv": [ 2.5, 0, 12.5, 15 ], "texture": "#texture" },
				"south": { "uv": [ 2.5, 0, 12.5, 15 ], "texture": "#texture" },
				"west": { "uv": [ 2.5, 0, 12.5, 15 ], "texture": "#texture" },
				"east": { "uv": [ 2.5, 0, 12.5, 15 ], "texture": "#texture" }
			}
		},
		{
			"__comment": "Box1",
			"from": [ 13.5, 0, 1 ],
			"to": [ 15, 5, 2.5 ],
			"faces": {
				"down": { "uv": [ 2.5, 0, 12.5, 15 ], "texture": "#texture" },
				"up": { "uv": [ 2.5, 0, 12.5, 15 ], "texture": "#texture" },
				"north": { "uv": [ 2.5, 0, 12.5, 15 ], "texture": "#texture" },
				"south": { "uv": [ 2.5, 0, 12.5, 15 ], "texture": "#texture" },
				"west": { "uv": [ 2.5, 0, 12.5, 15 ], "texture": "#texture" },
				"east": { "uv": [ 2.5, 0, 12.5, 15 ], "texture": "#texture" }
			}
		}
	],
	"display": {
		"head": {
			"translation":  [ 0, -28.33, 0 ],
			"scale":  [ 3, 4, 3 ]
		}
	}
}