{
	"__comment": "Designed by Zeibo with Cubik Studio - https://cubik.studio",
	"textures": {
		"particle": "blocks/e_particle",
		"texture": "block/oak_log"
	},
	"elements": [ 	 
		{
			"__comment": "Box1",
			"from": [ -6.625, 22.375, 1.875 ],
			"to": [ -5.125, 27.375, 3.375 ],
			"rotation": { "origin": [ -6.625, 22.375, 1.875 ], "axis": "z", "angle": -22.5 },
			"faces": {
				"down": { "uv": [ 2.5, 0, 12.5, 15 ], "texture": "#texture" },
				"up": { "uv": [ 2.5, 0, 12.5, 15 ], "texture": "#texture" },
				"north": { "uv": [ 2.5, 0, 12.5, 15 ], "texture": "#texture" },
				"south": { "uv": [ 2.5, 0, 12.5, 15 ], "texture": "#texture" },
				"west": { "uv": [ 2.5, 0, 12.5, 15 ], "texture": "#texture" },
				"east": { "uv": [ 2.5, 0, 12.5, 15 ], "texture": "#texture" }
			}
		},
		{
			"__comment": "Box1",
			"from": [ -5.375, 22.375, 12.5 ],
			"to": [ -3.875, 27.375, 14 ],
			"rotation": { "origin": [ -5.375, 22.375, 12.5 ], "axis": "z", "angle": -22.5 },
			"faces": {
				"down": { "uv": [ 2.5, 0, 12.5, 15 ], "texture": "#texture" },
				"up": { "uv": [ 2.5, 0, 12.5, 15 ], "texture": "#texture" },
				"north": { "uv": [ 2.5, 0, 12.5, 15 ], "texture": "#texture" },
				"south": { "uv": [ 2.5, 0, 12.5, 15 ], "texture": "#texture" },
				"west": { "uv": [ 2.5, 0, 12.5, 15 ], "texture": "#texture" },
				"east": { "uv": [ 2.5, 0, 12.5, 15 ], "texture": "#texture" }
			}
		},
		{
			"__comment": "Box1",
			"from": [ 20.75, 21.25, 12.5 ],
			"to": [ 22.25, 26.25, 14 ],
			"rotation": { "origin": [ 20.75, 21.25, 12.5 ], "axis": "z", "angle": 22.5 },
			"faces": {
				"down": { "uv": [ 2.5, 0, 12.5, 15 ], "texture": "#texture" },
				"up": { "uv": [ 2.5, 0, 12.5, 15 ], "texture": "#texture" },
				"north": { "uv": [ 2.5, 0, 12.5, 15 ], "texture": "#texture" },
				"south": { "uv": [ 2.5, 0, 12.5, 15 ], "texture": "#texture" },
				"west": { "uv": [ 2.5, 0, 12.5, 15 ], "texture": "#texture" },
				"east": { "uv": [ 2.5, 0, 12.5, 15 ], "texture": "#texture" }
			}
		},
		{
			"__comment": "Box1",
			"from": [ 20.25, 21.375, 2 ],
			"to": [ 21.75, 26.375, 3.5 ],
			"rotation": { "origin": [ 20.25, 21.375, 2 ], "axis": "z", "angle": 22.5 },
			"faces": {
				"down": { "uv": [ 2.5, 0, 12.5, 15 ], "texture": "#texture" },
				"up": { "uv": [ 2.5, 0, 12.5, 15 ], "texture": "#texture" },
				"north": { "uv": [ 2.5, 0, 12.5, 15 ], "texture": "#texture" },
				"south": { "uv": [ 2.5, 0, 12.5, 15 ], "texture": "#texture" },
				"west": { "uv": [ 2.5, 0, 12.5, 15 ], "texture": "#texture" },
				"east": { "uv": [ 2.5, 0, 12.5, 15 ], "texture": "#texture" }
			}
		},
		{
			"__comment": "Box1",
			"from": [ 17.75, 16.125, 11.875 ],
			"to": [ 20.25, 23.125, 14.375 ],
			"rotation": { "origin": [ 17.75, 16.125, 11.875 ], "axis": "z", "angle": -22.5 },
			"faces": {
				"down": { "uv": [ 2.5, 0, 12.5, 15 ], "texture": "#texture" },
				"up": { "uv": [ 2.5, 0, 12.5, 15 ], "texture": "#texture" },
				"north": { "uv": [ 2.5, 0, 12.5, 15 ], "texture": "#texture" },
				"south": { "uv": [ 2.5, 0, 12.5, 15 ], "texture": "#texture" },
				"west": { "uv": [ 2.5, 0, 12.5, 15 ], "texture": "#texture" },
				"east": { "uv": [ 2.5, 0, 12.5, 15 ], "texture": "#texture" }
			}
		},
		{
			"__comment": "Box1",
			"from": [ -3.375, 16.125, 12 ],
			"to": [ -0.875, 23.125, 14.5 ],
			"rotation": { "origin": [ -3.375, 16.125, 12 ], "axis": "z", "angle": 22.5 },
			"faces": {
				"down": { "uv": [ 2.5, 0, 12.5, 15 ], "texture": "#texture" },
				"up": { "uv": [ 2.5, 0, 12.5, 15 ], "texture": "#texture" },
				"north": { "uv": [ 2.5, 0, 12.5, 15 ], "texture": "#texture" },
				"south": { "uv": [ 2.5, 0, 12.5, 15 ], "texture": "#texture" },
				"west": { "uv": [ 2.5, 0, 12.5, 15 ], "texture": "#texture" },
				"east": { "uv": [ 2.5, 0, 12.5, 15 ], "texture": "#texture" }
			}
		},
		{
			"__comment": "Box1",
			"from": [ -4.25, 16.125, 1.5 ],
			"to": [ -1.75, 23.125, 4 ],
			"rotation": { "origin": [ -4.25, 16.125, 1.5 ], "axis": "z", "angle": 22.5 },
			"faces": {
				"down": { "uv": [ 2.5, 0, 12.5, 15 ], "texture": "#texture" },
				"up": { "uv": [ 2.5, 0, 12.5, 15 ], "texture": "#texture" },
				"north": { "uv": [ 2.5, 0, 12.5, 15 ], "texture": "#texture" },
				"south": { "uv": [ 2.5, 0, 12.5, 15 ], "texture": "#texture" },
				"west": { "uv": [ 2.5, 0, 12.5, 15 ], "texture": "#texture" },
				"east": { "uv": [ 2.5, 0, 12.5, 15 ], "texture": "#texture" }
			}
		},
		{
			"__comment": "Box1",
			"from": [ 17.125, 16.125, 1.5 ],
			"to": [ 19.625, 23.125, 4 ],
			"rotation": { "origin": [ 17.125, 16.125, 1.5 ], "axis": "z", "angle": -22.5 },
			"faces": {
				"down": { "uv": [ 2.5, 0, 12.5, 15 ], "texture": "#texture" },
				"up": { "uv": [ 2.5, 0, 12.5, 15 ], "texture": "#texture" },
				"north": { "uv": [ 2.5, 0, 12.5, 15 ], "texture": "#texture" },
				"south": { "uv": [ 2.5, 0, 12.5, 15 ], "texture": "#texture" },
				"west": { "uv": [ 2.5, 0, 12.5, 15 ], "texture": "#texture" },
				"east": { "uv": [ 2.5, 0, 12.5, 15 ], "texture": "#texture" }
			}
		},
		{
			"__comment": "Box1",
			"from": [ 13.5, 7.875, 11.375 ],
			"to": [ 17, 18.875, 14.875 ],
			"rotation": { "origin": [ 13.5, 7.875, 11.375 ], "axis": "z", "angle": -22.5 },
			"faces": {
				"down": { "uv": [ 2.5, 0, 12.5, 15 ], "texture": "#texture" },
				"up": { "uv": [ 2.5, 0, 12.5, 15 ], "texture": "#texture" },
				"north": { "uv": [ 2.5, 0, 12.5, 15 ], "texture": "#texture" },
				"south": { "uv": [ 2.5, 0, 12.5, 15 ], "texture": "#texture" },
				"west": { "uv": [ 2.5, 0, 12.5, 15 ], "texture": "#texture" },
				"east": { "uv": [ 2.5, 0, 12.5, 15 ], "texture": "#texture" }
			}
		},
		{
			"__comment": "Box1",
			"from": [ -0.625, 7.875, 11.5 ],
			"to": [ 2.875, 18.875, 15 ],
			"rotation": { "origin": [ -0.625, 7.875, 11.5 ], "axis": "z", "angle": 22.5 },
			"faces": {
				"down": { "uv": [ 2.5, 0, 12.5, 15 ], "texture": "#texture" },
				"up": { "uv": [ 2.5, 0, 12.5, 15 ], "texture": "#texture" },
				"north": { "uv": [ 2.5, 0, 12.5, 15 ], "texture": "#texture" },
				"south": { "uv": [ 2.5, 0, 12.5, 15 ], "texture": "#texture" },
				"west": { "uv": [ 2.5, 0, 12.5, 15 ], "texture": "#texture" },
				"east": { "uv": [ 2.5, 0, 12.5, 15 ], "texture": "#texture" }
			}
		},
		{
			"__comment": "Box1",
			"from": [ -0.75, 7.875, 1 ],
			"to": [ 2.75, 18.875, 4.5 ],
			"rotation": { "origin": [ -0.75, 7.875, 1 ], "axis": "z", "angle": 22.5 },
			"faces": {
				"down": { "uv": [ 2.5, 0, 12.5, 15 ], "texture": "#texture" },
				"up": { "uv": [ 2.5, 0, 12.5, 15 ], "texture": "#texture" },
				"north": { "uv": [ 2.5, 0, 12.5, 15 ], "texture": "#texture" },
				"south": { "uv": [ 2.5, 0, 12.5, 15 ], "texture": "#texture" },
				"west": { "uv": [ 2.5, 0, 12.5, 15 ], "texture": "#texture" },
				"east": { "uv": [ 2.5, 0, 12.5, 15 ], "texture": "#texture" }
			}
		},
		{
			"__comment": "Box1",
			"from": [ 13, 7.875, 1 ],
			"to": [ 16.5, 18.875, 4.5 ],
			"rotation": { "origin": [ 13, 7.875, 1 ], "axis": "z", "angle": -22.5 },
			"faces": {
				"down": { "uv": [ 2.5, 0, 12.5, 15 ], "texture": "#texture" },
				"up": { "uv": [ 2.5, 0, 12.5, 15 ], "texture": "#texture" },
				"north": { "uv": [ 2.5, 0, 12.5, 15 ], "texture": "#texture" },
				"south": { "uv": [ 2.5, 0, 12.5, 15 ], "texture": "#texture" },
				"west": { "uv": [ 2.5, 0, 12.5, 15 ], "texture": "#texture" },
				"east": { "uv": [ 2.5, 0, 12.5, 15 ], "texture": "#texture" }
			}
		},
		{
			"__comment": "Box1",
			"from": [ 12, -0.75, 10.625 ],
			"to": [ 17, 10.25, 15.625 ],
			"faces": {
				"down": { "uv": [ 2.5, 0, 12.5, 15 ], "texture": "#texture" },
				"up": { "uv": [ 2.5, 0, 12.5, 15 ], "texture": "#texture" },
				"north": { "uv": [ 2.5, 0, 12.5, 15 ], "texture": "#texture" },
				"south": { "uv": [ 2.5, 0, 12.5, 15 ], "texture": "#texture" },
				"west": { "uv": [ 2.5, 0, 12.5, 15 ], "texture": "#texture" },
				"east": { "uv": [ 2.5, 0, 12.5, 15 ], "texture": "#texture" }
			}
		},
		{
			"__comment": "Box1",
			"from": [ -1.625, -0.75, 10.75 ],
			"to": [ 3.375, 10.25, 15.75 ],
			"faces": {
				"down": { "uv": [ 2.5, 0, 12.5, 15 ], "texture": "#texture" },
				"up": { "uv": [ 2.5, 0, 12.5, 15 ], "texture": "#texture" },
				"north": { "uv": [ 2.5, 0, 12.5, 15 ], "texture": "#texture" },
				"south": { "uv": [ 2.5, 0, 12.5, 15 ], "texture": "#texture" },
				"west": { "uv": [ 2.5, 0, 12.5, 15 ], "texture": "#texture" },
				"east": { "uv": [ 2.5, 0, 12.5, 15 ], "texture": "#texture" }
			}
		},
		{
			"__comment": "Box1",
			"from": [ -0.625, -0.75, 0 ],
			"to": [ 4.375, 10.25, 5 ],
			"faces": {
				"down": { "uv": [ 2.5, 0, 12.5, 15 ], "texture": "#texture" },
				"up": { "uv": [ 2.5, 0, 12.5, 15 ], "texture": "#texture" },
				"north": { "uv": [ 2.5, 0, 12.5, 15 ], "texture": "#texture" },
				"south": { "uv": [ 2.5, 0, 12.5, 15 ], "texture": "#texture" },
				"west": { "uv": [ 2.5, 0, 12.5, 15 ], "texture": "#texture" },
				"east": { "uv": [ 2.5, 0, 12.5, 15 ], "texture": "#texture" }
			}
		},
		{
			"__comment": "Box1",
			"from": [ 12, -0.75, 0 ],
			"to": [ 17, 10.25, 5 ],
			"faces": {
				"down": { "uv": [ 2.5, 0, 12.5, 15 ], "texture": "#texture" },
				"up": { "uv": [ 2.5, 0, 12.5, 15 ], "texture": "#texture" },
				"north": { "uv": [ 2.5, 0, 12.5, 15 ], "texture": "#texture" },
				"south": { "uv": [ 2.5, 0, 12.5, 15 ], "texture": "#texture" },
				"west": { "uv": [ 2.5, 0, 12.5, 15 ], "texture": "#texture" },
				"east": { "uv": [ 2.5, 0, 12.5, 15 ], "texture": "#texture" }
			}
		},
		{
			"__comment": "Box1",
			"from": [ 12, -12.75, 2.6251 ],
			"to": [ 14, 2.25, 12.1251 ],
			"faces": {
				"down": { "uv": [ 2.5, 0, 12.5, 15 ], "texture": "#texture", "rotation": 90 },
				"up": { "uv": [ 2.5, 0, 12.5, 15 ], "texture": "#texture", "rotation": 270 },
				"north": { "uv": [ 2.5, 0, 12.5, 15 ], "texture": "#texture" },
				"south": { "uv": [ 2.5, 0, 12.5, 15 ], "texture": "#texture" },
				"west": { "uv": [ 2.5, 0, 12.5, 15 ], "texture": "#texture" },
				"east": { "uv": [ 2.5, 0, 12.5, 15 ], "texture": "#texture" }
			}
		},
		{
			"__comment": "Box1",
			"from": [ 1.5, -12.75, 2.5 ],
			"to": [ 3.5, 2.25, 12 ],
			"faces": {
				"down": { "uv": [ 2.5, 0, 12.5, 15 ], "texture": "#texture", "rotation": 90 },
				"up": { "uv": [ 2.5, 0, 12.5, 15 ], "texture": "#texture", "rotation": 270 },
				"north": { "uv": [ 2.5, 0, 12.5, 15 ], "texture": "#texture" },
				"south": { "uv": [ 2.5, 0, 12.5, 15 ], "texture": "#texture" },
				"west": { "uv": [ 2.5, 0, 12.5, 15 ], "texture": "#texture" },
				"east": { "uv": [ 2.5, 0, 12.5, 15 ], "texture": "#texture" }
			}
		},
		{
			"__comment": "Box1",
			"from": [ 3.5, -12.75, 1.5 ],
			"to": [ 13, 2.25, 3.5 ],
			"faces": {
				"down": { "uv": [ 2.5, 0, 12.5, 15 ], "texture": "#texture" },
				"up": { "uv": [ 2.5, 0, 12.5, 15 ], "texture": "#texture" },
				"north": { "uv": [ 2.5, 0, 12.5, 15 ], "texture": "#texture" },
				"south": { "uv": [ 2.5, 0, 12.5, 15 ], "texture": "#texture" },
				"west": { "uv": [ 2.5, 0, 12.5, 15 ], "texture": "#texture" },
				"east": { "uv": [ 2.5, 0, 12.5, 15 ], "texture": "#texture" }
			}
		},
		{
			"__comment": "Box1",
			"from": [ 3.375, -12.75, 12 ],
			"to": [ 12.875, 2.25, 14 ],
			"faces": {
				"down": { "uv": [ 2.5, 0, 12.5, 15 ], "texture": "#texture" },
				"up": { "uv": [ 2.5, 0, 12.5, 15 ], "texture": "#texture" },
				"north": { "uv": [ 2.5, 0, 12.5, 15 ], "texture": "#texture" },
				"south": { "uv": [ 2.5, 0, 12.5, 15 ], "texture": "#texture" },
				"west": { "uv": [ 2.5, 0, 12.5, 15 ], "texture": "#texture" },
				"east": { "uv": [ 2.5, 0, 12.5, 15 ], "texture": "#texture" }
			}
		}
	],
	"display": {
		"head": {
			"translation":  [ 0, -28.33, 0 ],
			"scale":  [ 3, 4, 3 ]
		}
	}
}