{
	"__comment": "Designed by Zeibo with Cubik Studio - https://cubik.studio",
	"textures": {
		"particle": "blocks/e_particle",
		"texture": "block/oak_log"
	},
	"elements": [ 	 
		{
			"__comment": "Box1",
			"from": [ 2.125, 6.25, 1.875 ],
			"to": [ 3.625, 11.25, 3.375 ],
			"rotation": { "origin": [ 2.125, 6.25, 1.875 ], "axis": "z", "angle": 22.5 },
			"faces": {
				"down": { "uv": [ 2.5, 0, 12.5, 15 ], "texture": "#texture" },
				"up": { "uv": [ 2.5, 0, 12.5, 15 ], "texture": "#texture" },
				"north": { "uv": [ 2.5, 0, 12.5, 15 ], "texture": "#texture" },
				"south": { "uv": [ 2.5, 0, 12.5, 15 ], "texture": "#texture" },
				"west": { "uv": [ 2.5, 0, 12.5, 15 ], "texture": "#texture" },
				"east": { "uv": [ 2.5, 0, 12.5, 15 ], "texture": "#texture" }
			}
		},
		{
			"__comment": "Box1",
			"from": [ 2, 6.25, 12.5 ],
			"to": [ 3.5, 11.25, 14 ],
			"rotation": { "origin": [ 2, 6.25, 12.5 ], "axis": "z", "angle": 22.5 },
			"faces": {
				"down": { "uv": [ 2.5, 0, 12.5, 15 ], "texture": "#texture" },
				"up": { "uv": [ 2.5, 0, 12.5, 15 ], "texture": "#texture" },
				"north": { "uv": [ 2.5, 0, 12.5, 15 ], "texture": "#texture" },
				"south": { "uv": [ 2.5, 0, 12.5, 15 ], "texture": "#texture" },
				"west": { "uv": [ 2.5, 0, 12.5, 15 ], "texture": "#texture" },
				"east": { "uv": [ 2.5, 0, 12.5, 15 ], "texture": "#texture" }
			}
		},
		{
			"__comment": "Box1",
			"from": [ 12.625, 6.25, 12.5 ],
			"to": [ 14.125, 11.25, 14 ],
			"rotation": { "origin": [ 12.625, 6.25, 12.5 ], "axis": "z", "angle": -22.5 },
			"faces": {
				"down": { "uv": [ 2.5, 0, 12.5, 15 ], "texture": "#texture" },
				"up": { "uv": [ 2.5, 0, 12.5, 15 ], "texture": "#texture" },
				"north": { "uv": [ 2.5, 0, 12.5, 15 ], "texture": "#texture" },
				"south": { "uv": [ 2.5, 0, 12.5, 15 ], "texture": "#texture" },
				"west": { "uv": [ 2.5, 0, 12.5, 15 ], "texture": "#texture" },
				"east": { "uv": [ 2.5, 0, 12.5, 15 ], "texture": "#texture" }
			}
		},
		{
			"__comment": "Box1",
			"from": [ 12.625, 6.25, 2 ],
			"to": [ 14.125, 11.25, 3.5 ],
			"rotation": { "origin": [ 12.625, 6.25, 2 ], "axis": "z", "angle": -22.5 },
			"faces": {
				"down": { "uv": [ 2.5, 0, 12.5, 15 ], "texture": "#texture" },
				"up": { "uv": [ 2.5, 0, 12.5, 15 ], "texture": "#texture" },
				"north": { "uv": [ 2.5, 0, 12.5, 15 ], "texture": "#texture" },
				"south": { "uv": [ 2.5, 0, 12.5, 15 ], "texture": "#texture" },
				"west": { "uv": [ 2.5, 0, 12.5, 15 ], "texture": "#texture" },
				"east": { "uv": [ 2.5, 0, 12.5, 15 ], "texture": "#texture" }
			}
		},
		{
			"__comment": "Box1",
			"from": [ 12.25, 0, 11.875 ],
			"to": [ 14.75, 7, 14.375 ],
			"rotation": { "origin": [ 12.25, 0, 11.875 ], "axis": "z", "angle": 0 },
			"faces": {
				"down": { "uv": [ 2.5, 0, 12.5, 15 ], "texture": "#texture" },
				"up": { "uv": [ 2.5, 0, 12.5, 15 ], "texture": "#texture" },
				"north": { "uv": [ 2.5, 0, 12.5, 15 ], "texture": "#texture" },
				"south": { "uv": [ 2.5, 0, 12.5, 15 ], "texture": "#texture" },
				"west": { "uv": [ 2.5, 0, 12.5, 15 ], "texture": "#texture" },
				"east": { "uv": [ 2.5, 0, 12.5, 15 ], "texture": "#texture" }
			}
		},
		{
			"__comment": "Box1",
			"from": [ 1.5, 0, 12 ],
			"to": [ 4, 7, 14.5 ],
			"faces": {
				"down": { "uv": [ 2.5, 0, 12.5, 15 ], "texture": "#texture" },
				"up": { "uv": [ 2.5, 0, 12.5, 15 ], "texture": "#texture" },
				"north": { "uv": [ 2.5, 0, 12.5, 15 ], "texture": "#texture" },
				"south": { "uv": [ 2.5, 0, 12.5, 15 ], "texture": "#texture" },
				"west": { "uv": [ 2.5, 0, 12.5, 15 ], "texture": "#texture" },
				"east": { "uv": [ 2.5, 0, 12.5, 15 ], "texture": "#texture" }
			}
		},
		{
			"__comment": "Box1",
			"from": [ 1.5, 0, 1.5 ],
			"to": [ 4, 7, 4 ],
			"faces": {
				"down": { "uv": [ 2.5, 0, 12.5, 15 ], "texture": "#texture" },
				"up": { "uv": [ 2.5, 0, 12.5, 15 ], "texture": "#texture" },
				"north": { "uv": [ 2.5, 0, 12.5, 15 ], "texture": "#texture" },
				"south": { "uv": [ 2.5, 0, 12.5, 15 ], "texture": "#texture" },
				"west": { "uv": [ 2.5, 0, 12.5, 15 ], "texture": "#texture" },
				"east": { "uv": [ 2.5, 0, 12.5, 15 ], "texture": "#texture" }
			}
		},
		{
			"__comment": "Box1",
			"from": [ 12, 0, 1.5 ],
			"to": [ 14.5, 7, 4 ],
			"faces": {
				"down": { "uv": [ 2.5, 0, 12.5, 15 ], "texture": "#texture" },
				"up": { "uv": [ 2.5, 0, 12.5, 15 ], "texture": "#texture" },
				"north": { "uv": [ 2.5, 0, 12.5, 15 ], "texture": "#texture" },
				"south": { "uv": [ 2.5, 0, 12.5, 15 ], "texture": "#texture" },
				"west": { "uv": [ 2.5, 0, 12.5, 15 ], "texture": "#texture" },
				"east": { "uv": [ 2.5, 0, 12.5, 15 ], "texture": "#texture" }
			}
		}
	],
	"display": {
		"head": {
			"translation":  [ 0, -28.33, 0 ],
			"scale":  [ 3, 4, 3 ]
		}
	}
}