{
	"__comment": "Designed by Zeibo with Cubik Studio - https://cubik.studio",
	"textures": {
		"particle": "blocks/e_particle",
		"texture": "block/oak_log"
	},
	"elements": [ 	 
		{
			"__comment": "Box1",
			"from": [ -4.25, 24.25, 0 ],
			"to": [ -2.75, 29.25, 1.5 ],
			"rotation": { "origin": [ -4.25, 24.25, 0 ], "axis": "z", "angle": -22.5 },
			"faces": {
				"down": { "uv": [ 2.5, 0, 12.5, 15 ], "texture": "#texture" },
				"up": { "uv": [ 2.5, 0, 12.5, 15 ], "texture": "#texture" },
				"north": { "uv": [ 2.5, 0, 12.5, 15 ], "texture": "#texture" },
				"south": { "uv": [ 2.5, 0, 12.5, 15 ], "texture": "#texture" },
				"west": { "uv": [ 2.5, 0, 12.5, 15 ], "texture": "#texture" },
				"east": { "uv": [ 2.5, 0, 12.5, 15 ], "texture": "#texture" }
			}
		},
		{
			"__comment": "Box1",
			"from": [ -3.125, 23.875, 13.5 ],
			"to": [ -1.625, 28.875, 15 ],
			"rotation": { "origin": [ -3.125, 23.875, 13.5 ], "axis": "z", "angle": -22.5 },
			"faces": {
				"down": { "uv": [ 2.5, 0, 12.5, 15 ], "texture": "#texture" },
				"up": { "uv": [ 2.5, 0, 12.5, 15 ], "texture": "#texture" },
				"north": { "uv": [ 2.5, 0, 12.5, 15 ], "texture": "#texture" },
				"south": { "uv": [ 2.5, 0, 12.5, 15 ], "texture": "#texture" },
				"west": { "uv": [ 2.5, 0, 12.5, 15 ], "texture": "#texture" },
				"east": { "uv": [ 2.5, 0, 12.5, 15 ], "texture": "#texture" }
			}
		},
		{
			"__comment": "Box1",
			"from": [ 19, 22, 14 ],
			"to": [ 20.5, 27, 15.5 ],
			"rotation": { "origin": [ 19, 22, 14 ], "axis": "z", "angle": 22.5 },
			"faces": {
				"down": { "uv": [ 2.5, 0, 12.5, 15 ], "texture": "#texture" },
				"up": { "uv": [ 2.5, 0, 12.5, 15 ], "texture": "#texture" },
				"north": { "uv": [ 2.5, 0, 12.5, 15 ], "texture": "#texture" },
				"south": { "uv": [ 2.5, 0, 12.5, 15 ], "texture": "#texture" },
				"west": { "uv": [ 2.5, 0, 12.5, 15 ], "texture": "#texture" },
				"east": { "uv": [ 2.5, 0, 12.5, 15 ], "texture": "#texture" }
			}
		},
		{
			"__comment": "Box1",
			"from": [ 19.125, 22.25, 0.25 ],
			"to": [ 20.625, 27.25, 1.75 ],
			"rotation": { "origin": [ 19.125, 22.25, 0.25 ], "axis": "z", "angle": 22.5 },
			"faces": {
				"down": { "uv": [ 2.5, 0, 12.5, 15 ], "texture": "#texture" },
				"up": { "uv": [ 2.5, 0, 12.5, 15 ], "texture": "#texture" },
				"north": { "uv": [ 2.5, 0, 12.5, 15 ], "texture": "#texture" },
				"south": { "uv": [ 2.5, 0, 12.5, 15 ], "texture": "#texture" },
				"west": { "uv": [ 2.5, 0, 12.5, 15 ], "texture": "#texture" },
				"east": { "uv": [ 2.5, 0, 12.5, 15 ], "texture": "#texture" }
			}
		},
		{
			"__comment": "Box1",
			"from": [ 18.25, 16.125, 13.25 ],
			"to": [ 20.75, 23.125, 15.75 ],
			"faces": {
				"down": { "uv": [ 2.5, 0, 12.5, 15 ], "texture": "#texture" },
				"up": { "uv": [ 2.5, 0, 12.5, 15 ], "texture": "#texture" },
				"north": { "uv": [ 2.5, 0, 12.5, 15 ], "texture": "#texture" },
				"south": { "uv": [ 2.5, 0, 12.5, 15 ], "texture": "#texture" },
				"west": { "uv": [ 2.5, 0, 12.5, 15 ], "texture": "#texture" },
				"east": { "uv": [ 2.5, 0, 12.5, 15 ], "texture": "#texture" }
			}
		},
		{
			"__comment": "Box1",
			"from": [ -3.375, 17.625, 13 ],
			"to": [ -0.875, 24.625, 15.5 ],
			"rotation": { "origin": [ -3.375, 17.625, 13 ], "axis": "z", "angle": 0 },
			"faces": {
				"down": { "uv": [ 2.5, 0, 12.5, 15 ], "texture": "#texture" },
				"up": { "uv": [ 2.5, 0, 12.5, 15 ], "texture": "#texture" },
				"north": { "uv": [ 2.5, 0, 12.5, 15 ], "texture": "#texture" },
				"south": { "uv": [ 2.5, 0, 12.5, 15 ], "texture": "#texture" },
				"west": { "uv": [ 2.5, 0, 12.5, 15 ], "texture": "#texture" },
				"east": { "uv": [ 2.5, 0, 12.5, 15 ], "texture": "#texture" }
			}
		},
		{
			"__comment": "Box1",
			"from": [ -4.375, 17.625, -0.375 ],
			"to": [ -1.875, 24.625, 2.125 ],
			"rotation": { "origin": [ -4.375, 17.625, -0.375 ], "axis": "z", "angle": 0 },
			"faces": {
				"down": { "uv": [ 2.5, 0, 12.5, 15 ], "texture": "#texture" },
				"up": { "uv": [ 2.5, 0, 12.5, 15 ], "texture": "#texture" },
				"north": { "uv": [ 2.5, 0, 12.5, 15 ], "texture": "#texture" },
				"south": { "uv": [ 2.5, 0, 12.5, 15 ], "texture": "#texture" },
				"west": { "uv": [ 2.5, 0, 12.5, 15 ], "texture": "#texture" },
				"east": { "uv": [ 2.5, 0, 12.5, 15 ], "texture": "#texture" }
			}
		},
		{
			"__comment": "Box1",
			"from": [ 18.5, 16.125, -0.25 ],
			"to": [ 21, 23.125, 2.25 ],
			"faces": {
				"down": { "uv": [ 2.5, 0, 12.5, 15 ], "texture": "#texture" },
				"up": { "uv": [ 2.5, 0, 12.5, 15 ], "texture": "#texture" },
				"north": { "uv": [ 2.5, 0, 12.5, 15 ], "texture": "#texture" },
				"south": { "uv": [ 2.5, 0, 12.5, 15 ], "texture": "#texture" },
				"west": { "uv": [ 2.5, 0, 12.5, 15 ], "texture": "#texture" },
				"east": { "uv": [ 2.5, 0, 12.5, 15 ], "texture": "#texture" }
			}
		},
		{
			"__comment": "Box1",
			"from": [ 14, 7.875, 12.75 ],
			"to": [ 17.5, 18.875, 16.25 ],
			"rotation": { "origin": [ 14, 7.875, 12.75 ], "axis": "z", "angle": -22.5 },
			"faces": {
				"down": { "uv": [ 2.5, 0, 12.5, 15 ], "texture": "#texture" },
				"up": { "uv": [ 2.5, 0, 12.5, 15 ], "texture": "#texture" },
				"north": { "uv": [ 2.5, 0, 12.5, 15 ], "texture": "#texture" },
				"south": { "uv": [ 2.5, 0, 12.5, 15 ], "texture": "#texture" },
				"west": { "uv": [ 2.5, 0, 12.5, 15 ], "texture": "#texture" },
				"east": { "uv": [ 2.5, 0, 12.5, 15 ], "texture": "#texture" }
			}
		},
		{
			"__comment": "Box1",
			"from": [ -0.25, 7.875, 12.5 ],
			"to": [ 3.25, 18.875, 16 ],
			"rotation": { "origin": [ -0.25, 7.875, 12.5 ], "axis": "z", "angle": 22.5 },
			"faces": {
				"down": { "uv": [ 2.5, 0, 12.5, 15 ], "texture": "#texture" },
				"up": { "uv": [ 2.5, 0, 12.5, 15 ], "texture": "#texture" },
				"north": { "uv": [ 2.5, 0, 12.5, 15 ], "texture": "#texture" },
				"south": { "uv": [ 2.5, 0, 12.5, 15 ], "texture": "#texture" },
				"west": { "uv": [ 2.5, 0, 12.5, 15 ], "texture": "#texture" },
				"east": { "uv": [ 2.5, 0, 12.5, 15 ], "texture": "#texture" }
			}
		},
		{
			"__comment": "Box1",
			"from": [ -1, 7.875, -0.875 ],
			"to": [ 2.5, 18.875, 2.625 ],
			"rotation": { "origin": [ -1, 7.875, -0.875 ], "axis": "z", "angle": 22.5 },
			"faces": {
				"down": { "uv": [ 2.5, 0, 12.5, 15 ], "texture": "#texture" },
				"up": { "uv": [ 2.5, 0, 12.5, 15 ], "texture": "#texture" },
				"north": { "uv": [ 2.5, 0, 12.5, 15 ], "texture": "#texture" },
				"south": { "uv": [ 2.5, 0, 12.5, 15 ], "texture": "#texture" },
				"west": { "uv": [ 2.5, 0, 12.5, 15 ], "texture": "#texture" },
				"east": { "uv": [ 2.5, 0, 12.5, 15 ], "texture": "#texture" }
			}
		},
		{
			"__comment": "Box1",
			"from": [ 13.375, 7.875, -0.75 ],
			"to": [ 16.875, 18.875, 2.75 ],
			"rotation": { "origin": [ 13.375, 7.875, -0.75 ], "axis": "z", "angle": -22.5 },
			"faces": {
				"down": { "uv": [ 2.5, 0, 12.5, 15 ], "texture": "#texture" },
				"up": { "uv": [ 2.5, 0, 12.5, 15 ], "texture": "#texture" },
				"north": { "uv": [ 2.5, 0, 12.5, 15 ], "texture": "#texture" },
				"south": { "uv": [ 2.5, 0, 12.5, 15 ], "texture": "#texture" },
				"west": { "uv": [ 2.5, 0, 12.5, 15 ], "texture": "#texture" },
				"east": { "uv": [ 2.5, 0, 12.5, 15 ], "texture": "#texture" }
			}
		},
		{
			"__comment": "Box1",
			"from": [ 12.5, -0.75, 12 ],
			"to": [ 17.5, 10.25, 17 ],
			"faces": {
				"down": { "uv": [ 2.5, 0, 12.5, 15 ], "texture": "#texture" },
				"up": { "uv": [ 2.5, 0, 12.5, 15 ], "texture": "#texture" },
				"north": { "uv": [ 2.5, 0, 12.5, 15 ], "texture": "#texture" },
				"south": { "uv": [ 2.5, 0, 12.5, 15 ], "texture": "#texture" },
				"west": { "uv": [ 2.5, 0, 12.5, 15 ], "texture": "#texture" },
				"east": { "uv": [ 2.5, 0, 12.5, 15 ], "texture": "#texture" }
			}
		},
		{
			"__comment": "Box1",
			"from": [ -1.25, -0.75, 11.75 ],
			"to": [ 3.75, 10.25, 16.75 ],
			"faces": {
				"down": { "uv": [ 2.5, 0, 12.5, 15 ], "texture": "#texture" },
				"up": { "uv": [ 2.5, 0, 12.5, 15 ], "texture": "#texture" },
				"north": { "uv": [ 2.5, 0, 12.5, 15 ], "texture": "#texture" },
				"south": { "uv": [ 2.5, 0, 12.5, 15 ], "texture": "#texture" },
				"west": { "uv": [ 2.5, 0, 12.5, 15 ], "texture": "#texture" },
				"east": { "uv": [ 2.5, 0, 12.5, 15 ], "texture": "#texture" }
			}
		},
		{
			"__comment": "Box1",
			"from": [ -0.875, -0.75, -1.875 ],
			"to": [ 4.125, 10.25, 3.125 ],
			"faces": {
				"down": { "uv": [ 2.5, 0, 12.5, 15 ], "texture": "#texture" },
				"up": { "uv": [ 2.5, 0, 12.5, 15 ], "texture": "#texture" },
				"north": { "uv": [ 2.5, 0, 12.5, 15 ], "texture": "#texture" },
				"south": { "uv": [ 2.5, 0, 12.5, 15 ], "texture": "#texture" },
				"west": { "uv": [ 2.5, 0, 12.5, 15 ], "texture": "#texture" },
				"east": { "uv": [ 2.5, 0, 12.5, 15 ], "texture": "#texture" }
			}
		},
		{
			"__comment": "Box1",
			"from": [ 12.375, -0.75, -1.75 ],
			"to": [ 17.375, 10.25, 3.25 ],
			"faces": {
				"down": { "uv": [ 2.5, 0, 12.5, 15 ], "texture": "#texture" },
				"up": { "uv": [ 2.5, 0, 12.5, 15 ], "texture": "#texture" },
				"north": { "uv": [ 2.5, 0, 12.5, 15 ], "texture": "#texture" },
				"south": { "uv": [ 2.5, 0, 12.5, 15 ], "texture": "#texture" },
				"west": { "uv": [ 2.5, 0, 12.5, 15 ], "texture": "#texture" },
				"east": { "uv": [ 2.5, 0, 12.5, 15 ], "texture": "#texture" }
			}
		},
		{
			"__comment": "Box1",
			"from": [ 12, -8.625, 2.6251 ],
			"to": [ 14, 6.375, 12.1251 ],
			"faces": {
				"down": { "uv": [ 2.5, 0, 12.5, 15 ], "texture": "#texture", "rotation": 90 },
				"up": { "uv": [ 2.5, 0, 12.5, 15 ], "texture": "#texture", "rotation": 270 },
				"north": { "uv": [ 2.5, 0, 12.5, 15 ], "texture": "#texture" },
				"south": { "uv": [ 2.5, 0, 12.5, 15 ], "texture": "#texture" },
				"west": { "uv": [ 2.5, 0, 12.5, 15 ], "texture": "#texture" },
				"east": { "uv": [ 2.5, 0, 12.5, 15 ], "texture": "#texture" }
			}
		},
		{
			"__comment": "Box1",
			"from": [ 1.5, -8.625, 2.5 ],
			"to": [ 3.5, 6.375, 12 ],
			"faces": {
				"down": { "uv": [ 2.5, 0, 12.5, 15 ], "texture": "#texture", "rotation": 90 },
				"up": { "uv": [ 2.5, 0, 12.5, 15 ], "texture": "#texture", "rotation": 270 },
				"north": { "uv": [ 2.5, 0, 12.5, 15 ], "texture": "#texture" },
				"south": { "uv": [ 2.5, 0, 12.5, 15 ], "texture": "#texture" },
				"west": { "uv": [ 2.5, 0, 12.5, 15 ], "texture": "#texture" },
				"east": { "uv": [ 2.5, 0, 12.5, 15 ], "texture": "#texture" }
			}
		},
		{
			"__comment": "Box1",
			"from": [ 3.5, -8.625, 1.5 ],
			"to": [ 13, 6.375, 3.5 ],
			"faces": {
				"down": { "uv": [ 2.5, 0, 12.5, 15 ], "texture": "#texture" },
				"up": { "uv": [ 2.5, 0, 12.5, 15 ], "texture": "#texture" },
				"north": { "uv": [ 2.5, 0, 12.5, 15 ], "texture": "#texture" },
				"south": { "uv": [ 2.5, 0, 12.5, 15 ], "texture": "#texture" },
				"west": { "uv": [ 2.5, 0, 12.5, 15 ], "texture": "#texture" },
				"east": { "uv": [ 2.5, 0, 12.5, 15 ], "texture": "#texture" }
			}
		},
		{
			"__comment": "Box1",
			"from": [ 3.375, -8.625, 12 ],
			"to": [ 12.875, 6.375, 14 ],
			"faces": {
				"down": { "uv": [ 2.5, 0, 12.5, 15 ], "texture": "#texture" },
				"up": { "uv": [ 2.5, 0, 12.5, 15 ], "texture": "#texture" },
				"north": { "uv": [ 2.5, 0, 12.5, 15 ], "texture": "#texture" },
				"south": { "uv": [ 2.5, 0, 12.5, 15 ], "texture": "#texture" },
				"west": { "uv": [ 2.5, 0, 12.5, 15 ], "texture": "#texture" },
				"east": { "uv": [ 2.5, 0, 12.5, 15 ], "texture": "#texture" }
			}
		}
	],
	"display": {
		"head": {
			"translation":  [ 0, -28.33, 0 ],
			"scale":  [ 3, 4, 3 ]
		}
	}
}