{
	"__comment": "Designed by Zeibo with Cubik Studio - https://cubik.studio",
	"textures": {
		"particle": "blocks/e_particle",
		"texture": "block/oak_log"
	},
	"elements": [ 	 
		{
			"__comment": "Box1",
			"from": [ -0.625, 12.5, 1.875 ],
			"to": [ 0.875, 17.5, 3.375 ],
			"rotation": { "origin": [ -0.625, 12.5, 1.875 ], "axis": "z", "angle": 22.5 },
			"faces": {
				"down": { "uv": [ 2.5, 0, 12.5, 15 ], "texture": "#texture" },
				"up": { "uv": [ 2.5, 0, 12.5, 15 ], "texture": "#texture" },
				"north": { "uv": [ 2.5, 0, 12.5, 15 ], "texture": "#texture" },
				"south": { "uv": [ 2.5, 0, 12.5, 15 ], "texture": "#texture" },
				"west": { "uv": [ 2.5, 0, 12.5, 15 ], "texture": "#texture" },
				"east": { "uv": [ 2.5, 0, 12.5, 15 ], "texture": "#texture" }
			}
		},
		{
			"__comment": "Box1",
			"from": [ -0.75, 12.5, 12.5 ],
			"to": [ 0.75, 17.5, 14 ],
			"rotation": { "origin": [ -0.75, 12.5, 12.5 ], "axis": "z", "angle": 22.5 },
			"faces": {
				"down": { "uv": [ 2.5, 0, 12.5, 15 ], "texture": "#texture" },
				"up": { "uv": [ 2.5, 0, 12.5, 15 ], "texture": "#texture" },
				"north": { "uv": [ 2.5, 0, 12.5, 15 ], "texture": "#texture" },
				"south": { "uv": [ 2.5, 0, 12.5, 15 ], "texture": "#texture" },
				"west": { "uv": [ 2.5, 0, 12.5, 15 ], "texture": "#texture" },
				"east": { "uv": [ 2.5, 0, 12.5, 15 ], "texture": "#texture" }
			}
		},
		{
			"__comment": "Box1",
			"from": [ 15.25, 12.5, 12.5 ],
			"to": [ 16.75, 17.5, 14 ],
			"rotation": { "origin": [ 15.25, 12.5, 12.5 ], "axis": "z", "angle": -22.5 },
			"faces": {
				"down": { "uv": [ 2.5, 0, 12.5, 15 ], "texture": "#texture" },
				"up": { "uv": [ 2.5, 0, 12.5, 15 ], "texture": "#texture" },
				"north": { "uv": [ 2.5, 0, 12.5, 15 ], "texture": "#texture" },
				"south": { "uv": [ 2.5, 0, 12.5, 15 ], "texture": "#texture" },
				"west": { "uv": [ 2.5, 0, 12.5, 15 ], "texture": "#texture" },
				"east": { "uv": [ 2.5, 0, 12.5, 15 ], "texture": "#texture" }
			}
		},
		{
			"__comment": "Box1",
			"from": [ 15.25, 12.5, 2 ],
			"to": [ 16.75, 17.5, 3.5 ],
			"rotation": { "origin": [ 15.25, 12.5, 2 ], "axis": "z", "angle": -22.5 },
			"faces": {
				"down": { "uv": [ 2.5, 0, 12.5, 15 ], "texture": "#texture" },
				"up": { "uv": [ 2.5, 0, 12.5, 15 ], "texture": "#texture" },
				"north": { "uv": [ 2.5, 0, 12.5, 15 ], "texture": "#texture" },
				"south": { "uv": [ 2.5, 0, 12.5, 15 ], "texture": "#texture" },
				"west": { "uv": [ 2.5, 0, 12.5, 15 ], "texture": "#texture" },
				"east": { "uv": [ 2.5, 0, 12.5, 15 ], "texture": "#texture" }
			}
		},
		{
			"__comment": "Box1",
			"from": [ 12.25, 6.25, 11.875 ],
			"to": [ 14.75, 13.25, 14.375 ],
			"rotation": { "origin": [ 12.25, 6.25, 11.875 ], "axis": "z", "angle": -22.5 },
			"faces": {
				"down": { "uv": [ 2.5, 0, 12.5, 15 ], "texture": "#texture" },
				"up": { "uv": [ 2.5, 0, 12.5, 15 ], "texture": "#texture" },
				"north": { "uv": [ 2.5, 0, 12.5, 15 ], "texture": "#texture" },
				"south": { "uv": [ 2.5, 0, 12.5, 15 ], "texture": "#texture" },
				"west": { "uv": [ 2.5, 0, 12.5, 15 ], "texture": "#texture" },
				"east": { "uv": [ 2.5, 0, 12.5, 15 ], "texture": "#texture" }
			}
		},
		{
			"__comment": "Box1",
			"from": [ 1.5, 6.25, 12 ],
			"to": [ 4, 13.25, 14.5 ],
			"rotation": { "origin": [ 1.5, 6.25, 12 ], "axis": "z", "angle": 22.5 },
			"faces": {
				"down": { "uv": [ 2.5, 0, 12.5, 15 ], "texture": "#texture" },
				"up": { "uv": [ 2.5, 0, 12.5, 15 ], "texture": "#texture" },
				"north": { "uv": [ 2.5, 0, 12.5, 15 ], "texture": "#texture" },
				"south": { "uv": [ 2.5, 0, 12.5, 15 ], "texture": "#texture" },
				"west": { "uv": [ 2.5, 0, 12.5, 15 ], "texture": "#texture" },
				"east": { "uv": [ 2.5, 0, 12.5, 15 ], "texture": "#texture" }
			}
		},
		{
			"__comment": "Box1",
			"from": [ 1.5, 6.25, 1.5 ],
			"to": [ 4, 13.25, 4 ],
			"rotation": { "origin": [ 1.5, 6.25, 1.5 ], "axis": "z", "angle": 22.5 },
			"faces": {
				"down": { "uv": [ 2.5, 0, 12.5, 15 ], "texture": "#texture" },
				"up": { "uv": [ 2.5, 0, 12.5, 15 ], "texture": "#texture" },
				"north": { "uv": [ 2.5, 0, 12.5, 15 ], "texture": "#texture" },
				"south": { "uv": [ 2.5, 0, 12.5, 15 ], "texture": "#texture" },
				"west": { "uv": [ 2.5, 0, 12.5, 15 ], "texture": "#texture" },
				"east": { "uv": [ 2.5, 0, 12.5, 15 ], "texture": "#texture" }
			}
		},
		{
			"__comment": "Box1",
			"from": [ 12, 6.25, 1.5 ],
			"to": [ 14.5, 13.25, 4 ],
			"rotation": { "origin": [ 12, 6.25, 1.5 ], "axis": "z", "angle": -22.5 },
			"faces": {
				"down": { "uv": [ 2.5, 0, 12.5, 15 ], "texture": "#texture" },
				"up": { "uv": [ 2.5, 0, 12.5, 15 ], "texture": "#texture" },
				"north": { "uv": [ 2.5, 0, 12.5, 15 ], "texture": "#texture" },
				"south": { "uv": [ 2.5, 0, 12.5, 15 ], "texture": "#texture" },
				"west": { "uv": [ 2.5, 0, 12.5, 15 ], "texture": "#texture" },
				"east": { "uv": [ 2.5, 0, 12.5, 15 ], "texture": "#texture" }
			}
		},
		{
			"__comment": "Box1",
			"from": [ 11.375, -2, 11 ],
			"to": [ 14.875, 9, 14.5 ],
			"faces": {
				"down": { "uv": [ 2.5, 0, 12.5, 15 ], "texture": "#texture" },
				"up": { "uv": [ 2.5, 0, 12.5, 15 ], "texture": "#texture" },
				"north": { "uv": [ 2.5, 0, 12.5, 15 ], "texture": "#texture" },
				"south": { "uv": [ 2.5, 0, 12.5, 15 ], "texture": "#texture" },
				"west": { "uv": [ 2.5, 0, 12.5, 15 ], "texture": "#texture" },
				"east": { "uv": [ 2.5, 0, 12.5, 15 ], "texture": "#texture" }
			}
		},
		{
			"__comment": "Box1",
			"from": [ 1, -2, 11.5 ],
			"to": [ 4.5, 9, 15 ],
			"faces": {
				"down": { "uv": [ 2.5, 0, 12.5, 15 ], "texture": "#texture" },
				"up": { "uv": [ 2.5, 0, 12.5, 15 ], "texture": "#texture" },
				"north": { "uv": [ 2.5, 0, 12.5, 15 ], "texture": "#texture" },
				"south": { "uv": [ 2.5, 0, 12.5, 15 ], "texture": "#texture" },
				"west": { "uv": [ 2.5, 0, 12.5, 15 ], "texture": "#texture" },
				"east": { "uv": [ 2.5, 0, 12.5, 15 ], "texture": "#texture" }
			}
		},
		{
			"__comment": "Box1",
			"from": [ 2, -2, 1 ],
			"to": [ 5.5, 9, 4.5 ],
			"faces": {
				"down": { "uv": [ 2.5, 0, 12.5, 15 ], "texture": "#texture" },
				"up": { "uv": [ 2.5, 0, 12.5, 15 ], "texture": "#texture" },
				"north": { "uv": [ 2.5, 0, 12.5, 15 ], "texture": "#texture" },
				"south": { "uv": [ 2.5, 0, 12.5, 15 ], "texture": "#texture" },
				"west": { "uv": [ 2.5, 0, 12.5, 15 ], "texture": "#texture" },
				"east": { "uv": [ 2.5, 0, 12.5, 15 ], "texture": "#texture" }
			}
		},
		{
			"__comment": "Box1",
			"from": [ 11.5, -2, 1 ],
			"to": [ 15, 9, 4.5 ],
			"faces": {
				"down": { "uv": [ 2.5, 0, 12.5, 15 ], "texture": "#texture" },
				"up": { "uv": [ 2.5, 0, 12.5, 15 ], "texture": "#texture" },
				"north": { "uv": [ 2.5, 0, 12.5, 15 ], "texture": "#texture" },
				"south": { "uv": [ 2.5, 0, 12.5, 15 ], "texture": "#texture" },
				"west": { "uv": [ 2.5, 0, 12.5, 15 ], "texture": "#texture" },
				"east": { "uv": [ 2.5, 0, 12.5, 15 ], "texture": "#texture" }
			}
		}
	],
	"display": {
		"head": {
			"translation":  [ 0, -28.33, 0 ],
			"scale":  [ 3, 4, 3 ]
		}
	}
}