{
	"__comment": "Designed by S9855027 with BDcraft Cubik PRO 0.96 Beta - http://bdcraft.net",
	"textures": {
		"particle": "mobs/devil piranha/devil piranha11",
		"devil piranha07": "mobs/devil piranha/devil piranha07",
		"texture": "mobs/devil piranha/devil piranha01",
		"devil piranha08": "mobs/devil piranha/devil piranha08",
		"devil piranha09": "mobs/devil piranha/devil piranha09",
		"devil piranha02": "mobs/devil piranha/devil piranha02",
		"devil piranha05": "mobs/devil piranha/devil piranha05",
		"devil piranha03": "mobs/devil piranha/devil piranha03",
		"devil piranha06": "mobs/devil piranha/devil piranha06",
		"devil piranha04": "mobs/devil piranha/devil piranha04",
		"devil piranha10": "mobs/devil piranha/devil piranha10",
		"devil piranha11": "mobs/devil piranha/devil piranha11"
	},
	"elements": [ 	 
		{
			"__comment": "Element",
			"from": [ -7, 9, 4.9375 ],
			"to": [ 0, 15.5, 10.9375 ],
			"rotation": { "origin": [ -7, 15.5, 4.9375 ], "axis": "z", "angle": -22.5 },
			"faces": {
				"up": { "uv": [ 0, 0, 5, 4.5 ], "texture": "#devil piranha07" },
				"north": { "uv": [ 16, 0, 0, 16 ], "texture": "#devil piranha07" },
				"south": { "uv": [ 0, 0, 16, 16 ], "texture": "#devil piranha07" },
				"west": { "uv": [ 0, 0, 5, 16 ], "texture": "#devil piranha07" },
				"east": { "uv": [ 0, 0, 3.5, 16 ], "texture": "#devil piranha07" }
			}
		},
		{
			"__comment": "Element",
			"from": [ -10.5, 3.5, 4.6875 ],
			"to": [ -2.5, 9, 11.1875 ],
			"faces": {
				"down": { "uv": [ 0, 12.5, 16, 16 ], "texture": "#texture" },
				"north": { "uv": [ 16, 0.5, 0, 16 ], "texture": "#devil piranha08" },
				"south": { "uv": [ 0, 0.5, 16, 16 ], "texture": "#devil piranha08" },
				"west": { "uv": [ 0, 0.5, 16, 16 ], "texture": "#devil piranha09" },
				"east": { "uv": [ 15.5, 0, 16, 16 ], "texture": "#devil piranha09" }
			}
		},
		{
			"__comment": "Element",
			"from": [ -4.5, 5.5, 5.25 ],
			"to": [ -0.5, 13.5, 10.75 ],
			"faces": {
				"down": { "uv": [ 0, 14.5, 16, 15.5 ], "texture": "#texture" },
				"up": { "uv": [ 0, 0, 16, 2 ], "texture": "#texture" },
				"north": { "uv": [ 16, 0, 0, 16 ], "texture": "#texture" },
				"south": { "uv": [ 0, 0, 16, 16 ], "texture": "#texture" },
				"west": { "uv": [ 0, 0, 12, 2.5 ], "texture": "#texture" },
				"east": { "uv": [ 0, 0, 16, 16 ], "texture": "#texture" }
			}
		},
		{
			"__comment": "Element",
			"from": [ -0.5, 4.5, 4.5 ],
			"to": [ 7.5, 14, 11.5 ],
			"faces": {
				"down": { "uv": [ 0, 12, 16, 16 ], "texture": "#texture" },
				"up": { "uv": [ 0, 0, 16, 3 ], "texture": "#texture" },
				"north": { "uv": [ 16, 0, 0, 16 ], "texture": "#texture" },
				"south": { "uv": [ 0, 0, 16, 16 ], "texture": "#texture" },
				"west": { "uv": [ 0, 0, 16, 16 ], "texture": "#texture" },
				"east": { "uv": [ 0, 0, 16, 16 ], "texture": "#texture" }
			}
		},
		{
			"__comment": "Element",
			"from": [ -1, 13.5, 7.875 ],
			"to": [ 6.5, 18.5, 8.125 ],
			"faces": {
				"north": { "uv": [ 16, 9, 0, 16 ], "texture": "#devil piranha03" },
				"south": { "uv": [ 0, 9, 16, 16 ], "texture": "#devil piranha03" }
			}
		},
		{
			"__comment": "Element",
			"from": [ 4, -1.5, 8 ],
			"to": [ 15.5, 7, 8.0625 ],
			"faces": {
				"north": { "uv": [ 15.5, 0.5, 5, 7.5 ], "texture": "#devil piranha06" },
				"south": { "uv": [ 5, 0.5, 15.5, 7.5 ], "texture": "#devil piranha06" }
			}
		},
		{
			"__comment": "Element",
			"from": [ -1, 0.5, 8 ],
			"to": [ 5, 6, 8.0625 ],
			"faces": {
				"north": { "uv": [ 5, 1.5, 0.5, 5 ], "texture": "#devil piranha06" },
				"south": { "uv": [ 0.5, 1.5, 5, 5 ], "texture": "#devil piranha06" }
			}
		},
		{
			"__comment": "Element",
			"from": [ 0, 12.5, 8 ],
			"to": [ 10.5, 21, 8.0625 ],
			"faces": {
				"north": { "uv": [ 15.5, 1, 0, 16 ], "texture": "#devil piranha04" },
				"south": { "uv": [ 0, 1, 15.5, 16 ], "texture": "#devil piranha04" }
			}
		},
		{
			"__comment": "Element",
			"from": [ -9.5, 8.5, 5 ],
			"to": [ -2.5, 9.5, 11 ],
			"rotation": { "origin": [ -9.5, 9.5, 5 ], "axis": "z", "angle": -22.5 },
			"faces": {
				"north": { "uv": [ 0, 14, 16, 16 ], "texture": "#devil piranha10" },
				"south": { "uv": [ 0, 14, 16, 16 ], "texture": "#devil piranha10" },
				"west": { "uv": [ 0, 14, 16, 16 ], "texture": "#devil piranha10" },
				"east": { "uv": [ 0, 14, 16, 16 ], "texture": "#devil piranha10" }
			}
		},
		{
			"__comment": "Element",
			"from": [ -8.2, 9.5, 5 ],
			"to": [ -1.5, 12.5, 10.9 ],
			"rotation": { "origin": [ -8.2, 12.5, 5 ], "axis": "z", "angle": -22.5 },
			"faces": {
				"up": { "uv": [ 0.5, 0.5, 3.5, 3.5 ], "texture": "#devil piranha10" },
				"north": { "uv": [ 3, 0.5, 1, 3.5 ], "texture": "#devil piranha10" },
				"south": { "uv": [ 1, 1, 3, 2.5 ], "texture": "#devil piranha10" },
				"west": { "uv": [ 1.5, 2, 3, 2.5 ], "texture": "#devil piranha10" },
				"east": { "uv": [ 0.5, 1, 3.5, 3 ], "texture": "#devil piranha10" }
			}
		},
		{
			"__comment": "Element",
			"from": [ -10.4375, 3.55, 4.75 ],
			"to": [ -2.6375, 6.05, 11.15 ],
			"faces": {
				"down": { "uv": [ 0.5, 3, 1, 2.5 ], "texture": "#devil piranha10" },
				"north": { "uv": [ 0.5, 1.5, 1, 3 ], "texture": "#devil piranha10" },
				"south": { "uv": [ 3.5, 1.5, 3, 3 ], "texture": "#devil piranha10" },
				"west": { "uv": [ 0.5, 1.5, 3.5, 3 ], "texture": "#devil piranha10" },
				"east": { "uv": [ 3.5, 1.5, 0.5, 3 ], "texture": "#devil piranha10" }
			}
		},
		{
			"__comment": "Chi01",
			"from": [ 0, 6, 11.5 ],
			"to": [ 5.5, 10, 11.5625 ],
			"rotation": { "origin": [ 0, 6, 11.5 ], "axis": "y", "angle": -22.5 },
			"faces": {
				"north": { "uv": [ 15, 0, 0, 15 ], "texture": "#devil piranha11" },
				"south": { "uv": [ 0, 0, 15, 15 ], "texture": "#devil piranha11" }
			}
		},
		{
			"__comment": "Chi01",
			"from": [ 0, 6, 4.375 ],
			"to": [ 5.5, 10, 4.4375 ],
			"rotation": { "origin": [ 0, 6, 4.375 ], "axis": "y", "angle": 22.5 },
			"faces": {
				"north": { "uv": [ 15, 0, 0, 15 ], "texture": "#devil piranha11" },
				"south": { "uv": [ 0, 0, 15, 15 ], "texture": "#devil piranha11" }
			}
		},
		{
			"__comment": "Eye",
			"from": [ -6, 11, 11 ],
			"to": [ -4.5, 12.5, 11.5 ],
			"faces": {
				"down": { "uv": [ 8, 0, 14, 1 ], "texture": "#devil piranha03" },
				"up": { "uv": [ 8, 0, 14, 1 ], "texture": "#devil piranha03" },
				"north": { "uv": [ 8, 0, 14, 6 ], "texture": "#devil piranha03" },
				"south": { "uv": [ 8, 0, 14, 6 ], "texture": "#devil piranha03" },
				"west": { "uv": [ 8, 0, 9, 6 ], "texture": "#devil piranha03" },
				"east": { "uv": [ 8, 0, 9, 5.5 ], "texture": "#devil piranha03" }
			}
		},
		{
			"__comment": "Eye",
			"from": [ -6, 11, 4.5 ],
			"to": [ -4.5, 12.5, 5 ],
			"faces": {
				"down": { "uv": [ 8, 0, 14, 1 ], "texture": "#devil piranha03" },
				"up": { "uv": [ 8, 0, 14, 1 ], "texture": "#devil piranha03" },
				"north": { "uv": [ 8, 0, 14, 6 ], "texture": "#devil piranha03" },
				"south": { "uv": [ 8, 0, 14, 6 ], "texture": "#devil piranha03" },
				"west": { "uv": [ 8, 0, 9, 6 ], "texture": "#devil piranha03" },
				"east": { "uv": [ 8, 0, 9, 5.5 ], "texture": "#devil piranha03" }
			}
		},
		{
			"__comment": "T1_1",
			"from": [ 7.5, 5.5, 4.75 ],
			"to": [ 10, 13.5, 11.25 ],
			"faces": {
				"down": { "uv": [ 0, 15, 16, 16 ], "texture": "#devil piranha02" },
				"up": { "uv": [ 11.5, 0.5, 16, 4.5 ], "texture": "#devil piranha02" },
				"north": { "uv": [ 5, 0, 0, 15 ], "texture": "#devil piranha02" },
				"south": { "uv": [ 0, 0, 5, 15 ], "texture": "#devil piranha02" },
				"west": { "uv": [ 0, 0, 16, 16 ], "texture": "#devil piranha02" },
				"east": { "uv": [ 0, 0, 16, 16 ], "texture": "#devil piranha02" }
			}
		},
		{
			"__comment": "T2_1",
			"from": [ 10, 6.5, 5.25 ],
			"to": [ 12.5, 12.5, 10.75 ],
			"faces": {
				"down": { "uv": [ 0, 15.5, 16, 16 ], "texture": "#devil piranha02" },
				"up": { "uv": [ 0, 0, 4, 3 ], "texture": "#devil piranha02" },
				"north": { "uv": [ 10, 0.5, 5, 14 ], "texture": "#devil piranha02" },
				"south": { "uv": [ 5, 0.5, 10, 14 ], "texture": "#devil piranha02" },
				"west": { "uv": [ 0, 0, 16, 16 ], "texture": "#devil piranha02" },
				"east": { "uv": [ 0, 0, 16, 16 ], "texture": "#devil piranha02" }
			}
		},
		{
			"__comment": "T3_1",
			"from": [ 11, 7.5, 6.25 ],
			"to": [ 15, 11.5, 9.75 ],
			"faces": {
				"down": { "uv": [ 0, 15, 16, 16 ], "texture": "#devil piranha02" },
				"up": { "uv": [ 0, 0, 4, 4.5 ], "texture": "#devil piranha02" },
				"north": { "uv": [ 16, 0, 10, 13 ], "texture": "#devil piranha02" },
				"south": { "uv": [ 10, 0, 16, 13 ], "texture": "#devil piranha02" },
				"west": { "uv": [ 0, 0, 16, 16 ], "texture": "#devil piranha02" },
				"east": { "uv": [ 0, 0, 15.5, 16 ], "texture": "#devil piranha02" }
			}
		},
		{
			"__comment": "T4_1",
			"from": [ 14, 2, 8 ],
			"to": [ 27.5, 18, 8.0625 ],
			"faces": {
				"north": { "uv": [ 16, 0, 0, 16 ], "texture": "#devil piranha05" },
				"south": { "uv": [ 0, 0, 16, 16 ], "texture": "#devil piranha05" }
			}
		}
	],
	"display": {
		"thirdperson_righthand": {
			"rotation":  [ -3, -14, -38 ],
			"translation":  [ 3.4782, -1.391, 0 ],
			"scale":  [ 0.75, 0.75, 0.75 ]
		},
		"thirdperson_lefthand": {
			"scale":  [ 0.825, 0.825, 0.825 ]
		},
		"firstperson_righthand": {
			"rotation":  [ -4, -76, -10 ],
			"translation":  [ 4.5982, 0.4173, 1.12 ],
			"scale":  [ 0.75, 0.75, 0.75 ]
		},
		"firstperson_lefthand": {
			"rotation":  [ 0, 119, 0 ],
			"translation":  [ 1.12, 3.2, 1.12 ],
			"scale":  [ 0.825, 0.825, 0.825 ]
		},
		"gui": {
			"rotation":  [ 30, 40, 0 ],
			"translation":  [ 0.6956, 0, 0 ],
			"scale":  [ 0.75, 0.75, 0.75 ]
		},
		"ground": {
			"rotation":  [ 50, 0, 0 ],
			"translation":  [ 0, 6.9565, 0 ],
			"scale":  [ 0.75, 0.75, 0.75 ]
		},
		"fixed": {
			"rotation":  [ 0, 180, 0 ],
			"translation":  [ 0, 0, -1.5 ],
			"scale":  [ 1.5, 1.5, 1.5 ]
		}
	}
}