{
"__comment": "Designed by tomaxed with Cubik",
"ambientocclusion": false,
"textures": {
    "particle": "blocks/vine",
    "vine": "blocks/vine_fixed"
},
"elements": [ 
{
    "from": [ 0, 0, 15.1875 ],
    "to": [ 16, 16, 15.25 ],
    "shade": false,
    "faces": {
        "north": { "uv": [ 0, 0, 8, 8 ], "texture": "#vine", "tintindex": 0 },
        "south": { "uv": [ 8, 0, 0, 8 ], "texture": "#vine", "tintindex": 0 }
    }
},
{
    "from": [ 0, -16, 15.1875 ],
    "to": [ 16, 0, 15.25 ],
	"shade": false,
    "faces": {
        "north": { "uv": [ 8, 8, 16, 16 ], "texture": "#vine", "tintindex": 0 },
        "south": { "uv": [ 16, 8, 8, 16 ], "texture": "#vine", "tintindex": 0 }
    }
},
{
    "from": [ 0, 16, 15.1875 ],
    "to": [ 16, 32, 15.25 ],
	"shade": false,
    "faces": {
        "north": { "uv": [ 8, 0, 16, 8 ], "texture": "#vine", "tintindex": 0 },
        "south": { "uv": [ 16, 0, 8, 8 ], "texture": "#vine", "tintindex": 0 }
    }
},
{
    "from": [ -8, 0, 15.1875 ],
    "to": [ 0, 16, 15.25 ],
	"shade": false,
    "faces": {
        "north": { "uv": [ 0, 8, 4, 16 ], "texture": "#vine", "tintindex": 0 },
        "south": { "uv": [ 4, 8, 0, 16 ], "texture": "#vine", "tintindex": 0 }
    }
},
{
    "from": [ 16, 0, 15.1875 ],
    "to": [ 24, 16, 15.25 ],
	"shade": false,
    "faces": {
        "north": { "uv": [ 4, 8, 8, 16 ], "texture": "#vine", "tintindex": 0 },
        "south": { "uv": [ 8, 8, 4, 16 ], "texture": "#vine", "tintindex": 0 }
    }
}
]
}