{
"__comment": "Designed by tomaxed with Cubik",
"ambientocclusion": false,
"textures": {
    "particle": "blocks/vine",
    "vine": "blocks/vine_all"
},
"elements": [ 
{
    "from": [ -16, -16, 0.8125 ],
    "to": [ 32, 32, 0.875 ],
    "shade": false,
    "faces": {
        "north": { "uv": [ 0, 0, 16, 16 ], "texture": "#vine", "tintindex": 0 },
        "south": { "uv": [ 0, 0, 16, 16 ], "texture": "#vine", "tintindex": 0 }
    }
},
{
    "from": [ 15.1875, -16, -16 ],
    "to": [ 15.25, 32, 32 ],
    "shade": false,
    "faces": {
        "west":  { "uv": [ 0, 0, 16, 16 ], "texture": "#vine", "tintindex": 0 },
        "east":  { "uv": [ 0, 0, 16, 16 ], "texture": "#vine", "tintindex": 0 }
    }
}
]
}