{
    "ambientocclusion": false,
	"textures": {
		"particle": "blocks/vine_reeds_all",
		"vine_reeds_all": "blocks/vine_reeds_all",
		"vine_reeds_all": "blocks/vine_reeds_all"
				},
    "elements": [
        {   "from": [ 0.8, 0, 8 ],
            "to": [ 15.2, 16, 8 ],
            "rotation": { "origin": [ 8, 8, 8 ], "axis": "y", "angle": 45, "rescale": true },
            "shade": false,
            "faces": {
                "north": { "uv": [ 8, 0, 0, 8 ], "texture": "vine_reeds_all" },
                "south": { "uv": [ 0, 0, 8, 8 ], "texture": "vine_reeds_all" }
            }
        },
        {   "from": [ 8, 0, 0.8 ],
            "to": [ 8, 16, 15.2 ],
            "rotation": { "origin": [ 8, 8, 8 ], "axis": "y", "angle": 45, "rescale": true },
            "shade": false,
            "faces": {
                "west": { "uv": [ 0, 0, 8, 8 ], "texture": "vine_reeds_all" },
                "east": { "uv": [ 8, 0, 0, 8 ], "texture": "vine_reeds_all" }
            }
        },

		{   "from": [ 0.8, -16, 8 ],
            "to": [ 15.2, 0, 8 ],
            "rotation": { "origin": [ 8, 8, 8 ], "axis": "y", "angle": 45, "rescale": true },
            "shade": false,
            "faces": {
                "north": { "uv": [ 8, 8, 0, 16 ], "texture": "vine_reeds_all", "cullface": "down" },
                "south": { "uv": [ 0, 8, 8, 16 ], "texture": "vine_reeds_all", "cullface": "down" }
            }
        },
        {   "from": [ 8, -16, 0.8 ],
            "to": [ 8, 0, 15.2 ],
            "rotation": { "origin": [ 8, 8, 8 ], "axis": "y", "angle": 45, "rescale": true },
            "shade": false,
            "faces": {
                "west": { "uv": [ 0, 8, 8, 16 ], "texture": "vine_reeds_all", "cullface": "down" },
                "east": { "uv": [ 8, 8, 0, 16 ], "texture": "vine_reeds_all", "cullface": "down" }
            }
        }
    ]
}
