{
	"__comment": "Designed by Zeibo with Cubik Studio - https://cubik.studio",
	"textures": {
		"Voxel-FFFFC5": "etarmors/elf_ear",
		"Voxel-FFF5C5": "etarmors/elf_ear2"
	},
	"elements": [ 	 
		{
			"__comment": "Voxel-FFFFC5",
			"from": [ 0.25, 8.75, -0.5 ],
			"to": [ 0.75, 9.25, 0 ],
			"faces": {
				"down": { "uv": [ 0, 0, 16, 16 ], "texture": "#Voxel-FFFFC5" },
				"up": { "uv": [ 0, 0, 16, 16 ], "texture": "#Voxel-FFFFC5" },
				"north": { "uv": [ 0, 0, 16, 16 ], "texture": "#Voxel-FFFFC5" },
				"south": { "uv": [ 0, 0, 16, 16 ], "texture": "#Voxel-FFFFC5" },
				"west": { "uv": [ 0, 0, 16, 16 ], "texture": "#Voxel-FFFFC5" },
				"east": { "uv": [ 0, 0, 16, 16 ], "texture": "#Voxel-FFFFC5" }
			}
		},
		{
			"__comment": "Voxel-FFFFC5",
			"from": [ 0.25, 9.25, 0 ],
			"to": [ 0.75, 9.75, 0.5 ],
			"faces": {
				"down": { "uv": [ 0, 0, 16, 16 ], "texture": "#Voxel-FFFFC5" },
				"up": { "uv": [ 0, 0, 16, 16 ], "texture": "#Voxel-FFFFC5" },
				"north": { "uv": [ 0, 0, 16, 16 ], "texture": "#Voxel-FFFFC5" },
				"south": { "uv": [ 0, 0, 16, 16 ], "texture": "#Voxel-FFFFC5" },
				"west": { "uv": [ 0, 0, 16, 16 ], "texture": "#Voxel-FFFFC5" },
				"east": { "uv": [ 0, 0, 16, 16 ], "texture": "#Voxel-FFFFC5" }
			}
		},
		{
			"__comment": "Voxel-FFFFC5",
			"from": [ 0.25, 9.75, 0 ],
			"to": [ 0.75, 10.25, 0.5 ],
			"faces": {
				"down": { "uv": [ 0, 0, 16, 16 ], "texture": "#Voxel-FFFFC5" },
				"up": { "uv": [ 0, 0, 16, 16 ], "texture": "#Voxel-FFFFC5" },
				"north": { "uv": [ 0, 0, 16, 16 ], "texture": "#Voxel-FFFFC5" },
				"south": { "uv": [ 0, 0, 16, 16 ], "texture": "#Voxel-FFFFC5" },
				"west": { "uv": [ 0, 0, 16, 16 ], "texture": "#Voxel-FFFFC5" },
				"east": { "uv": [ 0, 0, 16, 16 ], "texture": "#Voxel-FFFFC5" }
			}
		},
		{
			"__comment": "Voxel-FFFFC5",
			"from": [ 0.25, 10.25, 0.5 ],
			"to": [ 0.75, 10.75, 1 ],
			"faces": {
				"down": { "uv": [ 0, 0, 16, 16 ], "texture": "#Voxel-FFFFC5" },
				"up": { "uv": [ 0, 0, 16, 16 ], "texture": "#Voxel-FFFFC5" },
				"north": { "uv": [ 0, 0, 16, 16 ], "texture": "#Voxel-FFFFC5" },
				"south": { "uv": [ 0, 0, 16, 16 ], "texture": "#Voxel-FFFFC5" },
				"west": { "uv": [ 0, 0, 16, 16 ], "texture": "#Voxel-FFFFC5" },
				"east": { "uv": [ 0, 0, 16, 16 ], "texture": "#Voxel-FFFFC5" }
			}
		},
		{
			"__comment": "Voxel-FFFFC5",
			"from": [ 0.25, 10.25, 1 ],
			"to": [ 0.75, 10.75, 1.5 ],
			"faces": {
				"down": { "uv": [ 0, 0, 16, 16 ], "texture": "#Voxel-FFFFC5" },
				"up": { "uv": [ 0, 0, 16, 16 ], "texture": "#Voxel-FFFFC5" },
				"north": { "uv": [ 0, 0, 16, 16 ], "texture": "#Voxel-FFFFC5" },
				"south": { "uv": [ 0, 0, 16, 16 ], "texture": "#Voxel-FFFFC5" },
				"west": { "uv": [ 0, 0, 16, 16 ], "texture": "#Voxel-FFFFC5" },
				"east": { "uv": [ 0, 0, 16, 16 ], "texture": "#Voxel-FFFFC5" }
			}
		},
		{
			"__comment": "Voxel-FFFFC5",
			"from": [ 0.25, 10.25, 1.5 ],
			"to": [ 0.75, 10.75, 2 ],
			"faces": {
				"down": { "uv": [ 0, 0, 16, 16 ], "texture": "#Voxel-FFFFC5" },
				"up": { "uv": [ 0, 0, 16, 16 ], "texture": "#Voxel-FFFFC5" },
				"north": { "uv": [ 0, 0, 16, 16 ], "texture": "#Voxel-FFFFC5" },
				"south": { "uv": [ 0, 0, 16, 16 ], "texture": "#Voxel-FFFFC5" },
				"west": { "uv": [ 0, 0, 16, 16 ], "texture": "#Voxel-FFFFC5" },
				"east": { "uv": [ 0, 0, 16, 16 ], "texture": "#Voxel-FFFFC5" }
			}
		},
		{
			"__comment": "Voxel-FFFFC5",
			"from": [ 0.25, 10.25, 2 ],
			"to": [ 0.75, 10.75, 2.5 ],
			"faces": {
				"down": { "uv": [ 0, 0, 16, 16 ], "texture": "#Voxel-FFFFC5" },
				"up": { "uv": [ 0, 0, 16, 16 ], "texture": "#Voxel-FFFFC5" },
				"north": { "uv": [ 0, 0, 16, 16 ], "texture": "#Voxel-FFFFC5" },
				"south": { "uv": [ 0, 0, 16, 16 ], "texture": "#Voxel-FFFFC5" },
				"west": { "uv": [ 0, 0, 16, 16 ], "texture": "#Voxel-FFFFC5" },
				"east": { "uv": [ 0, 0, 16, 16 ], "texture": "#Voxel-FFFFC5" }
			}
		},
		{
			"__comment": "Voxel-FFFFC5",
			"from": [ 0.25, 10.25, 2.5 ],
			"to": [ 0.75, 10.75, 3 ],
			"faces": {
				"down": { "uv": [ 0, 0, 16, 16 ], "texture": "#Voxel-FFFFC5" },
				"up": { "uv": [ 0, 0, 16, 16 ], "texture": "#Voxel-FFFFC5" },
				"north": { "uv": [ 0, 0, 16, 16 ], "texture": "#Voxel-FFFFC5" },
				"south": { "uv": [ 0, 0, 16, 16 ], "texture": "#Voxel-FFFFC5" },
				"west": { "uv": [ 0, 0, 16, 16 ], "texture": "#Voxel-FFFFC5" },
				"east": { "uv": [ 0, 0, 16, 16 ], "texture": "#Voxel-FFFFC5" }
			}
		},
		{
			"__comment": "Voxel-FFFFC5",
			"from": [ 0.25, 10.25, 3 ],
			"to": [ 0.75, 10.75, 3.5 ],
			"faces": {
				"down": { "uv": [ 0, 0, 16, 16 ], "texture": "#Voxel-FFFFC5" },
				"up": { "uv": [ 0, 0, 16, 16 ], "texture": "#Voxel-FFFFC5" },
				"north": { "uv": [ 0, 0, 16, 16 ], "texture": "#Voxel-FFFFC5" },
				"south": { "uv": [ 0, 0, 16, 16 ], "texture": "#Voxel-FFFFC5" },
				"west": { "uv": [ 0, 0, 16, 16 ], "texture": "#Voxel-FFFFC5" },
				"east": { "uv": [ 0, 0, 16, 16 ], "texture": "#Voxel-FFFFC5" }
			}
		},
		{
			"__comment": "Voxel-FFFFC5",
			"from": [ 0.25, 10.25, 3.5 ],
			"to": [ 0.75, 10.75, 4 ],
			"faces": {
				"down": { "uv": [ 0, 0, 16, 16 ], "texture": "#Voxel-FFFFC5" },
				"up": { "uv": [ 0, 0, 16, 16 ], "texture": "#Voxel-FFFFC5" },
				"north": { "uv": [ 0, 0, 16, 16 ], "texture": "#Voxel-FFFFC5" },
				"south": { "uv": [ 0, 0, 16, 16 ], "texture": "#Voxel-FFFFC5" },
				"west": { "uv": [ 0, 0, 16, 16 ], "texture": "#Voxel-FFFFC5" },
				"east": { "uv": [ 0, 0, 16, 16 ], "texture": "#Voxel-FFFFC5" }
			}
		},
		{
			"__comment": "Voxel-FFFFC5",
			"from": [ 0.25, 10.25, 4 ],
			"to": [ 0.75, 10.75, 4.5 ],
			"faces": {
				"down": { "uv": [ 0, 0, 16, 16 ], "texture": "#Voxel-FFFFC5" },
				"up": { "uv": [ 0, 0, 16, 16 ], "texture": "#Voxel-FFFFC5" },
				"north": { "uv": [ 0, 0, 16, 16 ], "texture": "#Voxel-FFFFC5" },
				"south": { "uv": [ 0, 0, 16, 16 ], "texture": "#Voxel-FFFFC5" },
				"west": { "uv": [ 0, 0, 16, 16 ], "texture": "#Voxel-FFFFC5" },
				"east": { "uv": [ 0, 0, 16, 16 ], "texture": "#Voxel-FFFFC5" }
			}
		},
		{
			"__comment": "Voxel-FFFFC5",
			"from": [ 0.25, 10.25, 4.5 ],
			"to": [ 0.75, 10.75, 5 ],
			"faces": {
				"down": { "uv": [ 0, 0, 16, 16 ], "texture": "#Voxel-FFFFC5" },
				"up": { "uv": [ 0, 0, 16, 16 ], "texture": "#Voxel-FFFFC5" },
				"north": { "uv": [ 0, 0, 16, 16 ], "texture": "#Voxel-FFFFC5" },
				"south": { "uv": [ 0, 0, 16, 16 ], "texture": "#Voxel-FFFFC5" },
				"west": { "uv": [ 0, 0, 16, 16 ], "texture": "#Voxel-FFFFC5" },
				"east": { "uv": [ 0, 0, 16, 16 ], "texture": "#Voxel-FFFFC5" }
			}
		},
		{
			"__comment": "Voxel-FFFFC5",
			"from": [ 0.25, 10.25, 5 ],
			"to": [ 0.75, 10.75, 5.5 ],
			"faces": {
				"down": { "uv": [ 0, 0, 16, 16 ], "texture": "#Voxel-FFFFC5" },
				"up": { "uv": [ 0, 0, 16, 16 ], "texture": "#Voxel-FFFFC5" },
				"north": { "uv": [ 0, 0, 16, 16 ], "texture": "#Voxel-FFFFC5" },
				"south": { "uv": [ 0, 0, 16, 16 ], "texture": "#Voxel-FFFFC5" },
				"west": { "uv": [ 0, 0, 16, 16 ], "texture": "#Voxel-FFFFC5" },
				"east": { "uv": [ 0, 0, 16, 16 ], "texture": "#Voxel-FFFFC5" }
			}
		},
		{
			"__comment": "Voxel-FFFFC5",
			"from": [ 15.25, 8.75, -0.5 ],
			"to": [ 15.75, 9.25, 0 ],
			"faces": {
				"down": { "uv": [ 0, 0, 16, 16 ], "texture": "#Voxel-FFFFC5" },
				"up": { "uv": [ 0, 0, 16, 16 ], "texture": "#Voxel-FFFFC5" },
				"north": { "uv": [ 0, 0, 16, 16 ], "texture": "#Voxel-FFFFC5" },
				"south": { "uv": [ 0, 0, 16, 16 ], "texture": "#Voxel-FFFFC5" },
				"west": { "uv": [ 0, 0, 16, 16 ], "texture": "#Voxel-FFFFC5" },
				"east": { "uv": [ 0, 0, 16, 16 ], "texture": "#Voxel-FFFFC5" }
			}
		},
		{
			"__comment": "Voxel-FFFFC5",
			"from": [ 15.25, 9.25, 0 ],
			"to": [ 15.75, 9.75, 0.5 ],
			"faces": {
				"down": { "uv": [ 0, 0, 16, 16 ], "texture": "#Voxel-FFFFC5" },
				"up": { "uv": [ 0, 0, 16, 16 ], "texture": "#Voxel-FFFFC5" },
				"north": { "uv": [ 0, 0, 16, 16 ], "texture": "#Voxel-FFFFC5" },
				"south": { "uv": [ 0, 0, 16, 16 ], "texture": "#Voxel-FFFFC5" },
				"west": { "uv": [ 0, 0, 16, 16 ], "texture": "#Voxel-FFFFC5" },
				"east": { "uv": [ 0, 0, 16, 16 ], "texture": "#Voxel-FFFFC5" }
			}
		},
		{
			"__comment": "Voxel-FFFFC5",
			"from": [ 15.25, 9.75, 0 ],
			"to": [ 15.75, 10.25, 0.5 ],
			"faces": {
				"down": { "uv": [ 0, 0, 16, 16 ], "texture": "#Voxel-FFFFC5" },
				"up": { "uv": [ 0, 0, 16, 16 ], "texture": "#Voxel-FFFFC5" },
				"north": { "uv": [ 0, 0, 16, 16 ], "texture": "#Voxel-FFFFC5" },
				"south": { "uv": [ 0, 0, 16, 16 ], "texture": "#Voxel-FFFFC5" },
				"west": { "uv": [ 0, 0, 16, 16 ], "texture": "#Voxel-FFFFC5" },
				"east": { "uv": [ 0, 0, 16, 16 ], "texture": "#Voxel-FFFFC5" }
			}
		},
		{
			"__comment": "Voxel-FFFFC5",
			"from": [ 15.25, 10.25, 0.5 ],
			"to": [ 15.75, 10.75, 1 ],
			"faces": {
				"down": { "uv": [ 0, 0, 16, 16 ], "texture": "#Voxel-FFFFC5" },
				"up": { "uv": [ 0, 0, 16, 16 ], "texture": "#Voxel-FFFFC5" },
				"north": { "uv": [ 0, 0, 16, 16 ], "texture": "#Voxel-FFFFC5" },
				"south": { "uv": [ 0, 0, 16, 16 ], "texture": "#Voxel-FFFFC5" },
				"west": { "uv": [ 0, 0, 16, 16 ], "texture": "#Voxel-FFFFC5" },
				"east": { "uv": [ 0, 0, 16, 16 ], "texture": "#Voxel-FFFFC5" }
			}
		},
		{
			"__comment": "Voxel-FFFFC5",
			"from": [ 15.25, 10.25, 1 ],
			"to": [ 15.75, 10.75, 1.5 ],
			"faces": {
				"down": { "uv": [ 0, 0, 16, 16 ], "texture": "#Voxel-FFFFC5" },
				"up": { "uv": [ 0, 0, 16, 16 ], "texture": "#Voxel-FFFFC5" },
				"north": { "uv": [ 0, 0, 16, 16 ], "texture": "#Voxel-FFFFC5" },
				"south": { "uv": [ 0, 0, 16, 16 ], "texture": "#Voxel-FFFFC5" },
				"west": { "uv": [ 0, 0, 16, 16 ], "texture": "#Voxel-FFFFC5" },
				"east": { "uv": [ 0, 0, 16, 16 ], "texture": "#Voxel-FFFFC5" }
			}
		},
		{
			"__comment": "Voxel-FFFFC5",
			"from": [ 15.25, 10.25, 1.5 ],
			"to": [ 15.75, 10.75, 2 ],
			"faces": {
				"down": { "uv": [ 0, 0, 16, 16 ], "texture": "#Voxel-FFFFC5" },
				"up": { "uv": [ 0, 0, 16, 16 ], "texture": "#Voxel-FFFFC5" },
				"north": { "uv": [ 0, 0, 16, 16 ], "texture": "#Voxel-FFFFC5" },
				"south": { "uv": [ 0, 0, 16, 16 ], "texture": "#Voxel-FFFFC5" },
				"west": { "uv": [ 0, 0, 16, 16 ], "texture": "#Voxel-FFFFC5" },
				"east": { "uv": [ 0, 0, 16, 16 ], "texture": "#Voxel-FFFFC5" }
			}
		},
		{
			"__comment": "Voxel-FFFFC5",
			"from": [ 15.25, 10.25, 2 ],
			"to": [ 15.75, 10.75, 2.5 ],
			"faces": {
				"down": { "uv": [ 0, 0, 16, 16 ], "texture": "#Voxel-FFFFC5" },
				"up": { "uv": [ 0, 0, 16, 16 ], "texture": "#Voxel-FFFFC5" },
				"north": { "uv": [ 0, 0, 16, 16 ], "texture": "#Voxel-FFFFC5" },
				"south": { "uv": [ 0, 0, 16, 16 ], "texture": "#Voxel-FFFFC5" },
				"west": { "uv": [ 0, 0, 16, 16 ], "texture": "#Voxel-FFFFC5" },
				"east": { "uv": [ 0, 0, 16, 16 ], "texture": "#Voxel-FFFFC5" }
			}
		},
		{
			"__comment": "Voxel-FFFFC5",
			"from": [ 15.25, 10.25, 2.5 ],
			"to": [ 15.75, 10.75, 3 ],
			"faces": {
				"down": { "uv": [ 0, 0, 16, 16 ], "texture": "#Voxel-FFFFC5" },
				"up": { "uv": [ 0, 0, 16, 16 ], "texture": "#Voxel-FFFFC5" },
				"north": { "uv": [ 0, 0, 16, 16 ], "texture": "#Voxel-FFFFC5" },
				"south": { "uv": [ 0, 0, 16, 16 ], "texture": "#Voxel-FFFFC5" },
				"west": { "uv": [ 0, 0, 16, 16 ], "texture": "#Voxel-FFFFC5" },
				"east": { "uv": [ 0, 0, 16, 16 ], "texture": "#Voxel-FFFFC5" }
			}
		},
		{
			"__comment": "Voxel-FFFFC5",
			"from": [ 15.25, 10.25, 3 ],
			"to": [ 15.75, 10.75, 3.5 ],
			"faces": {
				"down": { "uv": [ 0, 0, 16, 16 ], "texture": "#Voxel-FFFFC5" },
				"up": { "uv": [ 0, 0, 16, 16 ], "texture": "#Voxel-FFFFC5" },
				"north": { "uv": [ 0, 0, 16, 16 ], "texture": "#Voxel-FFFFC5" },
				"south": { "uv": [ 0, 0, 16, 16 ], "texture": "#Voxel-FFFFC5" },
				"west": { "uv": [ 0, 0, 16, 16 ], "texture": "#Voxel-FFFFC5" },
				"east": { "uv": [ 0, 0, 16, 16 ], "texture": "#Voxel-FFFFC5" }
			}
		},
		{
			"__comment": "Voxel-FFFFC5",
			"from": [ 15.25, 10.25, 3.5 ],
			"to": [ 15.75, 10.75, 4 ],
			"faces": {
				"down": { "uv": [ 0, 0, 16, 16 ], "texture": "#Voxel-FFFFC5" },
				"up": { "uv": [ 0, 0, 16, 16 ], "texture": "#Voxel-FFFFC5" },
				"north": { "uv": [ 0, 0, 16, 16 ], "texture": "#Voxel-FFFFC5" },
				"south": { "uv": [ 0, 0, 16, 16 ], "texture": "#Voxel-FFFFC5" },
				"west": { "uv": [ 0, 0, 16, 16 ], "texture": "#Voxel-FFFFC5" },
				"east": { "uv": [ 0, 0, 16, 16 ], "texture": "#Voxel-FFFFC5" }
			}
		},
		{
			"__comment": "Voxel-FFFFC5",
			"from": [ 15.25, 10.25, 4 ],
			"to": [ 15.75, 10.75, 4.5 ],
			"faces": {
				"down": { "uv": [ 0, 0, 16, 16 ], "texture": "#Voxel-FFFFC5" },
				"up": { "uv": [ 0, 0, 16, 16 ], "texture": "#Voxel-FFFFC5" },
				"north": { "uv": [ 0, 0, 16, 16 ], "texture": "#Voxel-FFFFC5" },
				"south": { "uv": [ 0, 0, 16, 16 ], "texture": "#Voxel-FFFFC5" },
				"west": { "uv": [ 0, 0, 16, 16 ], "texture": "#Voxel-FFFFC5" },
				"east": { "uv": [ 0, 0, 16, 16 ], "texture": "#Voxel-FFFFC5" }
			}
		},
		{
			"__comment": "Voxel-FFFFC5",
			"from": [ 15.25, 10.25, 4.5 ],
			"to": [ 15.75, 10.75, 5 ],
			"faces": {
				"down": { "uv": [ 0, 0, 16, 16 ], "texture": "#Voxel-FFFFC5" },
				"up": { "uv": [ 0, 0, 16, 16 ], "texture": "#Voxel-FFFFC5" },
				"north": { "uv": [ 0, 0, 16, 16 ], "texture": "#Voxel-FFFFC5" },
				"south": { "uv": [ 0, 0, 16, 16 ], "texture": "#Voxel-FFFFC5" },
				"west": { "uv": [ 0, 0, 16, 16 ], "texture": "#Voxel-FFFFC5" },
				"east": { "uv": [ 0, 0, 16, 16 ], "texture": "#Voxel-FFFFC5" }
			}
		},
		{
			"__comment": "Voxel-FFFFC5",
			"from": [ 15.25, 10.25, 5 ],
			"to": [ 15.75, 10.75, 5.5 ],
			"faces": {
				"down": { "uv": [ 0, 0, 16, 16 ], "texture": "#Voxel-FFFFC5" },
				"up": { "uv": [ 0, 0, 16, 16 ], "texture": "#Voxel-FFFFC5" },
				"north": { "uv": [ 0, 0, 16, 16 ], "texture": "#Voxel-FFFFC5" },
				"south": { "uv": [ 0, 0, 16, 16 ], "texture": "#Voxel-FFFFC5" },
				"west": { "uv": [ 0, 0, 16, 16 ], "texture": "#Voxel-FFFFC5" },
				"east": { "uv": [ 0, 0, 16, 16 ], "texture": "#Voxel-FFFFC5" }
			}
		},
		{
			"__comment": "Voxel-FFFFC5",
			"from": [ 1.25, 7.75, 0 ],
			"to": [ 1.75, 8.25, 0.5 ],
			"faces": {
				"down": { "uv": [ 0, 0, 16, 16 ], "texture": "#Voxel-FFFFC5" },
				"up": { "uv": [ 0, 0, 16, 16 ], "texture": "#Voxel-FFFFC5" },
				"north": { "uv": [ 0, 0, 16, 16 ], "texture": "#Voxel-FFFFC5" },
				"south": { "uv": [ 0, 0, 16, 16 ], "texture": "#Voxel-FFFFC5" },
				"west": { "uv": [ 0, 0, 16, 16 ], "texture": "#Voxel-FFFFC5" },
				"east": { "uv": [ 0, 0, 16, 16 ], "texture": "#Voxel-FFFFC5" }
			}
		},
		{
			"__comment": "Voxel-FFFFC5",
			"from": [ 1.25, 8.25, 0 ],
			"to": [ 1.75, 8.75, 0.5 ],
			"faces": {
				"down": { "uv": [ 0, 0, 16, 16 ], "texture": "#Voxel-FFFFC5" },
				"up": { "uv": [ 0, 0, 16, 16 ], "texture": "#Voxel-FFFFC5" },
				"north": { "uv": [ 0, 0, 16, 16 ], "texture": "#Voxel-FFFFC5" },
				"south": { "uv": [ 0, 0, 16, 16 ], "texture": "#Voxel-FFFFC5" },
				"west": { "uv": [ 0, 0, 16, 16 ], "texture": "#Voxel-FFFFC5" },
				"east": { "uv": [ 0, 0, 16, 16 ], "texture": "#Voxel-FFFFC5" }
			}
		},
		{
			"__comment": "Voxel-FFFFC5",
			"from": [ 1.25, 8.25, 0.5 ],
			"to": [ 1.75, 8.75, 1 ],
			"faces": {
				"down": { "uv": [ 0, 0, 16, 16 ], "texture": "#Voxel-FFFFC5" },
				"up": { "uv": [ 0, 0, 16, 16 ], "texture": "#Voxel-FFFFC5" },
				"north": { "uv": [ 0, 0, 16, 16 ], "texture": "#Voxel-FFFFC5" },
				"south": { "uv": [ 0, 0, 16, 16 ], "texture": "#Voxel-FFFFC5" },
				"west": { "uv": [ 0, 0, 16, 16 ], "texture": "#Voxel-FFFFC5" },
				"east": { "uv": [ 0, 0, 16, 16 ], "texture": "#Voxel-FFFFC5" }
			}
		},
		{
			"__comment": "Voxel-FFFFC5",
			"from": [ 1.25, 8.75, 0.5 ],
			"to": [ 1.75, 9.25, 1 ],
			"faces": {
				"down": { "uv": [ 0, 0, 16, 16 ], "texture": "#Voxel-FFFFC5" },
				"up": { "uv": [ 0, 0, 16, 16 ], "texture": "#Voxel-FFFFC5" },
				"north": { "uv": [ 0, 0, 16, 16 ], "texture": "#Voxel-FFFFC5" },
				"south": { "uv": [ 0, 0, 16, 16 ], "texture": "#Voxel-FFFFC5" },
				"west": { "uv": [ 0, 0, 16, 16 ], "texture": "#Voxel-FFFFC5" },
				"east": { "uv": [ 0, 0, 16, 16 ], "texture": "#Voxel-FFFFC5" }
			}
		},
		{
			"__comment": "Voxel-FFFFC5",
			"from": [ 1.25, 9.25, 0.5 ],
			"to": [ 1.75, 9.75, 1 ],
			"faces": {
				"down": { "uv": [ 0, 0, 16, 16 ], "texture": "#Voxel-FFFFC5" },
				"up": { "uv": [ 0, 0, 16, 16 ], "texture": "#Voxel-FFFFC5" },
				"north": { "uv": [ 0, 0, 16, 16 ], "texture": "#Voxel-FFFFC5" },
				"south": { "uv": [ 0, 0, 16, 16 ], "texture": "#Voxel-FFFFC5" },
				"west": { "uv": [ 0, 0, 16, 16 ], "texture": "#Voxel-FFFFC5" },
				"east": { "uv": [ 0, 0, 16, 16 ], "texture": "#Voxel-FFFFC5" }
			}
		},
		{
			"__comment": "Voxel-FFFFC5",
			"from": [ 1.25, 8.25, 1 ],
			"to": [ 1.75, 8.75, 1.5 ],
			"faces": {
				"down": { "uv": [ 0, 0, 16, 16 ], "texture": "#Voxel-FFFFC5" },
				"up": { "uv": [ 0, 0, 16, 16 ], "texture": "#Voxel-FFFFC5" },
				"north": { "uv": [ 0, 0, 16, 16 ], "texture": "#Voxel-FFFFC5" },
				"south": { "uv": [ 0, 0, 16, 16 ], "texture": "#Voxel-FFFFC5" },
				"west": { "uv": [ 0, 0, 16, 16 ], "texture": "#Voxel-FFFFC5" },
				"east": { "uv": [ 0, 0, 16, 16 ], "texture": "#Voxel-FFFFC5" }
			}
		},
		{
			"__comment": "Voxel-FFFFC5",
			"from": [ 1.25, 8.75, 1 ],
			"to": [ 1.75, 9.25, 1.5 ],
			"faces": {
				"down": { "uv": [ 0, 0, 16, 16 ], "texture": "#Voxel-FFFFC5" },
				"up": { "uv": [ 0, 0, 16, 16 ], "texture": "#Voxel-FFFFC5" },
				"north": { "uv": [ 0, 0, 16, 16 ], "texture": "#Voxel-FFFFC5" },
				"south": { "uv": [ 0, 0, 16, 16 ], "texture": "#Voxel-FFFFC5" },
				"west": { "uv": [ 0, 0, 16, 16 ], "texture": "#Voxel-FFFFC5" },
				"east": { "uv": [ 0, 0, 16, 16 ], "texture": "#Voxel-FFFFC5" }
			}
		},
		{
			"__comment": "Voxel-FFFFC5",
			"from": [ 1.25, 9.25, 1 ],
			"to": [ 1.75, 9.75, 1.5 ],
			"faces": {
				"down": { "uv": [ 0, 0, 16, 16 ], "texture": "#Voxel-FFFFC5" },
				"up": { "uv": [ 0, 0, 16, 16 ], "texture": "#Voxel-FFFFC5" },
				"north": { "uv": [ 0, 0, 16, 16 ], "texture": "#Voxel-FFFFC5" },
				"south": { "uv": [ 0, 0, 16, 16 ], "texture": "#Voxel-FFFFC5" },
				"west": { "uv": [ 0, 0, 16, 16 ], "texture": "#Voxel-FFFFC5" },
				"east": { "uv": [ 0, 0, 16, 16 ], "texture": "#Voxel-FFFFC5" }
			}
		},
		{
			"__comment": "Voxel-FFFFC5",
			"from": [ 1.25, 8.25, 1.5 ],
			"to": [ 1.75, 8.75, 2 ],
			"faces": {
				"down": { "uv": [ 0, 0, 16, 16 ], "texture": "#Voxel-FFFFC5" },
				"up": { "uv": [ 0, 0, 16, 16 ], "texture": "#Voxel-FFFFC5" },
				"north": { "uv": [ 0, 0, 16, 16 ], "texture": "#Voxel-FFFFC5" },
				"south": { "uv": [ 0, 0, 16, 16 ], "texture": "#Voxel-FFFFC5" },
				"west": { "uv": [ 0, 0, 16, 16 ], "texture": "#Voxel-FFFFC5" },
				"east": { "uv": [ 0, 0, 16, 16 ], "texture": "#Voxel-FFFFC5" }
			}
		},
		{
			"__comment": "Voxel-FFFFC5",
			"from": [ 1.25, 8.75, 1.5 ],
			"to": [ 1.75, 9.25, 2 ],
			"faces": {
				"down": { "uv": [ 0, 0, 16, 16 ], "texture": "#Voxel-FFFFC5" },
				"up": { "uv": [ 0, 0, 16, 16 ], "texture": "#Voxel-FFFFC5" },
				"north": { "uv": [ 0, 0, 16, 16 ], "texture": "#Voxel-FFFFC5" },
				"south": { "uv": [ 0, 0, 16, 16 ], "texture": "#Voxel-FFFFC5" },
				"west": { "uv": [ 0, 0, 16, 16 ], "texture": "#Voxel-FFFFC5" },
				"east": { "uv": [ 0, 0, 16, 16 ], "texture": "#Voxel-FFFFC5" }
			}
		},
		{
			"__comment": "Voxel-FFFFC5",
			"from": [ 1.25, 9.25, 1.5 ],
			"to": [ 1.75, 9.75, 2 ],
			"faces": {
				"down": { "uv": [ 0, 0, 16, 16 ], "texture": "#Voxel-FFFFC5" },
				"up": { "uv": [ 0, 0, 16, 16 ], "texture": "#Voxel-FFFFC5" },
				"north": { "uv": [ 0, 0, 16, 16 ], "texture": "#Voxel-FFFFC5" },
				"south": { "uv": [ 0, 0, 16, 16 ], "texture": "#Voxel-FFFFC5" },
				"west": { "uv": [ 0, 0, 16, 16 ], "texture": "#Voxel-FFFFC5" },
				"east": { "uv": [ 0, 0, 16, 16 ], "texture": "#Voxel-FFFFC5" }
			}
		},
		{
			"__comment": "Voxel-FFFFC5",
			"from": [ 1.25, 8.75, 2 ],
			"to": [ 1.75, 9.25, 2.5 ],
			"faces": {
				"down": { "uv": [ 0, 0, 16, 16 ], "texture": "#Voxel-FFFFC5" },
				"up": { "uv": [ 0, 0, 16, 16 ], "texture": "#Voxel-FFFFC5" },
				"north": { "uv": [ 0, 0, 16, 16 ], "texture": "#Voxel-FFFFC5" },
				"south": { "uv": [ 0, 0, 16, 16 ], "texture": "#Voxel-FFFFC5" },
				"west": { "uv": [ 0, 0, 16, 16 ], "texture": "#Voxel-FFFFC5" },
				"east": { "uv": [ 0, 0, 16, 16 ], "texture": "#Voxel-FFFFC5" }
			}
		},
		{
			"__comment": "Voxel-FFFFC5",
			"from": [ 1.25, 9.25, 2 ],
			"to": [ 1.75, 9.75, 2.5 ],
			"faces": {
				"down": { "uv": [ 0, 0, 16, 16 ], "texture": "#Voxel-FFFFC5" },
				"up": { "uv": [ 0, 0, 16, 16 ], "texture": "#Voxel-FFFFC5" },
				"north": { "uv": [ 0, 0, 16, 16 ], "texture": "#Voxel-FFFFC5" },
				"south": { "uv": [ 0, 0, 16, 16 ], "texture": "#Voxel-FFFFC5" },
				"west": { "uv": [ 0, 0, 16, 16 ], "texture": "#Voxel-FFFFC5" },
				"east": { "uv": [ 0, 0, 16, 16 ], "texture": "#Voxel-FFFFC5" }
			}
		},
		{
			"__comment": "Voxel-FFFFC5",
			"from": [ 1.25, 8.75, 2.5 ],
			"to": [ 1.75, 9.25, 3 ],
			"faces": {
				"down": { "uv": [ 0, 0, 16, 16 ], "texture": "#Voxel-FFFFC5" },
				"up": { "uv": [ 0, 0, 16, 16 ], "texture": "#Voxel-FFFFC5" },
				"north": { "uv": [ 0, 0, 16, 16 ], "texture": "#Voxel-FFFFC5" },
				"south": { "uv": [ 0, 0, 16, 16 ], "texture": "#Voxel-FFFFC5" },
				"west": { "uv": [ 0, 0, 16, 16 ], "texture": "#Voxel-FFFFC5" },
				"east": { "uv": [ 0, 0, 16, 16 ], "texture": "#Voxel-FFFFC5" }
			}
		},
		{
			"__comment": "Voxel-FFFFC5",
			"from": [ 1.25, 9.25, 2.5 ],
			"to": [ 1.75, 9.75, 3 ],
			"faces": {
				"down": { "uv": [ 0, 0, 16, 16 ], "texture": "#Voxel-FFFFC5" },
				"up": { "uv": [ 0, 0, 16, 16 ], "texture": "#Voxel-FFFFC5" },
				"north": { "uv": [ 0, 0, 16, 16 ], "texture": "#Voxel-FFFFC5" },
				"south": { "uv": [ 0, 0, 16, 16 ], "texture": "#Voxel-FFFFC5" },
				"west": { "uv": [ 0, 0, 16, 16 ], "texture": "#Voxel-FFFFC5" },
				"east": { "uv": [ 0, 0, 16, 16 ], "texture": "#Voxel-FFFFC5" }
			}
		},
		{
			"__comment": "Voxel-FFFFC5",
			"from": [ 1.25, 9.25, 3 ],
			"to": [ 1.75, 9.75, 3.5 ],
			"faces": {
				"down": { "uv": [ 0, 0, 16, 16 ], "texture": "#Voxel-FFFFC5" },
				"up": { "uv": [ 0, 0, 16, 16 ], "texture": "#Voxel-FFFFC5" },
				"north": { "uv": [ 0, 0, 16, 16 ], "texture": "#Voxel-FFFFC5" },
				"south": { "uv": [ 0, 0, 16, 16 ], "texture": "#Voxel-FFFFC5" },
				"west": { "uv": [ 0, 0, 16, 16 ], "texture": "#Voxel-FFFFC5" },
				"east": { "uv": [ 0, 0, 16, 16 ], "texture": "#Voxel-FFFFC5" }
			}
		},
		{
			"__comment": "Voxel-FFFFC5",
			"from": [ 1.25, 9.25, 3.5 ],
			"to": [ 1.75, 9.75, 4 ],
			"faces": {
				"down": { "uv": [ 0, 0, 16, 16 ], "texture": "#Voxel-FFFFC5" },
				"up": { "uv": [ 0, 0, 16, 16 ], "texture": "#Voxel-FFFFC5" },
				"north": { "uv": [ 0, 0, 16, 16 ], "texture": "#Voxel-FFFFC5" },
				"south": { "uv": [ 0, 0, 16, 16 ], "texture": "#Voxel-FFFFC5" },
				"west": { "uv": [ 0, 0, 16, 16 ], "texture": "#Voxel-FFFFC5" },
				"east": { "uv": [ 0, 0, 16, 16 ], "texture": "#Voxel-FFFFC5" }
			}
		},
		{
			"__comment": "Voxel-FFFFC5",
			"from": [ 14.25, 8.25, 0 ],
			"to": [ 14.75, 8.75, 0.5 ],
			"faces": {
				"down": { "uv": [ 0, 0, 16, 16 ], "texture": "#Voxel-FFFFC5" },
				"up": { "uv": [ 0, 0, 16, 16 ], "texture": "#Voxel-FFFFC5" },
				"north": { "uv": [ 0, 0, 16, 16 ], "texture": "#Voxel-FFFFC5" },
				"south": { "uv": [ 0, 0, 16, 16 ], "texture": "#Voxel-FFFFC5" },
				"west": { "uv": [ 0, 0, 16, 16 ], "texture": "#Voxel-FFFFC5" },
				"east": { "uv": [ 0, 0, 16, 16 ], "texture": "#Voxel-FFFFC5" }
			}
		},
		{
			"__comment": "Voxel-FFFFC5",
			"from": [ 14.25, 8.25, 0.5 ],
			"to": [ 14.75, 8.75, 1 ],
			"faces": {
				"down": { "uv": [ 0, 0, 16, 16 ], "texture": "#Voxel-FFFFC5" },
				"up": { "uv": [ 0, 0, 16, 16 ], "texture": "#Voxel-FFFFC5" },
				"north": { "uv": [ 0, 0, 16, 16 ], "texture": "#Voxel-FFFFC5" },
				"south": { "uv": [ 0, 0, 16, 16 ], "texture": "#Voxel-FFFFC5" },
				"west": { "uv": [ 0, 0, 16, 16 ], "texture": "#Voxel-FFFFC5" },
				"east": { "uv": [ 0, 0, 16, 16 ], "texture": "#Voxel-FFFFC5" }
			}
		},
		{
			"__comment": "Voxel-FFFFC5",
			"from": [ 14.25, 8.25, 1 ],
			"to": [ 14.75, 8.75, 1.5 ],
			"faces": {
				"down": { "uv": [ 0, 0, 16, 16 ], "texture": "#Voxel-FFFFC5" },
				"up": { "uv": [ 0, 0, 16, 16 ], "texture": "#Voxel-FFFFC5" },
				"north": { "uv": [ 0, 0, 16, 16 ], "texture": "#Voxel-FFFFC5" },
				"south": { "uv": [ 0, 0, 16, 16 ], "texture": "#Voxel-FFFFC5" },
				"west": { "uv": [ 0, 0, 16, 16 ], "texture": "#Voxel-FFFFC5" },
				"east": { "uv": [ 0, 0, 16, 16 ], "texture": "#Voxel-FFFFC5" }
			}
		},
		{
			"__comment": "Voxel-FFFFC5",
			"from": [ 14.25, 8.75, 0.5 ],
			"to": [ 14.75, 9.25, 1 ],
			"faces": {
				"down": { "uv": [ 0, 0, 16, 16 ], "texture": "#Voxel-FFFFC5" },
				"up": { "uv": [ 0, 0, 16, 16 ], "texture": "#Voxel-FFFFC5" },
				"north": { "uv": [ 0, 0, 16, 16 ], "texture": "#Voxel-FFFFC5" },
				"south": { "uv": [ 0, 0, 16, 16 ], "texture": "#Voxel-FFFFC5" },
				"west": { "uv": [ 0, 0, 16, 16 ], "texture": "#Voxel-FFFFC5" },
				"east": { "uv": [ 0, 0, 16, 16 ], "texture": "#Voxel-FFFFC5" }
			}
		},
		{
			"__comment": "Voxel-FFFFC5",
			"from": [ 14.25, 8.75, 1 ],
			"to": [ 14.75, 9.25, 1.5 ],
			"faces": {
				"down": { "uv": [ 0, 0, 16, 16 ], "texture": "#Voxel-FFFFC5" },
				"up": { "uv": [ 0, 0, 16, 16 ], "texture": "#Voxel-FFFFC5" },
				"north": { "uv": [ 0, 0, 16, 16 ], "texture": "#Voxel-FFFFC5" },
				"south": { "uv": [ 0, 0, 16, 16 ], "texture": "#Voxel-FFFFC5" },
				"west": { "uv": [ 0, 0, 16, 16 ], "texture": "#Voxel-FFFFC5" },
				"east": { "uv": [ 0, 0, 16, 16 ], "texture": "#Voxel-FFFFC5" }
			}
		},
		{
			"__comment": "Voxel-FFFFC5",
			"from": [ 14.25, 9.25, 0.5 ],
			"to": [ 14.75, 9.75, 1 ],
			"faces": {
				"down": { "uv": [ 0, 0, 16, 16 ], "texture": "#Voxel-FFFFC5" },
				"up": { "uv": [ 0, 0, 16, 16 ], "texture": "#Voxel-FFFFC5" },
				"north": { "uv": [ 0, 0, 16, 16 ], "texture": "#Voxel-FFFFC5" },
				"south": { "uv": [ 0, 0, 16, 16 ], "texture": "#Voxel-FFFFC5" },
				"west": { "uv": [ 0, 0, 16, 16 ], "texture": "#Voxel-FFFFC5" },
				"east": { "uv": [ 0, 0, 16, 16 ], "texture": "#Voxel-FFFFC5" }
			}
		},
		{
			"__comment": "Voxel-FFFFC5",
			"from": [ 14.25, 9.25, 1 ],
			"to": [ 14.75, 9.75, 1.5 ],
			"faces": {
				"down": { "uv": [ 0, 0, 16, 16 ], "texture": "#Voxel-FFFFC5" },
				"up": { "uv": [ 0, 0, 16, 16 ], "texture": "#Voxel-FFFFC5" },
				"north": { "uv": [ 0, 0, 16, 16 ], "texture": "#Voxel-FFFFC5" },
				"south": { "uv": [ 0, 0, 16, 16 ], "texture": "#Voxel-FFFFC5" },
				"west": { "uv": [ 0, 0, 16, 16 ], "texture": "#Voxel-FFFFC5" },
				"east": { "uv": [ 0, 0, 16, 16 ], "texture": "#Voxel-FFFFC5" }
			}
		},
		{
			"__comment": "Voxel-FFFFC5",
			"from": [ 14.25, 8.25, 1.5 ],
			"to": [ 14.75, 8.75, 2 ],
			"faces": {
				"down": { "uv": [ 0, 0, 16, 16 ], "texture": "#Voxel-FFFFC5" },
				"up": { "uv": [ 0, 0, 16, 16 ], "texture": "#Voxel-FFFFC5" },
				"north": { "uv": [ 0, 0, 16, 16 ], "texture": "#Voxel-FFFFC5" },
				"south": { "uv": [ 0, 0, 16, 16 ], "texture": "#Voxel-FFFFC5" },
				"west": { "uv": [ 0, 0, 16, 16 ], "texture": "#Voxel-FFFFC5" },
				"east": { "uv": [ 0, 0, 16, 16 ], "texture": "#Voxel-FFFFC5" }
			}
		},
		{
			"__comment": "Voxel-FFFFC5",
			"from": [ 14.25, 8.75, 1.5 ],
			"to": [ 14.75, 9.25, 2 ],
			"faces": {
				"down": { "uv": [ 0, 0, 16, 16 ], "texture": "#Voxel-FFFFC5" },
				"up": { "uv": [ 0, 0, 16, 16 ], "texture": "#Voxel-FFFFC5" },
				"north": { "uv": [ 0, 0, 16, 16 ], "texture": "#Voxel-FFFFC5" },
				"south": { "uv": [ 0, 0, 16, 16 ], "texture": "#Voxel-FFFFC5" },
				"west": { "uv": [ 0, 0, 16, 16 ], "texture": "#Voxel-FFFFC5" },
				"east": { "uv": [ 0, 0, 16, 16 ], "texture": "#Voxel-FFFFC5" }
			}
		},
		{
			"__comment": "Voxel-FFFFC5",
			"from": [ 14.25, 9.25, 1.5 ],
			"to": [ 14.75, 9.75, 2 ],
			"faces": {
				"down": { "uv": [ 0, 0, 16, 16 ], "texture": "#Voxel-FFFFC5" },
				"up": { "uv": [ 0, 0, 16, 16 ], "texture": "#Voxel-FFFFC5" },
				"north": { "uv": [ 0, 0, 16, 16 ], "texture": "#Voxel-FFFFC5" },
				"south": { "uv": [ 0, 0, 16, 16 ], "texture": "#Voxel-FFFFC5" },
				"west": { "uv": [ 0, 0, 16, 16 ], "texture": "#Voxel-FFFFC5" },
				"east": { "uv": [ 0, 0, 16, 16 ], "texture": "#Voxel-FFFFC5" }
			}
		},
		{
			"__comment": "Voxel-FFFFC5",
			"from": [ 14.25, 8.75, 2 ],
			"to": [ 14.75, 9.25, 2.5 ],
			"faces": {
				"down": { "uv": [ 0, 0, 16, 16 ], "texture": "#Voxel-FFFFC5" },
				"up": { "uv": [ 0, 0, 16, 16 ], "texture": "#Voxel-FFFFC5" },
				"north": { "uv": [ 0, 0, 16, 16 ], "texture": "#Voxel-FFFFC5" },
				"south": { "uv": [ 0, 0, 16, 16 ], "texture": "#Voxel-FFFFC5" },
				"west": { "uv": [ 0, 0, 16, 16 ], "texture": "#Voxel-FFFFC5" },
				"east": { "uv": [ 0, 0, 16, 16 ], "texture": "#Voxel-FFFFC5" }
			}
		},
		{
			"__comment": "Voxel-FFFFC5",
			"from": [ 14.25, 9.25, 2 ],
			"to": [ 14.75, 9.75, 2.5 ],
			"faces": {
				"down": { "uv": [ 0, 0, 16, 16 ], "texture": "#Voxel-FFFFC5" },
				"up": { "uv": [ 0, 0, 16, 16 ], "texture": "#Voxel-FFFFC5" },
				"north": { "uv": [ 0, 0, 16, 16 ], "texture": "#Voxel-FFFFC5" },
				"south": { "uv": [ 0, 0, 16, 16 ], "texture": "#Voxel-FFFFC5" },
				"west": { "uv": [ 0, 0, 16, 16 ], "texture": "#Voxel-FFFFC5" },
				"east": { "uv": [ 0, 0, 16, 16 ], "texture": "#Voxel-FFFFC5" }
			}
		},
		{
			"__comment": "Voxel-FFFFC5",
			"from": [ 14.25, 8.75, 2.5 ],
			"to": [ 14.75, 9.25, 3 ],
			"faces": {
				"down": { "uv": [ 0, 0, 16, 16 ], "texture": "#Voxel-FFFFC5" },
				"up": { "uv": [ 0, 0, 16, 16 ], "texture": "#Voxel-FFFFC5" },
				"north": { "uv": [ 0, 0, 16, 16 ], "texture": "#Voxel-FFFFC5" },
				"south": { "uv": [ 0, 0, 16, 16 ], "texture": "#Voxel-FFFFC5" },
				"west": { "uv": [ 0, 0, 16, 16 ], "texture": "#Voxel-FFFFC5" },
				"east": { "uv": [ 0, 0, 16, 16 ], "texture": "#Voxel-FFFFC5" }
			}
		},
		{
			"__comment": "Voxel-FFFFC5",
			"from": [ 14.25, 9.25, 2.5 ],
			"to": [ 14.75, 9.75, 3 ],
			"faces": {
				"down": { "uv": [ 0, 0, 16, 16 ], "texture": "#Voxel-FFFFC5" },
				"up": { "uv": [ 0, 0, 16, 16 ], "texture": "#Voxel-FFFFC5" },
				"north": { "uv": [ 0, 0, 16, 16 ], "texture": "#Voxel-FFFFC5" },
				"south": { "uv": [ 0, 0, 16, 16 ], "texture": "#Voxel-FFFFC5" },
				"west": { "uv": [ 0, 0, 16, 16 ], "texture": "#Voxel-FFFFC5" },
				"east": { "uv": [ 0, 0, 16, 16 ], "texture": "#Voxel-FFFFC5" }
			}
		},
		{
			"__comment": "Voxel-FFFFC5",
			"from": [ 14.25, 9.25, 3 ],
			"to": [ 14.75, 9.75, 3.5 ],
			"faces": {
				"down": { "uv": [ 0, 0, 16, 16 ], "texture": "#Voxel-FFFFC5" },
				"up": { "uv": [ 0, 0, 16, 16 ], "texture": "#Voxel-FFFFC5" },
				"north": { "uv": [ 0, 0, 16, 16 ], "texture": "#Voxel-FFFFC5" },
				"south": { "uv": [ 0, 0, 16, 16 ], "texture": "#Voxel-FFFFC5" },
				"west": { "uv": [ 0, 0, 16, 16 ], "texture": "#Voxel-FFFFC5" },
				"east": { "uv": [ 0, 0, 16, 16 ], "texture": "#Voxel-FFFFC5" }
			}
		},
		{
			"__comment": "Voxel-FFFFC5",
			"from": [ 14.25, 9.25, 3.5 ],
			"to": [ 14.75, 9.75, 4 ],
			"faces": {
				"down": { "uv": [ 0, 0, 16, 16 ], "texture": "#Voxel-FFFFC5" },
				"up": { "uv": [ 0, 0, 16, 16 ], "texture": "#Voxel-FFFFC5" },
				"north": { "uv": [ 0, 0, 16, 16 ], "texture": "#Voxel-FFFFC5" },
				"south": { "uv": [ 0, 0, 16, 16 ], "texture": "#Voxel-FFFFC5" },
				"west": { "uv": [ 0, 0, 16, 16 ], "texture": "#Voxel-FFFFC5" },
				"east": { "uv": [ 0, 0, 16, 16 ], "texture": "#Voxel-FFFFC5" }
			}
		},
		{
			"__comment": "Voxel-FFF5C5",
			"from": [ 0.75, 7.75, 0 ],
			"to": [ 1.25, 8.25, 0.5 ],
			"faces": {
				"down": { "uv": [ 0, 0, 16, 16 ], "texture": "#Voxel-FFF5C5" },
				"up": { "uv": [ 0, 0, 16, 16 ], "texture": "#Voxel-FFF5C5" },
				"north": { "uv": [ 0, 0, 16, 16 ], "texture": "#Voxel-FFF5C5" },
				"south": { "uv": [ 0, 0, 16, 16 ], "texture": "#Voxel-FFF5C5" },
				"west": { "uv": [ 0, 0, 16, 16 ], "texture": "#Voxel-FFF5C5" },
				"east": { "uv": [ 0, 0, 16, 16 ], "texture": "#Voxel-FFF5C5" }
			}
		},
		{
			"__comment": "Voxel-FFF5C5",
			"from": [ 0.75, 7.75, 0.5 ],
			"to": [ 1.25, 8.25, 1 ],
			"faces": {
				"down": { "uv": [ 0, 0, 16, 16 ], "texture": "#Voxel-FFF5C5" },
				"up": { "uv": [ 0, 0, 16, 16 ], "texture": "#Voxel-FFF5C5" },
				"north": { "uv": [ 0, 0, 16, 16 ], "texture": "#Voxel-FFF5C5" },
				"south": { "uv": [ 0, 0, 16, 16 ], "texture": "#Voxel-FFF5C5" },
				"west": { "uv": [ 0, 0, 16, 16 ], "texture": "#Voxel-FFF5C5" },
				"east": { "uv": [ 0, 0, 16, 16 ], "texture": "#Voxel-FFF5C5" }
			}
		},
		{
			"__comment": "Voxel-FFF5C5",
			"from": [ 0.75, 7.75, 1 ],
			"to": [ 1.25, 8.25, 1.5 ],
			"faces": {
				"down": { "uv": [ 0, 0, 16, 16 ], "texture": "#Voxel-FFF5C5" },
				"up": { "uv": [ 0, 0, 16, 16 ], "texture": "#Voxel-FFF5C5" },
				"north": { "uv": [ 0, 0, 16, 16 ], "texture": "#Voxel-FFF5C5" },
				"south": { "uv": [ 0, 0, 16, 16 ], "texture": "#Voxel-FFF5C5" },
				"west": { "uv": [ 0, 0, 16, 16 ], "texture": "#Voxel-FFF5C5" },
				"east": { "uv": [ 0, 0, 16, 16 ], "texture": "#Voxel-FFF5C5" }
			}
		},
		{
			"__comment": "Voxel-FFF5C5",
			"from": [ 0.75, 7.75, 1.5 ],
			"to": [ 1.25, 8.25, 2 ],
			"faces": {
				"down": { "uv": [ 0, 0, 16, 16 ], "texture": "#Voxel-FFF5C5" },
				"up": { "uv": [ 0, 0, 16, 16 ], "texture": "#Voxel-FFF5C5" },
				"north": { "uv": [ 0, 0, 16, 16 ], "texture": "#Voxel-FFF5C5" },
				"south": { "uv": [ 0, 0, 16, 16 ], "texture": "#Voxel-FFF5C5" },
				"west": { "uv": [ 0, 0, 16, 16 ], "texture": "#Voxel-FFF5C5" },
				"east": { "uv": [ 0, 0, 16, 16 ], "texture": "#Voxel-FFF5C5" }
			}
		},
		{
			"__comment": "Voxel-FFF5C5",
			"from": [ 0.75, 8.25, -0.5 ],
			"to": [ 1.25, 8.75, 0 ],
			"faces": {
				"down": { "uv": [ 0, 0, 16, 16 ], "texture": "#Voxel-FFF5C5" },
				"up": { "uv": [ 0, 0, 16, 16 ], "texture": "#Voxel-FFF5C5" },
				"north": { "uv": [ 0, 0, 16, 16 ], "texture": "#Voxel-FFF5C5" },
				"south": { "uv": [ 0, 0, 16, 16 ], "texture": "#Voxel-FFF5C5" },
				"west": { "uv": [ 0, 0, 16, 16 ], "texture": "#Voxel-FFF5C5" },
				"east": { "uv": [ 0, 0, 16, 16 ], "texture": "#Voxel-FFF5C5" }
			}
		},
		{
			"__comment": "Voxel-FFF5C5",
			"from": [ 0.75, 8.25, 0 ],
			"to": [ 1.25, 8.75, 0.5 ],
			"faces": {
				"down": { "uv": [ 0, 0, 16, 16 ], "texture": "#Voxel-FFF5C5" },
				"up": { "uv": [ 0, 0, 16, 16 ], "texture": "#Voxel-FFF5C5" },
				"north": { "uv": [ 0, 0, 16, 16 ], "texture": "#Voxel-FFF5C5" },
				"south": { "uv": [ 0, 0, 16, 16 ], "texture": "#Voxel-FFF5C5" },
				"west": { "uv": [ 0, 0, 16, 16 ], "texture": "#Voxel-FFF5C5" },
				"east": { "uv": [ 0, 0, 16, 16 ], "texture": "#Voxel-FFF5C5" }
			}
		},
		{
			"__comment": "Voxel-FFF5C5",
			"from": [ 0.75, 8.25, 2 ],
			"to": [ 1.25, 8.75, 2.5 ],
			"faces": {
				"down": { "uv": [ 0, 0, 16, 16 ], "texture": "#Voxel-FFF5C5" },
				"up": { "uv": [ 0, 0, 16, 16 ], "texture": "#Voxel-FFF5C5" },
				"north": { "uv": [ 0, 0, 16, 16 ], "texture": "#Voxel-FFF5C5" },
				"south": { "uv": [ 0, 0, 16, 16 ], "texture": "#Voxel-FFF5C5" },
				"west": { "uv": [ 0, 0, 16, 16 ], "texture": "#Voxel-FFF5C5" },
				"east": { "uv": [ 0, 0, 16, 16 ], "texture": "#Voxel-FFF5C5" }
			}
		},
		{
			"__comment": "Voxel-FFF5C5",
			"from": [ 0.75, 8.25, 2.5 ],
			"to": [ 1.25, 8.75, 3 ],
			"faces": {
				"down": { "uv": [ 0, 0, 16, 16 ], "texture": "#Voxel-FFF5C5" },
				"up": { "uv": [ 0, 0, 16, 16 ], "texture": "#Voxel-FFF5C5" },
				"north": { "uv": [ 0, 0, 16, 16 ], "texture": "#Voxel-FFF5C5" },
				"south": { "uv": [ 0, 0, 16, 16 ], "texture": "#Voxel-FFF5C5" },
				"west": { "uv": [ 0, 0, 16, 16 ], "texture": "#Voxel-FFF5C5" },
				"east": { "uv": [ 0, 0, 16, 16 ], "texture": "#Voxel-FFF5C5" }
			}
		},
		{
			"__comment": "Voxel-FFF5C5",
			"from": [ 0.75, 8.75, 0 ],
			"to": [ 1.25, 9.25, 0.5 ],
			"faces": {
				"down": { "uv": [ 0, 0, 16, 16 ], "texture": "#Voxel-FFF5C5" },
				"up": { "uv": [ 0, 0, 16, 16 ], "texture": "#Voxel-FFF5C5" },
				"north": { "uv": [ 0, 0, 16, 16 ], "texture": "#Voxel-FFF5C5" },
				"south": { "uv": [ 0, 0, 16, 16 ], "texture": "#Voxel-FFF5C5" },
				"west": { "uv": [ 0, 0, 16, 16 ], "texture": "#Voxel-FFF5C5" },
				"east": { "uv": [ 0, 0, 16, 16 ], "texture": "#Voxel-FFF5C5" }
			}
		},
		{
			"__comment": "Voxel-FFF5C5",
			"from": [ 0.75, 8.75, 3 ],
			"to": [ 1.25, 9.25, 3.5 ],
			"faces": {
				"down": { "uv": [ 0, 0, 16, 16 ], "texture": "#Voxel-FFF5C5" },
				"up": { "uv": [ 0, 0, 16, 16 ], "texture": "#Voxel-FFF5C5" },
				"north": { "uv": [ 0, 0, 16, 16 ], "texture": "#Voxel-FFF5C5" },
				"south": { "uv": [ 0, 0, 16, 16 ], "texture": "#Voxel-FFF5C5" },
				"west": { "uv": [ 0, 0, 16, 16 ], "texture": "#Voxel-FFF5C5" },
				"east": { "uv": [ 0, 0, 16, 16 ], "texture": "#Voxel-FFF5C5" }
			}
		},
		{
			"__comment": "Voxel-FFF5C5",
			"from": [ 0.75, 8.75, 3.5 ],
			"to": [ 1.25, 9.25, 4 ],
			"faces": {
				"down": { "uv": [ 0, 0, 16, 16 ], "texture": "#Voxel-FFF5C5" },
				"up": { "uv": [ 0, 0, 16, 16 ], "texture": "#Voxel-FFF5C5" },
				"north": { "uv": [ 0, 0, 16, 16 ], "texture": "#Voxel-FFF5C5" },
				"south": { "uv": [ 0, 0, 16, 16 ], "texture": "#Voxel-FFF5C5" },
				"west": { "uv": [ 0, 0, 16, 16 ], "texture": "#Voxel-FFF5C5" },
				"east": { "uv": [ 0, 0, 16, 16 ], "texture": "#Voxel-FFF5C5" }
			}
		},
		{
			"__comment": "Voxel-FFF5C5",
			"from": [ 0.75, 9.25, 0.5 ],
			"to": [ 1.25, 9.75, 1 ],
			"faces": {
				"down": { "uv": [ 0, 0, 16, 16 ], "texture": "#Voxel-FFF5C5" },
				"up": { "uv": [ 0, 0, 16, 16 ], "texture": "#Voxel-FFF5C5" },
				"north": { "uv": [ 0, 0, 16, 16 ], "texture": "#Voxel-FFF5C5" },
				"south": { "uv": [ 0, 0, 16, 16 ], "texture": "#Voxel-FFF5C5" },
				"west": { "uv": [ 0, 0, 16, 16 ], "texture": "#Voxel-FFF5C5" },
				"east": { "uv": [ 0, 0, 16, 16 ], "texture": "#Voxel-FFF5C5" }
			}
		},
		{
			"__comment": "Voxel-FFF5C5",
			"from": [ 0.75, 9.25, 4 ],
			"to": [ 1.25, 9.75, 4.5 ],
			"faces": {
				"down": { "uv": [ 0, 0, 16, 16 ], "texture": "#Voxel-FFF5C5" },
				"up": { "uv": [ 0, 0, 16, 16 ], "texture": "#Voxel-FFF5C5" },
				"north": { "uv": [ 0, 0, 16, 16 ], "texture": "#Voxel-FFF5C5" },
				"south": { "uv": [ 0, 0, 16, 16 ], "texture": "#Voxel-FFF5C5" },
				"west": { "uv": [ 0, 0, 16, 16 ], "texture": "#Voxel-FFF5C5" },
				"east": { "uv": [ 0, 0, 16, 16 ], "texture": "#Voxel-FFF5C5" }
			}
		},
		{
			"__comment": "Voxel-FFF5C5",
			"from": [ 0.75, 9.75, 0.5 ],
			"to": [ 1.25, 10.25, 1 ],
			"faces": {
				"down": { "uv": [ 0, 0, 16, 16 ], "texture": "#Voxel-FFF5C5" },
				"up": { "uv": [ 0, 0, 16, 16 ], "texture": "#Voxel-FFF5C5" },
				"north": { "uv": [ 0, 0, 16, 16 ], "texture": "#Voxel-FFF5C5" },
				"south": { "uv": [ 0, 0, 16, 16 ], "texture": "#Voxel-FFF5C5" },
				"west": { "uv": [ 0, 0, 16, 16 ], "texture": "#Voxel-FFF5C5" },
				"east": { "uv": [ 0, 0, 16, 16 ], "texture": "#Voxel-FFF5C5" }
			}
		},
		{
			"__comment": "Voxel-FFF5C5",
			"from": [ 0.75, 9.75, 1 ],
			"to": [ 1.25, 10.25, 1.5 ],
			"faces": {
				"down": { "uv": [ 0, 0, 16, 16 ], "texture": "#Voxel-FFF5C5" },
				"up": { "uv": [ 0, 0, 16, 16 ], "texture": "#Voxel-FFF5C5" },
				"north": { "uv": [ 0, 0, 16, 16 ], "texture": "#Voxel-FFF5C5" },
				"south": { "uv": [ 0, 0, 16, 16 ], "texture": "#Voxel-FFF5C5" },
				"west": { "uv": [ 0, 0, 16, 16 ], "texture": "#Voxel-FFF5C5" },
				"east": { "uv": [ 0, 0, 16, 16 ], "texture": "#Voxel-FFF5C5" }
			}
		},
		{
			"__comment": "Voxel-FFF5C5",
			"from": [ 0.75, 9.75, 1.5 ],
			"to": [ 1.25, 10.25, 2 ],
			"faces": {
				"down": { "uv": [ 0, 0, 16, 16 ], "texture": "#Voxel-FFF5C5" },
				"up": { "uv": [ 0, 0, 16, 16 ], "texture": "#Voxel-FFF5C5" },
				"north": { "uv": [ 0, 0, 16, 16 ], "texture": "#Voxel-FFF5C5" },
				"south": { "uv": [ 0, 0, 16, 16 ], "texture": "#Voxel-FFF5C5" },
				"west": { "uv": [ 0, 0, 16, 16 ], "texture": "#Voxel-FFF5C5" },
				"east": { "uv": [ 0, 0, 16, 16 ], "texture": "#Voxel-FFF5C5" }
			}
		},
		{
			"__comment": "Voxel-FFF5C5",
			"from": [ 0.75, 9.75, 2 ],
			"to": [ 1.25, 10.25, 2.5 ],
			"faces": {
				"down": { "uv": [ 0, 0, 16, 16 ], "texture": "#Voxel-FFF5C5" },
				"up": { "uv": [ 0, 0, 16, 16 ], "texture": "#Voxel-FFF5C5" },
				"north": { "uv": [ 0, 0, 16, 16 ], "texture": "#Voxel-FFF5C5" },
				"south": { "uv": [ 0, 0, 16, 16 ], "texture": "#Voxel-FFF5C5" },
				"west": { "uv": [ 0, 0, 16, 16 ], "texture": "#Voxel-FFF5C5" },
				"east": { "uv": [ 0, 0, 16, 16 ], "texture": "#Voxel-FFF5C5" }
			}
		},
		{
			"__comment": "Voxel-FFF5C5",
			"from": [ 0.75, 9.75, 2.5 ],
			"to": [ 1.25, 10.25, 3 ],
			"faces": {
				"down": { "uv": [ 0, 0, 16, 16 ], "texture": "#Voxel-FFF5C5" },
				"up": { "uv": [ 0, 0, 16, 16 ], "texture": "#Voxel-FFF5C5" },
				"north": { "uv": [ 0, 0, 16, 16 ], "texture": "#Voxel-FFF5C5" },
				"south": { "uv": [ 0, 0, 16, 16 ], "texture": "#Voxel-FFF5C5" },
				"west": { "uv": [ 0, 0, 16, 16 ], "texture": "#Voxel-FFF5C5" },
				"east": { "uv": [ 0, 0, 16, 16 ], "texture": "#Voxel-FFF5C5" }
			}
		},
		{
			"__comment": "Voxel-FFF5C5",
			"from": [ 0.75, 9.75, 3 ],
			"to": [ 1.25, 10.25, 3.5 ],
			"faces": {
				"down": { "uv": [ 0, 0, 16, 16 ], "texture": "#Voxel-FFF5C5" },
				"up": { "uv": [ 0, 0, 16, 16 ], "texture": "#Voxel-FFF5C5" },
				"north": { "uv": [ 0, 0, 16, 16 ], "texture": "#Voxel-FFF5C5" },
				"south": { "uv": [ 0, 0, 16, 16 ], "texture": "#Voxel-FFF5C5" },
				"west": { "uv": [ 0, 0, 16, 16 ], "texture": "#Voxel-FFF5C5" },
				"east": { "uv": [ 0, 0, 16, 16 ], "texture": "#Voxel-FFF5C5" }
			}
		},
		{
			"__comment": "Voxel-FFF5C5",
			"from": [ 0.75, 9.75, 3.5 ],
			"to": [ 1.25, 10.25, 4 ],
			"faces": {
				"down": { "uv": [ 0, 0, 16, 16 ], "texture": "#Voxel-FFF5C5" },
				"up": { "uv": [ 0, 0, 16, 16 ], "texture": "#Voxel-FFF5C5" },
				"north": { "uv": [ 0, 0, 16, 16 ], "texture": "#Voxel-FFF5C5" },
				"south": { "uv": [ 0, 0, 16, 16 ], "texture": "#Voxel-FFF5C5" },
				"west": { "uv": [ 0, 0, 16, 16 ], "texture": "#Voxel-FFF5C5" },
				"east": { "uv": [ 0, 0, 16, 16 ], "texture": "#Voxel-FFF5C5" }
			}
		},
		{
			"__comment": "Voxel-FFF5C5",
			"from": [ 0.75, 9.75, 4 ],
			"to": [ 1.25, 10.25, 4.5 ],
			"faces": {
				"down": { "uv": [ 0, 0, 16, 16 ], "texture": "#Voxel-FFF5C5" },
				"up": { "uv": [ 0, 0, 16, 16 ], "texture": "#Voxel-FFF5C5" },
				"north": { "uv": [ 0, 0, 16, 16 ], "texture": "#Voxel-FFF5C5" },
				"south": { "uv": [ 0, 0, 16, 16 ], "texture": "#Voxel-FFF5C5" },
				"west": { "uv": [ 0, 0, 16, 16 ], "texture": "#Voxel-FFF5C5" },
				"east": { "uv": [ 0, 0, 16, 16 ], "texture": "#Voxel-FFF5C5" }
			}
		},
		{
			"__comment": "Voxel-FFF5C5",
			"from": [ 0.75, 9.75, 4.5 ],
			"to": [ 1.25, 10.25, 5 ],
			"faces": {
				"down": { "uv": [ 0, 0, 16, 16 ], "texture": "#Voxel-FFF5C5" },
				"up": { "uv": [ 0, 0, 16, 16 ], "texture": "#Voxel-FFF5C5" },
				"north": { "uv": [ 0, 0, 16, 16 ], "texture": "#Voxel-FFF5C5" },
				"south": { "uv": [ 0, 0, 16, 16 ], "texture": "#Voxel-FFF5C5" },
				"west": { "uv": [ 0, 0, 16, 16 ], "texture": "#Voxel-FFF5C5" },
				"east": { "uv": [ 0, 0, 16, 16 ], "texture": "#Voxel-FFF5C5" }
			}
		},
		{
			"__comment": "Voxel-FFF5C5",
			"from": [ 14.75, 7.75, 0 ],
			"to": [ 15.25, 8.25, 0.5 ],
			"faces": {
				"down": { "uv": [ 0, 0, 16, 16 ], "texture": "#Voxel-FFF5C5" },
				"up": { "uv": [ 0, 0, 16, 16 ], "texture": "#Voxel-FFF5C5" },
				"north": { "uv": [ 0, 0, 16, 16 ], "texture": "#Voxel-FFF5C5" },
				"south": { "uv": [ 0, 0, 16, 16 ], "texture": "#Voxel-FFF5C5" },
				"west": { "uv": [ 0, 0, 16, 16 ], "texture": "#Voxel-FFF5C5" },
				"east": { "uv": [ 0, 0, 16, 16 ], "texture": "#Voxel-FFF5C5" }
			}
		},
		{
			"__comment": "Voxel-FFF5C5",
			"from": [ 14.75, 7.75, 0.5 ],
			"to": [ 15.25, 8.25, 1 ],
			"faces": {
				"down": { "uv": [ 0, 0, 16, 16 ], "texture": "#Voxel-FFF5C5" },
				"up": { "uv": [ 0, 0, 16, 16 ], "texture": "#Voxel-FFF5C5" },
				"north": { "uv": [ 0, 0, 16, 16 ], "texture": "#Voxel-FFF5C5" },
				"south": { "uv": [ 0, 0, 16, 16 ], "texture": "#Voxel-FFF5C5" },
				"west": { "uv": [ 0, 0, 16, 16 ], "texture": "#Voxel-FFF5C5" },
				"east": { "uv": [ 0, 0, 16, 16 ], "texture": "#Voxel-FFF5C5" }
			}
		},
		{
			"__comment": "Voxel-FFF5C5",
			"from": [ 14.75, 7.75, 1 ],
			"to": [ 15.25, 8.25, 1.5 ],
			"faces": {
				"down": { "uv": [ 0, 0, 16, 16 ], "texture": "#Voxel-FFF5C5" },
				"up": { "uv": [ 0, 0, 16, 16 ], "texture": "#Voxel-FFF5C5" },
				"north": { "uv": [ 0, 0, 16, 16 ], "texture": "#Voxel-FFF5C5" },
				"south": { "uv": [ 0, 0, 16, 16 ], "texture": "#Voxel-FFF5C5" },
				"west": { "uv": [ 0, 0, 16, 16 ], "texture": "#Voxel-FFF5C5" },
				"east": { "uv": [ 0, 0, 16, 16 ], "texture": "#Voxel-FFF5C5" }
			}
		},
		{
			"__comment": "Voxel-FFF5C5",
			"from": [ 14.75, 7.75, 1.5 ],
			"to": [ 15.25, 8.25, 2 ],
			"faces": {
				"down": { "uv": [ 0, 0, 16, 16 ], "texture": "#Voxel-FFF5C5" },
				"up": { "uv": [ 0, 0, 16, 16 ], "texture": "#Voxel-FFF5C5" },
				"north": { "uv": [ 0, 0, 16, 16 ], "texture": "#Voxel-FFF5C5" },
				"south": { "uv": [ 0, 0, 16, 16 ], "texture": "#Voxel-FFF5C5" },
				"west": { "uv": [ 0, 0, 16, 16 ], "texture": "#Voxel-FFF5C5" },
				"east": { "uv": [ 0, 0, 16, 16 ], "texture": "#Voxel-FFF5C5" }
			}
		},
		{
			"__comment": "Voxel-FFF5C5",
			"from": [ 14.75, 8.25, -0.5 ],
			"to": [ 15.25, 8.75, 0 ],
			"faces": {
				"down": { "uv": [ 0, 0, 16, 16 ], "texture": "#Voxel-FFF5C5" },
				"up": { "uv": [ 0, 0, 16, 16 ], "texture": "#Voxel-FFF5C5" },
				"north": { "uv": [ 0, 0, 16, 16 ], "texture": "#Voxel-FFF5C5" },
				"south": { "uv": [ 0, 0, 16, 16 ], "texture": "#Voxel-FFF5C5" },
				"west": { "uv": [ 0, 0, 16, 16 ], "texture": "#Voxel-FFF5C5" },
				"east": { "uv": [ 0, 0, 16, 16 ], "texture": "#Voxel-FFF5C5" }
			}
		},
		{
			"__comment": "Voxel-FFF5C5",
			"from": [ 14.75, 8.25, 2 ],
			"to": [ 15.25, 8.75, 2.5 ],
			"faces": {
				"down": { "uv": [ 0, 0, 16, 16 ], "texture": "#Voxel-FFF5C5" },
				"up": { "uv": [ 0, 0, 16, 16 ], "texture": "#Voxel-FFF5C5" },
				"north": { "uv": [ 0, 0, 16, 16 ], "texture": "#Voxel-FFF5C5" },
				"south": { "uv": [ 0, 0, 16, 16 ], "texture": "#Voxel-FFF5C5" },
				"west": { "uv": [ 0, 0, 16, 16 ], "texture": "#Voxel-FFF5C5" },
				"east": { "uv": [ 0, 0, 16, 16 ], "texture": "#Voxel-FFF5C5" }
			}
		},
		{
			"__comment": "Voxel-FFF5C5",
			"from": [ 14.75, 8.25, 2.5 ],
			"to": [ 15.25, 8.75, 3 ],
			"faces": {
				"down": { "uv": [ 0, 0, 16, 16 ], "texture": "#Voxel-FFF5C5" },
				"up": { "uv": [ 0, 0, 16, 16 ], "texture": "#Voxel-FFF5C5" },
				"north": { "uv": [ 0, 0, 16, 16 ], "texture": "#Voxel-FFF5C5" },
				"south": { "uv": [ 0, 0, 16, 16 ], "texture": "#Voxel-FFF5C5" },
				"west": { "uv": [ 0, 0, 16, 16 ], "texture": "#Voxel-FFF5C5" },
				"east": { "uv": [ 0, 0, 16, 16 ], "texture": "#Voxel-FFF5C5" }
			}
		},
		{
			"__comment": "Voxel-FFF5C5",
			"from": [ 14.75, 8.75, 0 ],
			"to": [ 15.25, 9.25, 0.5 ],
			"faces": {
				"down": { "uv": [ 0, 0, 16, 16 ], "texture": "#Voxel-FFF5C5" },
				"up": { "uv": [ 0, 0, 16, 16 ], "texture": "#Voxel-FFF5C5" },
				"north": { "uv": [ 0, 0, 16, 16 ], "texture": "#Voxel-FFF5C5" },
				"south": { "uv": [ 0, 0, 16, 16 ], "texture": "#Voxel-FFF5C5" },
				"west": { "uv": [ 0, 0, 16, 16 ], "texture": "#Voxel-FFF5C5" },
				"east": { "uv": [ 0, 0, 16, 16 ], "texture": "#Voxel-FFF5C5" }
			}
		},
		{
			"__comment": "Voxel-FFF5C5",
			"from": [ 14.75, 8.75, 3 ],
			"to": [ 15.25, 9.25, 3.5 ],
			"faces": {
				"down": { "uv": [ 0, 0, 16, 16 ], "texture": "#Voxel-FFF5C5" },
				"up": { "uv": [ 0, 0, 16, 16 ], "texture": "#Voxel-FFF5C5" },
				"north": { "uv": [ 0, 0, 16, 16 ], "texture": "#Voxel-FFF5C5" },
				"south": { "uv": [ 0, 0, 16, 16 ], "texture": "#Voxel-FFF5C5" },
				"west": { "uv": [ 0, 0, 16, 16 ], "texture": "#Voxel-FFF5C5" },
				"east": { "uv": [ 0, 0, 16, 16 ], "texture": "#Voxel-FFF5C5" }
			}
		},
		{
			"__comment": "Voxel-FFF5C5",
			"from": [ 14.75, 8.75, 3.5 ],
			"to": [ 15.25, 9.25, 4 ],
			"faces": {
				"down": { "uv": [ 0, 0, 16, 16 ], "texture": "#Voxel-FFF5C5" },
				"up": { "uv": [ 0, 0, 16, 16 ], "texture": "#Voxel-FFF5C5" },
				"north": { "uv": [ 0, 0, 16, 16 ], "texture": "#Voxel-FFF5C5" },
				"south": { "uv": [ 0, 0, 16, 16 ], "texture": "#Voxel-FFF5C5" },
				"west": { "uv": [ 0, 0, 16, 16 ], "texture": "#Voxel-FFF5C5" },
				"east": { "uv": [ 0, 0, 16, 16 ], "texture": "#Voxel-FFF5C5" }
			}
		},
		{
			"__comment": "Voxel-FFF5C5",
			"from": [ 14.75, 9.25, 0.5 ],
			"to": [ 15.25, 9.75, 1 ],
			"faces": {
				"down": { "uv": [ 0, 0, 16, 16 ], "texture": "#Voxel-FFF5C5" },
				"up": { "uv": [ 0, 0, 16, 16 ], "texture": "#Voxel-FFF5C5" },
				"north": { "uv": [ 0, 0, 16, 16 ], "texture": "#Voxel-FFF5C5" },
				"south": { "uv": [ 0, 0, 16, 16 ], "texture": "#Voxel-FFF5C5" },
				"west": { "uv": [ 0, 0, 16, 16 ], "texture": "#Voxel-FFF5C5" },
				"east": { "uv": [ 0, 0, 16, 16 ], "texture": "#Voxel-FFF5C5" }
			}
		},
		{
			"__comment": "Voxel-FFF5C5",
			"from": [ 14.75, 9.25, 4 ],
			"to": [ 15.25, 9.75, 4.5 ],
			"faces": {
				"down": { "uv": [ 0, 0, 16, 16 ], "texture": "#Voxel-FFF5C5" },
				"up": { "uv": [ 0, 0, 16, 16 ], "texture": "#Voxel-FFF5C5" },
				"north": { "uv": [ 0, 0, 16, 16 ], "texture": "#Voxel-FFF5C5" },
				"south": { "uv": [ 0, 0, 16, 16 ], "texture": "#Voxel-FFF5C5" },
				"west": { "uv": [ 0, 0, 16, 16 ], "texture": "#Voxel-FFF5C5" },
				"east": { "uv": [ 0, 0, 16, 16 ], "texture": "#Voxel-FFF5C5" }
			}
		},
		{
			"__comment": "Voxel-FFF5C5",
			"from": [ 14.75, 9.75, 0.5 ],
			"to": [ 15.25, 10.25, 1 ],
			"faces": {
				"down": { "uv": [ 0, 0, 16, 16 ], "texture": "#Voxel-FFF5C5" },
				"up": { "uv": [ 0, 0, 16, 16 ], "texture": "#Voxel-FFF5C5" },
				"north": { "uv": [ 0, 0, 16, 16 ], "texture": "#Voxel-FFF5C5" },
				"south": { "uv": [ 0, 0, 16, 16 ], "texture": "#Voxel-FFF5C5" },
				"west": { "uv": [ 0, 0, 16, 16 ], "texture": "#Voxel-FFF5C5" },
				"east": { "uv": [ 0, 0, 16, 16 ], "texture": "#Voxel-FFF5C5" }
			}
		},
		{
			"__comment": "Voxel-FFF5C5",
			"from": [ 14.75, 9.75, 1 ],
			"to": [ 15.25, 10.25, 1.5 ],
			"faces": {
				"down": { "uv": [ 0, 0, 16, 16 ], "texture": "#Voxel-FFF5C5" },
				"up": { "uv": [ 0, 0, 16, 16 ], "texture": "#Voxel-FFF5C5" },
				"north": { "uv": [ 0, 0, 16, 16 ], "texture": "#Voxel-FFF5C5" },
				"south": { "uv": [ 0, 0, 16, 16 ], "texture": "#Voxel-FFF5C5" },
				"west": { "uv": [ 0, 0, 16, 16 ], "texture": "#Voxel-FFF5C5" },
				"east": { "uv": [ 0, 0, 16, 16 ], "texture": "#Voxel-FFF5C5" }
			}
		},
		{
			"__comment": "Voxel-FFF5C5",
			"from": [ 14.75, 9.75, 1.5 ],
			"to": [ 15.25, 10.25, 2 ],
			"faces": {
				"down": { "uv": [ 0, 0, 16, 16 ], "texture": "#Voxel-FFF5C5" },
				"up": { "uv": [ 0, 0, 16, 16 ], "texture": "#Voxel-FFF5C5" },
				"north": { "uv": [ 0, 0, 16, 16 ], "texture": "#Voxel-FFF5C5" },
				"south": { "uv": [ 0, 0, 16, 16 ], "texture": "#Voxel-FFF5C5" },
				"west": { "uv": [ 0, 0, 16, 16 ], "texture": "#Voxel-FFF5C5" },
				"east": { "uv": [ 0, 0, 16, 16 ], "texture": "#Voxel-FFF5C5" }
			}
		},
		{
			"__comment": "Voxel-FFF5C5",
			"from": [ 14.75, 9.75, 2 ],
			"to": [ 15.25, 10.25, 2.5 ],
			"faces": {
				"down": { "uv": [ 0, 0, 16, 16 ], "texture": "#Voxel-FFF5C5" },
				"up": { "uv": [ 0, 0, 16, 16 ], "texture": "#Voxel-FFF5C5" },
				"north": { "uv": [ 0, 0, 16, 16 ], "texture": "#Voxel-FFF5C5" },
				"south": { "uv": [ 0, 0, 16, 16 ], "texture": "#Voxel-FFF5C5" },
				"west": { "uv": [ 0, 0, 16, 16 ], "texture": "#Voxel-FFF5C5" },
				"east": { "uv": [ 0, 0, 16, 16 ], "texture": "#Voxel-FFF5C5" }
			}
		},
		{
			"__comment": "Voxel-FFF5C5",
			"from": [ 14.75, 9.75, 2.5 ],
			"to": [ 15.25, 10.25, 3 ],
			"faces": {
				"down": { "uv": [ 0, 0, 16, 16 ], "texture": "#Voxel-FFF5C5" },
				"up": { "uv": [ 0, 0, 16, 16 ], "texture": "#Voxel-FFF5C5" },
				"north": { "uv": [ 0, 0, 16, 16 ], "texture": "#Voxel-FFF5C5" },
				"south": { "uv": [ 0, 0, 16, 16 ], "texture": "#Voxel-FFF5C5" },
				"west": { "uv": [ 0, 0, 16, 16 ], "texture": "#Voxel-FFF5C5" },
				"east": { "uv": [ 0, 0, 16, 16 ], "texture": "#Voxel-FFF5C5" }
			}
		},
		{
			"__comment": "Voxel-FFF5C5",
			"from": [ 14.75, 9.75, 3 ],
			"to": [ 15.25, 10.25, 3.5 ],
			"faces": {
				"down": { "uv": [ 0, 0, 16, 16 ], "texture": "#Voxel-FFF5C5" },
				"up": { "uv": [ 0, 0, 16, 16 ], "texture": "#Voxel-FFF5C5" },
				"north": { "uv": [ 0, 0, 16, 16 ], "texture": "#Voxel-FFF5C5" },
				"south": { "uv": [ 0, 0, 16, 16 ], "texture": "#Voxel-FFF5C5" },
				"west": { "uv": [ 0, 0, 16, 16 ], "texture": "#Voxel-FFF5C5" },
				"east": { "uv": [ 0, 0, 16, 16 ], "texture": "#Voxel-FFF5C5" }
			}
		},
		{
			"__comment": "Voxel-FFF5C5",
			"from": [ 14.75, 9.75, 3.5 ],
			"to": [ 15.25, 10.25, 4 ],
			"faces": {
				"down": { "uv": [ 0, 0, 16, 16 ], "texture": "#Voxel-FFF5C5" },
				"up": { "uv": [ 0, 0, 16, 16 ], "texture": "#Voxel-FFF5C5" },
				"north": { "uv": [ 0, 0, 16, 16 ], "texture": "#Voxel-FFF5C5" },
				"south": { "uv": [ 0, 0, 16, 16 ], "texture": "#Voxel-FFF5C5" },
				"west": { "uv": [ 0, 0, 16, 16 ], "texture": "#Voxel-FFF5C5" },
				"east": { "uv": [ 0, 0, 16, 16 ], "texture": "#Voxel-FFF5C5" }
			}
		},
		{
			"__comment": "Voxel-FFF5C5",
			"from": [ 14.75, 9.75, 4 ],
			"to": [ 15.25, 10.25, 4.5 ],
			"faces": {
				"down": { "uv": [ 0, 0, 16, 16 ], "texture": "#Voxel-FFF5C5" },
				"up": { "uv": [ 0, 0, 16, 16 ], "texture": "#Voxel-FFF5C5" },
				"north": { "uv": [ 0, 0, 16, 16 ], "texture": "#Voxel-FFF5C5" },
				"south": { "uv": [ 0, 0, 16, 16 ], "texture": "#Voxel-FFF5C5" },
				"west": { "uv": [ 0, 0, 16, 16 ], "texture": "#Voxel-FFF5C5" },
				"east": { "uv": [ 0, 0, 16, 16 ], "texture": "#Voxel-FFF5C5" }
			}
		},
		{
			"__comment": "Voxel-FFF5C5",
			"from": [ 14.75, 9.75, 4.5 ],
			"to": [ 15.25, 10.25, 5 ],
			"faces": {
				"down": { "uv": [ 0, 0, 16, 16 ], "texture": "#Voxel-FFF5C5" },
				"up": { "uv": [ 0, 0, 16, 16 ], "texture": "#Voxel-FFF5C5" },
				"north": { "uv": [ 0, 0, 16, 16 ], "texture": "#Voxel-FFF5C5" },
				"south": { "uv": [ 0, 0, 16, 16 ], "texture": "#Voxel-FFF5C5" },
				"west": { "uv": [ 0, 0, 16, 16 ], "texture": "#Voxel-FFF5C5" },
				"east": { "uv": [ 0, 0, 16, 16 ], "texture": "#Voxel-FFF5C5" }
			}
		}
	],
	"display": {
		"thirdperson_righthand": {
			"rotation":  [ 0, 45, 119 ],
			"translation":  [ 0, -2.369, 3.4782 ],
			"scale":  [ 0.201, 0.5141, 0.375 ]
		},
		"thirdperson_lefthand": {
			"rotation":  [ 0, 45, 119 ],
			"translation":  [ 0, -2.369, 3.4782 ],
			"scale":  [ 0.201, 0.5141, 0.375 ]
		},
		"firstperson_righthand": {
			"rotation":  [ 44, 31, -8 ],
			"translation":  [ 11.826, 3.4774, 3.4782 ]
		},
		"firstperson_lefthand": {
			"rotation":  [ 44, 31, -8 ],
			"translation":  [ 11.826, 3.4774, 3.4782 ]
		},
		"gui": {
			"rotation":  [ 28, 124, 0 ],
			"translation":  [ 4.1739, 7.6521, 0 ]
		},
		"head": {
			"translation":  [ 0, -1.391, 11.129 ],
			"scale":  [ 1.0259, 1.1304, 1.6173 ]
		},
		"ground": {
			"translation":  [ 0.6956, 13.913, 7.6514 ]
		},
		"fixed": {
			"rotation":  [ 0, 88, 0 ],
			"translation":  [ 5.5652, 6.9565, 4.8695 ]
		}
	}
}