{
	"__comment": "Designed by Zeibo with Cubik Studio - https://cubik.studio",
	"textures": {
		"particle": "blocks/stun",
		"texture": "skills/stun"
	},
	"elements": [ 	 
		{
			"__comment": "PlaneZ1",
			"from": [ 8.124, 0, 0 ],
			"to": [ 8.125, 16, 16 ],
			"faces": {
				"west": { "uv": [ 0, 0, 16, 16 ], "texture": "#texture" },
				"east": { "uv": [ 0, 0, 16, 16 ], "texture": "#texture" }
			}
		},
		{
			"__comment": "PlaneZ1",
			"from": [ 0, 0, 8 ],
			"to": [ 16, 16, 8.001 ],
			"faces": {
				"north": { "uv": [ 0, 0, 16, 16 ], "texture": "#texture" },
				"south": { "uv": [ 0, 0, 16, 16 ], "texture": "#texture" }
			}
		}
	],
	"display": {
		"head": {
			"rotation":  [ 90, 0, 0 ],
			"translation":  [ 0, -5, 0 ],
			"scale":  [ 2, 2, 2 ]
		}
	}
}