{
	"__comment": "Designed by Zeibo with Cubik Studio - https://cubik.studio",
	"textures": {
		"texture": "etarmors/fire",
		"texture1": "armor/warrior/red_copper/red_copper_furry"
	},
	"elements": [ 	 
		{
			"__comment": "Box23",
			"from": [ 0, 0, 0 ],
			"to": [ 17.3, 17.3, 17.3 ],
			"faces": {
				"down": { "uv": [ 0, 0, 4, 4 ], "texture": "#texture1" },
				"up": { "uv": [ 4, 0, 8, 4 ], "texture": "#texture1" },
				"north": { "uv": [ 12, 4, 16, 8 ], "texture": "#texture1" },
				"south": { "uv": [ 4, 4, 8, 8 ], "texture": "#texture1" },
				"west": { "uv": [ 0, 4, 4, 8 ], "texture": "#texture1" },
				"east": { "uv": [ 8, 4, 12, 8 ], "texture": "#texture1" }
			}
		},
		{
			"__comment": "Box8",
			"from": [ 0, 0, 0 ],
			"to": [ 16, 16, 16 ],
			"faces": {
				"north": { "uv": [ 0, 0, 8, 4 ], "texture": "#texture" },
				"south": { "uv": [ 0, 0, 8, 4 ], "texture": "#texture" },
				"west": { "uv": [ 0, 0, 8, 4 ], "texture": "#texture" },
				"east": { "uv": [ 0, 0, 8, 4 ], "texture": "#texture" }
			}
		},
		{
			"__comment": "Box8",
			"from": [ -0.875, -1.125, -1 ],
			"to": [ 17.125, 16.875, 17 ],
			"faces": {
				"north": { "uv": [ 8, 0, 16, 4 ], "texture": "#texture" },
				"south": { "uv": [ 8, 0, 16, 4 ], "texture": "#texture" },
				"west": { "uv": [ 8, 0, 16, 4 ], "texture": "#texture" },
				"east": { "uv": [ 8, 0, 16, 4 ], "texture": "#texture" }
			}
		}
	],
	"display": {
		"thirdperson_righthand": {
			"rotation":  [ 75, 45, 0 ],
			"translation":  [ 0, -1.673, 0 ],
			"scale":  [ 0.375, 0.375, 0.375 ]
		},
		"firstperson_righthand": {
			"rotation":  [ 0, 45, 0 ],
			"scale":  [ 0.4, 0.4, 0.4 ]
		},
		"gui": {
			"translation":  [ 0, 1.3912, 0 ]
		},
		"head": {
			"rotation":  [ 0, 180, 0 ],
			"translation":  [ 0, -1.391, 0 ],
			"scale":  [ 0.9, 0.9, 0.9 ]
		}
	}
}