{
	"parent": "item/generated",
	"textures": {
		"layer0": "items/bow_standby"
    },
    "overrides": [
{ "predicate": {"pulling": 0, "damaged": 0, "damage": 0.0025974025974025974}, "model": "item/bow/skymoon"},
{ "predicate": {"pulling": 1, "damaged": 0, "damage": 0.0025974025974025974}, "model": "item/bow/skymoon_0"},
{ "predicate": {"pulling": 1, "pull": 0.65, "damaged": 0, "damage": 0.0025974025974025974}, "model": "item/bow/skymoon_1"},
{ "predicate": {"pulling": 1, "pull": 0.9, "damaged": 0, "damage": 0.0025974025974025974}, "model": "item/bow/skymoon_2"}]
}