{
    "parent": "item/handheld",
    "textures": {
        "layer0": "items/diamond_hoe"
    },
	"overrides": [
		{ "predicate": { "damaged": 1, "damage": 0.00064061499}, "model": "item/monster/succubus01"},		
		{ "predicate": { "damaged": 1, "damage": 0.00128122998}, "model": "item/monster/succubus02"},	
		{ "predicate": { "damaged": 1, "damage": 0.00192184497}, "model": "item/monster/succubus03"},	
		{ "predicate": { "damaged": 1, "damage": 0.00256245996}, "model": "item/monster/succubus04"},	
		{ "predicate": { "damaged": 1, "damage": 0.00320307495}, "model": "item/monster/succubus05"},	
		{ "predicate": { "damaged": 1, "damage": 0.00384368994}, "model": "item/monster/succubus06"},	
		{ "predicate": { "damaged": 1, "damage": 0.00448430493}, "model": "item/monster/succubus07"},	
		{ "predicate": { "damaged": 1, "damage": 0.00512491992}, "model": "item/monster/succubus08"},	
		{ "predicate": { "damaged": 1, "damage": 0.00576553491}, "model": "item/monster/succubus09"},	
		{ "predicate": { "damaged": 1, "damage": 0.0064061499}, "model": "item/monster/succubus10"},

		{ "predicate": { "damaged": 1, "damage": 0.00704676489}, "model": "item/monster/succubus11"},	
		{ "predicate": { "damaged": 1, "damage": 0.00768737988}, "model": "item/monster/succubus12"},	
		{ "predicate": { "damaged": 1, "damage": 0.00832799487}, "model": "item/monster/succubus13"},	
		{ "predicate": { "damaged": 1, "damage": 0.00896860986}, "model": "item/Light_Circle"},	
		{ "predicate": { "damaged": 1, "damage": 0.00960922485}, "model": "item/fish/salmon_m01"},	
		{ "predicate": { "damaged": 1, "damage": 0.01024983984}, "model": "item/fish/salmon_m02"},	
		{ "predicate": { "damaged": 1, "damage": 0.01089045483}, "model": "item/fish/salmon_m03"},	
		{ "predicate": { "damaged": 1, "damage": 0.01153106982}, "model": "item/fish/salmon_m04"},	
		{ "predicate": { "damaged": 1, "damage": 0.01217168481}, "model": "item/fish/salmon_m05"},	
		{ "predicate": { "damaged": 1, "damage": 0.0128122998}, "model": "item/fish/salmon_m06"},	

		{ "predicate": { "damaged": 1, "damage": 0.01345291479}, "model": "item/fish/salmon_m07"},	
		{ "predicate": { "damaged": 1, "damage": 0.01409352978}, "model": "item/fish/salmon_m08"},	
		{ "predicate": { "damaged": 1, "damage": 0.01473414477}, "model": "item/fish/salmon_m09"},	
		{ "predicate": { "damaged": 1, "damage": 0.01537475976}, "model": "item/fish/salmon_m010"},	
		{ "predicate": { "damaged": 1, "damage": 0.01601537475}, "model": "item/fish/salmon_m011"},	
		{ "predicate": { "damaged": 1, "damage": 0.01665598975}, "model": "item/fish/salmon_m012"},		
		{ "predicate": { "damaged": 1, "damage": 0.01729660474}, "model": "item/fish/salmon_m013"},	
		{ "predicate": { "damaged": 1, "damage": 0.01793721973}, "model": "item/fish/salmon_m014"},	
		{ "predicate": { "damaged": 1, "damage": 0.01857783472}, "model": "item/fish/salmon_m015"},	
		{ "predicate": { "damaged": 1, "damage": 0.01921844971}, "model": "item/fish/salmon_m016"},	
		
		{ "predicate": { "damaged": 1, "damage": 0.0198590647}, "model": "item/fish/salmon_m017"},	
		{ "predicate": { "damaged": 1, "damage": 0.02049967969}, "model": "item/fish/salmon_m018"},	
		{ "predicate": { "damaged": 1, "damage": 0.02114029468}, "model": "item/fish/salmon_m019"},	
		{ "predicate": { "damaged": 1, "damage": 0.02178090967}, "model": "item/fish/salmon_m020"},	
		{ "predicate": { "damaged": 1, "damage": 0.02242152466}, "model": "item/fish/salmon_m021"},	
		{ "predicate": { "damaged": 1, "damage": 0.02306213965}, "model": "item/fish/salmon_m022"},	
		{ "predicate": { "damaged": 1, "damage": 0.02370275464}, "model": "item/fish/salmon_m023"},	
		{ "predicate": { "damaged": 1, "damage": 0.02434336963}, "model": "item/fish/fish_m01"},	
		{ "predicate": { "damaged": 1, "damage": 0.02498398462}, "model": "item/fish/fish_m02"},	
		{ "predicate": { "damaged": 1, "damage": 0.02562459961}, "model": "item/fish/fish_m03"},	
		{ "predicate": { "damaged": 1, "damage": 0.0262652146}, "model": "item/fish/fish_m04"},	
		{ "predicate": { "damaged": 1, "damage": 0.02690582959}, "model": "item/fish/fish_m05"},	
		{ "predicate": { "damaged": 1, "damage": 0.02754644458}, "model": "item/fish/fish_m06"},	
		{ "predicate": { "damaged": 1, "damage": 0.02818705957}, "model": "item/fish/fish_m07"},	
		{ "predicate": { "damaged": 1, "damage": 0.02882767456}, "model": "item/fish/fish_m08"},	
		{ "predicate": { "damaged": 1, "damage": 0.02946828955}, "model": "item/fish/fish_m09"},	
		{ "predicate": { "damaged": 1, "damage": 0.03010890454}, "model": "item/fish/fish_m010"},	
		{ "predicate": { "damaged": 1, "damage": 0.03074951953}, "model": "item/fish/fish_m011"},	
		{ "predicate": { "damaged": 1, "damage": 0.03139013452}, "model": "item/fish/pufferfish_m01"},	
		{ "predicate": { "damaged": 1, "damage": 0.03203074951}, "model": "item/fish/pufferfish_m02"},	
		{ "predicate": { "damaged": 1, "damage": 0.0326713645}, "model": "item/fish/pufferfish_m03"},	
		{ "predicate": { "damaged": 1, "damage": 0.0333119795}, "model": "item/fish/pufferfish_m04"},	
		{ "predicate": { "damaged": 1, "damage": 0.03395259449}, "model": "item/fish/pufferfish_m05"},	
		{ "predicate": { "damaged": 1, "damage": 0.03459320948}, "model": "item/fish/pufferfish_m06"},	
		{ "predicate": { "damage": 0.03523382447}, "model": "item/fish/Polypterus"},	
		{ "predicate": { "damaged": 1, "damage": 0.03587443946}, "model": "item/fish/Polypterus_m01"},	
		{ "predicate": { "damaged": 1, "damage": 0.03651505445}, "model": "item/fish/Polypterus_m02"},	
		{ "predicate": { "damaged": 1, "damage": 0.03715566944}, "model": "item/fish/Polypterus_m03"},	
		{ "predicate": { "damaged": 1, "damage": 0.03779628443}, "model": "item/fish/Polypterus_m04"},	
		{ "predicate": { "damaged": 1, "damage": 0.03843689942}, "model": "item/fish/Polypterus_m05"},	
		{ "predicate": { "damaged": 1, "damage": 0.03907751441}, "model": "item/fish/Polypterus_m06"},	
		{ "predicate": { "damaged": 1, "damage": 0.0397181294}, "model": "item/fish/Polypterus_m07"},	
		{ "predicate": { "damaged": 1, "damage": 0.04035874439}, "model": "item/fish/Polypterus_m08"},	
		{ "predicate": { "damaged": 1, "damage": 0.04099935938}, "model": "item/fish/Polypterus_m09"},	
		{ "predicate": { "damaged": 1, "damage": 0.04163997437}, "model": "item/fish/Polypterus_m10"},	
		{ "predicate": { "damaged": 1, "damage": 0.04228058936}, "model": "item/fish/Polypterus_m11"},	
		{ "predicate": { "damaged": 1, "damage": 0.04292120435}, "model": "item/fish/Polypterus_m12"},	
		{ "predicate": { "damaged": 1, "damage": 0.04356181934}, "model": "item/fish/Polypterus_m13"},	
		{ "predicate": { "damaged": 1, "damage": 0.04420243433}, "model": "item/fish/Polypterus_m14"},	
		{ "predicate": { "damaged": 1, "damage": 0.04484304932}, "model": "item/fish/Polypterus_m15"},	
		{ "predicate": { "damaged": 1, "damage": 0.04548366431}, "model": "item/fish/Polypterus_m16"},	
		{ "predicate": { "damaged": 1, "damage": 0.0461242793}, "model": "item/fish/clownfish"},	
		{ "predicate": { "damaged": 1, "damage": 0.04676489429}, "model": "item/fish/Clownfish_m01"},	
		{ "predicate": { "damaged": 1, "damage": 0.04740550928}, "model": "item/fish/Clownfish_m02"},	
		{ "predicate": { "damaged": 1, "damage": 0.04804612427}, "model": "item/fish/Clownfish_m03"},	
		{ "predicate": { "damaged": 1, "damage": 0.04868673926}, "model": "item/fish/Clownfish_m04"},	
		{ "predicate": { "damaged": 1, "damage": 0.04932735426}, "model": "item/fish/Clownfish_m05"},	
		{ "predicate": { "damaged": 1, "damage": 0.04996796925}, "model": "item/fish/Clownfish_m06"},	
		{ "predicate": { "damaged": 1, "damage": 0.05060858424}, "model": "item/fish/Clownfish_m07"},	
		{ "predicate": { "damaged": 1, "damage": 0.05124919923}, "model": "item/fish/Clownfish_m08"},	
		{ "predicate": { "damaged": 1, "damage": 0.05188981422}, "model": "item/fish/Clownfish_m09"},	
		{ "predicate": { "damaged": 1, "damage": 0.05253042921}, "model": "item/fish/Clownfish_m10"},	
		{ "predicate": { "damaged": 1, "damage": 0.0531710442}, "model": "item/fish/Clownfish_m11"},	
		{ "predicate": { "damage": 0.05381165919}, "model": "item/fish/Lungfish"},	
		{ "predicate": { "damaged": 1, "damage": 0.05445227418}, "model": "item/fish/Lungfish_m01"},	
		{ "predicate": { "damaged": 1, "damage": 0.05509288917}, "model": "item/fish/Lungfish_m02"},	
		{ "predicate": { "damaged": 1, "damage": 0.05573350416}, "model": "item/fish/Lungfish_m03"},	
		{ "predicate": { "damaged": 1, "damage": 0.05637411915}, "model": "item/fish/Lungfish_m04"},	
		{ "predicate": { "damaged": 1, "damage": 0.05701473414}, "model": "item/fish/Lungfish_m05"},	
		{ "predicate": { "damaged": 1, "damage": 0.05765534913}, "model": "item/fish/Lungfish_m06"},	
		{ "predicate": { "damaged": 1, "damage": 0.05829596412}, "model": "item/fish/Lungfish_m07"},	
		{ "predicate": { "damaged": 1, "damage": 0.05893657911}, "model": "item/fish/Lungfish_m08"},	
		{ "predicate": { "damaged": 1, "damage": 0.0595771941}, "model": "item/fish/Lungfish_m09"},	
		{ "predicate": { "damaged": 1, "damage": 0.06021780909}, "model": "item/fish/Lungfish_m10"},	
		{ "predicate": { "damaged": 1, "damage": 0.06085842408}, "model": "item/fish/Lungfish_m11"},	
		{ "predicate": { "damaged": 1, "damage": 0.06149903907}, "model": "item/fish/Lungfish_m12"},
		{ "predicate": {"damage": 0.06213965406}, "model": "item/fish/Paracanthurus"},
		{ "predicate": {"damage": 0.06278026905}, "model": "item/fish/Paracanthurus_m"},	
		{ "predicate": {"damage": 0.06342088404}, "model": "item/fish/Devil Piranha"},	
		{ "predicate": {"damage": 0.06406149904}, "model": "item/fish/Devil Piranha_m01"},	
		{ "predicate": {"damage": 0.06470211402}, "model": "item/fish/Devil Piranha_m02"},	
		{ "predicate": {"damage": 0.06534272901}, "model": "item/111"},
		{ "predicate": {"damage": 0.06598334401}, "model": "item/BF/Cookiefish"},
		{ "predicate": {"damage": 0.066623959}, "model": "item/BF/Cookiefish_m"},
		{ "predicate": {"damage": 0.06790518898}, "model": "item/BF/Cookiefish_A1"},
		{ "predicate": {"damage": 0.06854580397}, "model": "item/BF/Cookiefish_A2"},
		{ "predicate": {"damage": 0.06918641896}, "model": "item/BF/Cookiefish_A3"},
		{ "predicate": {"damage": 0.06982703395}, "model": "item/plants/purplesun"},
		{ "predicate": {"damage": 0.07046764894}, "model": "item/bugs/butterfly"},
		{ "predicate": {"damage": 0.07110826393}, "model": "item/monster/yatana"},
		{ "predicate": {"damage": 0.07174887892}, "model": "item/monster/yatana_m01"},
		{ "predicate": {"damage": 0.07238949391}, "model": "item/monster/yatana_m02"},
		{ "predicate": {"damage": 0.0730301089}, "model": "item/monster/yatana_m03"},
		{ "predicate": {"damage": 0.07367072389}, "model": "item/monster/yatana_m04"},
		{ "predicate": {"damage": 0.07431133888}, "model": "item/monster/yatana_m05"},
		{ "predicate": {"damage": 0.07495195387}, "model": "item/monster/yatana_m06"},
		{ "predicate": {"damage": 0.07559256886}, "model": "item/BF/Donuts_m01"},
		{ "predicate": {"damage": 0.07623318385}, "model": "item/BF/Donuts_m02"},
		{ "predicate": {"damage": 0.07687379884}, "model": "item/BF/Donuts_m03"},
		{ "predicate": {"damage": 0.07751441383}, "model": "item/BF/Donuts_m04"},
		{ "predicate": {"damage": 0.07815502882}, "model": "item/BF/Donuts_m05"},
		{ "predicate": {"damage": 0.07879564381}, "model": "item/BF/Donuts_m06"},
		{ "predicate": {"damage": 0.0794362588}, "model": "item/BF/Donuts_m07"},
		{ "predicate": {"damage": 0.08007687379}, "model": "item/BF/Donuts_m08"},
		{ "predicate": {"damage": 0.08071748878}, "model": "item/skill/green_poison"},
		{ "predicate": {"damage": 0.08135810377}, "model": "item/mc/mc_blue"},
		{ "predicate": {"damage": 0.08199871877}, "model": "item/monster/helllord/helllord_head"},
		{ "predicate": {"damage": 0.08263933376}, "model": "item/monster/helllord/helllord_hand"},
		{ "predicate": {"damage": 0.08327994875}, "model": "item/monster/helllord/helllord_hand2"},


		{ "predicate": {"damage": 0.1928251121}, "model": "item/recipes/1"},
		{ "predicate": {"damage": 0.19346572709}, "model": "item/recipes/2"},
		{ "predicate": {"damage": 0.19410634208}, "model": "item/recipes/3"},
		{ "predicate": {"damage": 0.19474695707}, "model": "item/recipes/4"},
		{ "predicate": {"damage": 0.19538757206}, "model": "item/recipes/5"},
		{ "predicate": {"damage": 0.19602818706}, "model": "item/recipes/6"},
		{ "predicate": {"damage": 0.19666880205}, "model": "item/recipes/7"},
		{ "predicate": {"damage": 0.19730941704}, "model": "item/recipes/8"},
		{ "predicate": {"damage": 0.19795003203}, "model": "item/recipes/9"},
		{ "predicate": {"damage": 0.19859064702}, "model": "item/recipes/10"},
		{ "predicate": {"damage": 0.19923126201}, "model": "item/recipes/11"},
		{ "predicate": {"damage": 0.199871877}, "model": "item/recipes/12"},
		{ "predicate": {"damage": 0.20051249199}, "model": "item/recipes/13"},
		{ "predicate": {"damage": 0.20115310698}, "model": "item/recipes/14"},
		{ "predicate": {"damage": 0.20179372197}, "model": "item/recipes/15"},
		{ "predicate": {"damage": 0.20243433696}, "model": "item/recipes/16"},
		{ "predicate": {"damage": 0.20307495195}, "model": "item/recipes/17"},
		{ "predicate": {"damage": 0.20371556694}, "model": "item/recipes/18"},
		{ "predicate": {"damage": 0.20435618193}, "model": "item/recipes/19"},
		{ "predicate": {"damage": 0.20499679692}, "model": "item/recipes/20"},
		{ "predicate": {"damage": 0.20563741191}, "model": "item/recipes/21"},
		{ "predicate": {"damage": 0.2062780269}, "model": "item/recipes/22"},
		{ "predicate": {"damage": 0.20691864189}, "model": "item/recipes/23"},
		{ "predicate": {"damage": 0.20755925688}, "model": "item/recipes/24"},
		{ "predicate": {"damage": 0.20819987187}, "model": "item/recipes/25"},
		{ "predicate": {"damage": 0.20884048686}, "model": "item/recipes/26"},
		{ "predicate": {"damage": 0.20948110185}, "model": "item/recipes/27"},
		{ "predicate": {"damage": 0.21012171684}, "model": "item/recipes/28"},
		{ "predicate": {"damage": 0.21076233183}, "model": "item/recipes/29"},
		{ "predicate": {"damage": 0.21140294682}, "model": "item/recipes/30"},





		{ "predicate": {"damage": 0.32094811018}, "model": "item/mob_att/mob_att"},


		{ "predicate": {"damage": 0.48110185778}, "model": "item/custom/items/item751"},
		{ "predicate": {"damage": 0.48174247277}, "model": "item/custom/items/item752"},
		{ "predicate": {"damage": 0.48238308776}, "model": "item/custom/items/item753"},
		{ "predicate": {"damage": 0.48302370275}, "model": "item/custom/items/item754"},
		{ "predicate": {"damage": 0.48366431774}, "model": "item/custom/items/item755"},
		{ "predicate": {"damage": 0.48430493273}, "model": "item/custom/items/item756"},
		{ "predicate": {"damage": 0.48494554772}, "model": "item/custom/parts/item757"},
		{ "predicate": {"damage": 0.48558616271}, "model": "item/custom/parts/item758"},
		{ "predicate": {"damage": 0.4862267777}, "model": "item/custom/parts/item759"},
		{ "predicate": {"damage": 0.48686739269}, "model": "item/custom/parts/item760"},
		{ "predicate": {"damage": 0.48750800768}, "model": "item/custom/parts/item761"},
		{ "predicate": {"damage": 0.48814862267}, "model": "item/custom/parts/item762"},
		{ "predicate": {"damage": 0.48878923766}, "model": "item/custom/parts/item763"},
		{ "predicate": {"damage": 0.48942985265}, "model": "item/gera/elements/item764"},
		{ "predicate": {"damage": 0.49007046764}, "model": "item/gera/elements/item765"},
		{ "predicate": {"damage": 0.49071108263}, "model": "item/gera/elements/item766"},
		{ "predicate": {"damage": 0.49135169763}, "model": "item/gera/elements/item767"},
		{ "predicate": {"damage": 0.49199231262}, "model": "item/gera/elements/item768"},
		{ "predicate": {"damage": 0.49263292761}, "model": "item/gera/elements/item769"},
		{ "predicate": {"damage": 0.4932735426}, "model": "item/gera/elements/item770"},
		{ "predicate": {"damage": 0.49391415759}, "model": "item/gera/elements/item771"},
		{ "predicate": {"damage": 0.49455477258}, "model": "item/gera/elements/item772"},
		{ "predicate": {"damage": 0.49519538757}, "model": "item/gera/elements/item773"},
		{ "predicate": {"damage": 0.49583600256}, "model": "item/custom/parts/item774"},
		{ "predicate": {"damage": 0.49647661755}, "model": "item/custom/parts/item775"},
		{ "predicate": {"damage": 0.49711723254}, "model": "item/custom/parts/item776"},
		{ "predicate": {"damage": 0.49775784753}, "model": "item/custom/parts/item777"},
		{ "predicate": {"damage": 0.49839846252}, "model": "item/custom/parts/item778"},
		{ "predicate": {"damage": 0.49903907751}, "model": "item/custom/parts/item779"},
		{ "predicate": {"damage": 0.4996796925}, "model": "item/custom/parts/item780"},
		{ "predicate": {"damage": 0.50032030749}, "model": "item/custom/parts/item781"},
		{ "predicate": {"damage": 0.50096092248}, "model": "item/custom/items/item782"},

		{ "predicate": {"damage": 0.64125560538}, "model": "item/skill/pinson01"},

		
		{ "predicate": { "damage": 0.997}, "model": "item/aaa"}
	]
}