{
	"__comment": "Designed by Zeibo with Cubik Studio - https://cubik.studio",
	"textures": {
		"particle": "blocks/e_particle",
		"texture": "mobs/remain_guardian/remains_guardian_a"
	},
	"elements": [ 	 
		{
			"__comment": "Box1",
			"from": [ 7.125, 9.625, 7.125 ],
			"to": [ 9.125, 13.625, 9.125 ],
			"faces": {
				"down": { "uv": [ 0, 0, 2, 2 ], "texture": "#texture" },
				"up": { "uv": [ 0, 0, 2, 2 ], "texture": "#texture" },
				"north": { "uv": [ 0, 0, 2, 2 ], "texture": "#texture" },
				"south": { "uv": [ 0, 0, 2, 2 ], "texture": "#texture" },
				"west": { "uv": [ 0, 0, 2, 2 ], "texture": "#texture" },
				"east": { "uv": [ 0, 0, 2, 2 ], "texture": "#texture" }
			}
		},
		{
			"__comment": "Box1",
			"from": [ 7.3226, 2.9419, 7.25 ],
			"to": [ 8.822599, 9.9419, 8.75 ],
			"faces": {
				"down": { "uv": [ 0, 0, 2, 2 ], "texture": "#texture" },
				"up": { "uv": [ 0, 0, 2, 2 ], "texture": "#texture" },
				"north": { "uv": [ 0, 0, 2, 2 ], "texture": "#texture" },
				"south": { "uv": [ 0, 0, 2, 2 ], "texture": "#texture" },
				"west": { "uv": [ 0, 0, 2, 2 ], "texture": "#texture" },
				"east": { "uv": [ 0, 0, 2, 2 ], "texture": "#texture" }
			}
		},
		{
			"__comment": "Box61",
			"from": [ 7.0834, 3.5193, 7 ],
			"to": [ 9.0834, 8.0193, 9 ],
			"faces": {
				"down": { "uv": [ 0, 12, 4, 16 ], "texture": "#texture" },
				"up": { "uv": [ 8, 0, 12, 1.5 ], "texture": "#texture" },
				"north": { "uv": [ 8, 0, 12, 4 ], "texture": "#texture" },
				"south": { "uv": [ 8, 0, 12, 4 ], "texture": "#texture" },
				"west": { "uv": [ 8, 0, 12, 4 ], "texture": "#texture" },
				"east": { "uv": [ 8, 0, 12, 4 ], "texture": "#texture" }
			}
		}
	],
	"display": {
		"thirdperson_righthand": {
			"rotation":  [ 90, 0, 0 ],
			"translation":  [ 0, -1.86, 6.9565 ],
			"scale":  [ 1.5, 1.5, 1.5 ]
		},
		"thirdperson_lefthand": {
			"rotation":  [ 90, 0, 0 ],
			"translation":  [ 0, -1.86, 6.9565 ],
			"scale":  [ 1.5, 1.5, 1.5 ]
		}
	}
}