{
"__comment": "Designed by S9855027 with BDcraft Cubik PRO 0.96 Beta - http://bdcraft.net",
"textures": {
    "particle": "blocks/cobblestone",
    "texture": "blocks/cobblestone",
    "planks_oak": "blocks/planks_oak",
    "coal_block": "blocks/coal_block",
    "fire": "blocks/fire_layer_0",
    "fire2": "blocks/fire_layer_1"
},
"elements": [ 
{
    "from": [ 2, 0, 14.5 ],
    "to": [ 6, 4, 17 ],
    "rotation": { "origin": [ 2, 4, 14.5 ], "axis": "x", "angle": -22.5 },
    "faces": {
        "down":  { "uv": [ 14, 16, 10, 14.5 ], "texture": "#texture" },
        "up":    { "uv": [ 2, 14.5, 6, 16 ], "texture": "#texture" },
        "north": { "uv": [ 10, 0, 14, 3.5 ], "texture": "#texture" },
        "south": { "uv": [ 2, 0, 6, 3.5 ], "texture": "#texture" },
        "west":  { "uv": [ 14.5, 0, 16, 3.5 ], "texture": "#texture" },
        "east":  { "uv": [ 0, 0, 1.5, 3.5 ], "texture": "#texture" }
    }
},
{
    "from": [ 6, -1, 15 ],
    "to": [ 10, 3, 17.5 ],
    "faces": {
        "down":  { "uv": [ 10, 16, 6, 15 ], "texture": "#texture" },
        "up":    { "uv": [ 6, 15, 10, 16 ], "texture": "#texture" },
        "north": { "uv": [ 6, 13, 10, 16 ], "texture": "#texture" },
        "south": { "uv": [ 6, 13, 10, 16 ], "texture": "#texture" },
        "west":  { "uv": [ 15, 13, 16, 16 ], "texture": "#texture" },
        "east":  { "uv": [ 0, 13, 1, 16 ], "texture": "#texture" }
    }
},
{
    "from": [ 9.5, -1.5, 15.5 ],
    "to": [ 12.5, 2.5, 18.5 ],
    "rotation": { "origin": [ 9.5, -1.5, 15.5 ], "axis": "y", "angle": 22.5 },
    "faces": {
        "down":  { "uv": [ 4, 15.5, 1, 12.5 ], "texture": "#texture" },
        "up":    { "uv": [ 12, 12.5, 15, 15.5 ], "texture": "#texture" },
        "north": { "uv": [ 1, 0, 4, 1 ], "texture": "#texture" },
        "south": { "uv": [ 12, 0, 15, 1 ], "texture": "#texture" },
        "west":  { "uv": [ 12.5, 0, 15.5, 1 ], "texture": "#texture" },
        "east":  { "uv": [ 0.5, 0, 3.5, 1 ], "texture": "#texture" }
    }
},
{
    "from": [ -0.5, -1, 12.5 ],
    "to": [ 2, 3, 14.5 ],
    "faces": {
        "down":  { "uv": [ 16, 14.5, 14, 12.5 ], "texture": "#texture" },
        "up":    { "uv": [ 0, 12.5, 2, 14.5 ], "texture": "#texture" },
        "north": { "uv": [ 14, 13, 16, 16 ], "texture": "#texture" },
        "south": { "uv": [ 0, 13, 2, 16 ], "texture": "#texture" },
        "west":  { "uv": [ 12.5, 13, 14.5, 16 ], "texture": "#texture" },
        "east":  { "uv": [ 1.5, 13, 3.5, 16 ], "texture": "#texture" }
    }
},
{
    "from": [ -1.04713, 0.5, 9.5 ],
    "to": [ 1.95287, 4.5, 11.5 ],
    "rotation": { "origin": [ -1.04713, 0.5, 9.5 ], "axis": "y", "angle": -22.5 },
    "faces": {
        "down":  { "uv": [ 16, 7.5, 13, 5 ], "texture": "#texture" },
        "up":    { "uv": [ 0, 5, 3, 7.5 ], "texture": "#texture" },
        "north": { "uv": [ 13, 0, 16, 1 ], "texture": "#texture" },
        "south": { "uv": [ 0, 0, 3, 1 ], "texture": "#texture" },
        "west":  { "uv": [ 5, 0, 7.5, 1 ], "texture": "#texture" },
        "east":  { "uv": [ 8.5, 0, 11, 1 ], "texture": "#texture" }
    }
},
{
    "from": [ 0, -0.5, -1.5 ],
    "to": [ 3.5, 3.5, 1.5 ],
    "rotation": { "origin": [ 0, 3.5, -1.5 ], "axis": "x", "angle": 22.5 },
    "faces": {
        "down":  { "uv": [ 16, 1.5, 12.5, 0 ], "texture": "#texture" },
        "up":    { "uv": [ 0, 0, 3.5, 1.5 ], "texture": "#texture" },
        "north": { "uv": [ 12.5, 0, 16, 4 ], "texture": "#texture" },
        "south": { "uv": [ 0, 0, 3.5, 4 ], "texture": "#texture" },
        "west":  { "uv": [ 0, 0, 1.5, 4 ], "texture": "#texture" },
        "east":  { "uv": [ 14.5, 0, 16, 4 ], "texture": "#texture" }
    }
},
{
    "from": [ 14, -0.5, 1.5 ],
    "to": [ 17.5, 3.5, 4.5 ],
    "rotation": { "origin": [ 14, -0.5, 1.5 ], "axis": "y", "angle": 22.5 },
    "faces": {
        "down":  { "uv": [ 3.5, 3, 0, 0 ], "texture": "#texture" },
        "up":    { "uv": [ 12.5, 0, 16, 3 ], "texture": "#texture" },
        "north": { "uv": [ 0, 0, 3.5, 1 ], "texture": "#texture" },
        "south": { "uv": [ 12.5, 0, 16, 1 ], "texture": "#texture" },
        "west":  { "uv": [ 0, 0, 3, 1 ], "texture": "#texture" },
        "east":  { "uv": [ 13, 0, 16, 1 ], "texture": "#texture" }
    }
},
{
    "from": [ 13, -0.5, 14 ],
    "to": [ 16, 3.5, 17 ],
    "faces": {
        "down":  { "uv": [ 3, 16, 0, 14 ], "texture": "#texture" },
        "up":    { "uv": [ 13, 14, 16, 16 ], "texture": "#texture" },
        "north": { "uv": [ 0, 12.5, 3, 16 ], "texture": "#texture" },
        "south": { "uv": [ 13, 12.5, 16, 16 ], "texture": "#texture" },
        "west":  { "uv": [ 14, 12.5, 16, 16 ], "texture": "#texture" },
        "east":  { "uv": [ 0, 12.5, 2, 16 ], "texture": "#texture" }
    }
},
{
    "from": [ 14, 0, 12.5 ],
    "to": [ 17.5, 4, 15.5 ],
    "rotation": { "origin": [ 14, 0, 12.5 ], "axis": "y", "angle": 45 },
    "faces": {
        "down":  { "uv": [ 16, 7, 15.5, 4 ], "texture": "#texture" },
        "up":    { "uv": [ 0, 4, 0.5, 7 ], "texture": "#texture" },
        "north": { "uv": [ 15.5, 0, 16, 1 ], "texture": "#texture" },
        "south": { "uv": [ 0, 0, 0.5, 1 ], "texture": "#texture" },
        "west":  { "uv": [ 4, 0, 7, 1 ], "texture": "#texture" },
        "east":  { "uv": [ 9, 0, 12, 1 ], "texture": "#texture" }
    }
},
{
    "from": [ -3, -0.5, 7 ],
    "to": [ 0.5, 3.5, 10 ],
    "faces": {
        "down":  { "uv": [ 16, 10, 15.5, 7 ], "texture": "#texture" },
        "up":    { "uv": [ 0, 7, 0.5, 10 ], "texture": "#texture" },
        "north": { "uv": [ 15.5, 12.5, 16, 16 ], "texture": "#texture" },
        "south": { "uv": [ 0, 12.5, 0.5, 16 ], "texture": "#texture" },
        "west":  { "uv": [ 7, 12.5, 10, 16 ], "texture": "#texture" },
        "east":  { "uv": [ 6, 12.5, 9, 16 ], "texture": "#texture" }
    }
},
{
    "from": [ 0, -0.5, 2 ],
    "to": [ 1.5, 3.5, 3.5 ],
    "rotation": { "origin": [ 0, -0.5, 2 ], "axis": "y", "angle": -45 },
    "faces": {
        "down":  { "uv": [ 16, 8, 16, 4 ], "texture": "#texture" },
        "up":    { "uv": [ 0, 4, 0, 8 ], "texture": "#texture" },
        "north": { "uv": [ 16, 0, 16, 1 ], "texture": "#texture" },
        "south": { "uv": [ 0, 0, 0, 1 ], "texture": "#texture" },
        "west":  { "uv": [ 4, 0, 8, 1 ], "texture": "#texture" },
        "east":  { "uv": [ 8, 0, 12, 1 ], "texture": "#texture" }
    }
},
{
    "from": [ 4, -0.5, -3.5 ],
    "to": [ 7.5, 3.5, -1 ],
    "rotation": { "origin": [ 4, -0.5, -3.5 ], "axis": "y", "angle": -22.5 },
    "faces": {
        "down":  { "uv": [ 10.5, 0, 7, 0 ], "texture": "#texture" },
        "up":    { "uv": [ 5.5, 0, 9, 0 ], "texture": "#texture" },
        "north": { "uv": [ 7, 0, 10.5, 1 ], "texture": "#texture" },
        "south": { "uv": [ 5.5, 0, 9, 1 ], "texture": "#texture" },
        "west":  { "uv": [ 0, 0, 0, 1 ], "texture": "#texture" },
        "east":  { "uv": [ 16, 0, 16, 1 ], "texture": "#texture" }
    }
},
{
    "from": [ 16, 0, 3.5 ],
    "to": [ 19.5, 4, 7 ],
    "faces": {
        "down":  { "uv": [ 0, 7, 0, 3.5 ], "texture": "#texture" },
        "up":    { "uv": [ 16, 3.5, 16, 7 ], "texture": "#texture" },
        "north": { "uv": [ 0, 12, 0, 16 ], "texture": "#texture" },
        "south": { "uv": [ 16, 12, 16, 16 ], "texture": "#texture" },
        "west":  { "uv": [ 3.5, 12, 7, 16 ], "texture": "#texture" },
        "east":  { "uv": [ 9, 12, 12.5, 16 ], "texture": "#texture" }
    }
},
{
    "from": [ 17.5, -0.5, 7 ],
    "to": [ 21, 3.5, 10 ],
    "rotation": { "origin": [ 17.5, -0.5, 7 ], "axis": "y", "angle": -22.5 },
    "faces": {
        "down":  { "uv": [ 16, 7, 15.5, 4 ], "texture": "#texture" },
        "up":    { "uv": [ 0, 4, 0.5, 7 ], "texture": "#texture" },
        "north": { "uv": [ 15.5, 0, 16, 1 ], "texture": "#texture" },
        "south": { "uv": [ 0, 0, 0.5, 1 ], "texture": "#texture" },
        "west":  { "uv": [ 4, 0, 7, 1 ], "texture": "#texture" },
        "east":  { "uv": [ 9, 0, 12, 1 ], "texture": "#texture" }
    }
},
{
    "from": [ -2.5, -0.5, 4 ],
    "to": [ 0.5, 3.5, 7 ],
    "rotation": { "origin": [ -2.5, 3.5, 4 ], "axis": "x", "angle": -22.5 },
    "faces": {
        "down":  { "uv": [ 16, 7, 15.5, 4 ], "texture": "#texture" },
        "up":    { "uv": [ 0, 4, 0.5, 7 ], "texture": "#texture" },
        "north": { "uv": [ 15.5, 0, 16, 4 ], "texture": "#texture" },
        "south": { "uv": [ 0, 0, 0.5, 4 ], "texture": "#texture" },
        "west":  { "uv": [ 4, 0, 7, 4 ], "texture": "#texture" },
        "east":  { "uv": [ 9, 0, 12, 4 ], "texture": "#texture" }
    }
},
{
    "from": [ 12.5, 0, -2 ],
    "to": [ 15.5, 4, 1 ],
    "faces": {
        "down":  { "uv": [ 3.5, 1, 0.5, 0 ], "texture": "#texture" },
        "up":    { "uv": [ 12.5, 0, 15.5, 1 ], "texture": "#texture" },
        "north": { "uv": [ 0.5, 12, 3.5, 16 ], "texture": "#texture" },
        "south": { "uv": [ 12.5, 12, 15.5, 16 ], "texture": "#texture" },
        "west":  { "uv": [ 0, 12, 1, 16 ], "texture": "#texture" },
        "east":  { "uv": [ 15, 12, 16, 16 ], "texture": "#texture" }
    }
},
{
    "from": [ 7, 0, -3 ],
    "to": [ 12, 4, 0 ],
    "rotation": { "origin": [ 7, 4, -3 ], "axis": "x", "angle": 22.5 },
    "faces": {
        "down":  { "uv": [ 9, 0, 4, 0 ], "texture": "#texture" },
        "up":    { "uv": [ 7, 0, 12, 0 ], "texture": "#texture" },
        "north": { "uv": [ 4, 0, 9, 3 ], "texture": "#texture" },
        "south": { "uv": [ 7, 0, 12, 3 ], "texture": "#texture" },
        "west":  { "uv": [ 0, 0, 0, 3 ], "texture": "#texture" },
        "east":  { "uv": [ 16, 0, 16, 3 ], "texture": "#texture" }
    }
},
{
    "from": [ 8, -6, 6.5 ],
    "to": [ 10, 18, 8.5 ],
    "rotation": { "origin": [ 8, 18, 6.5 ], "axis": "z", "angle": -22.5 },
    "faces": {
        "down":  { "uv": [ 9.5, 2.5, 7.5, 0.5 ], "texture": "#planks_oak" },
        "up":    { "uv": [ 7, 0.5, 9, 2.5 ], "texture": "#planks_oak" },
        "north": { "uv": [ 7, 0, 9, 12.5 ], "texture": "#planks_oak" },
        "south": { "uv": [ 7, 0, 9, 12.5 ], "texture": "#planks_oak" },
        "west":  { "uv": [ 6.5, 0, 8.5, 12.5 ], "texture": "#planks_oak" },
        "east":  { "uv": [ 6.5, 0, 8.5, 12.5 ], "texture": "#planks_oak" }
    }
},
{
    "from": [ 5.5, -7, 6.5 ],
    "to": [ 7.5, 17, 8.5 ],
    "rotation": { "origin": [ 5.5, 17, 6.5 ], "axis": "z", "angle": 22.5 },
    "faces": {
        "down":  { "uv": [ 9.5, 2.5, 7.5, 0.5 ], "texture": "#planks_oak" },
        "up":    { "uv": [ 7, 0.5, 9, 2.5 ], "texture": "#planks_oak" },
        "north": { "uv": [ 7, 0, 9, 12.5 ], "texture": "#planks_oak" },
        "south": { "uv": [ 7, 0, 9, 12.5 ], "texture": "#planks_oak" },
        "west":  { "uv": [ 6.5, 0, 8.5, 12.5 ], "texture": "#planks_oak" },
        "east":  { "uv": [ 6.5, 0, 8.5, 12.5 ], "texture": "#planks_oak" }
    }
},
{
    "from": [ 7, -5.5, 6.375 ],
    "to": [ 9, 18.5, 8.375 ],
    "rotation": { "origin": [ 7, 18.5, 6.375 ], "axis": "x", "angle": 22.5 },
    "faces": {
        "down":  { "uv": [ 9.5, 2.5, 7.5, 0.5 ], "texture": "#planks_oak" },
        "up":    { "uv": [ 7, 0.5, 9, 2.5 ], "texture": "#planks_oak" },
        "north": { "uv": [ 7, 0, 9, 12.5 ], "texture": "#planks_oak" },
        "south": { "uv": [ 7, 0, 9, 12.5 ], "texture": "#planks_oak" },
        "west":  { "uv": [ 6.5, 0, 8.5, 12.5 ], "texture": "#planks_oak" },
        "east":  { "uv": [ 6.5, 0, 8.5, 12.5 ], "texture": "#planks_oak" }
    }
},
{
    "from": [ 7, -6.07787, 6.375 ],
    "to": [ 9, 17.9221, 8.375 ],
    "rotation": { "origin": [ 7, 17.9221, 6.375 ], "axis": "x", "angle": -22.5 },
    "faces": {
        "down":  { "uv": [ 9.5, 2.5, 7.5, 0.5 ], "texture": "#planks_oak" },
        "up":    { "uv": [ 7, 0.5, 9, 2.5 ], "texture": "#planks_oak" },
        "north": { "uv": [ 7, 0, 9, 12.5 ], "texture": "#planks_oak" },
        "south": { "uv": [ 7, 0, 9, 12.5 ], "texture": "#planks_oak" },
        "west":  { "uv": [ 6.5, 0, 8.5, 12.5 ], "texture": "#planks_oak" },
        "east":  { "uv": [ 6.5, 0, 8.5, 12.5 ], "texture": "#planks_oak" }
    }
},
{
    "from": [ 3.5, -1, 2 ],
    "to": [ 5.5, 2.5, 4.5 ],
    "faces": {
        "down":  { "uv": [ 12.5, 4.5, 10.5, 2 ], "texture": "#coal_block" },
        "up":    { "uv": [ 3.5, 2, 5.5, 4.5 ], "texture": "#coal_block" },
        "north": { "uv": [ 10.5, 13.5, 12.5, 16 ], "texture": "#coal_block" },
        "south": { "uv": [ 3.5, 13.5, 5.5, 16 ], "texture": "#coal_block" },
        "west":  { "uv": [ 2, 13.5, 4.5, 16 ], "texture": "#coal_block" },
        "east":  { "uv": [ 11.5, 13.5, 14, 16 ], "texture": "#coal_block" }
    }
},
{
    "from": [ 6.5, -1, 3 ],
    "to": [ 8.5, 2.5, 5.5 ],
    "rotation": { "origin": [ 6.5, 2.5, 3 ], "axis": "x", "angle": -22.5 },
    "faces": {
        "down":  { "uv": [ 9.5, 5.5, 7.5, 3 ], "texture": "#coal_block" },
        "up":    { "uv": [ 6.5, 3, 8.5, 5.5 ], "texture": "#coal_block" },
        "north": { "uv": [ 7.5, 0, 9.5, 1 ], "texture": "#coal_block" },
        "south": { "uv": [ 6.5, 0, 8.5, 1 ], "texture": "#coal_block" },
        "west":  { "uv": [ 3, 0, 5.5, 1 ], "texture": "#coal_block" },
        "east":  { "uv": [ 10.5, 0, 13, 1 ], "texture": "#coal_block" }
    }
},
{
    "from": [ 7, -1, 9.5 ],
    "to": [ 10, 2.5, 12.5 ],
    "rotation": { "origin": [ 7, 2.5, 9.5 ], "axis": "x", "angle": 22.5 },
    "faces": {
        "down":  { "uv": [ 9, 12.5, 6, 9.5 ], "texture": "#coal_block" },
        "up":    { "uv": [ 7, 9.5, 10, 12.5 ], "texture": "#coal_block" },
        "north": { "uv": [ 6, 0, 9, 1 ], "texture": "#coal_block" },
        "south": { "uv": [ 7, 0, 10, 1 ], "texture": "#coal_block" },
        "west":  { "uv": [ 9.5, 0, 12.5, 1 ], "texture": "#coal_block" },
        "east":  { "uv": [ 3.5, 0, 6.5, 1 ], "texture": "#coal_block" }
    }
},
{
    "from": [ 4, 0, 6 ],
    "to": [ 7, 3.5, 9 ],
    "faces": {
        "down":  { "uv": [ 12, 9, 9, 6 ], "texture": "#coal_block" },
        "up":    { "uv": [ 4, 6, 7, 9 ], "texture": "#coal_block" },
        "north": { "uv": [ 9, 12.5, 12, 16 ], "texture": "#coal_block" },
        "south": { "uv": [ 4, 12.5, 7, 16 ], "texture": "#coal_block" },
        "west":  { "uv": [ 6, 12.5, 9, 16 ], "texture": "#coal_block" },
        "east":  { "uv": [ 7, 12.5, 10, 16 ], "texture": "#coal_block" }
    }
},
{
    "from": [ 10.5, -1, 3 ],
    "to": [ 13, 2.5, 5.5 ],
    "rotation": { "origin": [ 10.5, -1, 3 ], "axis": "y", "angle": 22.5 },
    "faces": {
        "down":  { "uv": [ 5.5, 5.5, 3, 3 ], "texture": "#coal_block" },
        "up":    { "uv": [ 10.5, 3, 13, 5.5 ], "texture": "#coal_block" },
        "north": { "uv": [ 3, 0, 5.5, 1 ], "texture": "#coal_block" },
        "south": { "uv": [ 10.5, 0, 13, 1 ], "texture": "#coal_block" },
        "west":  { "uv": [ 3, 0, 5.5, 1 ], "texture": "#coal_block" },
        "east":  { "uv": [ 10.5, 0, 13, 1 ], "texture": "#coal_block" }
    }
},
{
    "from": [ 3.46439, -2, 10 ],
    "to": [ 6.46439, 1.5, 13.5 ],
    "rotation": { "origin": [ 3.46439, -2, 10 ], "axis": "y", "angle": -22.5 },
    "faces": {
        "down":  { "uv": [ 12.5, 13, 9.5, 9.5 ], "texture": "#coal_block" },
        "up":    { "uv": [ 3.5, 9.5, 6.5, 13 ], "texture": "#coal_block" },
        "north": { "uv": [ 9.5, 0, 12.5, 1 ], "texture": "#coal_block" },
        "south": { "uv": [ 3.5, 0, 6.5, 1 ], "texture": "#coal_block" },
        "west":  { "uv": [ 9.5, 0, 13, 1 ], "texture": "#coal_block" },
        "east":  { "uv": [ 3, 0, 6.5, 1 ], "texture": "#coal_block" }
    }
},
{
    "from": [ 11, -1, 6.5 ],
    "to": [ 14, 2.5, 9 ],
    "faces": {
        "down":  { "uv": [ 5, 9, 2, 6.5 ], "texture": "#coal_block" },
        "up":    { "uv": [ 11, 6.5, 14, 9 ], "texture": "#coal_block" },
        "north": { "uv": [ 2, 13.5, 5, 16 ], "texture": "#coal_block" },
        "south": { "uv": [ 11, 13.5, 14, 16 ], "texture": "#coal_block" },
        "west":  { "uv": [ 6.5, 13.5, 9, 16 ], "texture": "#coal_block" },
        "east":  { "uv": [ 7, 13.5, 9.5, 16 ], "texture": "#coal_block" }
    }
},
{
    "from": [ 8, -1, 6 ],
    "to": [ 10.5, 2.5, 8.5 ],
    "faces": {
        "down":  { "uv": [ 8, 8.5, 5.5, 6 ], "texture": "#coal_block" },
        "up":    { "uv": [ 8, 6, 10.5, 8.5 ], "texture": "#coal_block" },
        "north": { "uv": [ 5.5, 13.5, 8, 16 ], "texture": "#coal_block" },
        "south": { "uv": [ 8, 13.5, 10.5, 16 ], "texture": "#coal_block" },
        "west":  { "uv": [ 6, 13.5, 8.5, 16 ], "texture": "#coal_block" },
        "east":  { "uv": [ 7.5, 13.5, 10, 16 ], "texture": "#coal_block" }
    }
},
{
    "from": [ 11.5, 0, 10 ],
    "to": [ 13.5, 3.5, 12 ],
    "faces": {
        "down":  { "uv": [ 4.5, 12, 2.5, 10 ], "texture": "#coal_block" },
        "up":    { "uv": [ 11.5, 10, 13.5, 12 ], "texture": "#coal_block" },
        "north": { "uv": [ 2.5, 12.5, 4.5, 16 ], "texture": "#coal_block" },
        "south": { "uv": [ 11.5, 12.5, 13.5, 16 ], "texture": "#coal_block" },
        "west":  { "uv": [ 10, 12.5, 12, 16 ], "texture": "#coal_block" },
        "east":  { "uv": [ 4, 12.5, 6, 16 ], "texture": "#coal_block" }
    }
},
{
    "from": [ 4, -2, 4.5 ],
    "to": [ 14, 9.5, 4.5625 ],
    "rotation": { "origin": [ 4, -2, 4.5 ], "axis": "y", "angle": -45 },
    "faces": {
        "north": { "uv": [ 0, 0, 16, 16 ], "texture": "#fire" },
        "south": { "uv": [ 0, 0, 16, 16 ], "texture": "#fire" }
    }
},
{
    "from": [ 3.5, -2, 11.5 ],
    "to": [ 13.5, 9.5, 11.5625 ],
    "rotation": { "origin": [ 3.5, -2, 11.5 ], "axis": "y", "angle": 45 },
    "faces": {
        "north": { "uv": [ 0, 0, 16, 16 ], "texture": "#fire2" },
        "south": { "uv": [ 0, 0, 16, 16 ], "texture": "#fire2" }
    }
}
],
"display": {
    "thirdperson_righthand": {
        "rotation": [ 0, 0, 0 ],
        "translation": [ -6.24, -14.17, 9.07 ],
        "scale": [ 1.5, 1.5, 1.5 ]
    },
    "thirdperson_lefthand": {
        "rotation": [ 0, 0, 0 ],
        "translation": [ 0, 0, 0 ],
        "scale": [ 1, 1, 1 ]
    }
}
}