{
"__comment": "Designed by S9855027 with BDcraft Cubik PRO 0.96 Beta - http://bdcraft.net",
"textures": {
    "particle": "items/key",
    "texture": "items/key"
},
"elements": [ 
{
    "__comment": "key x64",
    "from": [ 0, 7.5, 8 ],
    "to": [ 9, 8.5, 9 ],
    "faces": {
        "down":  { "uv": [ 0, 9, 9, 8 ], "texture": "#texture" },
        "up":    { "uv": [ 0, 8, 9, 9 ], "texture": "#texture" },
        "north": { "uv": [ 9, 8, 0, 8.25 ], "texture": "#texture" },
        "south": { "uv": [ 0, 9, 9, 8.75 ], "texture": "#texture" },
        "west":  { "uv": [ 0, 8, 0.25, 9 ], "rotation": 270, "texture": "#texture" },
        "east":  { "uv": [ 9, 8, 8.75, 9 ], "rotation": 90, "texture": "#texture" }
    }
},
{
    "__comment": "key x64",
    "from": [ 0.25, 7.5, 9 ],
    "to": [ 12.25, 8.5, 9.25 ],
    "faces": {
        "down":  { "uv": [ 0.25, 9.25, 12.25, 9 ], "texture": "#texture" },
        "up":    { "uv": [ 0.25, 9, 12.25, 9.25 ], "texture": "#texture" },
        "north": { "uv": [ 12.25, 9, 0.25, 9.25 ], "texture": "#texture" },
        "south": { "uv": [ 0.25, 9.25, 12.25, 9 ], "texture": "#texture" },
        "west":  { "uv": [ 0.25, 9, 0.5, 9.25 ], "rotation": 270, "texture": "#texture" },
        "east":  { "uv": [ 12.25, 9, 12, 9.25 ], "rotation": 90, "texture": "#texture" }
    }
},
{
    "__comment": "key x64",
    "from": [ 0.5, 7.5, 9.25 ],
    "to": [ 1, 8.5, 11.5 ],
    "faces": {
        "down":  { "uv": [ 0.5, 11.5, 1, 9.25 ], "texture": "#texture" },
        "up":    { "uv": [ 0.5, 9.25, 1, 11.5 ], "texture": "#texture" },
        "north": { "uv": [ 1, 9.25, 0.5, 9.5 ], "texture": "#texture" },
        "south": { "uv": [ 0.5, 11.5, 1, 11.25 ], "texture": "#texture" },
        "west":  { "uv": [ 0.5, 9.25, 0.75, 11.5 ], "rotation": 270, "texture": "#texture" },
        "east":  { "uv": [ 1, 9.25, 0.75, 11.5 ], "rotation": 90, "texture": "#texture" }
    }
},
{
    "__comment": "key x64",
    "from": [ 1, 7.5, 9.25 ],
    "to": [ 2, 8.5, 11 ],
    "faces": {
        "down":  { "uv": [ 1, 11, 2, 9.25 ], "texture": "#texture" },
        "up":    { "uv": [ 1, 9.25, 2, 11 ], "texture": "#texture" },
        "north": { "uv": [ 2, 9.25, 1, 9.5 ], "texture": "#texture" },
        "south": { "uv": [ 1, 11, 2, 10.75 ], "texture": "#texture" },
        "west":  { "uv": [ 1, 9.25, 1.25, 11 ], "rotation": 270, "texture": "#texture" },
        "east":  { "uv": [ 2, 9.25, 1.75, 11 ], "rotation": 90, "texture": "#texture" }
    }
},
{
    "__comment": "key x64",
    "from": [ 1.5, 7.5, 11 ],
    "to": [ 2, 8.5, 11.25 ],
    "faces": {
        "down":  { "uv": [ 1.5, 11.25, 2, 11 ], "texture": "#texture" },
        "up":    { "uv": [ 1.5, 11, 2, 11.25 ], "texture": "#texture" },
        "north": { "uv": [ 2, 11, 1.5, 11.25 ], "texture": "#texture" },
        "south": { "uv": [ 1.5, 11.25, 2, 11 ], "texture": "#texture" },
        "west":  { "uv": [ 1.5, 11, 1.75, 11.25 ], "rotation": 270, "texture": "#texture" },
        "east":  { "uv": [ 2, 11, 1.75, 11.25 ], "rotation": 90, "texture": "#texture" }
    }
},
{
    "__comment": "key x64",
    "from": [ 1.75, 7.5, 11.25 ],
    "to": [ 2, 8.5, 11.5 ],
    "faces": {
        "down":  { "uv": [ 1.75, 11.5, 2, 11.25 ], "texture": "#texture" },
        "up":    { "uv": [ 1.75, 11.25, 2, 11.5 ], "texture": "#texture" },
        "north": { "uv": [ 2, 11.25, 1.75, 11.5 ], "texture": "#texture" },
        "south": { "uv": [ 1.75, 11.5, 2, 11.25 ], "texture": "#texture" },
        "west":  { "uv": [ 1.75, 11.25, 2, 11.5 ], "rotation": 270, "texture": "#texture" },
        "east":  { "uv": [ 2, 11.25, 1.75, 11.5 ], "rotation": 90, "texture": "#texture" }
    }
},
{
    "__comment": "key x64",
    "from": [ 8, 7.5, 7.75 ],
    "to": [ 9, 8.5, 8 ],
    "faces": {
        "down":  { "uv": [ 8, 8, 9, 7.75 ], "texture": "#texture" },
        "up":    { "uv": [ 8, 7.75, 9, 8 ], "texture": "#texture" },
        "north": { "uv": [ 9, 7.75, 8, 8 ], "texture": "#texture" },
        "south": { "uv": [ 8, 8, 9, 7.75 ], "texture": "#texture" },
        "west":  { "uv": [ 8, 7.75, 8.25, 8 ], "rotation": 270, "texture": "#texture" },
        "east":  { "uv": [ 9, 7.75, 8.75, 8 ], "rotation": 90, "texture": "#texture" }
    }
},
{
    "__comment": "key x64",
    "from": [ 8, 7.5, 9.25 ],
    "to": [ 9, 8.5, 9.5 ],
    "faces": {
        "down":  { "uv": [ 8, 9.5, 9, 9.25 ], "texture": "#texture" },
        "up":    { "uv": [ 8, 9.25, 9, 9.5 ], "texture": "#texture" },
        "north": { "uv": [ 9, 9.25, 8, 9.5 ], "texture": "#texture" },
        "south": { "uv": [ 8, 9.5, 9, 9.25 ], "texture": "#texture" },
        "west":  { "uv": [ 8, 9.25, 8.25, 9.5 ], "rotation": 270, "texture": "#texture" },
        "east":  { "uv": [ 9, 9.25, 8.75, 9.5 ], "rotation": 90, "texture": "#texture" }
    }
},
{
    "__comment": "key x64",
    "from": [ 9, 7.5, 8.25 ],
    "to": [ 12, 8.5, 9 ],
    "faces": {
        "down":  { "uv": [ 9, 9, 12, 8.25 ], "texture": "#texture" },
        "up":    { "uv": [ 9, 8.25, 12, 9 ], "texture": "#texture" },
        "north": { "uv": [ 12, 8.25, 9, 8.5 ], "texture": "#texture" },
        "south": { "uv": [ 9, 9, 12, 8.75 ], "texture": "#texture" },
        "west":  { "uv": [ 9, 8.25, 9.25, 9 ], "rotation": 270, "texture": "#texture" },
        "east":  { "uv": [ 12, 8.25, 11.75, 9 ], "rotation": 90, "texture": "#texture" }
    }
},
{
    "__comment": "key x64",
    "from": [ 9.25, 7.5, 6.5 ],
    "to": [ 10, 8.5, 7.25 ],
    "faces": {
        "down":  { "uv": [ 9.25, 7.25, 10, 6.5 ], "texture": "#texture" },
        "up":    { "uv": [ 9.25, 6.5, 10, 7.25 ], "texture": "#texture" },
        "north": { "uv": [ 10, 6.5, 9.25, 6.75 ], "texture": "#texture" },
        "south": { "uv": [ 9.25, 7.25, 10, 7 ], "texture": "#texture" },
        "west":  { "uv": [ 9.25, 6.5, 9.5, 7.25 ], "rotation": 270, "texture": "#texture" },
        "east":  { "uv": [ 10, 6.5, 9.75, 7.25 ], "rotation": 90, "texture": "#texture" }
    }
},
{
    "__comment": "key x64",
    "from": [ 9.25, 7.5, 10.25 ],
    "to": [ 10, 8.5, 11 ],
    "faces": {
        "down":  { "uv": [ 9.25, 11, 10, 10.25 ], "texture": "#texture" },
        "up":    { "uv": [ 9.25, 10.25, 10, 11 ], "texture": "#texture" },
        "north": { "uv": [ 10, 10.25, 9.25, 10.5 ], "texture": "#texture" },
        "south": { "uv": [ 9.25, 11, 10, 10.75 ], "texture": "#texture" },
        "west":  { "uv": [ 9.25, 10.25, 9.5, 11 ], "rotation": 270, "texture": "#texture" },
        "east":  { "uv": [ 10, 10.25, 9.75, 11 ], "rotation": 90, "texture": "#texture" }
    }
},
{
    "__comment": "key x64",
    "from": [ 9.5, 7.5, 7.25 ],
    "to": [ 11.75, 8.5, 8.25 ],
    "faces": {
        "down":  { "uv": [ 9.5, 8.25, 11.75, 7.25 ], "texture": "#texture" },
        "up":    { "uv": [ 9.5, 7.25, 11.75, 8.25 ], "texture": "#texture" },
        "north": { "uv": [ 11.75, 7.25, 9.5, 7.5 ], "texture": "#texture" },
        "south": { "uv": [ 9.5, 8.25, 11.75, 8 ], "texture": "#texture" },
        "west":  { "uv": [ 9.5, 7.25, 9.75, 8.25 ], "rotation": 270, "texture": "#texture" },
        "east":  { "uv": [ 11.75, 7.25, 11.5, 8.25 ], "rotation": 90, "texture": "#texture" }
    }
},
{
    "__comment": "key x64",
    "from": [ 9.5, 7.5, 9.25 ],
    "to": [ 11.75, 8.5, 10.25 ],
    "faces": {
        "down":  { "uv": [ 9.5, 10.25, 11.75, 9.25 ], "texture": "#texture" },
        "up":    { "uv": [ 9.5, 9.25, 11.75, 10.25 ], "texture": "#texture" },
        "north": { "uv": [ 11.75, 9.25, 9.5, 9.5 ], "texture": "#texture" },
        "south": { "uv": [ 9.5, 10.25, 11.75, 10 ], "texture": "#texture" },
        "west":  { "uv": [ 9.5, 9.25, 9.75, 10.25 ], "rotation": 270, "texture": "#texture" },
        "east":  { "uv": [ 11.75, 9.25, 11.5, 10.25 ], "rotation": 90, "texture": "#texture" }
    }
},
{
    "__comment": "key x64",
    "from": [ 10, 7.5, 6.75 ],
    "to": [ 10.25, 8.5, 7.25 ],
    "faces": {
        "down":  { "uv": [ 10, 7.25, 10.25, 6.75 ], "texture": "#texture" },
        "up":    { "uv": [ 10, 6.75, 10.25, 7.25 ], "texture": "#texture" },
        "north": { "uv": [ 10.25, 6.75, 10, 7 ], "texture": "#texture" },
        "south": { "uv": [ 10, 7.25, 10.25, 7 ], "texture": "#texture" },
        "west":  { "uv": [ 10, 6.75, 10.25, 7.25 ], "rotation": 270, "texture": "#texture" },
        "east":  { "uv": [ 10.25, 6.75, 10, 7.25 ], "rotation": 90, "texture": "#texture" }
    }
},
{
    "__comment": "key x64",
    "from": [ 10, 7.5, 10.25 ],
    "to": [ 10.25, 8.5, 10.75 ],
    "faces": {
        "down":  { "uv": [ 10, 10.75, 10.25, 10.25 ], "texture": "#texture" },
        "up":    { "uv": [ 10, 10.25, 10.25, 10.75 ], "texture": "#texture" },
        "north": { "uv": [ 10.25, 10.25, 10, 10.5 ], "texture": "#texture" },
        "south": { "uv": [ 10, 10.75, 10.25, 10.5 ], "texture": "#texture" },
        "west":  { "uv": [ 10, 10.25, 10.25, 10.75 ], "rotation": 270, "texture": "#texture" },
        "east":  { "uv": [ 10.25, 10.25, 10, 10.75 ], "rotation": 90, "texture": "#texture" }
    }
},
{
    "__comment": "key x64",
    "from": [ 10.25, 7.5, 7 ],
    "to": [ 10.5, 8.5, 7.25 ],
    "faces": {
        "down":  { "uv": [ 10.25, 7.25, 10.5, 7 ], "texture": "#texture" },
        "up":    { "uv": [ 10.25, 7, 10.5, 7.25 ], "texture": "#texture" },
        "north": { "uv": [ 10.5, 7, 10.25, 7.25 ], "texture": "#texture" },
        "south": { "uv": [ 10.25, 7.25, 10.5, 7 ], "texture": "#texture" },
        "west":  { "uv": [ 10.25, 7, 10.5, 7.25 ], "rotation": 270, "texture": "#texture" },
        "east":  { "uv": [ 10.5, 7, 10.25, 7.25 ], "rotation": 90, "texture": "#texture" }
    }
},
{
    "__comment": "key x64",
    "from": [ 10.25, 7.5, 10.25 ],
    "to": [ 10.5, 8.5, 10.5 ],
    "faces": {
        "down":  { "uv": [ 10.25, 10.5, 10.5, 10.25 ], "texture": "#texture" },
        "up":    { "uv": [ 10.25, 10.25, 10.5, 10.5 ], "texture": "#texture" },
        "north": { "uv": [ 10.5, 10.25, 10.25, 10.5 ], "texture": "#texture" },
        "south": { "uv": [ 10.25, 10.5, 10.5, 10.25 ], "texture": "#texture" },
        "west":  { "uv": [ 10.25, 10.25, 10.5, 10.5 ], "rotation": 270, "texture": "#texture" },
        "east":  { "uv": [ 10.5, 10.25, 10.25, 10.5 ], "rotation": 90, "texture": "#texture" }
    }
},
{
    "__comment": "key x64",
    "from": [ 11, 7.5, 6.75 ],
    "to": [ 11.75, 8.5, 7.25 ],
    "faces": {
        "down":  { "uv": [ 11, 7.25, 11.75, 6.75 ], "texture": "#texture" },
        "up":    { "uv": [ 11, 6.75, 11.75, 7.25 ], "texture": "#texture" },
        "north": { "uv": [ 11.75, 6.75, 11, 7 ], "texture": "#texture" },
        "south": { "uv": [ 11, 7.25, 11.75, 7 ], "texture": "#texture" },
        "west":  { "uv": [ 11, 6.75, 11.25, 7.25 ], "rotation": 270, "texture": "#texture" },
        "east":  { "uv": [ 11.75, 6.75, 11.5, 7.25 ], "rotation": 90, "texture": "#texture" }
    }
},
{
    "__comment": "key x64",
    "from": [ 11, 7.5, 10.25 ],
    "to": [ 11.75, 8.5, 10.75 ],
    "faces": {
        "down":  { "uv": [ 11, 10.75, 11.75, 10.25 ], "texture": "#texture" },
        "up":    { "uv": [ 11, 10.25, 11.75, 10.75 ], "texture": "#texture" },
        "north": { "uv": [ 11.75, 10.25, 11, 10.5 ], "texture": "#texture" },
        "south": { "uv": [ 11, 10.75, 11.75, 10.5 ], "texture": "#texture" },
        "west":  { "uv": [ 11, 10.25, 11.25, 10.75 ], "rotation": 270, "texture": "#texture" },
        "east":  { "uv": [ 11.75, 10.25, 11.5, 10.75 ], "rotation": 90, "texture": "#texture" }
    }
},
{
    "__comment": "key x64",
    "from": [ 11.25, 7.5, 5 ],
    "to": [ 12.25, 8.5, 6.75 ],
    "faces": {
        "down":  { "uv": [ 11.25, 6.75, 12.25, 5 ], "texture": "#texture" },
        "up":    { "uv": [ 11.25, 5, 12.25, 6.75 ], "texture": "#texture" },
        "north": { "uv": [ 12.25, 5, 11.25, 5.25 ], "texture": "#texture" },
        "south": { "uv": [ 11.25, 6.75, 12.25, 6.5 ], "texture": "#texture" },
        "west":  { "uv": [ 11.25, 5, 11.5, 6.75 ], "rotation": 270, "texture": "#texture" },
        "east":  { "uv": [ 12.25, 5, 12, 6.75 ], "rotation": 90, "texture": "#texture" }
    }
},
{
    "__comment": "key x64",
    "from": [ 11.25, 7.5, 10.75 ],
    "to": [ 12.25, 8.5, 12.5 ],
    "faces": {
        "down":  { "uv": [ 11.25, 12.5, 12.25, 10.75 ], "texture": "#texture" },
        "up":    { "uv": [ 11.25, 10.75, 12.25, 12.5 ], "texture": "#texture" },
        "north": { "uv": [ 12.25, 10.75, 11.25, 11 ], "texture": "#texture" },
        "south": { "uv": [ 11.25, 12.5, 12.25, 12.25 ], "texture": "#texture" },
        "west":  { "uv": [ 11.25, 10.75, 11.5, 12.5 ], "rotation": 270, "texture": "#texture" },
        "east":  { "uv": [ 12.25, 10.75, 12, 12.5 ], "rotation": 90, "texture": "#texture" }
    }
},
{
    "__comment": "key x64",
    "from": [ 11.75, 7.5, 6.75 ],
    "to": [ 12.5, 8.5, 7 ],
    "faces": {
        "down":  { "uv": [ 11.75, 7, 12.5, 6.75 ], "texture": "#texture" },
        "up":    { "uv": [ 11.75, 6.75, 12.5, 7 ], "texture": "#texture" },
        "north": { "uv": [ 12.5, 6.75, 11.75, 7 ], "texture": "#texture" },
        "south": { "uv": [ 11.75, 7, 12.5, 6.75 ], "texture": "#texture" },
        "west":  { "uv": [ 11.75, 6.75, 12, 7 ], "rotation": 270, "texture": "#texture" },
        "east":  { "uv": [ 12.5, 6.75, 12.25, 7 ], "rotation": 90, "texture": "#texture" }
    }
},
{
    "__comment": "key x64",
    "from": [ 11.75, 7.5, 7.5 ],
    "to": [ 12.25, 8.5, 8.25 ],
    "faces": {
        "down":  { "uv": [ 11.75, 8.25, 12.25, 7.5 ], "texture": "#texture" },
        "up":    { "uv": [ 11.75, 7.5, 12.25, 8.25 ], "texture": "#texture" },
        "north": { "uv": [ 12.25, 7.5, 11.75, 7.75 ], "texture": "#texture" },
        "south": { "uv": [ 11.75, 8.25, 12.25, 8 ], "texture": "#texture" },
        "west":  { "uv": [ 11.75, 7.5, 12, 8.25 ], "rotation": 270, "texture": "#texture" },
        "east":  { "uv": [ 12.25, 7.5, 12, 8.25 ], "rotation": 90, "texture": "#texture" }
    }
},
{
    "__comment": "key x64",
    "from": [ 11.75, 7.5, 9.25 ],
    "to": [ 12.25, 8.5, 10 ],
    "faces": {
        "down":  { "uv": [ 11.75, 10, 12.25, 9.25 ], "texture": "#texture" },
        "up":    { "uv": [ 11.75, 9.25, 12.25, 10 ], "texture": "#texture" },
        "north": { "uv": [ 12.25, 9.25, 11.75, 9.5 ], "texture": "#texture" },
        "south": { "uv": [ 11.75, 10, 12.25, 9.75 ], "texture": "#texture" },
        "west":  { "uv": [ 11.75, 9.25, 12, 10 ], "rotation": 270, "texture": "#texture" },
        "east":  { "uv": [ 12.25, 9.25, 12, 10 ], "rotation": 90, "texture": "#texture" }
    }
},
{
    "__comment": "key x64",
    "from": [ 11.75, 7.5, 10.5 ],
    "to": [ 12.5, 8.5, 10.75 ],
    "faces": {
        "down":  { "uv": [ 11.75, 10.75, 12.5, 10.5 ], "texture": "#texture" },
        "up":    { "uv": [ 11.75, 10.5, 12.5, 10.75 ], "texture": "#texture" },
        "north": { "uv": [ 12.5, 10.5, 11.75, 10.75 ], "texture": "#texture" },
        "south": { "uv": [ 11.75, 10.75, 12.5, 10.5 ], "texture": "#texture" },
        "west":  { "uv": [ 11.75, 10.5, 12, 10.75 ], "rotation": 270, "texture": "#texture" },
        "east":  { "uv": [ 12.5, 10.5, 12.25, 10.75 ], "rotation": 90, "texture": "#texture" }
    }
},
{
    "__comment": "key x64",
    "from": [ 12, 7.5, 4.75 ],
    "to": [ 14.75, 8.5, 5 ],
    "faces": {
        "down":  { "uv": [ 12, 5, 14.75, 4.75 ], "texture": "#texture" },
        "up":    { "uv": [ 12, 4.75, 14.75, 5 ], "texture": "#texture" },
        "north": { "uv": [ 14.75, 4.75, 12, 5 ], "texture": "#texture" },
        "south": { "uv": [ 12, 5, 14.75, 4.75 ], "texture": "#texture" },
        "west":  { "uv": [ 12, 4.75, 12.25, 5 ], "rotation": 270, "texture": "#texture" },
        "east":  { "uv": [ 14.75, 4.75, 14.5, 5 ], "rotation": 90, "texture": "#texture" }
    }
},
{
    "__comment": "key x64",
    "from": [ 12, 7.5, 7 ],
    "to": [ 12.75, 8.5, 7.5 ],
    "faces": {
        "down":  { "uv": [ 12, 7.5, 12.75, 7 ], "texture": "#texture" },
        "up":    { "uv": [ 12, 7, 12.75, 7.5 ], "texture": "#texture" },
        "north": { "uv": [ 12.75, 7, 12, 7.25 ], "texture": "#texture" },
        "south": { "uv": [ 12, 7.5, 12.75, 7.25 ], "texture": "#texture" },
        "west":  { "uv": [ 12, 7, 12.25, 7.5 ], "rotation": 270, "texture": "#texture" },
        "east":  { "uv": [ 12.75, 7, 12.5, 7.5 ], "rotation": 90, "texture": "#texture" }
    }
},
{
    "__comment": "key x64",
    "from": [ 12, 7.5, 8.25 ],
    "to": [ 12.25, 8.5, 8.5 ],
    "faces": {
        "down":  { "uv": [ 12, 8.5, 12.25, 8.25 ], "texture": "#texture" },
        "up":    { "uv": [ 12, 8.25, 12.25, 8.5 ], "texture": "#texture" },
        "north": { "uv": [ 12.25, 8.25, 12, 8.5 ], "texture": "#texture" },
        "south": { "uv": [ 12, 8.5, 12.25, 8.25 ], "texture": "#texture" },
        "west":  { "uv": [ 12, 8.25, 12.25, 8.5 ], "rotation": 270, "texture": "#texture" },
        "east":  { "uv": [ 12.25, 8.25, 12, 8.5 ], "rotation": 90, "texture": "#texture" }
    }
},
{
    "__comment": "key x64",
    "from": [ 12, 7.5, 10 ],
    "to": [ 12.75, 8.5, 10.5 ],
    "faces": {
        "down":  { "uv": [ 12, 10.5, 12.75, 10 ], "texture": "#texture" },
        "up":    { "uv": [ 12, 10, 12.75, 10.5 ], "texture": "#texture" },
        "north": { "uv": [ 12.75, 10, 12, 10.25 ], "texture": "#texture" },
        "south": { "uv": [ 12, 10.5, 12.75, 10.25 ], "texture": "#texture" },
        "west":  { "uv": [ 12, 10, 12.25, 10.5 ], "rotation": 270, "texture": "#texture" },
        "east":  { "uv": [ 12.75, 10, 12.5, 10.5 ], "rotation": 90, "texture": "#texture" }
    }
},
{
    "__comment": "key x64",
    "from": [ 12, 7.5, 12.5 ],
    "to": [ 14.75, 8.5, 12.75 ],
    "faces": {
        "down":  { "uv": [ 12, 12.75, 14.75, 12.5 ], "texture": "#texture" },
        "up":    { "uv": [ 12, 12.5, 14.75, 12.75 ], "texture": "#texture" },
        "north": { "uv": [ 14.75, 12.5, 12, 12.75 ], "texture": "#texture" },
        "south": { "uv": [ 12, 12.75, 14.75, 12.5 ], "texture": "#texture" },
        "west":  { "uv": [ 12, 12.5, 12.25, 12.75 ], "rotation": 270, "texture": "#texture" },
        "east":  { "uv": [ 14.75, 12.5, 14.5, 12.75 ], "rotation": 90, "texture": "#texture" }
    }
},
{
    "__comment": "key x64",
    "from": [ 12.25, 7.5, 4.5 ],
    "to": [ 14.5, 8.5, 4.75 ],
    "faces": {
        "down":  { "uv": [ 12.25, 4.75, 14.5, 4.5 ], "texture": "#texture" },
        "up":    { "uv": [ 12.25, 4.5, 14.5, 4.75 ], "texture": "#texture" },
        "north": { "uv": [ 14.5, 4.5, 12.25, 4.75 ], "texture": "#texture" },
        "south": { "uv": [ 12.25, 4.75, 14.5, 4.5 ], "texture": "#texture" },
        "west":  { "uv": [ 12.25, 4.5, 12.5, 4.75 ], "rotation": 270, "texture": "#texture" },
        "east":  { "uv": [ 14.5, 4.5, 14.25, 4.75 ], "rotation": 90, "texture": "#texture" }
    }
},
{
    "__comment": "key x64",
    "from": [ 12.25, 7.5, 5 ],
    "to": [ 12.5, 8.5, 6 ],
    "faces": {
        "down":  { "uv": [ 12.25, 6, 12.5, 5 ], "texture": "#texture" },
        "up":    { "uv": [ 12.25, 5, 12.5, 6 ], "texture": "#texture" },
        "north": { "uv": [ 12.5, 5, 12.25, 5.25 ], "texture": "#texture" },
        "south": { "uv": [ 12.25, 6, 12.5, 5.75 ], "texture": "#texture" },
        "west":  { "uv": [ 12.25, 5, 12.5, 6 ], "rotation": 270, "texture": "#texture" },
        "east":  { "uv": [ 12.5, 5, 12.25, 6 ], "rotation": 90, "texture": "#texture" }
    }
},
{
    "__comment": "key x64",
    "from": [ 12.25, 7.5, 6.5 ],
    "to": [ 12.5, 8.5, 6.75 ],
    "faces": {
        "down":  { "uv": [ 12.25, 6.75, 12.5, 6.5 ], "texture": "#texture" },
        "up":    { "uv": [ 12.25, 6.5, 12.5, 6.75 ], "texture": "#texture" },
        "north": { "uv": [ 12.5, 6.5, 12.25, 6.75 ], "texture": "#texture" },
        "south": { "uv": [ 12.25, 6.75, 12.5, 6.5 ], "texture": "#texture" },
        "west":  { "uv": [ 12.25, 6.5, 12.5, 6.75 ], "rotation": 270, "texture": "#texture" },
        "east":  { "uv": [ 12.5, 6.5, 12.25, 6.75 ], "rotation": 90, "texture": "#texture" }
    }
},
{
    "__comment": "key x64",
    "from": [ 12.25, 7.5, 7.5 ],
    "to": [ 15.25, 8.5, 8 ],
    "faces": {
        "down":  { "uv": [ 12.25, 8, 15.25, 7.5 ], "texture": "#texture" },
        "up":    { "uv": [ 12.25, 7.5, 15.25, 8 ], "texture": "#texture" },
        "north": { "uv": [ 15.25, 7.5, 12.25, 7.75 ], "texture": "#texture" },
        "south": { "uv": [ 12.25, 8, 15.25, 7.75 ], "texture": "#texture" },
        "west":  { "uv": [ 12.25, 7.5, 12.5, 8 ], "rotation": 270, "texture": "#texture" },
        "east":  { "uv": [ 15.25, 7.5, 15, 8 ], "rotation": 90, "texture": "#texture" }
    }
},
{
    "__comment": "key x64",
    "from": [ 12.25, 7.5, 9.5 ],
    "to": [ 15.25, 8.5, 10 ],
    "faces": {
        "down":  { "uv": [ 12.25, 10, 15.25, 9.5 ], "texture": "#texture" },
        "up":    { "uv": [ 12.25, 9.5, 15.25, 10 ], "texture": "#texture" },
        "north": { "uv": [ 15.25, 9.5, 12.25, 9.75 ], "texture": "#texture" },
        "south": { "uv": [ 12.25, 10, 15.25, 9.75 ], "texture": "#texture" },
        "west":  { "uv": [ 12.25, 9.5, 12.5, 10 ], "rotation": 270, "texture": "#texture" },
        "east":  { "uv": [ 15.25, 9.5, 15, 10 ], "rotation": 90, "texture": "#texture" }
    }
},
{
    "__comment": "key x64",
    "from": [ 12.25, 7.5, 10.75 ],
    "to": [ 12.5, 8.5, 11 ],
    "faces": {
        "down":  { "uv": [ 12.25, 11, 12.5, 10.75 ], "texture": "#texture" },
        "up":    { "uv": [ 12.25, 10.75, 12.5, 11 ], "texture": "#texture" },
        "north": { "uv": [ 12.5, 10.75, 12.25, 11 ], "texture": "#texture" },
        "south": { "uv": [ 12.25, 11, 12.5, 10.75 ], "texture": "#texture" },
        "west":  { "uv": [ 12.25, 10.75, 12.5, 11 ], "rotation": 270, "texture": "#texture" },
        "east":  { "uv": [ 12.5, 10.75, 12.25, 11 ], "rotation": 90, "texture": "#texture" }
    }
},
{
    "__comment": "key x64",
    "from": [ 12.25, 7.5, 11.5 ],
    "to": [ 12.5, 8.5, 12.5 ],
    "faces": {
        "down":  { "uv": [ 12.25, 12.5, 12.5, 11.5 ], "texture": "#texture" },
        "up":    { "uv": [ 12.25, 11.5, 12.5, 12.5 ], "texture": "#texture" },
        "north": { "uv": [ 12.5, 11.5, 12.25, 11.75 ], "texture": "#texture" },
        "south": { "uv": [ 12.25, 12.5, 12.5, 12.25 ], "texture": "#texture" },
        "west":  { "uv": [ 12.25, 11.5, 12.5, 12.5 ], "rotation": 270, "texture": "#texture" },
        "east":  { "uv": [ 12.5, 11.5, 12.25, 12.5 ], "rotation": 90, "texture": "#texture" }
    }
},
{
    "__comment": "key x64",
    "from": [ 12.25, 7.5, 12.75 ],
    "to": [ 14.5, 8.5, 13 ],
    "faces": {
        "down":  { "uv": [ 12.25, 13, 14.5, 12.75 ], "texture": "#texture" },
        "up":    { "uv": [ 12.25, 12.75, 14.5, 13 ], "texture": "#texture" },
        "north": { "uv": [ 14.5, 12.75, 12.25, 13 ], "texture": "#texture" },
        "south": { "uv": [ 12.25, 13, 14.5, 12.75 ], "texture": "#texture" },
        "west":  { "uv": [ 12.25, 12.75, 12.5, 13 ], "rotation": 270, "texture": "#texture" },
        "east":  { "uv": [ 14.5, 12.75, 14.25, 13 ], "rotation": 90, "texture": "#texture" }
    }
},
{
    "__comment": "key x64",
    "from": [ 12.5, 7.5, 4.25 ],
    "to": [ 14.25, 8.5, 4.5 ],
    "faces": {
        "down":  { "uv": [ 12.5, 4.5, 14.25, 4.25 ], "texture": "#texture" },
        "up":    { "uv": [ 12.5, 4.25, 14.25, 4.5 ], "texture": "#texture" },
        "north": { "uv": [ 14.25, 4.25, 12.5, 4.5 ], "texture": "#texture" },
        "south": { "uv": [ 12.5, 4.5, 14.25, 4.25 ], "texture": "#texture" },
        "west":  { "uv": [ 12.5, 4.25, 12.75, 4.5 ], "rotation": 270, "texture": "#texture" },
        "east":  { "uv": [ 14.25, 4.25, 14, 4.5 ], "rotation": 90, "texture": "#texture" }
    }
},
{
    "__comment": "key x64",
    "from": [ 12.5, 7.5, 5 ],
    "to": [ 13, 8.5, 5.5 ],
    "faces": {
        "down":  { "uv": [ 12.5, 5.5, 13, 5 ], "texture": "#texture" },
        "up":    { "uv": [ 12.5, 5, 13, 5.5 ], "texture": "#texture" },
        "north": { "uv": [ 13, 5, 12.5, 5.25 ], "texture": "#texture" },
        "south": { "uv": [ 12.5, 5.5, 13, 5.25 ], "texture": "#texture" },
        "west":  { "uv": [ 12.5, 5, 12.75, 5.5 ], "rotation": 270, "texture": "#texture" },
        "east":  { "uv": [ 13, 5, 12.75, 5.5 ], "rotation": 90, "texture": "#texture" }
    }
},
{
    "__comment": "key x64",
    "from": [ 12.5, 7.5, 12 ],
    "to": [ 13, 8.5, 12.5 ],
    "faces": {
        "down":  { "uv": [ 12.5, 12.5, 13, 12 ], "texture": "#texture" },
        "up":    { "uv": [ 12.5, 12, 13, 12.5 ], "texture": "#texture" },
        "north": { "uv": [ 13, 12, 12.5, 12.25 ], "texture": "#texture" },
        "south": { "uv": [ 12.5, 12.5, 13, 12.25 ], "texture": "#texture" },
        "west":  { "uv": [ 12.5, 12, 12.75, 12.5 ], "rotation": 270, "texture": "#texture" },
        "east":  { "uv": [ 13, 12, 12.75, 12.5 ], "rotation": 90, "texture": "#texture" }
    }
},
{
    "__comment": "key x64",
    "from": [ 12.5, 7.5, 13 ],
    "to": [ 14.25, 8.5, 13.25 ],
    "faces": {
        "down":  { "uv": [ 12.5, 13.25, 14.25, 13 ], "texture": "#texture" },
        "up":    { "uv": [ 12.5, 13, 14.25, 13.25 ], "texture": "#texture" },
        "north": { "uv": [ 14.25, 13, 12.5, 13.25 ], "texture": "#texture" },
        "south": { "uv": [ 12.5, 13.25, 14.25, 13 ], "texture": "#texture" },
        "west":  { "uv": [ 12.5, 13, 12.75, 13.25 ], "rotation": 270, "texture": "#texture" },
        "east":  { "uv": [ 14.25, 13, 14, 13.25 ], "rotation": 90, "texture": "#texture" }
    }
},
{
    "__comment": "key x64",
    "from": [ 12.75, 7.5, 7.25 ],
    "to": [ 13.75, 8.5, 7.5 ],
    "faces": {
        "down":  { "uv": [ 12.75, 7.5, 13.75, 7.25 ], "texture": "#texture" },
        "up":    { "uv": [ 12.75, 7.25, 13.75, 7.5 ], "texture": "#texture" },
        "north": { "uv": [ 13.75, 7.25, 12.75, 7.5 ], "texture": "#texture" },
        "south": { "uv": [ 12.75, 7.5, 13.75, 7.25 ], "texture": "#texture" },
        "west":  { "uv": [ 12.75, 7.25, 13, 7.5 ], "rotation": 270, "texture": "#texture" },
        "east":  { "uv": [ 13.75, 7.25, 13.5, 7.5 ], "rotation": 90, "texture": "#texture" }
    }
},
{
    "__comment": "key x64",
    "from": [ 12.75, 7.5, 8 ],
    "to": [ 15.75, 8.5, 8.25 ],
    "faces": {
        "down":  { "uv": [ 12.75, 8.25, 15.75, 8 ], "texture": "#texture" },
        "up":    { "uv": [ 12.75, 8, 15.75, 8.25 ], "texture": "#texture" },
        "north": { "uv": [ 15.75, 8, 12.75, 8.25 ], "texture": "#texture" },
        "south": { "uv": [ 12.75, 8.25, 15.75, 8 ], "texture": "#texture" },
        "west":  { "uv": [ 12.75, 8, 13, 8.25 ], "rotation": 270, "texture": "#texture" },
        "east":  { "uv": [ 15.75, 8, 15.5, 8.25 ], "rotation": 90, "texture": "#texture" }
    }
},
{
    "__comment": "key x64",
    "from": [ 12.75, 7.5, 9.25 ],
    "to": [ 15.75, 8.5, 9.5 ],
    "faces": {
        "down":  { "uv": [ 12.75, 9.5, 15.75, 9.25 ], "texture": "#texture" },
        "up":    { "uv": [ 12.75, 9.25, 15.75, 9.5 ], "texture": "#texture" },
        "north": { "uv": [ 15.75, 9.25, 12.75, 9.5 ], "texture": "#texture" },
        "south": { "uv": [ 12.75, 9.5, 15.75, 9.25 ], "texture": "#texture" },
        "west":  { "uv": [ 12.75, 9.25, 13, 9.5 ], "rotation": 270, "texture": "#texture" },
        "east":  { "uv": [ 15.75, 9.25, 15.5, 9.5 ], "rotation": 90, "texture": "#texture" }
    }
},
{
    "__comment": "key x64",
    "from": [ 12.75, 7.5, 10 ],
    "to": [ 13.75, 8.5, 10.25 ],
    "faces": {
        "down":  { "uv": [ 12.75, 10.25, 13.75, 10 ], "texture": "#texture" },
        "up":    { "uv": [ 12.75, 10, 13.75, 10.25 ], "texture": "#texture" },
        "north": { "uv": [ 13.75, 10, 12.75, 10.25 ], "texture": "#texture" },
        "south": { "uv": [ 12.75, 10.25, 13.75, 10 ], "texture": "#texture" },
        "west":  { "uv": [ 12.75, 10, 13, 10.25 ], "rotation": 270, "texture": "#texture" },
        "east":  { "uv": [ 13.75, 10, 13.5, 10.25 ], "rotation": 90, "texture": "#texture" }
    }
},
{
    "__comment": "key x64",
    "from": [ 13, 7.5, 4 ],
    "to": [ 13.75, 8.5, 4.25 ],
    "faces": {
        "down":  { "uv": [ 13, 4.25, 13.75, 4 ], "texture": "#texture" },
        "up":    { "uv": [ 13, 4, 13.75, 4.25 ], "texture": "#texture" },
        "north": { "uv": [ 13.75, 4, 13, 4.25 ], "texture": "#texture" },
        "south": { "uv": [ 13, 4.25, 13.75, 4 ], "texture": "#texture" },
        "west":  { "uv": [ 13, 4, 13.25, 4.25 ], "rotation": 270, "texture": "#texture" },
        "east":  { "uv": [ 13.75, 4, 13.5, 4.25 ], "rotation": 90, "texture": "#texture" }
    }
},
{
    "__comment": "key x64",
    "from": [ 13, 7.5, 5 ],
    "to": [ 14.75, 8.5, 5.25 ],
    "faces": {
        "down":  { "uv": [ 13, 5.25, 14.75, 5 ], "texture": "#texture" },
        "up":    { "uv": [ 13, 5, 14.75, 5.25 ], "texture": "#texture" },
        "north": { "uv": [ 14.75, 5, 13, 5.25 ], "texture": "#texture" },
        "south": { "uv": [ 13, 5.25, 14.75, 5 ], "texture": "#texture" },
        "west":  { "uv": [ 13, 5, 13.25, 5.25 ], "rotation": 270, "texture": "#texture" },
        "east":  { "uv": [ 14.75, 5, 14.5, 5.25 ], "rotation": 90, "texture": "#texture" }
    }
},
{
    "__comment": "key x64",
    "from": [ 13, 7.5, 12.25 ],
    "to": [ 14.75, 8.5, 12.5 ],
    "faces": {
        "down":  { "uv": [ 13, 12.5, 14.75, 12.25 ], "texture": "#texture" },
        "up":    { "uv": [ 13, 12.25, 14.75, 12.5 ], "texture": "#texture" },
        "north": { "uv": [ 14.75, 12.25, 13, 12.5 ], "texture": "#texture" },
        "south": { "uv": [ 13, 12.5, 14.75, 12.25 ], "texture": "#texture" },
        "west":  { "uv": [ 13, 12.25, 13.25, 12.5 ], "rotation": 270, "texture": "#texture" },
        "east":  { "uv": [ 14.75, 12.25, 14.5, 12.5 ], "rotation": 90, "texture": "#texture" }
    }
},
{
    "__comment": "key x64",
    "from": [ 13, 7.5, 13.25 ],
    "to": [ 13.75, 8.5, 13.5 ],
    "faces": {
        "down":  { "uv": [ 13, 13.5, 13.75, 13.25 ], "texture": "#texture" },
        "up":    { "uv": [ 13, 13.25, 13.75, 13.5 ], "texture": "#texture" },
        "north": { "uv": [ 13.75, 13.25, 13, 13.5 ], "texture": "#texture" },
        "south": { "uv": [ 13, 13.5, 13.75, 13.25 ], "texture": "#texture" },
        "west":  { "uv": [ 13, 13.25, 13.25, 13.5 ], "rotation": 270, "texture": "#texture" },
        "east":  { "uv": [ 13.75, 13.25, 13.5, 13.5 ], "rotation": 90, "texture": "#texture" }
    }
},
{
    "__comment": "key x64",
    "from": [ 13.25, 7.5, 8.25 ],
    "to": [ 16, 8.5, 9.25 ],
    "faces": {
        "down":  { "uv": [ 13.25, 9.25, 16, 8.25 ], "texture": "#texture" },
        "up":    { "uv": [ 13.25, 8.25, 16, 9.25 ], "texture": "#texture" },
        "north": { "uv": [ 16, 8.25, 13.25, 8.5 ], "texture": "#texture" },
        "south": { "uv": [ 13.25, 9.25, 16, 9 ], "texture": "#texture" },
        "west":  { "uv": [ 13.25, 8.25, 13.5, 9.25 ], "rotation": 270, "texture": "#texture" },
        "east":  { "uv": [ 16, 8.25, 15.75, 9.25 ], "rotation": 90, "texture": "#texture" }
    }
},
{
    "__comment": "key x64",
    "from": [ 13.75, 7.5, 5.25 ],
    "to": [ 15, 8.5, 5.5 ],
    "faces": {
        "down":  { "uv": [ 13.75, 5.5, 15, 5.25 ], "texture": "#texture" },
        "up":    { "uv": [ 13.75, 5.25, 15, 5.5 ], "texture": "#texture" },
        "north": { "uv": [ 15, 5.25, 13.75, 5.5 ], "texture": "#texture" },
        "south": { "uv": [ 13.75, 5.5, 15, 5.25 ], "texture": "#texture" },
        "west":  { "uv": [ 13.75, 5.25, 14, 5.5 ], "rotation": 270, "texture": "#texture" },
        "east":  { "uv": [ 15, 5.25, 14.75, 5.5 ], "rotation": 90, "texture": "#texture" }
    }
},
{
    "__comment": "key x64",
    "from": [ 13.75, 7.5, 12 ],
    "to": [ 15, 8.5, 12.25 ],
    "faces": {
        "down":  { "uv": [ 13.75, 12.25, 15, 12 ], "texture": "#texture" },
        "up":    { "uv": [ 13.75, 12, 15, 12.25 ], "texture": "#texture" },
        "north": { "uv": [ 15, 12, 13.75, 12.25 ], "texture": "#texture" },
        "south": { "uv": [ 13.75, 12.25, 15, 12 ], "texture": "#texture" },
        "west":  { "uv": [ 13.75, 12, 14, 12.25 ], "rotation": 270, "texture": "#texture" },
        "east":  { "uv": [ 15, 12, 14.75, 12.25 ], "rotation": 90, "texture": "#texture" }
    }
},
{
    "__comment": "key x64",
    "from": [ 14, 7.5, 5.5 ],
    "to": [ 15, 8.5, 5.75 ],
    "faces": {
        "down":  { "uv": [ 14, 5.75, 15, 5.5 ], "texture": "#texture" },
        "up":    { "uv": [ 14, 5.5, 15, 5.75 ], "texture": "#texture" },
        "north": { "uv": [ 15, 5.5, 14, 5.75 ], "texture": "#texture" },
        "south": { "uv": [ 14, 5.75, 15, 5.5 ], "texture": "#texture" },
        "west":  { "uv": [ 14, 5.5, 14.25, 5.75 ], "rotation": 270, "texture": "#texture" },
        "east":  { "uv": [ 15, 5.5, 14.75, 5.75 ], "rotation": 90, "texture": "#texture" }
    }
},
{
    "__comment": "key x64",
    "from": [ 14, 7.5, 11.75 ],
    "to": [ 15, 8.5, 12 ],
    "faces": {
        "down":  { "uv": [ 14, 12, 15, 11.75 ], "texture": "#texture" },
        "up":    { "uv": [ 14, 11.75, 15, 12 ], "texture": "#texture" },
        "north": { "uv": [ 15, 11.75, 14, 12 ], "texture": "#texture" },
        "south": { "uv": [ 14, 12, 15, 11.75 ], "texture": "#texture" },
        "west":  { "uv": [ 14, 11.75, 14.25, 12 ], "rotation": 270, "texture": "#texture" },
        "east":  { "uv": [ 15, 11.75, 14.75, 12 ], "rotation": 90, "texture": "#texture" }
    }
},
{
    "__comment": "key x64",
    "from": [ 14.25, 7.5, 5.75 ],
    "to": [ 15, 8.5, 7.5 ],
    "faces": {
        "down":  { "uv": [ 14.25, 7.5, 15, 5.75 ], "texture": "#texture" },
        "up":    { "uv": [ 14.25, 5.75, 15, 7.5 ], "texture": "#texture" },
        "north": { "uv": [ 15, 5.75, 14.25, 6 ], "texture": "#texture" },
        "south": { "uv": [ 14.25, 7.5, 15, 7.25 ], "texture": "#texture" },
        "west":  { "uv": [ 14.25, 5.75, 14.5, 7.5 ], "rotation": 270, "texture": "#texture" },
        "east":  { "uv": [ 15, 5.75, 14.75, 7.5 ], "rotation": 90, "texture": "#texture" }
    }
},
{
    "__comment": "key x64",
    "from": [ 14.25, 7.5, 10 ],
    "to": [ 15, 8.5, 11.75 ],
    "faces": {
        "down":  { "uv": [ 14.25, 11.75, 15, 10 ], "texture": "#texture" },
        "up":    { "uv": [ 14.25, 10, 15, 11.75 ], "texture": "#texture" },
        "north": { "uv": [ 15, 10, 14.25, 10.25 ], "texture": "#texture" },
        "south": { "uv": [ 14.25, 11.75, 15, 11.5 ], "texture": "#texture" },
        "west":  { "uv": [ 14.25, 10, 14.5, 11.75 ], "rotation": 270, "texture": "#texture" },
        "east":  { "uv": [ 15, 10, 14.75, 11.75 ], "rotation": 90, "texture": "#texture" }
    }
},
{
    "__comment": "key x64",
    "from": [ 15.25, 7.5, 7.75 ],
    "to": [ 15.5, 8.5, 8 ],
    "faces": {
        "down":  { "uv": [ 15.25, 8, 15.5, 7.75 ], "texture": "#texture" },
        "up":    { "uv": [ 15.25, 7.75, 15.5, 8 ], "texture": "#texture" },
        "north": { "uv": [ 15.5, 7.75, 15.25, 8 ], "texture": "#texture" },
        "south": { "uv": [ 15.25, 8, 15.5, 7.75 ], "texture": "#texture" },
        "west":  { "uv": [ 15.25, 7.75, 15.5, 8 ], "rotation": 270, "texture": "#texture" },
        "east":  { "uv": [ 15.5, 7.75, 15.25, 8 ], "rotation": 90, "texture": "#texture" }
    }
},
{
    "__comment": "key x64",
    "from": [ 15.25, 7.5, 9.5 ],
    "to": [ 15.5, 8.5, 9.75 ],
    "faces": {
        "down":  { "uv": [ 15.25, 9.75, 15.5, 9.5 ], "texture": "#texture" },
        "up":    { "uv": [ 15.25, 9.5, 15.5, 9.75 ], "texture": "#texture" },
        "north": { "uv": [ 15.5, 9.5, 15.25, 9.75 ], "texture": "#texture" },
        "south": { "uv": [ 15.25, 9.75, 15.5, 9.5 ], "texture": "#texture" },
        "west":  { "uv": [ 15.25, 9.5, 15.5, 9.75 ], "rotation": 270, "texture": "#texture" },
        "east":  { "uv": [ 15.5, 9.5, 15.25, 9.75 ], "rotation": 90, "texture": "#texture" }
    }
}
],
"display": {
    "thirdperson_righthand": {
        "rotation": [ -16, -4, -34 ],
        "translation": [ -0.76, 0, 0 ],
        "scale": [ 0.3, 0.3, 0.3 ]
    },
    "thirdperson_lefthand": {
        "rotation": [ -16, -4, -34 ],
        "translation": [ -0.76, 0, 0 ],
        "scale": [ 0.3, 0.3, 0.3 ]
    },
    "ground": {
        "rotation": [ 0, 0, 0 ],
        "translation": [ 0, 0, 0 ],
        "scale": [ 0.3, 0.3, 0.3 ]
    },
    "firstperson_righthand": {
        "rotation": [ 38, -81, 26 ],
        "translation": [ 0, 0, 0 ],
        "scale": [ 0.3, 0.3, 0.3 ]
    },
    "firstperson_lefthand": {
        "rotation": [ 38, -81, 26 ],
        "translation": [ 0, 0, 0 ],
        "scale": [ 0.3, 0.3, 0.3 ]
    },
    "gui": {
        "rotation": [ 34, -132, 120 ],
        "translation": [ 1.51, -0.38, 0 ],
        "scale": [ 0.6, 0.6, 0.6 ]
    }
}
}