{
"__comment": "Designed by S9855027 with BDcraft Cubik PRO 0.96 Beta - http://bdcraft.net",
"textures": {
    "particle": "blocks/gold_block",
    "texture": "blocks/brewing_stand_base"
},
"elements": [ 
{
    "__comment": "H",
    "from": [ -6, 11.5, 6 ],
    "to": [ -3.5, 16, 10 ],
    "faces": {
        "down":  { "uv": [ 16, 10, 16, 6 ], "texture": "#texture" },
        "up":    { "uv": [ 0, 6, 0, 10 ], "texture": "#texture" },
        "north": { "uv": [ 16, 0, 16, 4.5 ], "texture": "#texture" },
        "south": { "uv": [ 0, 0, 0, 4.5 ], "texture": "#texture" },
        "west":  { "uv": [ 6, 0, 10, 4.5 ], "texture": "#texture" },
        "east":  { "uv": [ 6, 0, 10, 4.5 ], "texture": "#texture" }
    }
},
{
    "__comment": "H",
    "from": [ -6.5, 11.5, 6 ],
    "to": [ -6, 15.5, 10 ],
    "faces": {
        "down":  { "uv": [ 16, 10, 16, 6 ], "texture": "#texture" },
        "up":    { "uv": [ 0, 6, 0, 10 ], "texture": "#texture" },
        "north": { "uv": [ 16, 0.5, 16, 4.5 ], "texture": "#texture" },
        "south": { "uv": [ 0, 0.5, 0, 4.5 ], "texture": "#texture" },
        "west":  { "uv": [ 6, 0.5, 10, 4.5 ], "texture": "#texture" },
        "east":  { "uv": [ 6, 0.5, 10, 4.5 ], "texture": "#texture" }
    }
},
{
    "__comment": "H",
    "from": [ -7, 11, 6 ],
    "to": [ -6.5, 15.5, 10 ],
    "faces": {
        "down":  { "uv": [ 16, 10, 16, 6 ], "texture": "#texture" },
        "up":    { "uv": [ 0, 6, 0, 10 ], "texture": "#texture" },
        "north": { "uv": [ 16, 0.5, 16, 5 ], "texture": "#texture" },
        "south": { "uv": [ 0, 0.5, 0, 5 ], "texture": "#texture" },
        "west":  { "uv": [ 6, 0.5, 10, 5 ], "texture": "#texture" },
        "east":  { "uv": [ 6, 0.5, 10, 5 ], "texture": "#texture" }
    }
},
{
    "__comment": "H",
    "from": [ -7.5, 11, 6 ],
    "to": [ -7, 15, 10 ],
    "faces": {
        "down":  { "uv": [ 16, 10, 16, 6 ], "texture": "#texture" },
        "up":    { "uv": [ 0, 6, 0, 10 ], "texture": "#texture" },
        "north": { "uv": [ 16, 1, 16, 5 ], "texture": "#texture" },
        "south": { "uv": [ 0, 1, 0, 5 ], "texture": "#texture" },
        "west":  { "uv": [ 6, 1, 10, 5 ], "texture": "#texture" },
        "east":  { "uv": [ 6, 1, 10, 5 ], "texture": "#texture" }
    }
},
{
    "__comment": "H",
    "from": [ -8, 11, 6.5 ],
    "to": [ -7.5, 14.5, 9.5 ],
    "faces": {
        "down":  { "uv": [ 16, 9.5, 16, 6.5 ], "texture": "#texture" },
        "up":    { "uv": [ 0, 6.5, 0, 9.5 ], "texture": "#texture" },
        "north": { "uv": [ 16, 1.5, 16, 5 ], "texture": "#texture" },
        "south": { "uv": [ 0, 1.5, 0, 5 ], "texture": "#texture" },
        "west":  { "uv": [ 6.5, 1.5, 9.5, 5 ], "texture": "#texture" },
        "east":  { "uv": [ 6.5, 1.5, 9.5, 5 ], "texture": "#texture" }
    }
},
{
    "__comment": "H",
    "from": [ -8.5, 11, 6.5 ],
    "to": [ -8, 14, 9.5 ],
    "faces": {
        "down":  { "uv": [ 16, 9.5, 16, 6.5 ], "texture": "#texture" },
        "up":    { "uv": [ 0, 6.5, 0, 9.5 ], "texture": "#texture" },
        "north": { "uv": [ 16, 2, 16, 5 ], "texture": "#texture" },
        "south": { "uv": [ 0, 2, 0, 5 ], "texture": "#texture" },
        "west":  { "uv": [ 6.5, 2, 9.5, 5 ], "texture": "#texture" },
        "east":  { "uv": [ 6.5, 2, 9.5, 5 ], "texture": "#texture" }
    }
},
{
    "__comment": "H",
    "from": [ -9, 11, 6.5 ],
    "to": [ -8.5, 13, 9.5 ],
    "faces": {
        "down":  { "uv": [ 16, 9.5, 16, 6.5 ], "texture": "#texture" },
        "up":    { "uv": [ 0, 6.5, 0, 9.5 ], "texture": "#texture" },
        "north": { "uv": [ 16, 3, 16, 5 ], "texture": "#texture" },
        "south": { "uv": [ 0, 3, 0, 5 ], "texture": "#texture" },
        "west":  { "uv": [ 6.5, 3, 9.5, 5 ], "texture": "#texture" },
        "east":  { "uv": [ 6.5, 3, 9.5, 5 ], "texture": "#texture" }
    }
},
{
    "__comment": "H",
    "from": [ -6.5, 13.25, 5.8125 ],
    "to": [ -5.75, 14, 10.3125 ],
    "rotation": { "origin": [ -6.5, 14, 5.8125 ], "axis": "z", "angle": 45 },
    "faces": {
        "down":  { "uv": [ 16, 8.5, 16, 4 ], "texture": "#texture" },
        "up":    { "uv": [ 0, 4, 0, 8.5 ], "texture": "#texture" },
        "north": { "uv": [ 16, 0, 16, 0.75 ], "texture": "#texture" },
        "south": { "uv": [ 0, 0, 0, 0.75 ], "texture": "#texture" },
        "west":  { "uv": [ 4, 0, 8.5, 0.75 ], "texture": "#texture" },
        "east":  { "uv": [ 7.5, 0, 12, 0.75 ], "texture": "#texture" }
    }
},
{
    "__comment": "H",
    "from": [ -4, 16.25, 9.5 ],
    "to": [ -3.5, 17.75, 9.75 ],
    "faces": {
        "down":  { "uv": [ 16, 9.75, 16, 9.5 ], "texture": "#texture" },
        "up":    { "uv": [ 0, 9.5, 0, 9.75 ], "texture": "#texture" },
        "north": { "uv": [ 16, 0, 16, 0 ], "texture": "#texture" },
        "south": { "uv": [ 0, 0, 0, 0 ], "texture": "#texture" },
        "west":  { "uv": [ 9.5, 0, 9.75, 0 ], "texture": "#texture" },
        "east":  { "uv": [ 6.25, 0, 6.5, 0 ], "texture": "#texture" }
    }
},
{
    "__comment": "H",
    "from": [ -4.5, 15.75, 9.5 ],
    "to": [ -4, 17.25, 9.75 ],
    "faces": {
        "down":  { "uv": [ 16, 9.75, 16, 9.5 ], "texture": "#texture" },
        "up":    { "uv": [ 0, 9.5, 0, 9.75 ], "texture": "#texture" },
        "north": { "uv": [ 16, 0, 16, 0.25 ], "texture": "#texture" },
        "south": { "uv": [ 0, 0, 0, 0.25 ], "texture": "#texture" },
        "west":  { "uv": [ 9.5, 0, 9.75, 0.25 ], "texture": "#texture" },
        "east":  { "uv": [ 6.25, 0, 6.5, 0.25 ], "texture": "#texture" }
    }
},
{
    "__comment": "H",
    "from": [ -5, 15.75, 9.5 ],
    "to": [ -4.5, 16.75, 9.75 ],
    "faces": {
        "down":  { "uv": [ 16, 9.75, 16, 9.5 ], "texture": "#texture" },
        "up":    { "uv": [ 0, 9.5, 0, 9.75 ], "texture": "#texture" },
        "north": { "uv": [ 16, 0, 16, 0.25 ], "texture": "#texture" },
        "south": { "uv": [ 0, 0, 0, 0.25 ], "texture": "#texture" },
        "west":  { "uv": [ 9.5, 0, 9.75, 0.25 ], "texture": "#texture" },
        "east":  { "uv": [ 6.25, 0, 6.5, 0.25 ], "texture": "#texture" }
    }
},
{
    "__comment": "H",
    "from": [ -4, 16.25, 6.25 ],
    "to": [ -3.5, 17.75, 6.5 ],
    "faces": {
        "down":  { "uv": [ 16, 6.5, 16, 6.25 ], "texture": "#texture" },
        "up":    { "uv": [ 0, 6.25, 0, 6.5 ], "texture": "#texture" },
        "north": { "uv": [ 16, 0, 16, 0 ], "texture": "#texture" },
        "south": { "uv": [ 0, 0, 0, 0 ], "texture": "#texture" },
        "west":  { "uv": [ 6.25, 0, 6.5, 0 ], "texture": "#texture" },
        "east":  { "uv": [ 9.5, 0, 9.75, 0 ], "texture": "#texture" }
    }
},
{
    "__comment": "H",
    "from": [ -4.5, 15.75, 6.25 ],
    "to": [ -4, 17.25, 6.5 ],
    "faces": {
        "down":  { "uv": [ 16, 6.5, 16, 6.25 ], "texture": "#texture" },
        "up":    { "uv": [ 0, 6.25, 0, 6.5 ], "texture": "#texture" },
        "north": { "uv": [ 16, 0, 16, 0.25 ], "texture": "#texture" },
        "south": { "uv": [ 0, 0, 0, 0.25 ], "texture": "#texture" },
        "west":  { "uv": [ 6.25, 0, 6.5, 0.25 ], "texture": "#texture" },
        "east":  { "uv": [ 9.5, 0, 9.75, 0.25 ], "texture": "#texture" }
    }
},
{
    "__comment": "H",
    "from": [ -5, 15.75, 6.25 ],
    "to": [ -4.5, 16.75, 6.5 ],
    "faces": {
        "down":  { "uv": [ 16, 6.5, 16, 6.25 ], "texture": "#texture" },
        "up":    { "uv": [ 0, 6.25, 0, 6.5 ], "texture": "#texture" },
        "north": { "uv": [ 16, 0, 16, 0.25 ], "texture": "#texture" },
        "south": { "uv": [ 0, 0, 0, 0.25 ], "texture": "#texture" },
        "west":  { "uv": [ 6.25, 0, 6.5, 0.25 ], "texture": "#texture" },
        "east":  { "uv": [ 9.5, 0, 9.75, 0.25 ], "texture": "#texture" }
    }
},
{
    "__comment": "B1",
    "from": [ -5, 6.5, 6.5 ],
    "to": [ 1, 11.5, 9.5 ],
    "faces": {
        "down":  { "uv": [ 16, 9.5, 15, 6.5 ], "texture": "#texture" },
        "up":    { "uv": [ 0, 6.5, 1, 9.5 ], "texture": "#texture" },
        "north": { "uv": [ 15, 4.5, 16, 9.5 ], "texture": "#texture" },
        "south": { "uv": [ 0, 4.5, 1, 9.5 ], "texture": "#texture" },
        "west":  { "uv": [ 6.5, 4.5, 9.5, 9.5 ], "texture": "#texture" },
        "east":  { "uv": [ 6.5, 4.5, 9.5, 9.5 ], "texture": "#texture" }
    }
},
{
    "__comment": "B1",
    "from": [ 1, 5, 6.5 ],
    "to": [ 3, 11, 9.5 ],
    "faces": {
        "down":  { "uv": [ 15, 9.5, 13, 6.5 ], "texture": "#texture" },
        "up":    { "uv": [ 1, 6.5, 3, 9.5 ], "texture": "#texture" },
        "north": { "uv": [ 13, 5, 15, 11 ], "texture": "#texture" },
        "south": { "uv": [ 1, 5, 3, 11 ], "texture": "#texture" },
        "west":  { "uv": [ 6.5, 5, 9.5, 11 ], "texture": "#texture" },
        "east":  { "uv": [ 6.5, 5, 9.5, 11 ], "texture": "#texture" }
    }
},
{
    "__comment": "B1",
    "from": [ 3, 5, 6.5 ],
    "to": [ 4, 10.5, 9.5 ],
    "faces": {
        "down":  { "uv": [ 13, 9.5, 12, 6.5 ], "texture": "#texture" },
        "up":    { "uv": [ 3, 6.5, 4, 9.5 ], "texture": "#texture" },
        "north": { "uv": [ 12, 5.5, 13, 11 ], "texture": "#texture" },
        "south": { "uv": [ 3, 5.5, 4, 11 ], "texture": "#texture" },
        "west":  { "uv": [ 6.5, 5.5, 9.5, 11 ], "texture": "#texture" },
        "east":  { "uv": [ 6.5, 5.5, 9.5, 11 ], "texture": "#texture" }
    }
},
{
    "__comment": "B1",
    "from": [ 4, 5.5, 6.5 ],
    "to": [ 7.5, 10.5, 9.5 ],
    "faces": {
        "down":  { "uv": [ 12, 9.5, 8.5, 6.5 ], "texture": "#texture" },
        "up":    { "uv": [ 4, 6.5, 7.5, 9.5 ], "texture": "#texture" },
        "north": { "uv": [ 8.5, 5.5, 12, 10.5 ], "texture": "#texture" },
        "south": { "uv": [ 4, 5.5, 7.5, 10.5 ], "texture": "#texture" },
        "west":  { "uv": [ 6.5, 5.5, 9.5, 10.5 ], "texture": "#texture" },
        "east":  { "uv": [ 6.5, 5.5, 9.5, 10.5 ], "texture": "#texture" }
    }
},
{
    "__comment": "B1",
    "from": [ 7.5, 5, 6.5 ],
    "to": [ 10.5, 11, 9.5 ],
    "faces": {
        "down":  { "uv": [ 8.5, 9.5, 5.5, 6.5 ], "texture": "#texture" },
        "up":    { "uv": [ 7.5, 6.5, 10.5, 9.5 ], "texture": "#texture" },
        "north": { "uv": [ 5.5, 5, 8.5, 11 ], "texture": "#texture" },
        "south": { "uv": [ 7.5, 5, 10.5, 11 ], "texture": "#texture" },
        "west":  { "uv": [ 6.5, 5, 9.5, 11 ], "texture": "#texture" },
        "east":  { "uv": [ 6.5, 5, 9.5, 11 ], "texture": "#texture" }
    }
},
{
    "__comment": "B1",
    "from": [ 10.5, 5, 6.5 ],
    "to": [ 12.5, 10.5, 9.5 ],
    "faces": {
        "down":  { "uv": [ 5.5, 9.5, 3.5, 6.5 ], "texture": "#texture" },
        "up":    { "uv": [ 10.5, 6.5, 12.5, 9.5 ], "texture": "#texture" },
        "north": { "uv": [ 3.5, 5.5, 5.5, 11 ], "texture": "#texture" },
        "south": { "uv": [ 10.5, 5.5, 12.5, 11 ], "texture": "#texture" },
        "west":  { "uv": [ 6.5, 5.5, 9.5, 11 ], "texture": "#texture" },
        "east":  { "uv": [ 6.5, 5.5, 9.5, 11 ], "texture": "#texture" }
    }
},
{
    "__comment": "B1",
    "from": [ -2, 4.5, 6.5 ],
    "to": [ 1, 6.5, 9.5 ],
    "faces": {
        "down":  { "uv": [ 16, 9.5, 15, 6.5 ], "texture": "#texture" },
        "up":    { "uv": [ 0, 6.5, 1, 9.5 ], "texture": "#texture" },
        "north": { "uv": [ 15, 9.5, 16, 11.5 ], "texture": "#texture" },
        "south": { "uv": [ 0, 9.5, 1, 11.5 ], "texture": "#texture" },
        "west":  { "uv": [ 6.5, 9.5, 9.5, 11.5 ], "texture": "#texture" },
        "east":  { "uv": [ 6.5, 9.5, 9.5, 11.5 ], "texture": "#texture" }
    }
},
{
    "__comment": "B1",
    "from": [ -3, 5, 6.5 ],
    "to": [ -2, 6.5, 9.5 ],
    "faces": {
        "down":  { "uv": [ 16, 9.5, 16, 6.5 ], "texture": "#texture" },
        "up":    { "uv": [ 0, 6.5, 0, 9.5 ], "texture": "#texture" },
        "north": { "uv": [ 16, 9.5, 16, 11 ], "texture": "#texture" },
        "south": { "uv": [ 0, 9.5, 0, 11 ], "texture": "#texture" },
        "west":  { "uv": [ 6.5, 9.5, 9.5, 11 ], "texture": "#texture" },
        "east":  { "uv": [ 6.5, 9.5, 9.5, 11 ], "texture": "#texture" }
    }
},
{
    "__comment": "B1",
    "from": [ -4, 5.5, 6.5 ],
    "to": [ -3, 6.5, 9.5 ],
    "faces": {
        "down":  { "uv": [ 16, 9.5, 16, 6.5 ], "texture": "#texture" },
        "up":    { "uv": [ 0, 6.5, 0, 9.5 ], "texture": "#texture" },
        "north": { "uv": [ 16, 9.5, 16, 10.5 ], "texture": "#texture" },
        "south": { "uv": [ 0, 9.5, 0, 10.5 ], "texture": "#texture" },
        "west":  { "uv": [ 6.5, 9.5, 9.5, 10.5 ], "texture": "#texture" },
        "east":  { "uv": [ 6.5, 9.5, 9.5, 10.5 ], "texture": "#texture" }
    }
},
{
    "__comment": "B1",
    "from": [ 12.5, 5.5, 6.5 ],
    "to": [ 13.5, 9.5, 9.5 ],
    "faces": {
        "down":  { "uv": [ 3.5, 9.5, 2.5, 6.5 ], "texture": "#texture" },
        "up":    { "uv": [ 12.5, 6.5, 13.5, 9.5 ], "texture": "#texture" },
        "north": { "uv": [ 2.5, 6.5, 3.5, 10.5 ], "texture": "#texture" },
        "south": { "uv": [ 12.5, 6.5, 13.5, 10.5 ], "texture": "#texture" },
        "west":  { "uv": [ 6.5, 6.5, 9.5, 10.5 ], "texture": "#texture" },
        "east":  { "uv": [ 6.5, 6.5, 9.5, 10.5 ], "texture": "#texture" }
    }
},
{
    "__comment": "B1",
    "from": [ -4.5, 6, 6.5 ],
    "to": [ -4, 6.5, 9.5 ],
    "faces": {
        "down":  { "uv": [ 16, 9.5, 16, 6.5 ], "texture": "#texture" },
        "up":    { "uv": [ 0, 6.5, 0, 9.5 ], "texture": "#texture" },
        "north": { "uv": [ 16, 9.5, 16, 10 ], "texture": "#texture" },
        "south": { "uv": [ 0, 9.5, 0, 10 ], "texture": "#texture" },
        "west":  { "uv": [ 6.5, 9.5, 9.5, 10 ], "texture": "#texture" },
        "east":  { "uv": [ 6.5, 9.5, 9.5, 10 ], "texture": "#texture" }
    }
},
{
    "__comment": "B1",
    "from": [ 1, 4.5, 6.5 ],
    "to": [ 1.5, 5, 9.5 ],
    "faces": {
        "down":  { "uv": [ 15, 9.5, 14.5, 6.5 ], "texture": "#texture" },
        "up":    { "uv": [ 1, 6.5, 1.5, 9.5 ], "texture": "#texture" },
        "north": { "uv": [ 14.5, 11, 15, 11.5 ], "texture": "#texture" },
        "south": { "uv": [ 1, 11, 1.5, 11.5 ], "texture": "#texture" },
        "west":  { "uv": [ 6.5, 11, 9.5, 11.5 ], "texture": "#texture" },
        "east":  { "uv": [ 6.5, 11, 9.5, 11.5 ], "texture": "#texture" }
    }
},
{
    "__comment": "B1",
    "from": [ 12.5, 9.5, 6.5 ],
    "to": [ 13, 10, 9.5 ],
    "faces": {
        "down":  { "uv": [ 3.5, 9.5, 3, 6.5 ], "texture": "#texture" },
        "up":    { "uv": [ 12.5, 6.5, 13, 9.5 ], "texture": "#texture" },
        "north": { "uv": [ 3, 6, 3.5, 6.5 ], "texture": "#texture" },
        "south": { "uv": [ 12.5, 6, 13, 6.5 ], "texture": "#texture" },
        "west":  { "uv": [ 6.5, 6, 9.5, 6.5 ], "texture": "#texture" },
        "east":  { "uv": [ 6.5, 6, 9.5, 6.5 ], "texture": "#texture" }
    }
},
{
    "__comment": "B1",
    "from": [ 8, 4.5, 6.5 ],
    "to": [ 9.5, 5, 9.5 ],
    "faces": {
        "down":  { "uv": [ 8, 9.5, 6.5, 6.5 ], "texture": "#texture" },
        "up":    { "uv": [ 8, 6.5, 9.5, 9.5 ], "texture": "#texture" },
        "north": { "uv": [ 6.5, 11, 8, 11.5 ], "texture": "#texture" },
        "south": { "uv": [ 8, 11, 9.5, 11.5 ], "texture": "#texture" },
        "west":  { "uv": [ 6.5, 11, 9.5, 11.5 ], "texture": "#texture" },
        "east":  { "uv": [ 6.5, 11, 9.5, 11.5 ], "texture": "#texture" }
    }
},
{
    "__comment": "B1",
    "from": [ -0.5, 4, 6.5 ],
    "to": [ 1, 4.5, 9.5 ],
    "faces": {
        "down":  { "uv": [ 16, 9.5, 15, 6.5 ], "texture": "#texture" },
        "up":    { "uv": [ 0, 6.5, 1, 9.5 ], "texture": "#texture" },
        "north": { "uv": [ 15, 11.5, 16, 12 ], "texture": "#texture" },
        "south": { "uv": [ 0, 11.5, 1, 12 ], "texture": "#texture" },
        "west":  { "uv": [ 6.5, 11.5, 9.5, 12 ], "texture": "#texture" },
        "east":  { "uv": [ 6.5, 11.5, 9.5, 12 ], "texture": "#texture" }
    }
},
{
    "__comment": "B1",
    "from": [ -4.5, 11.5, 6.5 ],
    "to": [ -2, 14.5, 9.5 ],
    "faces": {
        "down":  { "uv": [ 16, 9.5, 16, 6.5 ], "texture": "#texture" },
        "up":    { "uv": [ 0, 6.5, 0, 9.5 ], "texture": "#texture" },
        "north": { "uv": [ 16, 1.5, 16, 4.5 ], "texture": "#texture" },
        "south": { "uv": [ 0, 1.5, 0, 4.5 ], "texture": "#texture" },
        "west":  { "uv": [ 6.5, 1.5, 9.5, 4.5 ], "texture": "#texture" },
        "east":  { "uv": [ 6.5, 1.5, 9.5, 4.5 ], "texture": "#texture" }
    }
},
{
    "__comment": "B1",
    "from": [ -2, 11.5, 6.5 ],
    "to": [ -1, 13.5, 9.5 ],
    "faces": {
        "down":  { "uv": [ 16, 9.5, 16, 6.5 ], "texture": "#texture" },
        "up":    { "uv": [ 0, 6.5, 0, 9.5 ], "texture": "#texture" },
        "north": { "uv": [ 16, 2.5, 16, 4.5 ], "texture": "#texture" },
        "south": { "uv": [ 0, 2.5, 0, 4.5 ], "texture": "#texture" },
        "west":  { "uv": [ 6.5, 2.5, 9.5, 4.5 ], "texture": "#texture" },
        "east":  { "uv": [ 6.5, 2.5, 9.5, 4.5 ], "texture": "#texture" }
    }
},
{
    "__comment": "B1",
    "from": [ -4.5, 14.5, 6.5 ],
    "to": [ -3, 15.5, 9.5 ],
    "faces": {
        "down":  { "uv": [ 16, 9.5, 16, 6.5 ], "texture": "#texture" },
        "up":    { "uv": [ 0, 6.5, 0, 9.5 ], "texture": "#texture" },
        "north": { "uv": [ 16, 0.5, 16, 1.5 ], "texture": "#texture" },
        "south": { "uv": [ 0, 0.5, 0, 1.5 ], "texture": "#texture" },
        "west":  { "uv": [ 6.5, 0.5, 9.5, 1.5 ], "texture": "#texture" },
        "east":  { "uv": [ 6.5, 0.5, 9.5, 1.5 ], "texture": "#texture" }
    }
},
{
    "__comment": "B1",
    "from": [ -4.5, 15.5, 6.5 ],
    "to": [ -3.5, 16, 9.5 ],
    "faces": {
        "down":  { "uv": [ 16, 9.5, 16, 6.5 ], "texture": "#texture" },
        "up":    { "uv": [ 0, 6.5, 0, 9.5 ], "texture": "#texture" },
        "north": { "uv": [ 16, 0, 16, 0.5 ], "texture": "#texture" },
        "south": { "uv": [ 0, 0, 0, 0.5 ], "texture": "#texture" },
        "west":  { "uv": [ 6.5, 0, 9.5, 0.5 ], "texture": "#texture" },
        "east":  { "uv": [ 6.5, 0, 9.5, 0.5 ], "texture": "#texture" }
    }
},
{
    "__comment": "B1",
    "from": [ -1, 11.5, 6.5 ],
    "to": [ 0, 12, 9.5 ],
    "faces": {
        "down":  { "uv": [ 16, 9.5, 16, 6.5 ], "texture": "#texture" },
        "up":    { "uv": [ 0, 6.5, 0, 9.5 ], "texture": "#texture" },
        "north": { "uv": [ 16, 4, 16, 4.5 ], "texture": "#texture" },
        "south": { "uv": [ 0, 4, 0, 4.5 ], "texture": "#texture" },
        "west":  { "uv": [ 6.5, 4, 9.5, 4.5 ], "texture": "#texture" },
        "east":  { "uv": [ 6.5, 4, 9.5, 4.5 ], "texture": "#texture" }
    }
},
{
    "__comment": "B1",
    "from": [ -1, 12, 6.5 ],
    "to": [ -0.5, 13, 9.5 ],
    "faces": {
        "down":  { "uv": [ 16, 9.5, 16, 6.5 ], "texture": "#texture" },
        "up":    { "uv": [ 0, 6.5, 0, 9.5 ], "texture": "#texture" },
        "north": { "uv": [ 16, 3, 16, 4 ], "texture": "#texture" },
        "south": { "uv": [ 0, 3, 0, 4 ], "texture": "#texture" },
        "west":  { "uv": [ 6.5, 3, 9.5, 4 ], "texture": "#texture" },
        "east":  { "uv": [ 6.5, 3, 9.5, 4 ], "texture": "#texture" }
    }
},
{
    "__comment": "B1",
    "from": [ -3, 14.5, 6.5 ],
    "to": [ -2.5, 15, 9.5 ],
    "faces": {
        "down":  { "uv": [ 16, 9.5, 16, 6.5 ], "texture": "#texture" },
        "up":    { "uv": [ 0, 6.5, 0, 9.5 ], "texture": "#texture" },
        "north": { "uv": [ 16, 1, 16, 1.5 ], "texture": "#texture" },
        "south": { "uv": [ 0, 1, 0, 1.5 ], "texture": "#texture" },
        "west":  { "uv": [ 6.5, 1, 9.5, 1.5 ], "texture": "#texture" },
        "east":  { "uv": [ 6.5, 1, 9.5, 1.5 ], "texture": "#texture" }
    }
},
{
    "__comment": "B1",
    "from": [ -2, 13.5, 6.5 ],
    "to": [ -1.5, 14, 9.5 ],
    "faces": {
        "down":  { "uv": [ 16, 9.5, 16, 6.5 ], "texture": "#texture" },
        "up":    { "uv": [ 0, 6.5, 0, 9.5 ], "texture": "#texture" },
        "north": { "uv": [ 16, 2, 16, 2.5 ], "texture": "#texture" },
        "south": { "uv": [ 0, 2, 0, 2.5 ], "texture": "#texture" },
        "west":  { "uv": [ 6.5, 2, 9.5, 2.5 ], "texture": "#texture" },
        "east":  { "uv": [ 6.5, 2, 9.5, 2.5 ], "texture": "#texture" }
    }
},
{
    "__comment": "B2",
    "from": [ 0.5, 6.5, 6 ],
    "to": [ 7.5, 10, 10 ],
    "faces": {
        "down":  { "uv": [ 15.5, 10, 8.5, 6 ], "texture": "#texture" },
        "up":    { "uv": [ 0.5, 6, 7.5, 10 ], "texture": "#texture" },
        "north": { "uv": [ 8.5, 6, 15.5, 9.5 ], "texture": "#texture" },
        "south": { "uv": [ 0.5, 6, 7.5, 9.5 ], "texture": "#texture" },
        "west":  { "uv": [ 6, 6, 10, 9.5 ], "texture": "#texture" },
        "east":  { "uv": [ 6, 6, 10, 9.5 ], "texture": "#texture" }
    }
},
{
    "__comment": "B2",
    "from": [ 7.5, 6, 6 ],
    "to": [ 12, 10, 10 ],
    "faces": {
        "down":  { "uv": [ 8.5, 10, 4, 6 ], "texture": "#texture" },
        "up":    { "uv": [ 7.5, 6, 12, 10 ], "texture": "#texture" },
        "north": { "uv": [ 4, 6, 8.5, 10 ], "texture": "#texture" },
        "south": { "uv": [ 7.5, 6, 12, 10 ], "texture": "#texture" },
        "west":  { "uv": [ 6, 6, 10, 10 ], "texture": "#texture" },
        "east":  { "uv": [ 6, 6, 10, 10 ], "texture": "#texture" }
    }
},
{
    "__comment": "B2",
    "from": [ 1.5, 6, 6 ],
    "to": [ 6.5, 6.5, 10 ],
    "faces": {
        "down":  { "uv": [ 14.5, 10, 9.5, 6 ], "texture": "#texture" },
        "up":    { "uv": [ 1.5, 6, 6.5, 10 ], "texture": "#texture" },
        "north": { "uv": [ 9.5, 9.5, 14.5, 10 ], "texture": "#texture" },
        "south": { "uv": [ 1.5, 9.5, 6.5, 10 ], "texture": "#texture" },
        "west":  { "uv": [ 6, 9.5, 10, 10 ], "texture": "#texture" },
        "east":  { "uv": [ 6, 9.5, 10, 10 ], "texture": "#texture" }
    }
},
{
    "__comment": "B2",
    "from": [ -3.5, 6, 6 ],
    "to": [ 0.5, 10.5, 10 ],
    "faces": {
        "down":  { "uv": [ 16, 10, 15.5, 6 ], "texture": "#texture" },
        "up":    { "uv": [ 0, 6, 0.5, 10 ], "texture": "#texture" },
        "north": { "uv": [ 15.5, 5.5, 16, 10 ], "texture": "#texture" },
        "south": { "uv": [ 0, 5.5, 0.5, 10 ], "texture": "#texture" },
        "west":  { "uv": [ 6, 5.5, 10, 10 ], "texture": "#texture" },
        "east":  { "uv": [ 6, 5.5, 10, 10 ], "texture": "#texture" }
    }
},
{
    "__comment": "B2",
    "from": [ -3, 10.5, 6 ],
    "to": [ 0, 11, 10 ],
    "faces": {
        "down":  { "uv": [ 16, 10, 16, 6 ], "texture": "#texture" },
        "up":    { "uv": [ 0, 6, 0, 10 ], "texture": "#texture" },
        "north": { "uv": [ 16, 5, 16, 5.5 ], "texture": "#texture" },
        "south": { "uv": [ 0, 5, 0, 5.5 ], "texture": "#texture" },
        "west":  { "uv": [ 6, 5, 10, 5.5 ], "texture": "#texture" },
        "east":  { "uv": [ 6, 5, 10, 5.5 ], "texture": "#texture" }
    }
},
{
    "__comment": "B2",
    "from": [ -4.5, 6.5, 6 ],
    "to": [ -3.5, 9.5, 10 ],
    "faces": {
        "down":  { "uv": [ 16, 10, 16, 6 ], "texture": "#texture" },
        "up":    { "uv": [ 0, 6, 0, 10 ], "texture": "#texture" },
        "north": { "uv": [ 16, 6.5, 16, 9.5 ], "texture": "#texture" },
        "south": { "uv": [ 0, 6.5, 0, 9.5 ], "texture": "#texture" },
        "west":  { "uv": [ 6, 6.5, 10, 9.5 ], "texture": "#texture" },
        "east":  { "uv": [ 6, 6.5, 10, 9.5 ], "texture": "#texture" }
    }
},
{
    "__comment": "B2",
    "from": [ -2.5, 5.5, 6 ],
    "to": [ 0, 6, 10 ],
    "faces": {
        "down":  { "uv": [ 16, 10, 16, 6 ], "texture": "#texture" },
        "up":    { "uv": [ 0, 6, 0, 10 ], "texture": "#texture" },
        "north": { "uv": [ 16, 10, 16, 10.5 ], "texture": "#texture" },
        "south": { "uv": [ 0, 10, 0, 10.5 ], "texture": "#texture" },
        "west":  { "uv": [ 6, 10, 10, 10.5 ], "texture": "#texture" },
        "east":  { "uv": [ 6, 10, 10, 10.5 ], "texture": "#texture" }
    }
},
{
    "__comment": "B2",
    "from": [ 12, 6.5, 6 ],
    "to": [ 13, 9, 10 ],
    "faces": {
        "down":  { "uv": [ 4, 10, 3, 6 ], "texture": "#texture" },
        "up":    { "uv": [ 12, 6, 13, 10 ], "texture": "#texture" },
        "north": { "uv": [ 3, 7, 4, 9.5 ], "texture": "#texture" },
        "south": { "uv": [ 12, 7, 13, 9.5 ], "texture": "#texture" },
        "west":  { "uv": [ 6, 7, 10, 9.5 ], "texture": "#texture" },
        "east":  { "uv": [ 6, 7, 10, 9.5 ], "texture": "#texture" }
    }
},
{
    "__comment": "B2",
    "from": [ 7.5, 10, 6 ],
    "to": [ 11, 10.5, 10 ],
    "faces": {
        "down":  { "uv": [ 8.5, 10, 5, 6 ], "texture": "#texture" },
        "up":    { "uv": [ 7.5, 6, 11, 10 ], "texture": "#texture" },
        "north": { "uv": [ 5, 5.5, 8.5, 6 ], "texture": "#texture" },
        "south": { "uv": [ 7.5, 5.5, 11, 6 ], "texture": "#texture" },
        "west":  { "uv": [ 6, 5.5, 10, 6 ], "texture": "#texture" },
        "east":  { "uv": [ 6, 5.5, 10, 6 ], "texture": "#texture" }
    }
},
{
    "__comment": "B3",
    "from": [ 11, 6.5, 5.5 ],
    "to": [ 12, 8.5, 10.5 ],
    "faces": {
        "down":  { "uv": [ 5, 10.5, 4, 5.5 ], "texture": "#texture" },
        "up":    { "uv": [ 11, 5.5, 12, 10.5 ], "texture": "#texture" },
        "north": { "uv": [ 4, 7.5, 5, 9.5 ], "texture": "#texture" },
        "south": { "uv": [ 11, 7.5, 12, 9.5 ], "texture": "#texture" },
        "west":  { "uv": [ 5.5, 7.5, 10.5, 9.5 ], "texture": "#texture" },
        "east":  { "uv": [ 5.5, 7.5, 10.5, 9.5 ], "texture": "#texture" }
    }
},
{
    "__comment": "B3",
    "from": [ 0, 7.5, 5.5 ],
    "to": [ 8, 9.5, 10.5 ],
    "faces": {
        "down":  { "uv": [ 16, 10.5, 8, 5.5 ], "texture": "#texture" },
        "up":    { "uv": [ 0, 5.5, 8, 10.5 ], "texture": "#texture" },
        "north": { "uv": [ 8, 6.5, 16, 8.5 ], "texture": "#texture" },
        "south": { "uv": [ 0, 6.5, 8, 8.5 ], "texture": "#texture" },
        "west":  { "uv": [ 5.5, 6.5, 10.5, 8.5 ], "texture": "#texture" },
        "east":  { "uv": [ 5.5, 6.5, 10.5, 8.5 ], "texture": "#texture" }
    }
},
{
    "__comment": "B3",
    "from": [ -3, 6.5, 5.5 ],
    "to": [ 0, 10, 10.5 ],
    "faces": {
        "down":  { "uv": [ 16, 10.5, 16, 5.5 ], "texture": "#texture" },
        "up":    { "uv": [ 0, 5.5, 0, 10.5 ], "texture": "#texture" },
        "north": { "uv": [ 16, 6, 16, 9.5 ], "texture": "#texture" },
        "south": { "uv": [ 0, 6, 0, 9.5 ], "texture": "#texture" },
        "west":  { "uv": [ 5.5, 6, 10.5, 9.5 ], "texture": "#texture" },
        "east":  { "uv": [ 5.5, 6, 10.5, 9.5 ], "texture": "#texture" }
    }
},
{
    "__comment": "B3",
    "from": [ -2, 6, 5.5 ],
    "to": [ -0.5, 6.5, 10.5 ],
    "faces": {
        "down":  { "uv": [ 16, 10.5, 16, 5.5 ], "texture": "#texture" },
        "up":    { "uv": [ 0, 5.5, 0, 10.5 ], "texture": "#texture" },
        "north": { "uv": [ 16, 9.5, 16, 10 ], "texture": "#texture" },
        "south": { "uv": [ 0, 9.5, 0, 10 ], "texture": "#texture" },
        "west":  { "uv": [ 5.5, 9.5, 10.5, 10 ], "texture": "#texture" },
        "east":  { "uv": [ 5.5, 9.5, 10.5, 10 ], "texture": "#texture" }
    }
},
{
    "__comment": "B3",
    "from": [ 0, 7, 5.5 ],
    "to": [ 2.5, 7.5, 10.5 ],
    "faces": {
        "down":  { "uv": [ 16, 10.5, 13.5, 5.5 ], "texture": "#texture" },
        "up":    { "uv": [ 0, 5.5, 2.5, 10.5 ], "texture": "#texture" },
        "north": { "uv": [ 13.5, 8.5, 16, 9 ], "texture": "#texture" },
        "south": { "uv": [ 0, 8.5, 2.5, 9 ], "texture": "#texture" },
        "west":  { "uv": [ 5.5, 8.5, 10.5, 9 ], "texture": "#texture" },
        "east":  { "uv": [ 5.5, 8.5, 10.5, 9 ], "texture": "#texture" }
    }
},
{
    "__comment": "B3",
    "from": [ 8.5, 9, 5.5 ],
    "to": [ 10.5, 9.5, 10.5 ],
    "faces": {
        "down":  { "uv": [ 7.5, 10.5, 5.5, 5.5 ], "texture": "#texture" },
        "up":    { "uv": [ 8.5, 5.5, 10.5, 10.5 ], "texture": "#texture" },
        "north": { "uv": [ 5.5, 6.5, 7.5, 7 ], "texture": "#texture" },
        "south": { "uv": [ 8.5, 6.5, 10.5, 7 ], "texture": "#texture" },
        "west":  { "uv": [ 5.5, 6.5, 10.5, 7 ], "texture": "#texture" },
        "east":  { "uv": [ 5.5, 6.5, 10.5, 7 ], "texture": "#texture" }
    }
},
{
    "__comment": "B3",
    "from": [ 8, 6.5, 5.5 ],
    "to": [ 11, 9, 10.5 ],
    "faces": {
        "down":  { "uv": [ 8, 10.5, 5, 5.5 ], "texture": "#texture" },
        "up":    { "uv": [ 8, 5.5, 11, 10.5 ], "texture": "#texture" },
        "north": { "uv": [ 5, 7, 8, 9.5 ], "texture": "#texture" },
        "south": { "uv": [ 8, 7, 11, 9.5 ], "texture": "#texture" },
        "west":  { "uv": [ 5.5, 7, 10.5, 9.5 ], "texture": "#texture" },
        "east":  { "uv": [ 5.5, 7, 10.5, 9.5 ], "texture": "#texture" }
    }
},
{
    "__comment": "B3",
    "from": [ 8.5, 6, 5.5 ],
    "to": [ 11.5, 6.5, 10.5 ],
    "faces": {
        "down":  { "uv": [ 7.5, 10.5, 4.5, 5.5 ], "texture": "#texture" },
        "up":    { "uv": [ 8.5, 5.5, 11.5, 10.5 ], "texture": "#texture" },
        "north": { "uv": [ 4.5, 9.5, 7.5, 10 ], "texture": "#texture" },
        "south": { "uv": [ 8.5, 9.5, 11.5, 10 ], "texture": "#texture" },
        "west":  { "uv": [ 5.5, 9.5, 10.5, 10 ], "texture": "#texture" },
        "east":  { "uv": [ 5.5, 9.5, 10.5, 10 ], "texture": "#texture" }
    }
},
{
    "__comment": "B3",
    "from": [ -4, 7, 5.5 ],
    "to": [ -3, 9, 10.5 ],
    "faces": {
        "down":  { "uv": [ 16, 10.5, 16, 5.5 ], "texture": "#texture" },
        "up":    { "uv": [ 0, 5.5, 0, 10.5 ], "texture": "#texture" },
        "north": { "uv": [ 16, 7, 16, 9 ], "texture": "#texture" },
        "south": { "uv": [ 0, 7, 0, 9 ], "texture": "#texture" },
        "west":  { "uv": [ 5.5, 7, 10.5, 9 ], "texture": "#texture" },
        "east":  { "uv": [ 5.5, 7, 10.5, 9 ], "texture": "#texture" }
    }
},
{
    "__comment": "B3",
    "from": [ -2.5, 10, 5.5 ],
    "to": [ -0.5, 10.5, 10.5 ],
    "faces": {
        "down":  { "uv": [ 16, 10.5, 16, 5.5 ], "texture": "#texture" },
        "up":    { "uv": [ 0, 5.5, 0, 10.5 ], "texture": "#texture" },
        "north": { "uv": [ 16, 5.5, 16, 6 ], "texture": "#texture" },
        "south": { "uv": [ 0, 5.5, 0, 6 ], "texture": "#texture" },
        "west":  { "uv": [ 5.5, 5.5, 10.5, 6 ], "texture": "#texture" },
        "east":  { "uv": [ 5.5, 5.5, 10.5, 6 ], "texture": "#texture" }
    }
},
{
    "__comment": "B2*",
    "from": [ 8, 5.5, 6 ],
    "to": [ 11.5, 6, 10 ],
    "faces": {
        "down":  { "uv": [ 8, 10, 4.5, 6 ], "texture": "#texture" },
        "up":    { "uv": [ 8, 6, 11.5, 10 ], "texture": "#texture" },
        "north": { "uv": [ 4.5, 10, 8, 10.5 ], "texture": "#texture" },
        "south": { "uv": [ 8, 10, 11.5, 10.5 ], "texture": "#texture" },
        "west":  { "uv": [ 6, 10, 10, 10.5 ], "texture": "#texture" },
        "east":  { "uv": [ 6, 10, 10, 10.5 ], "texture": "#texture" }
    }
},
{
    "__comment": "L1",
    "from": [ -3.5, 3.5, 9.25 ],
    "to": [ -0.5, 8, 10.25 ],
    "faces": {
        "down":  { "uv": [ 16, 10.25, 16, 9.25 ], "texture": "#texture" },
        "up":    { "uv": [ 0, 9.25, 0, 10.25 ], "texture": "#texture" },
        "north": { "uv": [ 16, 8, 16, 12.5 ], "texture": "#texture" },
        "south": { "uv": [ 0, 8, 0, 12.5 ], "texture": "#texture" },
        "west":  { "uv": [ 9.25, 8, 10.25, 12.5 ], "texture": "#texture" },
        "east":  { "uv": [ 5.75, 8, 6.75, 12.5 ], "texture": "#texture" }
    }
},
{
    "__comment": "L1",
    "from": [ -3, -3, 9.25 ],
    "to": [ -2, 3.5, 10.25 ],
    "faces": {
        "down":  { "uv": [ 16, 10.25, 16, 9.25 ], "texture": "#texture" },
        "up":    { "uv": [ 0, 9.25, 0, 10.25 ], "texture": "#texture" },
        "north": { "uv": [ 16, 12.5, 16, 16 ], "texture": "#texture" },
        "south": { "uv": [ 0, 12.5, 0, 16 ], "texture": "#texture" },
        "west":  { "uv": [ 9.25, 12.5, 10.25, 16 ], "texture": "#texture" },
        "east":  { "uv": [ 5.75, 12.5, 6.75, 16 ], "texture": "#texture" }
    }
},
{
    "__comment": "L1",
    "from": [ -2, 2.5, 9.25 ],
    "to": [ -1, 3.5, 10.25 ],
    "faces": {
        "down":  { "uv": [ 16, 10.25, 16, 9.25 ], "texture": "#texture" },
        "up":    { "uv": [ 0, 9.25, 0, 10.25 ], "texture": "#texture" },
        "north": { "uv": [ 16, 12.5, 16, 13.5 ], "texture": "#texture" },
        "south": { "uv": [ 0, 12.5, 0, 13.5 ], "texture": "#texture" },
        "west":  { "uv": [ 9.25, 12.5, 10.25, 13.5 ], "texture": "#texture" },
        "east":  { "uv": [ 5.75, 12.5, 6.75, 13.5 ], "texture": "#texture" }
    }
},
{
    "__comment": "L1",
    "from": [ -3.5, -4, 8.75 ],
    "to": [ -2.5, -3, 10.75 ],
    "faces": {
        "down":  { "uv": [ 16, 10.75, 16, 8.75 ], "texture": "#texture" },
        "up":    { "uv": [ 0, 8.75, 0, 10.75 ], "texture": "#texture" },
        "north": { "uv": [ 16, 16, 16, 16 ], "texture": "#texture" },
        "south": { "uv": [ 0, 16, 0, 16 ], "texture": "#texture" },
        "west":  { "uv": [ 8.75, 16, 10.75, 16 ], "texture": "#texture" },
        "east":  { "uv": [ 5.25, 16, 7.25, 16 ], "texture": "#texture" }
    }
},
{
    "__comment": "L1",
    "from": [ -4, 5.5, 9.25 ],
    "to": [ -3.5, 7, 10.25 ],
    "faces": {
        "down":  { "uv": [ 16, 10.25, 16, 9.25 ], "texture": "#texture" },
        "up":    { "uv": [ 0, 9.25, 0, 10.25 ], "texture": "#texture" },
        "north": { "uv": [ 16, 9, 16, 10.5 ], "texture": "#texture" },
        "south": { "uv": [ 0, 9, 0, 10.5 ], "texture": "#texture" },
        "west":  { "uv": [ 9.25, 9, 10.25, 10.5 ], "texture": "#texture" },
        "east":  { "uv": [ 5.75, 9, 6.75, 10.5 ], "texture": "#texture" }
    }
},
{
    "__comment": "L1",
    "from": [ -0.5, 4, 9.25 ],
    "to": [ 0, 6.5, 10.25 ],
    "faces": {
        "down":  { "uv": [ 16, 10.25, 16, 9.25 ], "texture": "#texture" },
        "up":    { "uv": [ 0, 9.25, 0, 10.25 ], "texture": "#texture" },
        "north": { "uv": [ 16, 9.5, 16, 12 ], "texture": "#texture" },
        "south": { "uv": [ 0, 9.5, 0, 12 ], "texture": "#texture" },
        "west":  { "uv": [ 9.25, 9.5, 10.25, 12 ], "texture": "#texture" },
        "east":  { "uv": [ 5.75, 9.5, 6.75, 12 ], "texture": "#texture" }
    }
},
{
    "__comment": "L1",
    "from": [ -3.5, 2.5, 9.25 ],
    "to": [ -3, 3.5, 10.25 ],
    "faces": {
        "down":  { "uv": [ 16, 10.25, 16, 9.25 ], "texture": "#texture" },
        "up":    { "uv": [ 0, 9.25, 0, 10.25 ], "texture": "#texture" },
        "north": { "uv": [ 16, 12.5, 16, 13.5 ], "texture": "#texture" },
        "south": { "uv": [ 0, 12.5, 0, 13.5 ], "texture": "#texture" },
        "west":  { "uv": [ 9.25, 12.5, 10.25, 13.5 ], "texture": "#texture" },
        "east":  { "uv": [ 5.75, 12.5, 6.75, 13.5 ], "texture": "#texture" }
    }
},
{
    "__comment": "L1",
    "from": [ -2, 2, 9.25 ],
    "to": [ -1.5, 2.5, 10.25 ],
    "faces": {
        "down":  { "uv": [ 16, 10.25, 16, 9.25 ], "texture": "#texture" },
        "up":    { "uv": [ 0, 9.25, 0, 10.25 ], "texture": "#texture" },
        "north": { "uv": [ 16, 13.5, 16, 14 ], "texture": "#texture" },
        "south": { "uv": [ 0, 13.5, 0, 14 ], "texture": "#texture" },
        "west":  { "uv": [ 9.25, 13.5, 10.25, 14 ], "texture": "#texture" },
        "east":  { "uv": [ 5.75, 13.5, 6.75, 14 ], "texture": "#texture" }
    }
},
{
    "__comment": "L1",
    "from": [ -4, -4, 8.75 ],
    "to": [ -3.5, -3, 10.75 ],
    "faces": {
        "down":  { "uv": [ 16, 10.75, 16, 8.75 ], "texture": "#texture" },
        "up":    { "uv": [ 0, 8.75, 0, 10.75 ], "texture": "#texture" },
        "north": { "uv": [ 16, 16, 16, 16 ], "texture": "#texture" },
        "south": { "uv": [ 0, 16, 0, 16 ], "texture": "#texture" },
        "west":  { "uv": [ 8.75, 16, 10.75, 16 ], "texture": "#texture" },
        "east":  { "uv": [ 5.25, 16, 7.25, 16 ], "texture": "#texture" }
    }
},
{
    "__comment": "L1",
    "from": [ -4.5, -4, 8.75 ],
    "to": [ -4, -3.5, 10.75 ],
    "faces": {
        "down":  { "uv": [ 16, 10.75, 16, 8.75 ], "texture": "#texture" },
        "up":    { "uv": [ 0, 8.75, 0, 10.75 ], "texture": "#texture" },
        "north": { "uv": [ 16, 16, 16, 16 ], "texture": "#texture" },
        "south": { "uv": [ 0, 16, 0, 16 ], "texture": "#texture" },
        "west":  { "uv": [ 8.75, 16, 10.75, 16 ], "texture": "#texture" },
        "east":  { "uv": [ 5.25, 16, 7.25, 16 ], "texture": "#texture" }
    }
},
{
    "__comment": "L1",
    "from": [ -3.5, -3, 8.75 ],
    "to": [ -3, -2.5, 10.75 ],
    "faces": {
        "down":  { "uv": [ 16, 10.75, 16, 8.75 ], "texture": "#texture" },
        "up":    { "uv": [ 0, 8.75, 0, 10.75 ], "texture": "#texture" },
        "north": { "uv": [ 16, 16, 16, 16 ], "texture": "#texture" },
        "south": { "uv": [ 0, 16, 0, 16 ], "texture": "#texture" },
        "west":  { "uv": [ 8.75, 16, 10.75, 16 ], "texture": "#texture" },
        "east":  { "uv": [ 5.25, 16, 7.25, 16 ], "texture": "#texture" }
    }
},
{
    "__comment": "L1",
    "from": [ -2, 7, 8.75 ],
    "to": [ -1.5, 7.5, 10.75 ],
    "faces": {
        "down":  { "uv": [ 16, 10.75, 16, 8.75 ], "texture": "#texture" },
        "up":    { "uv": [ 0, 8.75, 0, 10.75 ], "texture": "#texture" },
        "north": { "uv": [ 16, 8.5, 16, 9 ], "texture": "#texture" },
        "south": { "uv": [ 0, 8.5, 0, 9 ], "texture": "#texture" },
        "west":  { "uv": [ 8.75, 8.5, 10.75, 9 ], "texture": "#texture" },
        "east":  { "uv": [ 5.25, 8.5, 7.25, 9 ], "texture": "#texture" }
    }
},
{
    "__comment": "L1",
    "from": [ -3, 4.5, 8.75 ],
    "to": [ -2.5, 6.5, 10.75 ],
    "faces": {
        "down":  { "uv": [ 16, 10.75, 16, 8.75 ], "texture": "#texture" },
        "up":    { "uv": [ 0, 8.75, 0, 10.75 ], "texture": "#texture" },
        "north": { "uv": [ 16, 9.5, 16, 11.5 ], "texture": "#texture" },
        "south": { "uv": [ 0, 9.5, 0, 11.5 ], "texture": "#texture" },
        "west":  { "uv": [ 8.75, 9.5, 10.75, 11.5 ], "texture": "#texture" },
        "east":  { "uv": [ 5.25, 9.5, 7.25, 11.5 ], "texture": "#texture" }
    }
},
{
    "__comment": "L1",
    "from": [ -2.5, 4.5, 8.75 ],
    "to": [ -1.5, 7, 10.75 ],
    "faces": {
        "down":  { "uv": [ 16, 10.75, 16, 8.75 ], "texture": "#texture" },
        "up":    { "uv": [ 0, 8.75, 0, 10.75 ], "texture": "#texture" },
        "north": { "uv": [ 16, 9, 16, 11.5 ], "texture": "#texture" },
        "south": { "uv": [ 0, 9, 0, 11.5 ], "texture": "#texture" },
        "west":  { "uv": [ 8.75, 9, 10.75, 11.5 ], "texture": "#texture" },
        "east":  { "uv": [ 5.25, 9, 7.25, 11.5 ], "texture": "#texture" }
    }
},
{
    "__comment": "L1",
    "from": [ -1.5, 4, 8.75 ],
    "to": [ -1, 7, 10.75 ],
    "faces": {
        "down":  { "uv": [ 16, 10.75, 16, 8.75 ], "texture": "#texture" },
        "up":    { "uv": [ 0, 8.75, 0, 10.75 ], "texture": "#texture" },
        "north": { "uv": [ 16, 9, 16, 12 ], "texture": "#texture" },
        "south": { "uv": [ 0, 9, 0, 12 ], "texture": "#texture" },
        "west":  { "uv": [ 8.75, 9, 10.75, 12 ], "texture": "#texture" },
        "east":  { "uv": [ 5.25, 9, 7.25, 12 ], "texture": "#texture" }
    }
},
{
    "__comment": "L1",
    "from": [ -2.5, 3.5, 8.75 ],
    "to": [ -1.5, 4.5, 10.75 ],
    "faces": {
        "down":  { "uv": [ 16, 10.75, 16, 8.75 ], "texture": "#texture" },
        "up":    { "uv": [ 0, 8.75, 0, 10.75 ], "texture": "#texture" },
        "north": { "uv": [ 16, 11.5, 16, 12.5 ], "texture": "#texture" },
        "south": { "uv": [ 0, 11.5, 0, 12.5 ], "texture": "#texture" },
        "west":  { "uv": [ 8.75, 11.5, 10.75, 12.5 ], "texture": "#texture" },
        "east":  { "uv": [ 5.25, 11.5, 7.25, 12.5 ], "texture": "#texture" }
    }
},
{
    "__comment": "L1",
    "from": [ -2, 4.5, 8.25 ],
    "to": [ -1.5, 6.5, 11.25 ],
    "faces": {
        "down":  { "uv": [ 16, 11.25, 16, 8.25 ], "texture": "#texture" },
        "up":    { "uv": [ 0, 8.25, 0, 11.25 ], "texture": "#texture" },
        "north": { "uv": [ 16, 9.5, 16, 11.5 ], "texture": "#texture" },
        "south": { "uv": [ 0, 9.5, 0, 11.5 ], "texture": "#texture" },
        "west":  { "uv": [ 8.25, 9.5, 11.25, 11.5 ], "texture": "#texture" },
        "east":  { "uv": [ 4.75, 9.5, 7.75, 11.5 ], "texture": "#texture" }
    }
},
{
    "__comment": "L1*",
    "from": [ -3.5, 3.5, 5.75 ],
    "to": [ -0.5, 8, 6.75 ],
    "faces": {
        "down":  { "uv": [ 16, 6.75, 16, 5.75 ], "texture": "#texture" },
        "up":    { "uv": [ 0, 5.75, 0, 6.75 ], "texture": "#texture" },
        "north": { "uv": [ 16, 8, 16, 12.5 ], "texture": "#texture" },
        "south": { "uv": [ 0, 8, 0, 12.5 ], "texture": "#texture" },
        "west":  { "uv": [ 5.75, 8, 6.75, 12.5 ], "texture": "#texture" },
        "east":  { "uv": [ 9.25, 8, 10.25, 12.5 ], "texture": "#texture" }
    }
},
{
    "__comment": "L1*",
    "from": [ -3, -3, 5.75 ],
    "to": [ -2, 3.5, 6.75 ],
    "faces": {
        "down":  { "uv": [ 16, 6.75, 16, 5.75 ], "texture": "#texture" },
        "up":    { "uv": [ 0, 5.75, 0, 6.75 ], "texture": "#texture" },
        "north": { "uv": [ 16, 12.5, 16, 16 ], "texture": "#texture" },
        "south": { "uv": [ 0, 12.5, 0, 16 ], "texture": "#texture" },
        "west":  { "uv": [ 5.75, 12.5, 6.75, 16 ], "texture": "#texture" },
        "east":  { "uv": [ 9.25, 12.5, 10.25, 16 ], "texture": "#texture" }
    }
},
{
    "__comment": "L1*",
    "from": [ -2, 2.5, 5.75 ],
    "to": [ -1, 3.5, 6.75 ],
    "faces": {
        "down":  { "uv": [ 16, 6.75, 16, 5.75 ], "texture": "#texture" },
        "up":    { "uv": [ 0, 5.75, 0, 6.75 ], "texture": "#texture" },
        "north": { "uv": [ 16, 12.5, 16, 13.5 ], "texture": "#texture" },
        "south": { "uv": [ 0, 12.5, 0, 13.5 ], "texture": "#texture" },
        "west":  { "uv": [ 5.75, 12.5, 6.75, 13.5 ], "texture": "#texture" },
        "east":  { "uv": [ 9.25, 12.5, 10.25, 13.5 ], "texture": "#texture" }
    }
},
{
    "__comment": "L1*",
    "from": [ -3.5, -4, 5.25 ],
    "to": [ -2.5, -3, 7.25 ],
    "faces": {
        "down":  { "uv": [ 16, 7.25, 16, 5.25 ], "texture": "#texture" },
        "up":    { "uv": [ 0, 5.25, 0, 7.25 ], "texture": "#texture" },
        "north": { "uv": [ 16, 16, 16, 16 ], "texture": "#texture" },
        "south": { "uv": [ 0, 16, 0, 16 ], "texture": "#texture" },
        "west":  { "uv": [ 5.25, 16, 7.25, 16 ], "texture": "#texture" },
        "east":  { "uv": [ 8.75, 16, 10.75, 16 ], "texture": "#texture" }
    }
},
{
    "__comment": "L1*",
    "from": [ -4, 5.5, 5.75 ],
    "to": [ -3.5, 7, 6.75 ],
    "faces": {
        "down":  { "uv": [ 16, 6.75, 16, 5.75 ], "texture": "#texture" },
        "up":    { "uv": [ 0, 5.75, 0, 6.75 ], "texture": "#texture" },
        "north": { "uv": [ 16, 9, 16, 10.5 ], "texture": "#texture" },
        "south": { "uv": [ 0, 9, 0, 10.5 ], "texture": "#texture" },
        "west":  { "uv": [ 5.75, 9, 6.75, 10.5 ], "texture": "#texture" },
        "east":  { "uv": [ 9.25, 9, 10.25, 10.5 ], "texture": "#texture" }
    }
},
{
    "__comment": "L1*",
    "from": [ -0.5, 4, 5.75 ],
    "to": [ 0, 6.5, 6.75 ],
    "faces": {
        "down":  { "uv": [ 16, 6.75, 16, 5.75 ], "texture": "#texture" },
        "up":    { "uv": [ 0, 5.75, 0, 6.75 ], "texture": "#texture" },
        "north": { "uv": [ 16, 9.5, 16, 12 ], "texture": "#texture" },
        "south": { "uv": [ 0, 9.5, 0, 12 ], "texture": "#texture" },
        "west":  { "uv": [ 5.75, 9.5, 6.75, 12 ], "texture": "#texture" },
        "east":  { "uv": [ 9.25, 9.5, 10.25, 12 ], "texture": "#texture" }
    }
},
{
    "__comment": "L1*",
    "from": [ -3.5, 2.5, 5.75 ],
    "to": [ -3, 3.5, 6.75 ],
    "faces": {
        "down":  { "uv": [ 16, 6.75, 16, 5.75 ], "texture": "#texture" },
        "up":    { "uv": [ 0, 5.75, 0, 6.75 ], "texture": "#texture" },
        "north": { "uv": [ 16, 12.5, 16, 13.5 ], "texture": "#texture" },
        "south": { "uv": [ 0, 12.5, 0, 13.5 ], "texture": "#texture" },
        "west":  { "uv": [ 5.75, 12.5, 6.75, 13.5 ], "texture": "#texture" },
        "east":  { "uv": [ 9.25, 12.5, 10.25, 13.5 ], "texture": "#texture" }
    }
},
{
    "__comment": "L1*",
    "from": [ -2, 2, 5.75 ],
    "to": [ -1.5, 2.5, 6.75 ],
    "faces": {
        "down":  { "uv": [ 16, 6.75, 16, 5.75 ], "texture": "#texture" },
        "up":    { "uv": [ 0, 5.75, 0, 6.75 ], "texture": "#texture" },
        "north": { "uv": [ 16, 13.5, 16, 14 ], "texture": "#texture" },
        "south": { "uv": [ 0, 13.5, 0, 14 ], "texture": "#texture" },
        "west":  { "uv": [ 5.75, 13.5, 6.75, 14 ], "texture": "#texture" },
        "east":  { "uv": [ 9.25, 13.5, 10.25, 14 ], "texture": "#texture" }
    }
},
{
    "__comment": "L1*",
    "from": [ -4, -4, 5.25 ],
    "to": [ -3.5, -3, 7.25 ],
    "faces": {
        "down":  { "uv": [ 16, 7.25, 16, 5.25 ], "texture": "#texture" },
        "up":    { "uv": [ 0, 5.25, 0, 7.25 ], "texture": "#texture" },
        "north": { "uv": [ 16, 16, 16, 16 ], "texture": "#texture" },
        "south": { "uv": [ 0, 16, 0, 16 ], "texture": "#texture" },
        "west":  { "uv": [ 5.25, 16, 7.25, 16 ], "texture": "#texture" },
        "east":  { "uv": [ 8.75, 16, 10.75, 16 ], "texture": "#texture" }
    }
},
{
    "__comment": "L1*",
    "from": [ -4.5, -4, 5.25 ],
    "to": [ -4, -3.5, 7.25 ],
    "faces": {
        "down":  { "uv": [ 16, 7.25, 16, 5.25 ], "texture": "#texture" },
        "up":    { "uv": [ 0, 5.25, 0, 7.25 ], "texture": "#texture" },
        "north": { "uv": [ 16, 16, 16, 16 ], "texture": "#texture" },
        "south": { "uv": [ 0, 16, 0, 16 ], "texture": "#texture" },
        "west":  { "uv": [ 5.25, 16, 7.25, 16 ], "texture": "#texture" },
        "east":  { "uv": [ 8.75, 16, 10.75, 16 ], "texture": "#texture" }
    }
},
{
    "__comment": "L1*",
    "from": [ -3.5, -3, 5.25 ],
    "to": [ -3, -2.5, 7.25 ],
    "faces": {
        "down":  { "uv": [ 16, 7.25, 16, 5.25 ], "texture": "#texture" },
        "up":    { "uv": [ 0, 5.25, 0, 7.25 ], "texture": "#texture" },
        "north": { "uv": [ 16, 16, 16, 16 ], "texture": "#texture" },
        "south": { "uv": [ 0, 16, 0, 16 ], "texture": "#texture" },
        "west":  { "uv": [ 5.25, 16, 7.25, 16 ], "texture": "#texture" },
        "east":  { "uv": [ 8.75, 16, 10.75, 16 ], "texture": "#texture" }
    }
},
{
    "__comment": "L1*",
    "from": [ -2, 7, 5.25 ],
    "to": [ -1.5, 7.5, 7.25 ],
    "faces": {
        "down":  { "uv": [ 16, 7.25, 16, 5.25 ], "texture": "#texture" },
        "up":    { "uv": [ 0, 5.25, 0, 7.25 ], "texture": "#texture" },
        "north": { "uv": [ 16, 8.5, 16, 9 ], "texture": "#texture" },
        "south": { "uv": [ 0, 8.5, 0, 9 ], "texture": "#texture" },
        "west":  { "uv": [ 5.25, 8.5, 7.25, 9 ], "texture": "#texture" },
        "east":  { "uv": [ 8.75, 8.5, 10.75, 9 ], "texture": "#texture" }
    }
},
{
    "__comment": "L1*",
    "from": [ -3, 4.5, 5.25 ],
    "to": [ -2.5, 6.5, 7.25 ],
    "faces": {
        "down":  { "uv": [ 16, 7.25, 16, 5.25 ], "texture": "#texture" },
        "up":    { "uv": [ 0, 5.25, 0, 7.25 ], "texture": "#texture" },
        "north": { "uv": [ 16, 9.5, 16, 11.5 ], "texture": "#texture" },
        "south": { "uv": [ 0, 9.5, 0, 11.5 ], "texture": "#texture" },
        "west":  { "uv": [ 5.25, 9.5, 7.25, 11.5 ], "texture": "#texture" },
        "east":  { "uv": [ 8.75, 9.5, 10.75, 11.5 ], "texture": "#texture" }
    }
},
{
    "__comment": "L1*",
    "from": [ -2.5, 4.5, 5.25 ],
    "to": [ -1.5, 7, 7.25 ],
    "faces": {
        "down":  { "uv": [ 16, 7.25, 16, 5.25 ], "texture": "#texture" },
        "up":    { "uv": [ 0, 5.25, 0, 7.25 ], "texture": "#texture" },
        "north": { "uv": [ 16, 9, 16, 11.5 ], "texture": "#texture" },
        "south": { "uv": [ 0, 9, 0, 11.5 ], "texture": "#texture" },
        "west":  { "uv": [ 5.25, 9, 7.25, 11.5 ], "texture": "#texture" },
        "east":  { "uv": [ 8.75, 9, 10.75, 11.5 ], "texture": "#texture" }
    }
},
{
    "__comment": "L1*",
    "from": [ -1.5, 4, 5.25 ],
    "to": [ -1, 7, 7.25 ],
    "faces": {
        "down":  { "uv": [ 16, 7.25, 16, 5.25 ], "texture": "#texture" },
        "up":    { "uv": [ 0, 5.25, 0, 7.25 ], "texture": "#texture" },
        "north": { "uv": [ 16, 9, 16, 12 ], "texture": "#texture" },
        "south": { "uv": [ 0, 9, 0, 12 ], "texture": "#texture" },
        "west":  { "uv": [ 5.25, 9, 7.25, 12 ], "texture": "#texture" },
        "east":  { "uv": [ 8.75, 9, 10.75, 12 ], "texture": "#texture" }
    }
},
{
    "__comment": "L1*",
    "from": [ -2.5, 3.5, 5.25 ],
    "to": [ -1.5, 4.5, 7.25 ],
    "faces": {
        "down":  { "uv": [ 16, 7.25, 16, 5.25 ], "texture": "#texture" },
        "up":    { "uv": [ 0, 5.25, 0, 7.25 ], "texture": "#texture" },
        "north": { "uv": [ 16, 11.5, 16, 12.5 ], "texture": "#texture" },
        "south": { "uv": [ 0, 11.5, 0, 12.5 ], "texture": "#texture" },
        "west":  { "uv": [ 5.25, 11.5, 7.25, 12.5 ], "texture": "#texture" },
        "east":  { "uv": [ 8.75, 11.5, 10.75, 12.5 ], "texture": "#texture" }
    }
},
{
    "__comment": "L1*",
    "from": [ -2, 4.5, 4.75 ],
    "to": [ -1.5, 6.5, 7.75 ],
    "faces": {
        "down":  { "uv": [ 16, 7.75, 16, 4.75 ], "texture": "#texture" },
        "up":    { "uv": [ 0, 4.75, 0, 7.75 ], "texture": "#texture" },
        "north": { "uv": [ 16, 9.5, 16, 11.5 ], "texture": "#texture" },
        "south": { "uv": [ 0, 9.5, 0, 11.5 ], "texture": "#texture" },
        "west":  { "uv": [ 4.75, 9.5, 7.75, 11.5 ], "texture": "#texture" },
        "east":  { "uv": [ 8.25, 9.5, 11.25, 11.5 ], "texture": "#texture" }
    }
},
{
    "__comment": "L2",
    "from": [ 12.5, -4, 5 ],
    "to": [ 14.5, -3.5, 7 ],
    "faces": {
        "down":  { "uv": [ 3.5, 7, 1.5, 5 ], "texture": "#texture" },
        "up":    { "uv": [ 12.5, 5, 14.5, 7 ], "texture": "#texture" },
        "north": { "uv": [ 1.5, 16, 3.5, 16 ], "texture": "#texture" },
        "south": { "uv": [ 12.5, 16, 14.5, 16 ], "texture": "#texture" },
        "west":  { "uv": [ 5, 16, 7, 16 ], "texture": "#texture" },
        "east":  { "uv": [ 9, 16, 11, 16 ], "texture": "#texture" }
    }
},
{
    "__comment": "L2",
    "from": [ 13, -3.5, 5 ],
    "to": [ 14.5, -3, 7 ],
    "faces": {
        "down":  { "uv": [ 3, 7, 1.5, 5 ], "texture": "#texture" },
        "up":    { "uv": [ 13, 5, 14.5, 7 ], "texture": "#texture" },
        "north": { "uv": [ 1.5, 16, 3, 16 ], "texture": "#texture" },
        "south": { "uv": [ 13, 16, 14.5, 16 ], "texture": "#texture" },
        "west":  { "uv": [ 5, 16, 7, 16 ], "texture": "#texture" },
        "east":  { "uv": [ 9, 16, 11, 16 ], "texture": "#texture" }
    }
},
{
    "__comment": "L2",
    "from": [ 13.5, -3, 5.5 ],
    "to": [ 14.5, -0.5, 6.5 ],
    "faces": {
        "down":  { "uv": [ 2.5, 6.5, 1.5, 5.5 ], "texture": "#texture" },
        "up":    { "uv": [ 13.5, 5.5, 14.5, 6.5 ], "texture": "#texture" },
        "north": { "uv": [ 1.5, 16, 2.5, 16 ], "texture": "#texture" },
        "south": { "uv": [ 13.5, 16, 14.5, 16 ], "texture": "#texture" },
        "west":  { "uv": [ 5.5, 16, 6.5, 16 ], "texture": "#texture" },
        "east":  { "uv": [ 9.5, 16, 10.5, 16 ], "texture": "#texture" }
    }
},
{
    "__comment": "L2",
    "from": [ 13, -1, 5.5 ],
    "to": [ 14, 0, 6.5 ],
    "faces": {
        "down":  { "uv": [ 3, 6.5, 2, 5.5 ], "texture": "#texture" },
        "up":    { "uv": [ 13, 5.5, 14, 6.5 ], "texture": "#texture" },
        "north": { "uv": [ 2, 16, 3, 16 ], "texture": "#texture" },
        "south": { "uv": [ 13, 16, 14, 16 ], "texture": "#texture" },
        "west":  { "uv": [ 5.5, 16, 6.5, 16 ], "texture": "#texture" },
        "east":  { "uv": [ 9.5, 16, 10.5, 16 ], "texture": "#texture" }
    }
},
{
    "__comment": "L2",
    "from": [ 12.5, 0, 5.5 ],
    "to": [ 14, 3, 6.5 ],
    "faces": {
        "down":  { "uv": [ 3.5, 6.5, 2, 5.5 ], "texture": "#texture" },
        "up":    { "uv": [ 12.5, 5.5, 14, 6.5 ], "texture": "#texture" },
        "north": { "uv": [ 2, 13, 3.5, 16 ], "texture": "#texture" },
        "south": { "uv": [ 12.5, 13, 14, 16 ], "texture": "#texture" },
        "west":  { "uv": [ 5.5, 13, 6.5, 16 ], "texture": "#texture" },
        "east":  { "uv": [ 9.5, 13, 10.5, 16 ], "texture": "#texture" }
    }
},
{
    "__comment": "L2",
    "from": [ 11.5, 3, 5.5 ],
    "to": [ 13.5, 7.5, 6.5 ],
    "faces": {
        "down":  { "uv": [ 4.5, 6.5, 2.5, 5.5 ], "texture": "#texture" },
        "up":    { "uv": [ 11.5, 5.5, 13.5, 6.5 ], "texture": "#texture" },
        "north": { "uv": [ 2.5, 8.5, 4.5, 13 ], "texture": "#texture" },
        "south": { "uv": [ 11.5, 8.5, 13.5, 13 ], "texture": "#texture" },
        "west":  { "uv": [ 5.5, 8.5, 6.5, 13 ], "texture": "#texture" },
        "east":  { "uv": [ 9.5, 8.5, 10.5, 13 ], "texture": "#texture" }
    }
},
{
    "__comment": "L2",
    "from": [ 10, 4.5, 5.5 ],
    "to": [ 11.5, 7.5, 6.5 ],
    "faces": {
        "down":  { "uv": [ 6, 6.5, 4.5, 5.5 ], "texture": "#texture" },
        "up":    { "uv": [ 10, 5.5, 11.5, 6.5 ], "texture": "#texture" },
        "north": { "uv": [ 4.5, 8.5, 6, 11.5 ], "texture": "#texture" },
        "south": { "uv": [ 10, 8.5, 11.5, 11.5 ], "texture": "#texture" },
        "west":  { "uv": [ 5.5, 8.5, 6.5, 11.5 ], "texture": "#texture" },
        "east":  { "uv": [ 9.5, 8.5, 10.5, 11.5 ], "texture": "#texture" }
    }
},
{
    "__comment": "L2",
    "from": [ 10.5, 4, 5.5 ],
    "to": [ 11.5, 4.5, 6.5 ],
    "faces": {
        "down":  { "uv": [ 5.5, 6.5, 4.5, 5.5 ], "texture": "#texture" },
        "up":    { "uv": [ 10.5, 5.5, 11.5, 6.5 ], "texture": "#texture" },
        "north": { "uv": [ 4.5, 11.5, 5.5, 12 ], "texture": "#texture" },
        "south": { "uv": [ 10.5, 11.5, 11.5, 12 ], "texture": "#texture" },
        "west":  { "uv": [ 5.5, 11.5, 6.5, 12 ], "texture": "#texture" },
        "east":  { "uv": [ 9.5, 11.5, 10.5, 12 ], "texture": "#texture" }
    }
},
{
    "__comment": "L2",
    "from": [ 11, 3.5, 5.5 ],
    "to": [ 11.5, 4, 6.5 ],
    "faces": {
        "down":  { "uv": [ 5, 6.5, 4.5, 5.5 ], "texture": "#texture" },
        "up":    { "uv": [ 11, 5.5, 11.5, 6.5 ], "texture": "#texture" },
        "north": { "uv": [ 4.5, 12, 5, 12.5 ], "texture": "#texture" },
        "south": { "uv": [ 11, 12, 11.5, 12.5 ], "texture": "#texture" },
        "west":  { "uv": [ 5.5, 12, 6.5, 12.5 ], "texture": "#texture" },
        "east":  { "uv": [ 9.5, 12, 10.5, 12.5 ], "texture": "#texture" }
    }
},
{
    "__comment": "L2",
    "from": [ 9.5, 5, 5.5 ],
    "to": [ 10, 7, 6.5 ],
    "faces": {
        "down":  { "uv": [ 6.5, 6.5, 6, 5.5 ], "texture": "#texture" },
        "up":    { "uv": [ 9.5, 5.5, 10, 6.5 ], "texture": "#texture" },
        "north": { "uv": [ 6, 9, 6.5, 11 ], "texture": "#texture" },
        "south": { "uv": [ 9.5, 9, 10, 11 ], "texture": "#texture" },
        "west":  { "uv": [ 5.5, 9, 6.5, 11 ], "texture": "#texture" },
        "east":  { "uv": [ 9.5, 9, 10.5, 11 ], "texture": "#texture" }
    }
},
{
    "__comment": "L2",
    "from": [ 11.5, 6.5, 5 ],
    "to": [ 12.5, 7, 7 ],
    "faces": {
        "down":  { "uv": [ 4.5, 7, 3.5, 5 ], "texture": "#texture" },
        "up":    { "uv": [ 11.5, 5, 12.5, 7 ], "texture": "#texture" },
        "north": { "uv": [ 3.5, 9, 4.5, 9.5 ], "texture": "#texture" },
        "south": { "uv": [ 11.5, 9, 12.5, 9.5 ], "texture": "#texture" },
        "west":  { "uv": [ 5, 9, 7, 9.5 ], "texture": "#texture" },
        "east":  { "uv": [ 9, 9, 11, 9.5 ], "texture": "#texture" }
    }
},
{
    "__comment": "L2",
    "from": [ 11.5, 4, 5 ],
    "to": [ 12.5, 6.5, 7 ],
    "faces": {
        "down":  { "uv": [ 4.5, 7, 3.5, 5 ], "texture": "#texture" },
        "up":    { "uv": [ 11.5, 5, 12.5, 7 ], "texture": "#texture" },
        "north": { "uv": [ 3.5, 9.5, 4.5, 12 ], "texture": "#texture" },
        "south": { "uv": [ 11.5, 9.5, 12.5, 12 ], "texture": "#texture" },
        "west":  { "uv": [ 5, 9.5, 7, 12 ], "texture": "#texture" },
        "east":  { "uv": [ 9, 9.5, 11, 12 ], "texture": "#texture" }
    }
},
{
    "__comment": "L2",
    "from": [ 12, 3.5, 5 ],
    "to": [ 13, 4, 7 ],
    "faces": {
        "down":  { "uv": [ 4, 7, 3, 5 ], "texture": "#texture" },
        "up":    { "uv": [ 12, 5, 13, 7 ], "texture": "#texture" },
        "north": { "uv": [ 3, 12, 4, 12.5 ], "texture": "#texture" },
        "south": { "uv": [ 12, 12, 13, 12.5 ], "texture": "#texture" },
        "west":  { "uv": [ 5, 12, 7, 12.5 ], "texture": "#texture" },
        "east":  { "uv": [ 9, 12, 11, 12.5 ], "texture": "#texture" }
    }
},
{
    "__comment": "L2",
    "from": [ 10.5, 4.5, 5 ],
    "to": [ 11.5, 6.5, 7 ],
    "faces": {
        "down":  { "uv": [ 5.5, 7, 4.5, 5 ], "texture": "#texture" },
        "up":    { "uv": [ 10.5, 5, 11.5, 7 ], "texture": "#texture" },
        "north": { "uv": [ 4.5, 9.5, 5.5, 11.5 ], "texture": "#texture" },
        "south": { "uv": [ 10.5, 9.5, 11.5, 11.5 ], "texture": "#texture" },
        "west":  { "uv": [ 5, 9.5, 7, 11.5 ], "texture": "#texture" },
        "east":  { "uv": [ 9, 9.5, 11, 11.5 ], "texture": "#texture" }
    }
},
{
    "__comment": "L2",
    "from": [ 12.5, 4, 5 ],
    "to": [ 13, 6.5, 7 ],
    "faces": {
        "down":  { "uv": [ 3.5, 7, 3, 5 ], "texture": "#texture" },
        "up":    { "uv": [ 12.5, 5, 13, 7 ], "texture": "#texture" },
        "north": { "uv": [ 3, 9.5, 3.5, 12 ], "texture": "#texture" },
        "south": { "uv": [ 12.5, 9.5, 13, 12 ], "texture": "#texture" },
        "west":  { "uv": [ 5, 9.5, 7, 12 ], "texture": "#texture" },
        "east":  { "uv": [ 9, 9.5, 11, 12 ], "texture": "#texture" }
    }
},
{
    "__comment": "L2",
    "from": [ 11, 4.5, 4.5 ],
    "to": [ 12.5, 6, 7.5 ],
    "faces": {
        "down":  { "uv": [ 5, 7.5, 3.5, 4.5 ], "texture": "#texture" },
        "up":    { "uv": [ 11, 4.5, 12.5, 7.5 ], "texture": "#texture" },
        "north": { "uv": [ 3.5, 10, 5, 11.5 ], "texture": "#texture" },
        "south": { "uv": [ 11, 10, 12.5, 11.5 ], "texture": "#texture" },
        "west":  { "uv": [ 4.5, 10, 7.5, 11.5 ], "texture": "#texture" },
        "east":  { "uv": [ 8.5, 10, 11.5, 11.5 ], "texture": "#texture" }
    }
},
{
    "__comment": "L2*",
    "from": [ 12.5, -4, 9 ],
    "to": [ 14.5, -3.5, 11 ],
    "faces": {
        "down":  { "uv": [ 3.5, 11, 1.5, 9 ], "texture": "#texture" },
        "up":    { "uv": [ 12.5, 9, 14.5, 11 ], "texture": "#texture" },
        "north": { "uv": [ 1.5, 16, 3.5, 16 ], "texture": "#texture" },
        "south": { "uv": [ 12.5, 16, 14.5, 16 ], "texture": "#texture" },
        "west":  { "uv": [ 9, 16, 11, 16 ], "texture": "#texture" },
        "east":  { "uv": [ 5, 16, 7, 16 ], "texture": "#texture" }
    }
},
{
    "__comment": "L2*",
    "from": [ 13, -3.5, 9 ],
    "to": [ 14.5, -3, 11 ],
    "faces": {
        "down":  { "uv": [ 3, 11, 1.5, 9 ], "texture": "#texture" },
        "up":    { "uv": [ 13, 9, 14.5, 11 ], "texture": "#texture" },
        "north": { "uv": [ 1.5, 16, 3, 16 ], "texture": "#texture" },
        "south": { "uv": [ 13, 16, 14.5, 16 ], "texture": "#texture" },
        "west":  { "uv": [ 9, 16, 11, 16 ], "texture": "#texture" },
        "east":  { "uv": [ 5, 16, 7, 16 ], "texture": "#texture" }
    }
},
{
    "__comment": "L2*",
    "from": [ 13.5, -3, 9.5 ],
    "to": [ 14.5, -0.5, 10.5 ],
    "faces": {
        "down":  { "uv": [ 2.5, 10.5, 1.5, 9.5 ], "texture": "#texture" },
        "up":    { "uv": [ 13.5, 9.5, 14.5, 10.5 ], "texture": "#texture" },
        "north": { "uv": [ 1.5, 16, 2.5, 16 ], "texture": "#texture" },
        "south": { "uv": [ 13.5, 16, 14.5, 16 ], "texture": "#texture" },
        "west":  { "uv": [ 9.5, 16, 10.5, 16 ], "texture": "#texture" },
        "east":  { "uv": [ 5.5, 16, 6.5, 16 ], "texture": "#texture" }
    }
},
{
    "__comment": "L2*",
    "from": [ 13, -1, 9.5 ],
    "to": [ 14, 0, 10.5 ],
    "faces": {
        "down":  { "uv": [ 3, 10.5, 2, 9.5 ], "texture": "#texture" },
        "up":    { "uv": [ 13, 9.5, 14, 10.5 ], "texture": "#texture" },
        "north": { "uv": [ 2, 16, 3, 16 ], "texture": "#texture" },
        "south": { "uv": [ 13, 16, 14, 16 ], "texture": "#texture" },
        "west":  { "uv": [ 9.5, 16, 10.5, 16 ], "texture": "#texture" },
        "east":  { "uv": [ 5.5, 16, 6.5, 16 ], "texture": "#texture" }
    }
},
{
    "__comment": "L2*",
    "from": [ 12.5, 0, 9.5 ],
    "to": [ 14, 3, 10.5 ],
    "faces": {
        "down":  { "uv": [ 3.5, 10.5, 2, 9.5 ], "texture": "#texture" },
        "up":    { "uv": [ 12.5, 9.5, 14, 10.5 ], "texture": "#texture" },
        "north": { "uv": [ 2, 13, 3.5, 16 ], "texture": "#texture" },
        "south": { "uv": [ 12.5, 13, 14, 16 ], "texture": "#texture" },
        "west":  { "uv": [ 9.5, 13, 10.5, 16 ], "texture": "#texture" },
        "east":  { "uv": [ 5.5, 13, 6.5, 16 ], "texture": "#texture" }
    }
},
{
    "__comment": "L2*",
    "from": [ 11.5, 3, 9.5 ],
    "to": [ 13.5, 7.5, 10.5 ],
    "faces": {
        "down":  { "uv": [ 4.5, 10.5, 2.5, 9.5 ], "texture": "#texture" },
        "up":    { "uv": [ 11.5, 9.5, 13.5, 10.5 ], "texture": "#texture" },
        "north": { "uv": [ 2.5, 8.5, 4.5, 13 ], "texture": "#texture" },
        "south": { "uv": [ 11.5, 8.5, 13.5, 13 ], "texture": "#texture" },
        "west":  { "uv": [ 9.5, 8.5, 10.5, 13 ], "texture": "#texture" },
        "east":  { "uv": [ 5.5, 8.5, 6.5, 13 ], "texture": "#texture" }
    }
},
{
    "__comment": "L2*",
    "from": [ 10, 4.5, 9.5 ],
    "to": [ 11.5, 7.5, 10.5 ],
    "faces": {
        "down":  { "uv": [ 6, 10.5, 4.5, 9.5 ], "texture": "#texture" },
        "up":    { "uv": [ 10, 9.5, 11.5, 10.5 ], "texture": "#texture" },
        "north": { "uv": [ 4.5, 8.5, 6, 11.5 ], "texture": "#texture" },
        "south": { "uv": [ 10, 8.5, 11.5, 11.5 ], "texture": "#texture" },
        "west":  { "uv": [ 9.5, 8.5, 10.5, 11.5 ], "texture": "#texture" },
        "east":  { "uv": [ 5.5, 8.5, 6.5, 11.5 ], "texture": "#texture" }
    }
},
{
    "__comment": "L2*",
    "from": [ 10.5, 4, 9.5 ],
    "to": [ 11.5, 4.5, 10.5 ],
    "faces": {
        "down":  { "uv": [ 5.5, 10.5, 4.5, 9.5 ], "texture": "#texture" },
        "up":    { "uv": [ 10.5, 9.5, 11.5, 10.5 ], "texture": "#texture" },
        "north": { "uv": [ 4.5, 11.5, 5.5, 12 ], "texture": "#texture" },
        "south": { "uv": [ 10.5, 11.5, 11.5, 12 ], "texture": "#texture" },
        "west":  { "uv": [ 9.5, 11.5, 10.5, 12 ], "texture": "#texture" },
        "east":  { "uv": [ 5.5, 11.5, 6.5, 12 ], "texture": "#texture" }
    }
},
{
    "__comment": "L2*",
    "from": [ 11, 3.5, 9.5 ],
    "to": [ 11.5, 4, 10.5 ],
    "faces": {
        "down":  { "uv": [ 5, 10.5, 4.5, 9.5 ], "texture": "#texture" },
        "up":    { "uv": [ 11, 9.5, 11.5, 10.5 ], "texture": "#texture" },
        "north": { "uv": [ 4.5, 12, 5, 12.5 ], "texture": "#texture" },
        "south": { "uv": [ 11, 12, 11.5, 12.5 ], "texture": "#texture" },
        "west":  { "uv": [ 9.5, 12, 10.5, 12.5 ], "texture": "#texture" },
        "east":  { "uv": [ 5.5, 12, 6.5, 12.5 ], "texture": "#texture" }
    }
},
{
    "__comment": "L2*",
    "from": [ 9.5, 5, 9.5 ],
    "to": [ 10, 7, 10.5 ],
    "faces": {
        "down":  { "uv": [ 6.5, 10.5, 6, 9.5 ], "texture": "#texture" },
        "up":    { "uv": [ 9.5, 9.5, 10, 10.5 ], "texture": "#texture" },
        "north": { "uv": [ 6, 9, 6.5, 11 ], "texture": "#texture" },
        "south": { "uv": [ 9.5, 9, 10, 11 ], "texture": "#texture" },
        "west":  { "uv": [ 9.5, 9, 10.5, 11 ], "texture": "#texture" },
        "east":  { "uv": [ 5.5, 9, 6.5, 11 ], "texture": "#texture" }
    }
},
{
    "__comment": "L2*",
    "from": [ 11.5, 6.5, 9 ],
    "to": [ 12.5, 7, 11 ],
    "faces": {
        "down":  { "uv": [ 4.5, 11, 3.5, 9 ], "texture": "#texture" },
        "up":    { "uv": [ 11.5, 9, 12.5, 11 ], "texture": "#texture" },
        "north": { "uv": [ 3.5, 9, 4.5, 9.5 ], "texture": "#texture" },
        "south": { "uv": [ 11.5, 9, 12.5, 9.5 ], "texture": "#texture" },
        "west":  { "uv": [ 9, 9, 11, 9.5 ], "texture": "#texture" },
        "east":  { "uv": [ 5, 9, 7, 9.5 ], "texture": "#texture" }
    }
},
{
    "__comment": "L2*",
    "from": [ 11.5, 4, 9 ],
    "to": [ 12.5, 6.5, 11 ],
    "faces": {
        "down":  { "uv": [ 4.5, 11, 3.5, 9 ], "texture": "#texture" },
        "up":    { "uv": [ 11.5, 9, 12.5, 11 ], "texture": "#texture" },
        "north": { "uv": [ 3.5, 9.5, 4.5, 12 ], "texture": "#texture" },
        "south": { "uv": [ 11.5, 9.5, 12.5, 12 ], "texture": "#texture" },
        "west":  { "uv": [ 9, 9.5, 11, 12 ], "texture": "#texture" },
        "east":  { "uv": [ 5, 9.5, 7, 12 ], "texture": "#texture" }
    }
},
{
    "__comment": "L2*",
    "from": [ 12, 3.5, 9 ],
    "to": [ 13, 4, 11 ],
    "faces": {
        "down":  { "uv": [ 4, 11, 3, 9 ], "texture": "#texture" },
        "up":    { "uv": [ 12, 9, 13, 11 ], "texture": "#texture" },
        "north": { "uv": [ 3, 12, 4, 12.5 ], "texture": "#texture" },
        "south": { "uv": [ 12, 12, 13, 12.5 ], "texture": "#texture" },
        "west":  { "uv": [ 9, 12, 11, 12.5 ], "texture": "#texture" },
        "east":  { "uv": [ 5, 12, 7, 12.5 ], "texture": "#texture" }
    }
},
{
    "__comment": "L2*",
    "from": [ 10.5, 4.5, 9 ],
    "to": [ 11.5, 6.5, 11 ],
    "faces": {
        "down":  { "uv": [ 5.5, 11, 4.5, 9 ], "texture": "#texture" },
        "up":    { "uv": [ 10.5, 9, 11.5, 11 ], "texture": "#texture" },
        "north": { "uv": [ 4.5, 9.5, 5.5, 11.5 ], "texture": "#texture" },
        "south": { "uv": [ 10.5, 9.5, 11.5, 11.5 ], "texture": "#texture" },
        "west":  { "uv": [ 9, 9.5, 11, 11.5 ], "texture": "#texture" },
        "east":  { "uv": [ 5, 9.5, 7, 11.5 ], "texture": "#texture" }
    }
},
{
    "__comment": "L2*",
    "from": [ 12.5, 4, 9 ],
    "to": [ 13, 6.5, 11 ],
    "faces": {
        "down":  { "uv": [ 3.5, 11, 3, 9 ], "texture": "#texture" },
        "up":    { "uv": [ 12.5, 9, 13, 11 ], "texture": "#texture" },
        "north": { "uv": [ 3, 9.5, 3.5, 12 ], "texture": "#texture" },
        "south": { "uv": [ 12.5, 9.5, 13, 12 ], "texture": "#texture" },
        "west":  { "uv": [ 9, 9.5, 11, 12 ], "texture": "#texture" },
        "east":  { "uv": [ 5, 9.5, 7, 12 ], "texture": "#texture" }
    }
},
{
    "__comment": "L2*",
    "from": [ 11, 4.5, 8.5 ],
    "to": [ 12.5, 6, 11.5 ],
    "faces": {
        "down":  { "uv": [ 5, 11.5, 3.5, 8.5 ], "texture": "#texture" },
        "up":    { "uv": [ 11, 8.5, 12.5, 11.5 ], "texture": "#texture" },
        "north": { "uv": [ 3.5, 10, 5, 11.5 ], "texture": "#texture" },
        "south": { "uv": [ 11, 10, 12.5, 11.5 ], "texture": "#texture" },
        "west":  { "uv": [ 8.5, 10, 11.5, 11.5 ], "texture": "#texture" },
        "east":  { "uv": [ 4.5, 10, 7.5, 11.5 ], "texture": "#texture" }
    }
},
{
    "__comment": "T",
    "from": [ 12.5, 9, 7 ],
    "to": [ 14.5, 10.5, 9 ],
    "rotation": { "origin": [ 12.5, 10.5, 7 ], "axis": "z", "angle": -22.5 },
    "faces": {
        "down":  { "uv": [ 3.5, 9, 1.5, 7 ], "texture": "#texture" },
        "up":    { "uv": [ 12.5, 7, 14.5, 9 ], "texture": "#texture" },
        "north": { "uv": [ 1.5, 5.5, 3.5, 7 ], "texture": "#texture" },
        "south": { "uv": [ 12.5, 5.5, 14.5, 7 ], "texture": "#texture" },
        "west":  { "uv": [ 7, 5.5, 9, 7 ], "texture": "#texture" },
        "east":  { "uv": [ 7, 5.5, 9, 7 ], "texture": "#texture" }
    }
},
{
    "__comment": "T",
    "from": [ 14, 8, 7.1 ],
    "to": [ 16, 9.5, 8.9 ],
    "rotation": { "origin": [ 14, 9.5, 7.1 ], "axis": "z", "angle": -45 },
    "faces": {
        "down":  { "uv": [ 3.5, 9, 1.5, 7 ], "texture": "#texture" },
        "up":    { "uv": [ 12.5, 7, 14.5, 9 ], "texture": "#texture" },
        "north": { "uv": [ 1.5, 5.5, 3.5, 7 ], "texture": "#texture" },
        "south": { "uv": [ 12.5, 5.5, 14.5, 7 ], "texture": "#texture" },
        "west":  { "uv": [ 7, 5.5, 9, 7 ], "texture": "#texture" },
        "east":  { "uv": [ 7, 5.5, 9, 7 ], "texture": "#texture" }
    }
},
{
    "__comment": "T",
    "from": [ 14.5, 2.5, 7.5 ],
    "to": [ 15.5, 7.5, 8.5 ],
    "rotation": { "origin": [ 14.5, 7.5, 7.5 ], "axis": "z", "angle": 22.5 },
    "faces": {
        "down":  { "uv": [ 0.5, 8.5, 0, 7.5 ], "texture": "#texture" },
        "up":    { "uv": [ 15.5, 7.5, 16, 8.5 ], "texture": "#texture" },
        "north": { "uv": [ 0, 7.5, 0.5, 12.5 ], "texture": "#texture" },
        "south": { "uv": [ 15.5, 7.5, 16, 12.5 ], "texture": "#texture" },
        "west":  { "uv": [ 7.5, 7.5, 8.5, 12.5 ], "texture": "#texture" },
        "east":  { "uv": [ 7.5, 7.5, 8.5, 12.5 ], "texture": "#texture" }
    }
}
]
}