{
	"__comment": "Designed by Zeibo with Cubik Studio - https://cubik.studio",
	"textures": {
		"particle": "block/oak_planks",
		"texture": "block/books_1",
		"texture1": "block/books_2",
		"texture2": "block/books_3",
		"texture3": "block/books_4",
		"texture4": "block/books_5",
		"texture5": "block/books_6",
		"texture6": "block/books_7"
	},
	"elements": [ 	 
		{
			"__comment": "B1",
			"from": [ 3, 0.5, 2.25 ],
			"to": [ 11, 2.5, 11.75 ],
			"faces": {
				"down": { "uv": [ 0, 4, 16, 12 ], "texture": "#texture3" },
				"up": { "uv": [ 0, 4, 16, 12 ], "texture": "#texture3" },
				"north": { "uv": [ 0, 0, 16, 4 ], "texture": "#texture3" },
				"south": { "uv": [ 0, 0, 16, 4 ], "texture": "#texture3" },
				"west": { "uv": [ 0, 12, 16, 16 ], "texture": "#texture3" },
				"east": { "uv": [ 0, 0, 16, 4 ], "texture": "#texture3" }
			}
		},
		{
			"__comment": "B2",
			"from": [ 3.25, 4.625, 2.625 ],
			"to": [ 11.25, 6.625, 12.125 ],
			"faces": {
				"down": { "uv": [ 0, 4, 16, 12 ], "texture": "#texture4" },
				"up": { "uv": [ 0, 4, 16, 12 ], "texture": "#texture4" },
				"north": { "uv": [ 0, 0, 16, 4 ], "texture": "#texture4" },
				"south": { "uv": [ 0, 0, 16, 4 ], "texture": "#texture4" },
				"west": { "uv": [ 0, 12, 16, 16 ], "texture": "#texture4" },
				"east": { "uv": [ 0, 0, 16, 4 ], "texture": "#texture4" }
			}
		},
		{
			"__comment": "B3",
			"from": [ 3.125, 8.75, 3.5 ],
			"to": [ 11.125, 10.75, 13 ],
			"faces": {
				"down": { "uv": [ 0, 4, 16, 12 ], "texture": "#texture6", "rotation": 90 },
				"up": { "uv": [ 0, 4, 16, 12 ], "texture": "#texture6", "rotation": 270 },
				"north": { "uv": [ 0, 0, 16, 4 ], "texture": "#texture6" },
				"south": { "uv": [ 0, 0, 16, 4 ], "texture": "#texture6" },
				"west": { "uv": [ 0, 12, 16, 16 ], "texture": "#texture6" },
				"east": { "uv": [ 0, 0, 16, 4 ], "texture": "#texture6" }
			}
		},
		{
			"__comment": "B4",
			"from": [ 2.625, 2.5, 1.9999 ],
			"to": [ 10.625, 4.5, 11.4999 ],
			"faces": {
				"down": { "uv": [ 0, 4, 16, 12 ], "texture": "#texture2" },
				"up": { "uv": [ 0, 4, 16, 12 ], "texture": "#texture2" },
				"north": { "uv": [ 0, 12, 16, 16 ], "texture": "#texture2" },
				"south": { "uv": [ 0, 0, 16, 4 ], "texture": "#texture2" },
				"west": { "uv": [ 0, 0, 16, 4 ], "texture": "#texture2" },
				"east": { "uv": [ 0, 0, 16, 4 ], "texture": "#texture2" }
			}
		},
		{
			"__comment": "B5",
			"from": [ 2.25, 6.75, 1.75 ],
			"to": [ 10.25, 8.75, 11.25 ],
			"faces": {
				"down": { "uv": [ 0, 4, 16, 12 ], "texture": "#texture", "rotation": 270 },
				"up": { "uv": [ 0, 4, 16, 12 ], "texture": "#texture", "rotation": 90 },
				"north": { "uv": [ 0, 0, 16, 4 ], "texture": "#texture" },
				"south": { "uv": [ 0, 0, 16, 4 ], "texture": "#texture" },
				"west": { "uv": [ 0, 0, 16, 4 ], "texture": "#texture" },
				"east": { "uv": [ 0, 12, 16, 16 ], "texture": "#texture" }
			}
		},
		{
			"__comment": "Element",
			"from": [ -0.01, -0.01, -0.01 ],
			"to": [ 16.01, 0.49, 16.01 ],
			"faces": {
				"down": { "uv": [ 0, 0, 16, 16 ], "texture": "#particle" },
				"up": { "uv": [ 0, 0, 16, 16 ], "texture": "#particle" },
				"north": { "uv": [ 0, 0, 16, 0.5 ], "texture": "#particle" },
				"south": { "uv": [ 0, 0, 16, 0.5 ], "texture": "#particle" },
				"west": { "uv": [ 0, 0, 16, 0.5 ], "texture": "#particle" },
				"east": { "uv": [ 0, 0, 16, 0.5 ], "texture": "#particle" }
			}
		}
	]
}