{
	"__comment": "Designed by Zeibo with Cubik Studio - https://cubik.studio",
	"textures": {
		"particle": "block/oak_planks",
		"texture": "block/books_1",
		"texture1": "block/books_2",
		"texture2": "block/books_3",
		"texture3": "block/books_4",
		"texture4": "block/books_5",
		"texture5": "block/books_6",
		"texture6": "block/books_7"
	},
	"elements": [ 	 
		{
			"__comment": "B1",
			"from": [ 8.125, 0.5, 7.25 ],
			"to": [ 16.125, 2.5, 16.75 ],
			"faces": {
				"down": { "uv": [ 0, 4, 16, 12 ], "texture": "#texture3" },
				"up": { "uv": [ 0, 4, 16, 12 ], "texture": "#texture3" },
				"north": { "uv": [ 0, 0, 16, 4 ], "texture": "#texture3" },
				"south": { "uv": [ 0, 0, 16, 4 ], "texture": "#texture3" },
				"west": { "uv": [ 0, 12, 16, 16 ], "texture": "#texture3" },
				"east": { "uv": [ 0, 0, 16, 4 ], "texture": "#texture3" }
			}
		},
		{
			"__comment": "B2",
			"from": [ -1.125, 0.5, -0.75 ],
			"to": [ 6.875, 2.5, 8.75 ],
			"faces": {
				"down": { "uv": [ 0, 4, 16, 12 ], "texture": "#texture4" },
				"up": { "uv": [ 0, 4, 16, 12 ], "texture": "#texture4" },
				"north": { "uv": [ 0, 0, 16, 4 ], "texture": "#texture4" },
				"south": { "uv": [ 0, 0, 16, 4 ], "texture": "#texture4" },
				"west": { "uv": [ 0, 12, 16, 16 ], "texture": "#texture4" },
				"east": { "uv": [ 0, 0, 16, 4 ], "texture": "#texture4" }
			}
		},
		{
			"__comment": "B3",
			"from": [ -1.25, 4.5, 0.125 ],
			"to": [ 6.75, 6.5, 9.625 ],
			"faces": {
				"down": { "uv": [ 0, 4, 16, 12 ], "texture": "#texture6", "rotation": 90 },
				"up": { "uv": [ 0, 4, 16, 12 ], "texture": "#texture6", "rotation": 270 },
				"north": { "uv": [ 0, 0, 16, 4 ], "texture": "#texture6" },
				"south": { "uv": [ 0, 0, 16, 4 ], "texture": "#texture6" },
				"west": { "uv": [ 0, 12, 16, 16 ], "texture": "#texture6" },
				"east": { "uv": [ 0, 0, 16, 4 ], "texture": "#texture6" }
			}
		},
		{
			"__comment": "B4",
			"from": [ 7.75, 2.5, 6.9999 ],
			"to": [ 15.75, 4.5, 16.4999 ],
			"faces": {
				"down": { "uv": [ 0, 4, 16, 12 ], "texture": "#texture2" },
				"up": { "uv": [ 0, 4, 16, 12 ], "texture": "#texture2" },
				"north": { "uv": [ 0, 12, 16, 16 ], "texture": "#texture2" },
				"south": { "uv": [ 0, 0, 16, 4 ], "texture": "#texture2" },
				"west": { "uv": [ 0, 0, 16, 4 ], "texture": "#texture2" },
				"east": { "uv": [ 0, 0, 16, 4 ], "texture": "#texture2" }
			}
		},
		{
			"__comment": "B5",
			"from": [ -2.125, 2.5, -1.625 ],
			"to": [ 5.875, 4.5, 7.875 ],
			"faces": {
				"down": { "uv": [ 0, 4, 16, 12 ], "texture": "#texture", "rotation": 270 },
				"up": { "uv": [ 0, 4, 16, 12 ], "texture": "#texture", "rotation": 90 },
				"north": { "uv": [ 0, 0, 16, 4 ], "texture": "#texture" },
				"south": { "uv": [ 0, 0, 16, 4 ], "texture": "#texture" },
				"west": { "uv": [ 0, 0, 16, 4 ], "texture": "#texture" },
				"east": { "uv": [ 0, 12, 16, 16 ], "texture": "#texture" }
			}
		},
		{
			"__comment": "Element",
			"from": [ -0.01, -0.01, -0.01 ],
			"to": [ 16.01, 0.49, 16.01 ],
			"faces": {
				"down": { "uv": [ 0, 0, 16, 16 ], "texture": "#particle" },
				"up": { "uv": [ 0, 0, 16, 16 ], "texture": "#particle" },
				"north": { "uv": [ 0, 0, 16, 0.5 ], "texture": "#particle" },
				"south": { "uv": [ 0, 0, 16, 0.5 ], "texture": "#particle" },
				"west": { "uv": [ 0, 0, 16, 0.5 ], "texture": "#particle" },
				"east": { "uv": [ 0, 0, 16, 0.5 ], "texture": "#particle" }
			}
		}
	]
}