{
	"parent": "block/cube",
    "textures": {
        "particle": "block/bookshelf",
        "0": "block/bookshelf",
        "1": "block/bookshelf_top"
    },
    "elements": [
        {
            "name": "Element",
            "from": [ 1.0, 0.0, 1.0 ], 
            "to": [ 15.0, 16.0, 15.0 ], 
            "faces": {
                "north": { "texture": "#0", "uv": [ 1.0, 0.0, 15.0, 16.0 ] },
                "east": { "texture": "#0", "uv": [ 1.0, 0.0, 15.0, 16.0 ] },
                "south": { "texture": "#0", "uv": [ 1.0, 0.0, 15.0, 16.0 ] },
                "west": { "texture": "#0", "uv": [ 1.0, 0.0, 15.0, 16.0 ] },
                "up": { "texture": "#1", "uv": [ 1.0, 1.0, 15.0, 15.0 ] },
                "down": { "texture": "#1", "uv": [ 1.0, 1.0, 15.0, 15.0 ] }
            }
        },
        {
            "name": "Element",
            "from": [ 0.0, 0.0, 0.0 ], 
            "to": [ 16.0, 1.0, 16.0 ], 
            "faces": {
                "north": { "texture": "#0", "uv": [ 0.0, 15.0, 16.0, 16.0 ] },
                "east": { "texture": "#0", "uv": [ 0.0, 15.0, 16.0, 16.0 ] },
                "south": { "texture": "#0", "uv": [ 0.0, 15.0, 16.0, 16.0 ] },
                "west": { "texture": "#0", "uv": [ 0.0, 15.0, 16.0, 16.0 ] },
                "up": { "texture": "#1", "uv": [ 0.0, 0.0, 16.0, 16.0 ] },
                "down": { "texture": "#1", "uv": [ 0.0, 0.0, 16.0, 16.0 ] }
            }
        },
        {
            "name": "Element",
            "from": [ 0.0, 15.0, 0.0 ], 
            "to": [ 16.0, 16.0, 16.0 ], 
            "faces": {
                "north": { "texture": "#0", "uv": [ 0.0, 0.0, 16.0, 1.0 ] },
                "east": { "texture": "#0", "uv": [ 0.0, 0.0, 16.0, 1.0 ] },
                "south": { "texture": "#0", "uv": [ 0.0, 0.0, 16.0, 1.0 ] },
                "west": { "texture": "#0", "uv": [ 0.0, 0.0, 16.0, 1.0 ] },
                "up": { "texture": "#1", "uv": [ 0.0, 0.0, 16.0, 16.0 ] },
                "down": { "texture": "#1", "uv": [ 0.0, 0.0, 16.0, 16.0 ] }
            }
        },
        {
            "name": "Element",
            "from": [ 0.0, 7.0, 0.0 ], 
            "to": [ 16.0, 9.0, 16.0 ], 
            "faces": {
                "north": { "texture": "#0", "uv": [ 0.0, 7.0, 16.0, 9.0 ] },
                "east": { "texture": "#0", "uv": [ 0.0, 7.0, 16.0, 9.0 ] },
                "south": { "texture": "#0", "uv": [ 0.0, 7.0, 16.0, 9.0 ] },
                "west": { "texture": "#0", "uv": [ 0.0, 7.0, 16.0, 9.0 ] },
                "up": { "texture": "#1", "uv": [ 0.0, 0.0, 16.0, 16.0 ] },
                "down": { "texture": "#1", "uv": [ 0.0, 0.0, 16.0, 16.0 ] }
            }
        },
        {
            "name": "Element",
            "from": [ 0.0, 0.0, 15.0 ], 
            "to": [ 1.0, 16.0, 16.0 ], 
            "faces": {
                "north": { "texture": "#1", "uv": [ 0.0, 0.0, 1.0, 16.0 ] },
                "east": { "texture": "#1", "uv": [ 0.0, 0.0, 1.0, 16.0 ] },
                "south": { "texture": "#0", "uv": [ 0.0, 0.0, 1.0, 16.0 ] },
                "west": { "texture": "#0", "uv": [ 15.0, 0.0, 16.0, 16.0 ] }
            }
        },
        {
            "name": "Element",
            "from": [ 15.0, 0.0, 0.0 ], 
            "to": [ 16.0, 16.0, 1.0 ], 
            "faces": {
                "north": { "texture": "#0", "uv": [ 0.0, 0.0, 1.0, 16.0 ] },
                "east": { "texture": "#0", "uv": [ 15.0, 0.0, 16.0, 16.0 ] },
                "south": { "texture": "#1", "uv": [ 0.0, 0.0, 1.0, 16.0 ] },
                "west": { "texture": "#1", "uv": [ 0.0, 0.0, 1.0, 16.0 ] }
            }
        },
        {
            "name": "Element",
            "from": [ 15.0, 0.0, 15.0 ], 
            "to": [ 16.0, 16.0, 16.0 ], 
            "faces": {
                "north": { "texture": "#1", "uv": [ 0.0, 0.0, 1.0, 16.0 ] },
                "east": { "texture": "#0", "uv": [ 0.0, 0.0, 1.0, 16.0 ] },
                "south": { "texture": "#0", "uv": [ 15.0, 0.0, 16.0, 16.0 ] },
                "west": { "texture": "#1", "uv": [ 0.0, 0.0, 1.0, 16.0 ] }
            }
        },
        {
            "name": "Element",
            "from": [ 0.0, 0.0, 0.0 ], 
            "to": [ 1.0, 16.0, 1.0 ], 
            "faces": {
                "north": { "texture": "#0", "uv": [ 15.0, 0.0, 16.0, 16.0 ] },
                "east": { "texture": "#1", "uv": [ 0.0, 0.0, 1.0, 16.0 ] },
                "south": { "texture": "#1", "uv": [ 0.0, 0.0, 1.0, 16.0 ] },
                "west": { "texture": "#0", "uv": [ 0.0, 0.0, 1.0, 16.0 ] }
            }
        }
    ]
}