{
	"__comment": "Designed by Zeibo with Cubik Studio - https://cubik.studio",
	"textures": {
		"particle": "block/oak_planks",
		"texture": "block/books_1",
		"texture1": "block/books_2",
		"texture2": "block/books_3",
		"texture3": "block/books_4",
		"texture4": "block/books_5",
		"texture5": "block/books_6",
		"texture6": "block/books_7"
	},
	"elements": [ 	 
		{
			"__comment": "B1",
			"from": [ -2.5, 0.5, 4.5 ],
			"to": [ 5.5, 2.5, 14 ],
			"faces": {
				"down": { "uv": [ 0, 4, 16, 12 ], "texture": "#texture" },
				"up": { "uv": [ 0, 4, 16, 12 ], "texture": "#texture" },
				"north": { "uv": [ 0, 0, 16, 4 ], "texture": "#texture" },
				"south": { "uv": [ 0, 0, 16, 4 ], "texture": "#texture" },
				"west": { "uv": [ 0, 12, 16, 16 ], "texture": "#texture" },
				"east": { "uv": [ 0, 0, 16, 4 ], "texture": "#texture" }
			}
		},
		{
			"__comment": "B2",
			"from": [ 9, 0.5, 7.5 ],
			"to": [ 17, 2.5, 17 ],
			"faces": {
				"down": { "uv": [ 0, 4, 16, 12 ], "texture": "#texture3" },
				"up": { "uv": [ 0, 4, 16, 12 ], "texture": "#texture3" },
				"north": { "uv": [ 0, 0, 16, 4 ], "texture": "#texture3" },
				"south": { "uv": [ 0, 0, 16, 4 ], "texture": "#texture3" },
				"west": { "uv": [ 0, 12, 16, 16 ], "texture": "#texture3" },
				"east": { "uv": [ 0, 0, 16, 4 ], "texture": "#texture3" }
			}
		},
		{
			"__comment": "B3",
			"from": [ 8, 0.5, -2.5 ],
			"to": [ 16, 2.5, 7 ],
			"faces": {
				"down": { "uv": [ 0, 4, 16, 12 ], "texture": "#texture5", "rotation": 90 },
				"up": { "uv": [ 0, 4, 16, 12 ], "texture": "#texture5", "rotation": 270 },
				"north": { "uv": [ 0, 0, 16, 4 ], "texture": "#texture5" },
				"south": { "uv": [ 0, 12, 16, 16 ], "texture": "#texture5" },
				"west": { "uv": [ 0, 0, 16, 4 ], "texture": "#texture5" },
				"east": { "uv": [ 0, 0, 16, 4 ], "texture": "#texture5" }
			}
		},
		{
			"__comment": "B4",
			"from": [ 3.5, 2.375, -0.5 ],
			"to": [ 13, 4.375, 7.5 ],
			"rotation": { "origin": [ 3.5, 2.375, 7.5 ], "axis": "y", "angle": 22.5 },
			"faces": {
				"down": { "uv": [ 0, 4, 16, 12 ], "texture": "#texture6", "rotation": 90 },
				"up": { "uv": [ 0, 4, 16, 12 ], "texture": "#texture6", "rotation": 270 },
				"north": { "uv": [ 0, 0, 16, 4 ], "texture": "#texture6" },
				"south": { "uv": [ 0, 12, 16, 16 ], "texture": "#texture6" },
				"west": { "uv": [ 0, 0, 16, 4 ], "texture": "#texture6" },
				"east": { "uv": [ 0, 0, 16, 4 ], "texture": "#texture6" }
			}
		},
		{
			"__comment": "B5",
			"from": [ 1, 2.5, 13.5 ],
			"to": [ 9, 4.5, 23 ],
			"rotation": { "origin": [ 1, 2.5, 13.5 ], "axis": "y", "angle": 45 },
			"faces": {
				"down": { "uv": [ 0, 4, 16, 12 ], "texture": "#texture4", "rotation": 90 },
				"up": { "uv": [ 0, 4, 16, 12 ], "texture": "#texture4", "rotation": 270 },
				"north": { "uv": [ 0, 0, 16, 4 ], "texture": "#texture4" },
				"south": { "uv": [ 0, 12, 16, 16 ], "texture": "#texture4" },
				"west": { "uv": [ 0, 0, 16, 4 ], "texture": "#texture4" },
				"east": { "uv": [ 0, 0, 16, 4 ], "texture": "#texture4" }
			}
		},
		{
			"__comment": "Element",
			"from": [ -0.01, -0.01, -0.01 ],
			"to": [ 16.01, 0.49, 16.01 ],
			"faces": {
				"down": { "uv": [ 0, 0, 16, 16 ], "texture": "#particle" },
				"up": { "uv": [ 0, 0, 16, 16 ], "texture": "#particle" },
				"north": { "uv": [ 0, 0, 16, 0.5 ], "texture": "#particle" },
				"south": { "uv": [ 0, 0, 16, 0.5 ], "texture": "#particle" },
				"west": { "uv": [ 0, 0, 16, 0.5 ], "texture": "#particle" },
				"east": { "uv": [ 0, 0, 16, 0.5 ], "texture": "#particle" }
			}
		}
	]
}