{
"custom.Cookiefish01":{
	"sounds":[{"name":"custom/Cookiefish/Cookiefish01","stream":true}],"category":"block"},
"custom.Cookiefish02":{
	"sounds":[{"name":"custom/Cookiefish/Cookiefish02","stream":true}],"category":"block"},
"custom.Cookiefish03":{
	"sounds":[{"name":"custom/Cookiefish/Cookiefish03","stream":true}],"category":"block"},
"custom.Cookiefish_Die":{
	"sounds":[{"name":"custom/Cookiefish/Cookiefish_Die","stream":true}],"category":"block"},
"custom.Cookiefish_Die_Mama":{
	"sounds":[{"name":"custom/Cookiefish/Cookiefish_Die_Mama","stream":true}],"category":"block"},
"custom.Cookiefish_Skill_1":{
	"sounds":[{"name":"custom/Cookiefish/Cookiefish_Skill_1","stream":true}],"category":"block"},
"custom.Cookiefish_Skill_2":{
	"sounds":[{"name":"custom/Cookiefish/Cookiefish_Skill_2","stream":true}],"category":"block"},
"custom.Cookiefish_H":{
	"sounds":[{"name":"custom/Cookiefish/Cookiefish_H","stream":true}],"category":"block"},





"custom.Succubus01":{
	"sounds":[{"name":"custom/Succbus/Succubus01","stream":true}],"category":"block"},
"custom.Succubus02":{
	"sounds":[{"name":"custom/Succbus/Succubus02","stream":true}],"category":"block"},
"custom.Succubus03":{
	"sounds":[{"name":"custom/Succbus/Succubus03","stream":true}],"category":"block"},
"custom.Succubus04":{
	"sounds":[{"name":"custom/Succbus/Succubus04","stream":true}],"category":"block"},
"custom.Succubus05":{
	"sounds":[{"name":"custom/Succbus/Succubus05","stream":true}],"category":"block"},
"custom.Succubus06":{
	"sounds":[{"name":"custom/Succbus/Succubus06","stream":true}],"category":"block"},
"custom.Succubus_Skill":{
	"sounds":[{"name":"custom/Succbus/Succubus_Skill","stream":true}],"category":"block"},
"custom.Succubus_Skill_2":{
	"sounds":[{"name":"custom/Succbus/Succubus_Skill_2","stream":true}],"category":"block"},
"custom.Succubus_H1":{
	"sounds":[{"name":"custom/Succbus/Succubus_H1","stream":true}],"category":"block"},
"custom.Succubus_H2":{
	"sounds":[{"name":"custom/Succbus/Succubus_H2","stream":true}],"category":"block"},
"custom.Succubus_D":{
	"sounds":[{"name":"custom/Succbus/Succubus_D","stream":true}],"category":"block"}
}