{
	"__comment": "Designed by Zeibo with Cubik Studio - https://cubik.studio",
	"textures": {
		"particle": "blocks/e_particle",
		"texture": "block/oak_planks",
		"texture1": "block/fire_1",
		"texture2": "block/fire_0",
		"texture3": "block/stone_bricks"
	},
	"elements": [ 	 
		{
			"__comment": "Box1",
			"from": [ 8, 0, 7 ],
			"to": [ 9, 11, 8 ],
			"faces": {
				"down": { "uv": [ 0, 0, 16, 16 ], "texture": "#texture" },
				"up": { "uv": [ 0, 0, 16, 16 ], "texture": "#texture" },
				"north": { "uv": [ 0, 0, 16, 16 ], "texture": "#texture" },
				"south": { "uv": [ 0, 0, 16, 16 ], "texture": "#texture" },
				"west": { "uv": [ 0, 0, 16, 16 ], "texture": "#texture" },
				"east": { "uv": [ 0, 0, 16, 16 ], "texture": "#texture" }
			}
		},
		{
			"__comment": "Box1",
			"from": [ 8.25, 1.5, 6.75 ],
			"to": [ 8.75, 11, 8.25 ],
			"faces": {
				"down": { "uv": [ 0, 0, 16, 16 ], "texture": "#texture", "rotation": 270 },
				"up": { "uv": [ 0, 0, 16, 16 ], "texture": "#texture", "rotation": 90 },
				"north": { "uv": [ 0, 0, 16, 16 ], "texture": "#texture" },
				"south": { "uv": [ 0, 0, 16, 16 ], "texture": "#texture" },
				"west": { "uv": [ 0, 0, 16, 16 ], "texture": "#texture" },
				"east": { "uv": [ 0, 0, 16, 16 ], "texture": "#texture" }
			}
		},
		{
			"__comment": "Box1",
			"from": [ 7.75, 1.5, 7.25 ],
			"to": [ 9.25, 11, 7.75 ],
			"faces": {
				"down": { "uv": [ 0, 0, 16, 16 ], "texture": "#texture" },
				"up": { "uv": [ 0, 0, 16, 16 ], "texture": "#texture" },
				"north": { "uv": [ 0, 0, 16, 16 ], "texture": "#texture" },
				"south": { "uv": [ 0, 0, 16, 16 ], "texture": "#texture" },
				"west": { "uv": [ 0, 0, 16, 16 ], "texture": "#texture" },
				"east": { "uv": [ 0, 0, 16, 16 ], "texture": "#texture" }
			}
		},
		{
			"__comment": "PlaneZ4",
			"from": [ 8.5, 10, 6.125 ],
			"to": [ 8.501, 21.5, 9.125 ],
			"faces": {
				"west": { "uv": [ 0, 0, 16, 16 ], "texture": "#texture1" },
				"east": { "uv": [ 0, 0, 16, 16 ], "texture": "#texture1" }
			}
		},
		{
			"__comment": "PlaneZ4",
			"from": [ 7, 10.5, 7.5 ],
			"to": [ 10, 19, 7.501 ],
			"faces": {
				"north": { "uv": [ 0, 0, 16, 16 ], "texture": "#texture2" },
				"south": { "uv": [ 0, 0, 16, 16 ], "texture": "#texture2" }
			}
		},
		{
			"__comment": "Box6",
			"from": [ 7.5, 10, 6.5 ],
			"to": [ 9.5, 10.5, 8.5 ],
			"faces": {
				"down": { "uv": [ 7.5, 7.5, 9.5, 9.5 ], "texture": "#texture3" },
				"up": { "uv": [ 7.5, 6.5, 9.5, 8.5 ], "texture": "#texture3" },
				"north": { "uv": [ 6.5, 6.5, 8.5, 7 ], "texture": "#texture3" },
				"south": { "uv": [ 7.5, 6.5, 9.5, 7 ], "texture": "#texture3" },
				"west": { "uv": [ 6.5, 6.5, 8.5, 7 ], "texture": "#texture3" },
				"east": { "uv": [ 7.5, 6.5, 9.5, 7 ], "texture": "#texture3" }
			}
		},
		{
			"__comment": "Box6",
			"from": [ 7.25, 10, 8.25 ],
			"to": [ 7.75, 11, 8.75 ],
			"faces": {
				"down": { "uv": [ 7.25, 7.25, 7.75, 7.75 ], "texture": "#texture3" },
				"up": { "uv": [ 7.25, 8.25, 7.75, 8.75 ], "texture": "#texture3" },
				"north": { "uv": [ 8.25, 6, 8.75, 7 ], "texture": "#texture3" },
				"south": { "uv": [ 7.25, 6, 7.75, 7 ], "texture": "#texture3" },
				"west": { "uv": [ 8.25, 6, 8.75, 7 ], "texture": "#texture3" },
				"east": { "uv": [ 7.25, 6, 7.75, 7 ], "texture": "#texture3" }
			}
		},
		{
			"__comment": "Box6",
			"from": [ 9.25, 10, 8.25 ],
			"to": [ 9.75, 11, 8.75 ],
			"faces": {
				"down": { "uv": [ 9.25, 7.25, 9.75, 7.75 ], "texture": "#texture3" },
				"up": { "uv": [ 9.25, 8.25, 9.75, 8.75 ], "texture": "#texture3" },
				"north": { "uv": [ 6.25, 6, 6.75, 7 ], "texture": "#texture3" },
				"south": { "uv": [ 9.25, 6, 9.75, 7 ], "texture": "#texture3" },
				"west": { "uv": [ 8.25, 6, 8.75, 7 ], "texture": "#texture3" },
				"east": { "uv": [ 7.25, 6, 7.75, 7 ], "texture": "#texture3" }
			}
		},
		{
			"__comment": "Box6",
			"from": [ 9.25, 10, 6.25 ],
			"to": [ 9.75, 11, 6.75 ],
			"faces": {
				"down": { "uv": [ 9.25, 9.25, 9.75, 9.75 ], "texture": "#texture3" },
				"up": { "uv": [ 9.25, 6.25, 9.75, 6.75 ], "texture": "#texture3" },
				"north": { "uv": [ 6.25, 6, 6.75, 7 ], "texture": "#texture3" },
				"south": { "uv": [ 9.25, 6, 9.75, 7 ], "texture": "#texture3" },
				"west": { "uv": [ 6.25, 6, 6.75, 7 ], "texture": "#texture3" },
				"east": { "uv": [ 9.25, 6, 9.75, 7 ], "texture": "#texture3" }
			}
		},
		{
			"__comment": "Box6",
			"from": [ 7.25, 10, 6.25 ],
			"to": [ 7.75, 11, 6.75 ],
			"faces": {
				"down": { "uv": [ 7.25, 9.25, 7.75, 9.75 ], "texture": "#texture3" },
				"up": { "uv": [ 7.25, 6.25, 7.75, 6.75 ], "texture": "#texture3" },
				"north": { "uv": [ 8.25, 6, 8.75, 7 ], "texture": "#texture3" },
				"south": { "uv": [ 7.25, 6, 7.75, 7 ], "texture": "#texture3" },
				"west": { "uv": [ 6.25, 6, 6.75, 7 ], "texture": "#texture3" },
				"east": { "uv": [ 9.25, 6, 9.75, 7 ], "texture": "#texture3" }
			}
		},
		{
			"__comment": "Box6",
			"from": [ 7, 10.5, 8.5 ],
			"to": [ 7.5, 11.5, 9 ],
			"faces": {
				"down": { "uv": [ 7, 7, 7.5, 7.5 ], "texture": "#texture3" },
				"up": { "uv": [ 7, 8.5, 7.5, 9 ], "texture": "#texture3" },
				"north": { "uv": [ 8.5, 5.5, 9, 6.5 ], "texture": "#texture3" },
				"south": { "uv": [ 7, 5.5, 7.5, 6.5 ], "texture": "#texture3" },
				"west": { "uv": [ 8.5, 5.5, 9, 6.5 ], "texture": "#texture3" },
				"east": { "uv": [ 7, 5.5, 7.5, 6.5 ], "texture": "#texture3" }
			}
		},
		{
			"__comment": "Box6",
			"from": [ 9.5, 10.5, 8.5 ],
			"to": [ 10, 11.5, 9 ],
			"faces": {
				"down": { "uv": [ 9.5, 7, 10, 7.5 ], "texture": "#texture3" },
				"up": { "uv": [ 9.5, 8.5, 10, 9 ], "texture": "#texture3" },
				"north": { "uv": [ 6, 5.5, 6.5, 6.5 ], "texture": "#texture3" },
				"south": { "uv": [ 9.5, 5.5, 10, 6.5 ], "texture": "#texture3" },
				"west": { "uv": [ 8.5, 5.5, 9, 6.5 ], "texture": "#texture3" },
				"east": { "uv": [ 7, 5.5, 7.5, 6.5 ], "texture": "#texture3" }
			}
		},
		{
			"__comment": "Box6",
			"from": [ 9.5, 10.5, 6 ],
			"to": [ 10, 11.5, 6.5 ],
			"faces": {
				"down": { "uv": [ 9.5, 9.5, 10, 10 ], "texture": "#texture3" },
				"up": { "uv": [ 9.5, 6, 10, 6.5 ], "texture": "#texture3" },
				"north": { "uv": [ 6, 5.5, 6.5, 6.5 ], "texture": "#texture3" },
				"south": { "uv": [ 9.5, 5.5, 10, 6.5 ], "texture": "#texture3" },
				"west": { "uv": [ 6, 5.5, 6.5, 6.5 ], "texture": "#texture3" },
				"east": { "uv": [ 9.5, 5.5, 10, 6.5 ], "texture": "#texture3" }
			}
		},
		{
			"__comment": "Box6",
			"from": [ 7, 10.5, 6 ],
			"to": [ 7.5, 11.5, 6.5 ],
			"faces": {
				"down": { "uv": [ 7, 9.5, 7.5, 10 ], "texture": "#texture3" },
				"up": { "uv": [ 7, 6, 7.5, 6.5 ], "texture": "#texture3" },
				"north": { "uv": [ 8.5, 5.5, 9, 6.5 ], "texture": "#texture3" },
				"south": { "uv": [ 7, 5.5, 7.5, 6.5 ], "texture": "#texture3" },
				"west": { "uv": [ 6, 5.5, 6.5, 6.5 ], "texture": "#texture3" },
				"east": { "uv": [ 9.5, 5.5, 10, 6.5 ], "texture": "#texture3" }
			}
		},
		{
			"__comment": "Box6",
			"from": [ 6.875, 11.375, 8.625 ],
			"to": [ 7.375, 13.375, 9.125 ],
			"rotation": { "origin": [ 6.875, 11.375, 8.625 ], "axis": "z", "angle": -22.5 },
			"faces": {
				"down": { "uv": [ 6.625, 6.625, 7.125, 7.125 ], "texture": "#texture3" },
				"up": { "uv": [ 6.625, 8.875, 7.125, 9.375 ], "texture": "#texture3" },
				"north": { "uv": [ 8.875, 3.5, 9.375, 5.5 ], "texture": "#texture3" },
				"south": { "uv": [ 6.625, 3.5, 7.125, 5.5 ], "texture": "#texture3" },
				"west": { "uv": [ 8.875, 3.5, 9.375, 5.5 ], "texture": "#texture3" },
				"east": { "uv": [ 6.625, 3.5, 7.125, 5.5 ], "texture": "#texture3" }
			}
		},
		{
			"__comment": "Box6",
			"from": [ 9.625, 11.25, 8.625 ],
			"to": [ 10.125, 13.25, 9.125 ],
			"rotation": { "origin": [ 9.625, 11.25, 8.625 ], "axis": "z", "angle": 22.5 },
			"faces": {
				"down": { "uv": [ 9.875, 6.625, 10.375, 7.125 ], "texture": "#texture3" },
				"up": { "uv": [ 9.875, 8.875, 10.375, 9.375 ], "texture": "#texture3" },
				"north": { "uv": [ 5.625, 3.5, 6.125, 5.5 ], "texture": "#texture3" },
				"south": { "uv": [ 9.875, 3.5, 10.375, 5.5 ], "texture": "#texture3" },
				"west": { "uv": [ 8.875, 3.5, 9.375, 5.5 ], "texture": "#texture3" },
				"east": { "uv": [ 6.625, 3.5, 7.125, 5.5 ], "texture": "#texture3" }
			}
		},
		{
			"__comment": "Box6",
			"from": [ 9.625, 11.25, 5.875 ],
			"to": [ 10.125, 13.25, 6.375 ],
			"rotation": { "origin": [ 9.625, 11.25, 5.875 ], "axis": "z", "angle": 22.5 },
			"faces": {
				"down": { "uv": [ 9.875, 9.875, 10.375, 10.375 ], "texture": "#texture3" },
				"up": { "uv": [ 9.875, 5.625, 10.375, 6.125 ], "texture": "#texture3" },
				"north": { "uv": [ 5.625, 3.5, 6.125, 5.5 ], "texture": "#texture3" },
				"south": { "uv": [ 9.875, 3.5, 10.375, 5.5 ], "texture": "#texture3" },
				"west": { "uv": [ 5.625, 3.5, 6.125, 5.5 ], "texture": "#texture3" },
				"east": { "uv": [ 9.875, 3.5, 10.375, 5.5 ], "texture": "#texture3" }
			}
		},
		{
			"__comment": "Box6",
			"from": [ 6.875, 11.375, 5.875 ],
			"to": [ 7.375, 13.375, 6.375 ],
			"rotation": { "origin": [ 6.875, 11.375, 5.875 ], "axis": "z", "angle": -22.5 },
			"faces": {
				"down": { "uv": [ 6.625, 9.875, 7.125, 10.375 ], "texture": "#texture3" },
				"up": { "uv": [ 6.625, 5.625, 7.125, 6.125 ], "texture": "#texture3" },
				"north": { "uv": [ 8.875, 2.5, 9.375, 4.5 ], "texture": "#texture3" },
				"south": { "uv": [ 6.625, 2.5, 7.125, 4.5 ], "texture": "#texture3" },
				"west": { "uv": [ 5.625, 2.5, 6.125, 4.5 ], "texture": "#texture3" },
				"east": { "uv": [ 9.875, 2.5, 10.375, 4.5 ], "texture": "#texture3" }
			}
		},
		{
			"__comment": "Box6",
			"from": [ 7.625, 9.375, 6.5 ],
			"to": [ 9.375, 10.625, 8.25 ],
			"faces": {
				"down": { "uv": [ 7.5, 7.5, 9.5, 9.5 ], "texture": "#texture3" },
				"up": { "uv": [ 7.5, 6.5, 9.5, 8.5 ], "texture": "#texture3" },
				"north": { "uv": [ 6.5, 6.5, 8.5, 7 ], "texture": "#texture3" },
				"south": { "uv": [ 7.5, 6.5, 9.5, 7 ], "texture": "#texture3" },
				"west": { "uv": [ 6.5, 6.5, 8.5, 7 ], "texture": "#texture3" },
				"east": { "uv": [ 7.5, 6.5, 9.5, 7 ], "texture": "#texture3" }
			}
		}
	],
	"display": {
		"thirdperson_righthand": {
			"rotation":  [ 14, 23, 0 ],
			"translation":  [ 0, 4.1739, 2.7826 ]
		},
		"firstperson_righthand": {
			"rotation":  [ 13, 93, -25 ],
			"translation":  [ 4.6082, 1.113, 1.13 ],
			"scale":  [ 1.5, 1.5, 1.5 ]
		},
		"gui": {
			"rotation":  [ -50, -36, -58 ],
			"translation":  [ -0.695, 0, 0 ]
		},
		"ground": {
			"rotation":  [ 44, 0, 0 ],
			"translation":  [ 0, 2, 0 ]
		}
	}
}