{
	"__comment": "Designed by Zeibo with Cubik Studio - https://cubik.studio",
	"textures": {
		"particle": "blocks/e_particle",
		"texture": "block/mossy_stone_bricks",
		"texture1": "block/gray_concrete_powder",
		"texture2": "block/fire_stage01"
	},
	"elements": [ 	 
		{
			"__comment": "Box1",
			"from": [ -2, -0.375, -1.75 ],
			"to": [ 18, 1.625, 18.25 ],
			"faces": {
				"down": { "uv": [ 0, 0, 16, 16 ], "texture": "#texture" },
				"up": { "uv": [ 0, 0, 16, 16 ], "texture": "#texture" },
				"north": { "uv": [ 0, 14.375, 16, 16 ], "texture": "#texture" },
				"south": { "uv": [ 0, 14.375, 16, 16 ], "texture": "#texture" },
				"west": { "uv": [ 0, 14.375, 16, 16 ], "texture": "#texture" },
				"east": { "uv": [ 0, 14.375, 16, 16 ], "texture": "#texture" }
			}
		},
		{
			"__comment": "Box1",
			"from": [ 1, -0.25, -1 ],
			"to": [ 15, 16.75, 17 ],
			"faces": {
				"down": { "uv": [ 1, 0, 15, 16 ], "texture": "#texture" },
				"up": { "uv": [ 1, 0, 15, 16 ], "texture": "#texture" },
				"north": { "uv": [ 1, 0, 15, 16 ], "texture": "#texture" },
				"south": { "uv": [ 1, 0, 15, 16 ], "texture": "#texture" },
				"west": { "uv": [ 0, 0, 16, 16 ], "texture": "#texture" },
				"east": { "uv": [ 0, 0, 16, 16 ], "texture": "#texture" }
			}
		},
		{
			"__comment": "Box1",
			"from": [ -1, 0, 0.5 ],
			"to": [ 17, 17, 15 ],
			"faces": {
				"down": { "uv": [ 0.5, 0, 15, 16 ], "texture": "#texture", "rotation": 270 },
				"up": { "uv": [ 0.5, 0, 15, 16 ], "texture": "#texture", "rotation": 90 },
				"north": { "uv": [ 0, 0, 16, 16 ], "texture": "#texture" },
				"south": { "uv": [ 0, 0, 16, 16 ], "texture": "#texture" },
				"west": { "uv": [ 0.5, 0, 15, 16 ], "texture": "#texture" },
				"east": { "uv": [ 1, 0, 15.5, 16 ], "texture": "#texture" }
			}
		},
		{
			"__comment": "Box4",
			"from": [ -1.5, 16, 5.9999 ],
			"to": [ -1, 17, 10.4999 ],
			"faces": {
				"down": { "uv": [ 6, 1.125, 10.5, 1.625 ], "texture": "#texture1", "rotation": 90 },
				"up": { "uv": [ 6, 14.375, 10.5, 14.875 ], "texture": "#texture1", "rotation": 270 },
				"north": { "uv": [ 1.125, 15, 1.625, 16 ], "texture": "#texture1" },
				"south": { "uv": [ 14.375, 15, 14.875, 16 ], "texture": "#texture1" },
				"west": { "uv": [ 5.5, 15, 10, 16 ], "texture": "#texture1" },
				"east": { "uv": [ 6, 15, 10.5, 16 ], "texture": "#texture1" }
			}
		},
		{
			"__comment": "Box4",
			"from": [ -1.5, 13.5, 6.4999 ],
			"to": [ -1, 16, 9.9999 ],
			"faces": {
				"down": { "uv": [ 6.5, 14.5, 10, 15 ], "texture": "#texture1", "rotation": 90 },
				"up": { "uv": [ 6.5, 1, 10, 1.5 ], "texture": "#texture1", "rotation": 270 },
				"north": { "uv": [ 14.5, 0, 15, 2.5 ], "texture": "#texture1" },
				"south": { "uv": [ 1, 0, 1.5, 2.5 ], "texture": "#texture1" },
				"west": { "uv": [ 6, 0, 9.5, 2.5 ], "texture": "#texture1" },
				"east": { "uv": [ 6.5, 0, 10, 2.5 ], "texture": "#texture1" }
			}
		},
		{
			"__comment": "Box4",
			"from": [ -1.5, 10.5, 6.9999 ],
			"to": [ -1, 13.5, 9.4999 ],
			"faces": {
				"down": { "uv": [ 7, 14.5, 9.5, 15 ], "texture": "#texture1", "rotation": 90 },
				"up": { "uv": [ 7, 1, 9.5, 1.5 ], "texture": "#texture1", "rotation": 270 },
				"north": { "uv": [ 14.5, 2.5, 15, 5.5 ], "texture": "#texture1" },
				"south": { "uv": [ 1, 2.5, 1.5, 5.5 ], "texture": "#texture1" },
				"west": { "uv": [ 6.5, 2.5, 9, 5.5 ], "texture": "#texture1" },
				"east": { "uv": [ 7, 2.5, 9.5, 5.5 ], "texture": "#texture1" }
			}
		},
		{
			"__comment": "Box4",
			"from": [ -1.5, 7.5, 7.4999 ],
			"to": [ -1, 10.5, 8.9999 ],
			"faces": {
				"down": { "uv": [ 7.5, 1, 9, 1.5 ], "texture": "#texture1", "rotation": 90 },
				"up": { "uv": [ 7.5, 14.5, 9, 15 ], "texture": "#texture1", "rotation": 270 },
				"north": { "uv": [ 1, 5.5, 1.5, 8.5 ], "texture": "#texture1" },
				"south": { "uv": [ 14.5, 5.5, 15, 8.5 ], "texture": "#texture1" },
				"west": { "uv": [ 7, 5.5, 8.5, 8.5 ], "texture": "#texture1" },
				"east": { "uv": [ 7.5, 5.5, 9, 8.5 ], "texture": "#texture1" }
			}
		},
		{
			"__comment": "Box4",
			"from": [ 17, 16, 6 ],
			"to": [ 17.5, 17, 10.5 ],
			"faces": {
				"down": { "uv": [ 6, 14.5, 10.5, 15 ], "texture": "#texture1", "rotation": 90 },
				"up": { "uv": [ 6, 1, 10.5, 1.5 ], "texture": "#texture1", "rotation": 270 },
				"north": { "uv": [ 14.5, 15, 15, 16 ], "texture": "#texture1" },
				"south": { "uv": [ 1, 15, 1.5, 16 ], "texture": "#texture1" },
				"west": { "uv": [ 5.5, 15, 10, 16 ], "texture": "#texture1" },
				"east": { "uv": [ 6, 15, 10.5, 16 ], "texture": "#texture1" }
			}
		},
		{
			"__comment": "Box4",
			"from": [ 17, 13.5, 6.5 ],
			"to": [ 17.5, 16, 10 ],
			"faces": {
				"down": { "uv": [ 6.5, 14.5, 10, 15 ], "texture": "#texture1", "rotation": 90 },
				"up": { "uv": [ 6.5, 1, 10, 1.5 ], "texture": "#texture1", "rotation": 270 },
				"north": { "uv": [ 14.5, 0, 15, 2.5 ], "texture": "#texture1" },
				"south": { "uv": [ 1, 0, 1.5, 2.5 ], "texture": "#texture1" },
				"west": { "uv": [ 6, 0, 9.5, 2.5 ], "texture": "#texture1" },
				"east": { "uv": [ 6.5, 0, 10, 2.5 ], "texture": "#texture1" }
			}
		},
		{
			"__comment": "Box4",
			"from": [ 17, 10.5, 7 ],
			"to": [ 17.5, 13.5, 9.5 ],
			"faces": {
				"down": { "uv": [ 7, 14.5, 9.5, 15 ], "texture": "#texture1", "rotation": 90 },
				"up": { "uv": [ 7, 1, 9.5, 1.5 ], "texture": "#texture1", "rotation": 270 },
				"north": { "uv": [ 14.5, 2.5, 15, 5.5 ], "texture": "#texture1" },
				"south": { "uv": [ 1, 2.5, 1.5, 5.5 ], "texture": "#texture1" },
				"west": { "uv": [ 6.5, 2.5, 9, 5.5 ], "texture": "#texture1" },
				"east": { "uv": [ 7, 2.5, 9.5, 5.5 ], "texture": "#texture1" }
			}
		},
		{
			"__comment": "Box4",
			"from": [ 17, 7.5, 7.5 ],
			"to": [ 17.5, 10.5, 9 ],
			"faces": {
				"down": { "uv": [ 7.5, 14.5, 9, 15 ], "texture": "#texture1", "rotation": 90 },
				"up": { "uv": [ 7.5, 1, 9, 1.5 ], "texture": "#texture1", "rotation": 270 },
				"north": { "uv": [ 14.5, 5.5, 15, 8.5 ], "texture": "#texture1" },
				"south": { "uv": [ 1, 5.5, 1.5, 8.5 ], "texture": "#texture1" },
				"west": { "uv": [ 7, 5.5, 8.5, 8.5 ], "texture": "#texture1" },
				"east": { "uv": [ 7.5, 5.5, 9, 8.5 ], "texture": "#texture1" }
			}
		},
		{
			"__comment": "Box4",
			"from": [ 7.5, 7.5, 17 ],
			"to": [ 9, 10.5, 17.5 ],
			"faces": {
				"down": { "uv": [ 7.5, 14.5, 9, 15 ], "texture": "#texture1" },
				"up": { "uv": [ 7.5, 1, 9, 1.5 ], "texture": "#texture1" },
				"north": { "uv": [ 7, 5.5, 8.5, 8.5 ], "texture": "#texture1" },
				"south": { "uv": [ 7.5, 5.5, 9, 8.5 ], "texture": "#texture1" },
				"west": { "uv": [ 1, 5.5, 1.5, 8.5 ], "texture": "#texture1" },
				"east": { "uv": [ 14.5, 5.5, 15, 8.5 ], "texture": "#texture1" }
			}
		},
		{
			"__comment": "Box4",
			"from": [ 6, 16, -1.5 ],
			"to": [ 10.5, 17, -1 ],
			"faces": {
				"down": { "uv": [ 6, 1, 10.5, 1.5 ], "texture": "#texture1" },
				"up": { "uv": [ 6, 14.5, 10.5, 15 ], "texture": "#texture1" },
				"north": { "uv": [ 5.5, 15, 10, 16 ], "texture": "#texture1" },
				"south": { "uv": [ 6, 15, 10.5, 16 ], "texture": "#texture1" },
				"west": { "uv": [ 14.5, 15, 15, 16 ], "texture": "#texture1" },
				"east": { "uv": [ 1, 15, 1.5, 16 ], "texture": "#texture1" }
			}
		},
		{
			"__comment": "Box4",
			"from": [ 6.5, 13.5, -1.5 ],
			"to": [ 10, 16, -1 ],
			"faces": {
				"down": { "uv": [ 6.5, 1, 10, 1.5 ], "texture": "#texture1" },
				"up": { "uv": [ 6.5, 14.5, 10, 15 ], "texture": "#texture1" },
				"north": { "uv": [ 6, 0, 9.5, 2.5 ], "texture": "#texture1" },
				"south": { "uv": [ 6.5, 0, 10, 2.5 ], "texture": "#texture1" },
				"west": { "uv": [ 14.5, 0, 15, 2.5 ], "texture": "#texture1" },
				"east": { "uv": [ 1, 0, 1.5, 2.5 ], "texture": "#texture1" }
			}
		},
		{
			"__comment": "Box4",
			"from": [ 7, 10.5, -1.5 ],
			"to": [ 9.5, 13.5, -1 ],
			"faces": {
				"down": { "uv": [ 7, 1, 9.5, 1.5 ], "texture": "#texture1" },
				"up": { "uv": [ 7, 14.5, 9.5, 15 ], "texture": "#texture1" },
				"north": { "uv": [ 6.5, 2.5, 9, 5.5 ], "texture": "#texture1" },
				"south": { "uv": [ 7, 2.5, 9.5, 5.5 ], "texture": "#texture1" },
				"west": { "uv": [ 14.5, 2.5, 15, 5.5 ], "texture": "#texture1" },
				"east": { "uv": [ 1, 2.5, 1.5, 5.5 ], "texture": "#texture1" }
			}
		},
		{
			"__comment": "Box4",
			"from": [ 7.5, 7.5, -1.5 ],
			"to": [ 9, 10.5, -1 ],
			"faces": {
				"down": { "uv": [ 7.5, 1, 9, 1.5 ], "texture": "#texture1" },
				"up": { "uv": [ 7.5, 14.5, 9, 15 ], "texture": "#texture1" },
				"north": { "uv": [ 7, 5.5, 8.5, 8.5 ], "texture": "#texture1" },
				"south": { "uv": [ 7.5, 5.5, 9, 8.5 ], "texture": "#texture1" },
				"west": { "uv": [ 14.5, 5.5, 15, 8.5 ], "texture": "#texture1" },
				"east": { "uv": [ 1, 5.5, 1.5, 8.5 ], "texture": "#texture1" }
			}
		},
		{
			"__comment": "Box4",
			"from": [ 6, 16, 17 ],
			"to": [ 10.5, 17, 17.5 ],
			"faces": {
				"down": { "uv": [ 6, 14.5, 10.5, 15 ], "texture": "#texture1" },
				"up": { "uv": [ 6, 1, 10.5, 1.5 ], "texture": "#texture1" },
				"north": { "uv": [ 5.5, 15, 10, 16 ], "texture": "#texture1" },
				"south": { "uv": [ 6, 15, 10.5, 16 ], "texture": "#texture1" },
				"west": { "uv": [ 1, 15, 1.5, 16 ], "texture": "#texture1" },
				"east": { "uv": [ 14.5, 15, 15, 16 ], "texture": "#texture1" }
			}
		},
		{
			"__comment": "Box4",
			"from": [ 6.5, 13.5, 17 ],
			"to": [ 10, 16, 17.5 ],
			"faces": {
				"down": { "uv": [ 6.5, 14.5, 10, 15 ], "texture": "#texture1" },
				"up": { "uv": [ 6.5, 1, 10, 1.5 ], "texture": "#texture1" },
				"north": { "uv": [ 6, 0, 9.5, 2.5 ], "texture": "#texture1" },
				"south": { "uv": [ 6.5, 0, 10, 2.5 ], "texture": "#texture1" },
				"west": { "uv": [ 1, 0, 1.5, 2.5 ], "texture": "#texture1" },
				"east": { "uv": [ 14.5, 0, 15, 2.5 ], "texture": "#texture1" }
			}
		},
		{
			"__comment": "Box4",
			"from": [ 7, 10.5, 17 ],
			"to": [ 9.5, 13.5, 17.5 ],
			"faces": {
				"down": { "uv": [ 7, 14.5, 9.5, 15 ], "texture": "#texture1" },
				"up": { "uv": [ 7, 1, 9.5, 1.5 ], "texture": "#texture1" },
				"north": { "uv": [ 6.5, 2.5, 9, 5.5 ], "texture": "#texture1" },
				"south": { "uv": [ 7, 2.5, 9.5, 5.5 ], "texture": "#texture1" },
				"west": { "uv": [ 1, 2.5, 1.5, 5.5 ], "texture": "#texture1" },
				"east": { "uv": [ 14.5, 2.5, 15, 5.5 ], "texture": "#texture1" }
			}
		},
		{
			"__comment": "Box4",
			"from": [ -3.125, 12.5, 13 ],
			"to": [ 2.875, 17.5, 19 ],
			"faces": {
				"down": { "uv": [ 0, 0, 2.875, 3 ], "texture": "#texture1" },
				"up": { "uv": [ 0, 13, 2.875, 16 ], "texture": "#texture1" },
				"north": { "uv": [ 13.125, 0, 16, 3.5 ], "texture": "#texture1" },
				"south": { "uv": [ 0, 0, 2.875, 3.5 ], "texture": "#texture1" },
				"west": { "uv": [ 13, 0, 16, 3.5 ], "texture": "#texture1" },
				"east": { "uv": [ 0, 0, 3, 3.5 ], "texture": "#texture1" }
			}
		},
		{
			"__comment": "Box4",
			"from": [ 13.125, 12.5, 12.875 ],
			"to": [ 19.125, 17.5, 18.875 ],
			"faces": {
				"down": { "uv": [ 13.125, 0, 16, 3.125 ], "texture": "#texture1" },
				"up": { "uv": [ 13.125, 12.875, 16, 16 ], "texture": "#texture1" },
				"north": { "uv": [ 0, 0, 2.875, 3.5 ], "texture": "#texture1" },
				"south": { "uv": [ 13.125, 0, 16, 3.5 ], "texture": "#texture1" },
				"west": { "uv": [ 12.875, 0, 16, 3.5 ], "texture": "#texture1" },
				"east": { "uv": [ 0, 0, 3.125, 3.5 ], "texture": "#texture1" }
			}
		},
		{
			"__comment": "Box4",
			"from": [ 13.125, 12.5, -3 ],
			"to": [ 19.125, 17.5, 3 ],
			"faces": {
				"down": { "uv": [ 13.125, 13, 16, 16 ], "texture": "#texture1" },
				"up": { "uv": [ 13.125, 0, 16, 3 ], "texture": "#texture1" },
				"north": { "uv": [ 0, 0, 2.875, 3.5 ], "texture": "#texture1" },
				"south": { "uv": [ 13.125, 0, 16, 3.5 ], "texture": "#texture1" },
				"west": { "uv": [ 0, 0, 3, 3.5 ], "texture": "#texture1" },
				"east": { "uv": [ 13, 0, 16, 3.5 ], "texture": "#texture1" }
			}
		},
		{
			"__comment": "Box4",
			"from": [ -3, 12.5, -3 ],
			"to": [ 3, 17.5, 3 ],
			"faces": {
				"down": { "uv": [ 0, 13, 3, 16 ], "texture": "#texture1" },
				"up": { "uv": [ 0, 0, 3, 3 ], "texture": "#texture1" },
				"north": { "uv": [ 13, 0, 16, 3.5 ], "texture": "#texture1" },
				"south": { "uv": [ 0, 0, 3, 3.5 ], "texture": "#texture1" },
				"west": { "uv": [ 0, 0, 3, 3.5 ], "texture": "#texture1" },
				"east": { "uv": [ 13, 0, 16, 3.5 ], "texture": "#texture1" }
			}
		},
		{
			"__comment": "PlaneZ26",
			"from": [ 17.125, -1.5, -0.875 ],
			"to": [ 17.126, 17, 17.125 ],
			"faces": {
				"west": { "uv": [ 0, 0, 16, 16 ], "texture": "#texture2" },
				"east": { "uv": [ 0, 0, 16, 16 ], "texture": "#texture2" }
			}
		},
		{
			"__comment": "PlaneZ26",
			"from": [ -1.125, -1.5, -0.8751 ],
			"to": [ -1.124, 17, 17.1249 ],
			"faces": {
				"west": { "uv": [ 0, 0, 16, 16 ], "texture": "#texture2" },
				"east": { "uv": [ 0, 0, 16, 16 ], "texture": "#texture2" }
			}
		},
		{
			"__comment": "PlaneZ26",
			"from": [ -1, -1.5, 17 ],
			"to": [ 17, 17, 17.001 ],
			"faces": {
				"north": { "uv": [ 0, 0, 16, 16 ], "texture": "#texture2" },
				"south": { "uv": [ 0, 0, 16, 16 ], "texture": "#texture2" }
			}
		},
		{
			"__comment": "PlaneZ26",
			"from": [ -1, -1.5, -1.125 ],
			"to": [ 17, 17, -1.124 ],
			"faces": {
				"north": { "uv": [ 0, 0, 16, 16 ], "texture": "#texture2" },
				"south": { "uv": [ 0, 0, 16, 16 ], "texture": "#texture2" }
			}
		},
		{
			"__comment": "Box4",
			"from": [ -2.5, 14.7883, -5.4426 ],
			"to": [ 2.5, 19.7883, 0.5574002 ],
			"rotation": { "origin": [ 13.625, 14.625, -5.375 ], "axis": "x", "angle": 22.5 },
			"faces": {
				"down": { "uv": [ 0, 0, 1, 1 ], "texture": "#texture1" },
				"up": { "uv": [ 0, 15, 1, 16 ], "texture": "#texture1" },
				"north": { "uv": [ 15, 0, 16, 1.125 ], "texture": "#texture1" },
				"south": { "uv": [ 0, 0, 1, 1.125 ], "texture": "#texture1" },
				"west": { "uv": [ 15, 0, 16, 1.125 ], "texture": "#texture1" },
				"east": { "uv": [ 0, 0, 1, 1.125 ], "texture": "#texture1" }
			}
		},
		{
			"__comment": "Box4",
			"from": [ 13.625, 14.625, -5.375 ],
			"to": [ 18.625, 19.625, 0.625 ],
			"rotation": { "origin": [ 13.625, 14.625, -5.375 ], "axis": "x", "angle": 22.5 },
			"faces": {
				"down": { "uv": [ 0, 0, 1, 1 ], "texture": "#texture1" },
				"up": { "uv": [ 0, 15, 1, 16 ], "texture": "#texture1" },
				"north": { "uv": [ 15, 0, 16, 1.125 ], "texture": "#texture1" },
				"south": { "uv": [ 0, 0, 1, 1.125 ], "texture": "#texture1" },
				"west": { "uv": [ 15, 0, 16, 1.125 ], "texture": "#texture1" },
				"east": { "uv": [ 0, 0, 1, 1.125 ], "texture": "#texture1" }
			}
		},
		{
			"__comment": "Box4",
			"from": [ 13.625, 12.5, 16.5 ],
			"to": [ 18.625, 17.5, 22.5 ],
			"rotation": { "origin": [ 13.625, 12.5, 16.5 ], "axis": "x", "angle": -22.5 },
			"faces": {
				"down": { "uv": [ 0, 0, 1, 1 ], "texture": "#texture1" },
				"up": { "uv": [ 0, 15, 1, 16 ], "texture": "#texture1" },
				"north": { "uv": [ 15, 0, 16, 1.125 ], "texture": "#texture1" },
				"south": { "uv": [ 0, 0, 1, 1.125 ], "texture": "#texture1" },
				"west": { "uv": [ 15, 0, 16, 1.125 ], "texture": "#texture1" },
				"east": { "uv": [ 0, 0, 1, 1.125 ], "texture": "#texture1" }
			}
		},
		{
			"__comment": "Box4",
			"from": [ -2.5, 12.625, 16.375 ],
			"to": [ 2.5, 17.625, 22.375 ],
			"rotation": { "origin": [ -2.5, 12.625, 16.375 ], "axis": "x", "angle": -22.5 },
			"faces": {
				"down": { "uv": [ 0, 0, 1, 1 ], "texture": "#texture1" },
				"up": { "uv": [ 0, 15, 1, 16 ], "texture": "#texture1" },
				"north": { "uv": [ 15, 0, 16, 1.125 ], "texture": "#texture1" },
				"south": { "uv": [ 0, 0, 1, 1.125 ], "texture": "#texture1" },
				"west": { "uv": [ 15, 0, 16, 1.125 ], "texture": "#texture1" },
				"east": { "uv": [ 0, 0, 1, 1.125 ], "texture": "#texture1" }
			}
		},
		{
			"__comment": "Box4",
			"from": [ -2.875, 16.4845, -3.9464 ],
			"to": [ 2.125, 23.9845, -0.9463999 ],
			"rotation": { "origin": [ 13.25, 16, -0.625 ], "axis": "x", "angle": 22.5 },
			"faces": {
				"down": { "uv": [ 16, 1.125, 15, 0 ], "texture": "#texture1" },
				"up": { "uv": [ 0, 0, 1, 1.125 ], "texture": "#texture1" },
				"north": { "uv": [ 1, 16, 0, 15 ], "texture": "#texture1" },
				"south": { "uv": [ 0, 0, 1, 1 ], "texture": "#texture1" },
				"west": { "uv": [ 15, 0, 16, 1.125 ], "texture": "#texture1", "rotation": 270 },
				"east": { "uv": [ 0, 0, 1, 1.125 ], "texture": "#texture1", "rotation": 90 }
			}
		},
		{
			"__comment": "Box4",
			"from": [ 13.625, 16.4845, -3.8214 ],
			"to": [ 18.625, 23.9845, -0.8213999 ],
			"rotation": { "origin": [ 29.75, 16, -0.5 ], "axis": "x", "angle": 22.5 },
			"faces": {
				"down": { "uv": [ 16, 1.125, 15, 0 ], "texture": "#texture1" },
				"up": { "uv": [ 0, 0, 1, 1.125 ], "texture": "#texture1" },
				"north": { "uv": [ 1, 16, 0, 15 ], "texture": "#texture1" },
				"south": { "uv": [ 0, 0, 1, 1 ], "texture": "#texture1" },
				"west": { "uv": [ 15, 0, 16, 1.125 ], "texture": "#texture1", "rotation": 270 },
				"east": { "uv": [ 0, 0, 1, 1.125 ], "texture": "#texture1", "rotation": 90 }
			}
		},
		{
			"__comment": "Box4",
			"from": [ -2.875, 17.9845, 17.1786 ],
			"to": [ 2.125, 25.4845, 20.1786 ],
			"rotation": { "origin": [ 13.25, 17.5, 20.5 ], "axis": "x", "angle": -22.5 },
			"faces": {
				"down": { "uv": [ 16, 1.125, 15, 0 ], "texture": "#texture1" },
				"up": { "uv": [ 0, 0, 1, 1.125 ], "texture": "#texture1" },
				"north": { "uv": [ 1, 16, 0, 15 ], "texture": "#texture1" },
				"south": { "uv": [ 0, 0, 1, 1 ], "texture": "#texture1" },
				"west": { "uv": [ 15, 0, 16, 1.125 ], "texture": "#texture1", "rotation": 270 },
				"east": { "uv": [ 0, 0, 1, 1.125 ], "texture": "#texture1", "rotation": 90 }
			}
		},
		{
			"__comment": "Box4",
			"from": [ 13.875, 17.9845, 17.1786 ],
			"to": [ 18.875, 25.4845, 20.1786 ],
			"rotation": { "origin": [ 30, 17.5, 20.5 ], "axis": "x", "angle": -22.5 },
			"faces": {
				"down": { "uv": [ 16, 1.125, 15, 0 ], "texture": "#texture1" },
				"up": { "uv": [ 0, 0, 1, 1.125 ], "texture": "#texture1" },
				"north": { "uv": [ 1, 16, 0, 15 ], "texture": "#texture1" },
				"south": { "uv": [ 0, 0, 1, 1 ], "texture": "#texture1" },
				"west": { "uv": [ 15, 0, 16, 1.125 ], "texture": "#texture1", "rotation": 270 },
				"east": { "uv": [ 0, 0, 1, 1.125 ], "texture": "#texture1", "rotation": 90 }
			}
		},
		{
			"__comment": "Box4",
			"from": [ -0.5, 16.125, -0.375 ],
			"to": [ 16.5, 18.625, 16.625 ],
			"faces": {
				"down": { "uv": [ 0, 0, 16, 16 ], "texture": "#texture1" },
				"up": { "uv": [ 0, 0, 16, 16 ], "texture": "#texture1" },
				"north": { "uv": [ 0, 13.375, 16, 15.875 ], "texture": "#texture1" },
				"south": { "uv": [ 0, 13.375, 16, 15.875 ], "texture": "#texture1" },
				"west": { "uv": [ 0, 13.375, 16, 15.875 ], "texture": "#texture1" },
				"east": { "uv": [ 0, 13.375, 16, 15.875 ], "texture": "#texture1" }
			}
		},
		{
			"__comment": "Box1",
			"from": [ -0.5, -0.25, -0.5 ],
			"to": [ 16.5, 16.25, 16.5 ],
			"faces": {
				"down": { "uv": [ 0, 0, 16, 16 ], "texture": "#texture" },
				"up": { "uv": [ 0, 0, 16, 16 ], "texture": "#texture" },
				"north": { "uv": [ 0, 0, 16, 16 ], "texture": "#texture" },
				"south": { "uv": [ 0, 0, 16, 16 ], "texture": "#texture" },
				"west": { "uv": [ 0, 0, 16, 16 ], "texture": "#texture" },
				"east": { "uv": [ 0, 0, 16, 16 ], "texture": "#texture" }
			}
		}
	],
	"display": {
		"fixed": {
			"rotation":  [ -90, 0, 0 ],
			"translation":  [ 0, 0, -47 ],
			"scale":  [ 2, 2, 2 ]
		}
	}
}