{
	"__comment": "Designed by Zeibo with Cubik Studio - https://cubik.studio",
	"textures": {
		"talent_item1": "item/talent_item1"
	},
	"elements": [ 	 
		{
			"__comment": "Box1",
			"from": [ 3.5, 8, 6 ],
			"to": [ 13, 9, 8 ],
			"faces": {
				"down": { "uv": [ 3.5, 8, 13, 6 ], "texture": "#talent_item1" },
				"up": { "uv": [ 3.5, 6, 13, 8 ], "texture": "#talent_item1" },
				"north": { "uv": [ 13, 6, 3.5, 6.5 ], "texture": "#talent_item1" },
				"south": { "uv": [ 3.5, 7.5, 13, 8 ], "texture": "#talent_item1" },
				"west": { "uv": [ 3.5, 6, 4, 8 ], "texture": "#talent_item1", "rotation": 270 },
				"east": { "uv": [ 13, 8, 12.5, 6 ], "texture": "#talent_item1", "rotation": 270 }
			}
		},
		{
			"__comment": "Box2",
			"from": [ 4, 8, 4.5 ],
			"to": [ 12.5, 9, 9.5 ],
			"faces": {
				"down": { "uv": [ 4, 9.5, 12.5, 4.5 ], "texture": "#talent_item1" },
				"up": { "uv": [ 4, 4.5, 12.5, 9.5 ], "texture": "#talent_item1" },
				"north": { "uv": [ 12.5, 4.5, 4, 5 ], "texture": "#talent_item1" },
				"south": { "uv": [ 4, 9, 12.5, 9.5 ], "texture": "#talent_item1" },
				"west": { "uv": [ 4, 4.5, 4.5, 9.5 ], "texture": "#talent_item1", "rotation": 270 },
				"east": { "uv": [ 12.5, 9.5, 12, 4.5 ], "texture": "#talent_item1", "rotation": 270 }
			}
		},
		{
			"__comment": "Box3",
			"from": [ 4.5, 8, 3.5 ],
			"to": [ 12, 9, 10.5 ],
			"faces": {
				"down": { "uv": [ 4.5, 10.5, 12, 3.5 ], "texture": "#talent_item1" },
				"up": { "uv": [ 4.5, 3.5, 12, 10.5 ], "texture": "#talent_item1" },
				"north": { "uv": [ 12, 3.5, 4.5, 4 ], "texture": "#talent_item1" },
				"south": { "uv": [ 4.5, 10, 12, 10.5 ], "texture": "#talent_item1" },
				"west": { "uv": [ 4.5, 3.5, 5, 10.5 ], "texture": "#talent_item1", "rotation": 270 },
				"east": { "uv": [ 12, 10.5, 11.5, 3.5 ], "texture": "#talent_item1", "rotation": 270 }
			}
		},
		{
			"__comment": "Box4",
			"from": [ 5, 8, 3 ],
			"to": [ 11.5, 9, 11 ],
			"faces": {
				"down": { "uv": [ 5, 11, 11.5, 3 ], "texture": "#talent_item1" },
				"up": { "uv": [ 5, 3, 11.5, 11 ], "texture": "#talent_item1" },
				"north": { "uv": [ 11.5, 3, 5, 3.5 ], "texture": "#talent_item1" },
				"south": { "uv": [ 5, 10.5, 11.5, 11 ], "texture": "#talent_item1" },
				"west": { "uv": [ 5, 3, 5.5, 11 ], "texture": "#talent_item1", "rotation": 270 },
				"east": { "uv": [ 11.5, 11, 11, 3 ], "texture": "#talent_item1", "rotation": 270 }
			}
		},
		{
			"__comment": "Box5",
			"from": [ 5.5, 8, 2.5 ],
			"to": [ 11, 9, 11.5 ],
			"faces": {
				"down": { "uv": [ 5.5, 11.5, 11, 2.5 ], "texture": "#talent_item1" },
				"up": { "uv": [ 5.5, 2.5, 11, 11.5 ], "texture": "#talent_item1" },
				"north": { "uv": [ 11, 2.5, 5.5, 3 ], "texture": "#talent_item1" },
				"south": { "uv": [ 5.5, 11, 11, 11.5 ], "texture": "#talent_item1" },
				"west": { "uv": [ 5.5, 2.5, 6, 11.5 ], "texture": "#talent_item1", "rotation": 270 },
				"east": { "uv": [ 11, 11.5, 10.5, 2.5 ], "texture": "#talent_item1", "rotation": 270 }
			}
		},
		{
			"__comment": "Box6",
			"from": [ 6, 8, 2 ],
			"to": [ 10.5, 9, 12 ],
			"faces": {
				"down": { "uv": [ 6, 12, 10.5, 2 ], "texture": "#talent_item1" },
				"up": { "uv": [ 6, 2, 10.5, 12 ], "texture": "#talent_item1" },
				"north": { "uv": [ 10.5, 2, 6, 2.5 ], "texture": "#talent_item1" },
				"south": { "uv": [ 6, 11.5, 10.5, 12 ], "texture": "#talent_item1" },
				"west": { "uv": [ 6, 2, 6.5, 12 ], "texture": "#talent_item1", "rotation": 270 },
				"east": { "uv": [ 10.5, 12, 10, 2 ], "texture": "#talent_item1", "rotation": 270 }
			}
		},
		{
			"__comment": "Box7",
			"from": [ 6.5, 8, 12 ],
			"to": [ 10, 9, 12.5 ],
			"faces": {
				"down": { "uv": [ 6.5, 12.5, 10, 12 ], "texture": "#talent_item1" },
				"up": { "uv": [ 6.5, 12, 10, 12.5 ], "texture": "#talent_item1" },
				"north": { "uv": [ 10, 12, 6.5, 12.5 ], "texture": "#talent_item1" },
				"south": { "uv": [ 6.5, 12, 10, 12.5 ], "texture": "#talent_item1" },
				"west": { "uv": [ 6.5, 12, 7, 12.5 ], "texture": "#talent_item1", "rotation": 270 },
				"east": { "uv": [ 10, 12.5, 9.5, 12 ], "texture": "#talent_item1", "rotation": 270 }
			}
		},
		{
			"__comment": "Box8",
			"from": [ 7, 8, 12.5 ],
			"to": [ 9.5, 9, 13 ],
			"faces": {
				"down": { "uv": [ 7, 13, 9.5, 12.5 ], "texture": "#talent_item1" },
				"up": { "uv": [ 7, 12.5, 9.5, 13 ], "texture": "#talent_item1" },
				"north": { "uv": [ 9.5, 12.5, 7, 13 ], "texture": "#talent_item1" },
				"south": { "uv": [ 7, 12.5, 9.5, 13 ], "texture": "#talent_item1" },
				"west": { "uv": [ 7, 12.5, 7.5, 13 ], "texture": "#talent_item1", "rotation": 270 },
				"east": { "uv": [ 9.5, 13, 9, 12.5 ], "texture": "#talent_item1", "rotation": 270 }
			}
		},
		{
			"__comment": "Box9",
			"from": [ 7, 8, 14.5 ],
			"to": [ 7.5, 9, 15 ],
			"faces": {
				"down": { "uv": [ 7, 15, 7.5, 14.5 ], "texture": "#talent_item1" },
				"up": { "uv": [ 7, 14.5, 7.5, 15 ], "texture": "#talent_item1" },
				"north": { "uv": [ 7.5, 14.5, 7, 15 ], "texture": "#talent_item1" },
				"south": { "uv": [ 7, 14.5, 7.5, 15 ], "texture": "#talent_item1" },
				"west": { "uv": [ 7, 14.5, 7.5, 15 ], "texture": "#talent_item1", "rotation": 270 },
				"east": { "uv": [ 7.5, 15, 7, 14.5 ], "texture": "#talent_item1", "rotation": 270 }
			}
		},
		{
			"__comment": "Box10",
			"from": [ 7.5, 8, 13 ],
			"to": [ 9, 9, 13.5 ],
			"faces": {
				"down": { "uv": [ 7.5, 13.5, 9, 13 ], "texture": "#talent_item1" },
				"up": { "uv": [ 7.5, 13, 9, 13.5 ], "texture": "#talent_item1" },
				"north": { "uv": [ 9, 13, 7.5, 13.5 ], "texture": "#talent_item1" },
				"south": { "uv": [ 7.5, 13, 9, 13.5 ], "texture": "#talent_item1" },
				"west": { "uv": [ 7.5, 13, 8, 13.5 ], "texture": "#talent_item1", "rotation": 270 },
				"east": { "uv": [ 9, 13.5, 8.5, 13 ], "texture": "#talent_item1", "rotation": 270 }
			}
		},
		{
			"__comment": "Box11",
			"from": [ 12.5, 8, 12 ],
			"to": [ 13.5, 9, 12.5 ],
			"faces": {
				"down": { "uv": [ 12.5, 12.5, 13.5, 12 ], "texture": "#talent_item1" },
				"up": { "uv": [ 12.5, 12, 13.5, 12.5 ], "texture": "#talent_item1" },
				"north": { "uv": [ 13.5, 12, 12.5, 12.5 ], "texture": "#talent_item1" },
				"south": { "uv": [ 12.5, 12, 13.5, 12.5 ], "texture": "#talent_item1" },
				"west": { "uv": [ 12.5, 12, 13, 12.5 ], "texture": "#talent_item1", "rotation": 270 },
				"east": { "uv": [ 13.5, 12.5, 13, 12 ], "texture": "#talent_item1", "rotation": 270 }
			}
		},
		{
			"__comment": "Box12",
			"from": [ 12.5, 8, 12.5 ],
			"to": [ 13, 9, 13 ],
			"faces": {
				"down": { "uv": [ 12.5, 13, 13, 12.5 ], "texture": "#talent_item1" },
				"up": { "uv": [ 12.5, 12.5, 13, 13 ], "texture": "#talent_item1" },
				"north": { "uv": [ 13, 12.5, 12.5, 13 ], "texture": "#talent_item1" },
				"south": { "uv": [ 12.5, 12.5, 13, 13 ], "texture": "#talent_item1" },
				"west": { "uv": [ 12.5, 12.5, 13, 13 ], "texture": "#talent_item1", "rotation": 270 },
				"east": { "uv": [ 13, 13, 12.5, 12.5 ], "texture": "#talent_item1", "rotation": 270 }
			}
		}
	],
	"display": {
		"thirdperson_righthand": {
			"rotation":  [ 121, 0, 60 ],
			"translation":  [ 0.6956, 0, 0 ],
			"scale":  [ 0.5, 0.5, 0.5 ]
		},
		"thirdperson_lefthand": {
			"rotation":  [ 121, 0, 60 ],
			"translation":  [ 0.6956, 0, 0 ],
			"scale":  [ 0.5, 0.5, 0.5 ]
		},
		"firstperson_righthand": {
			"rotation":  [ 53, 0, 63 ],
			"scale":  [ 0.8, 0.8, 0.8 ]
		},
		"firstperson_lefthand": {
			"rotation":  [ 53, 0, 63 ],
			"scale":  [ 0.8, 0.8, 0.8 ]
		},
		"gui": {
			"rotation":  [ 90, 0, 0 ],
			"translation":  [ -0.3, -0.35, 0 ],
			"scale":  [ 1.3, 1.3, 1.3 ]
		},
		"fixed": {
			"rotation":  [ 90, 0, 0 ]
		}
	}
}