{
	"__comment": "Designed by Zeibo with Cubik Studio - https://cubik.studio",
	"textures": {
		"textureA1": "etarmors/dragon_tail_m1",
		"texture2A1": "etarmors/dragon_tail2_m1",
		"textureA2": "etarmors/dragon_tail_m2",
		"texture2A2": "etarmors/dragon_tail2_m2",
		"textureA3": "etarmors/dragon_tail_m3",
		"texture2A3": "etarmors/dragon_tail2_m3",
		"textureA4": "etarmors/dragon_tail_m4",
		"texture2A4": "etarmors/dragon_tail2_m4",
		"textureA5": "etarmors/dragon_tail_m5",
		"texture2A5": "etarmors/dragon_tail2_m5",
		"textureA6": "etarmors/dragon_tail_m6",
		"texture2A6": "etarmors/dragon_tail2_m6",
		"textureA7": "etarmors/dragon_tail_m7",
		"texture2A7": "etarmors/dragon_tail2_m7",
		"textureA8": "etarmors/dragon_tail_m8",
		"texture2A8": "etarmors/dragon_tail2_m8",
		"texture": "etarmors/dragon_wing_m1",
		"texture2": "etarmors/dragon_wing_m2",
		"texture3": "etarmors/dragon_wing_m3",
		"texture4": "etarmors/dragon_wing_m4",
		"texture5": "etarmors/dragon_wing_m5"
	},
	"elements": [ 	 
		{
			"__comment": "none",
			"from": [ 18.625, 11.25, 5.5 ],
			"to": [ 28.625, 16.75, 10.5 ],
			"faces": {
				"down": { "uv": [ 4.5, 5.5, 14.5, 10.5 ], "texture": "#textureA1" },
				"up": { "uv": [ 4.5, 5.5, 14.5, 10.5 ], "texture": "#textureA1" },
				"north": { "uv": [ 1.5, 0.5, 11.5, 6 ], "texture": "#textureA1" },
				"south": { "uv": [ 4.5, 0.5, 14.5, 6 ], "texture": "#textureA1" },
				"west": { "uv": [ 5.5, 0.5, 10.5, 6 ], "texture": "#textureA1" },
				"east": { "uv": [ 5.5, 0.5, 10.5, 6 ], "texture": "#textureA1" }
			}
		},
		{
			"__comment": "none",
			"from": [ 24.125, 14.75, 7.625 ],
			"to": [ 26.125, 19.75, 8.625 ],
			"rotation": { "origin": [ 24.125, 14.75, 7.625 ], "axis": "z", "angle": 45 },
			"faces": {
				"down": { "uv": [ 5.5, 5.5, 7.5, 6.5 ], "texture": "#texture2A1" },
				"up": { "uv": [ 5.5, 9.5, 7.5, 10.5 ], "texture": "#texture2A1" },
				"north": { "uv": [ 8.5, 10, 10.5, 15 ], "texture": "#texture2A1" },
				"south": { "uv": [ 5.5, 10, 7.5, 15 ], "texture": "#texture2A1" },
				"west": { "uv": [ 9.5, 10, 10.5, 15 ], "texture": "#texture2A1" },
				"east": { "uv": [ 5.5, 10, 6.5, 15 ], "texture": "#texture2A1" }
			}
		},
		{
			"__comment": "t1_m1",
			"from": [ 9.625, 12.75, 6 ],
			"to": [ 23.125, 16.25, 10 ],
			"faces": {
				"down": { "uv": [ 4.5, 5.5, 14.5, 10.5 ], "texture": "#textureA1" },
				"up": { "uv": [ 4.5, 5.5, 14.5, 10.5 ], "texture": "#textureA1" },
				"north": { "uv": [ 1.5, 0.5, 11.5, 6 ], "texture": "#textureA1" },
				"south": { "uv": [ 4.5, 0.5, 14.5, 6 ], "texture": "#textureA1" },
				"west": { "uv": [ 5.5, 0.5, 10.5, 6 ], "texture": "#textureA1" },
				"east": { "uv": [ 5.5, 0.5, 10.5, 6 ], "texture": "#textureA1" }
			}
		},
		{
			"__comment": "h1_m1",
			"from": [ 14.625, 14.25, 7.625 ],
			"to": [ 16.625, 19.25, 8.625 ],
			"rotation": { "origin": [ 14.625, 14.25, 7.625 ], "axis": "z", "angle": 45 },
			"faces": {
				"down": { "uv": [ 5.5, 5.5, 7.5, 6.5 ], "texture": "#texture2A1" },
				"up": { "uv": [ 5.5, 9.5, 7.5, 10.5 ], "texture": "#texture2A1" },
				"north": { "uv": [ 8.5, 10, 10.5, 15 ], "texture": "#texture2A1" },
				"south": { "uv": [ 5.5, 10, 7.5, 15 ], "texture": "#texture2A1" },
				"west": { "uv": [ 9.5, 10, 10.5, 15 ], "texture": "#texture2A1" },
				"east": { "uv": [ 5.5, 10, 6.5, 15 ], "texture": "#texture2A1" }
			}
		},
		{
			"__comment": "t2_m1",
			"from": [ 0.625, 12, 6.75 ],
			"to": [ 11.625, 14.5, 9.25 ],
			"faces": {
				"down": { "uv": [ 4.5, 5.5, 14.5, 10.5 ], "texture": "#textureA1" },
				"up": { "uv": [ 4.5, 5.5, 14.5, 10.5 ], "texture": "#textureA1" },
				"north": { "uv": [ 1.5, 0.5, 11.5, 6 ], "texture": "#textureA1" },
				"south": { "uv": [ 4.5, 0.5, 14.5, 6 ], "texture": "#textureA1" },
				"west": { "uv": [ 5.5, 0.5, 10.5, 6 ], "texture": "#textureA1" },
				"east": { "uv": [ 5.5, 0.5, 10.5, 6 ], "texture": "#textureA1" }
			}
		},
		{
			"__comment": "h2_m1",
			"from": [ 5.625, 12.5, 7.5 ],
			"to": [ 7.625, 17.5, 8.5 ],
			"rotation": { "origin": [ 5.625, 12.5, 7.5 ], "axis": "z", "angle": 45 },
			"faces": {
				"down": { "uv": [ 5.5, 5.5, 7.5, 6.5 ], "texture": "#texture2A1" },
				"up": { "uv": [ 5.5, 9.5, 7.5, 10.5 ], "texture": "#texture2A1" },
				"north": { "uv": [ 8.5, 10, 10.5, 15 ], "texture": "#texture2A1" },
				"south": { "uv": [ 5.5, 10, 7.5, 15 ], "texture": "#texture2A1" },
				"west": { "uv": [ 9.5, 10, 10.5, 15 ], "texture": "#texture2A1" },
				"east": { "uv": [ 5.5, 10, 6.5, 15 ], "texture": "#texture2A1" }
			}
		},
		{
			"__comment": "t3_m1",
			"from": [ -5.875, 11.375, 7.25 ],
			"to": [ 2.125, 12.875, 8.75 ],
			"faces": {
				"down": { "uv": [ 4.5, 5.5, 14.5, 10.5 ], "texture": "#textureA1" },
				"up": { "uv": [ 4.5, 5.5, 14.5, 10.5 ], "texture": "#textureA1" },
				"north": { "uv": [ 1.5, 0.5, 11.5, 6 ], "texture": "#textureA1" },
				"south": { "uv": [ 4.5, 0.5, 14.5, 6 ], "texture": "#textureA1" },
				"west": { "uv": [ 5.5, 0.5, 10.5, 6 ], "texture": "#textureA1" },
				"east": { "uv": [ 5.5, 0.5, 10.5, 6 ], "texture": "#textureA1" }
			}
		},
		{
			"__comment": "t4_m1",
			"from": [ -9.75, 12, 6.75 ],
			"to": [ -4.25, 15, 9.25 ],
			"faces": {
				"down": { "uv": [ 4.5, 5.5, 14.5, 10.5 ], "texture": "#textureA1" },
				"up": { "uv": [ 4.5, 5.5, 14.5, 10.5 ], "texture": "#textureA1" },
				"north": { "uv": [ 1.5, 0.5, 11.5, 6 ], "texture": "#textureA1" },
				"south": { "uv": [ 4.5, 0.5, 14.5, 6 ], "texture": "#textureA1" },
				"west": { "uv": [ 5.5, 0.5, 10.5, 6 ], "texture": "#textureA1" },
				"east": { "uv": [ 5.5, 0.5, 10.5, 6 ], "texture": "#textureA1" }
			}
		},
		{
			"__comment": "t5_m1",
			"from": [ -13.875, 14.75, 7.5 ],
			"to": [ -8.375, 16.75, 8.5 ],
			"rotation": { "origin": [ -13.875, 14.75, 7.5 ], "axis": "z", "angle": -22.5 },
			"faces": {
				"down": { "uv": [ 4.5, 5.5, 14.5, 10.5 ], "texture": "#textureA1" },
				"up": { "uv": [ 4.5, 5.5, 14.5, 10.5 ], "texture": "#textureA1" },
				"north": { "uv": [ 1.5, 0.5, 11.5, 6 ], "texture": "#textureA1" },
				"south": { "uv": [ 4.5, 0.5, 14.5, 6 ], "texture": "#textureA1" },
				"west": { "uv": [ 5.5, 0.5, 10.5, 6 ], "texture": "#textureA1" },
				"east": { "uv": [ 5.5, 0.5, 10.5, 6 ], "texture": "#textureA1" }
			}
		},
		{
			"__comment": "h5_m1",
			"from": [ -11.375, 14.75, 7.75 ],
			"to": [ -10.375, 18.75, 8.25 ],
			"rotation": { "origin": [ -11.375, 14.75, 7.75 ], "axis": "z", "angle": 22.5 },
			"faces": {
				"down": { "uv": [ 5.5, 5.5, 7.5, 6.5 ], "texture": "#texture2A1" },
				"up": { "uv": [ 5.5, 9.5, 7.5, 10.5 ], "texture": "#texture2A1" },
				"north": { "uv": [ 8.5, 10, 10.5, 15 ], "texture": "#texture2A1" },
				"south": { "uv": [ 5.5, 10, 7.5, 15 ], "texture": "#texture2A1" },
				"west": { "uv": [ 9.5, 10, 10.5, 15 ], "texture": "#texture2A1" },
				"east": { "uv": [ 5.5, 10, 6.5, 15 ], "texture": "#texture2A1" }
			}
		},
		{
			"__comment": "none",
			"from": [ 18.625, 11.25, 5.5 ],
			"to": [ 28.625, 16.75, 10.5 ],
			"faces": {
				"down": { "uv": [ 4.5, 5.5, 14.5, 10.5 ], "texture": "#textureA2" },
				"up": { "uv": [ 4.5, 5.5, 14.5, 10.5 ], "texture": "#textureA2" },
				"north": { "uv": [ 1.5, 0.5, 11.5, 6 ], "texture": "#textureA2" },
				"south": { "uv": [ 4.5, 0.5, 14.5, 6 ], "texture": "#textureA2" },
				"west": { "uv": [ 5.5, 0.5, 10.5, 6 ], "texture": "#textureA2" },
				"east": { "uv": [ 5.5, 0.5, 10.5, 6 ], "texture": "#textureA2" }
			}
		},
		{
			"__comment": "none",
			"from": [ 24.125, 14.75, 7.625 ],
			"to": [ 26.125, 19.75, 8.625 ],
			"rotation": { "origin": [ 24.125, 14.75, 7.625 ], "axis": "z", "angle": 45 },
			"faces": {
				"down": { "uv": [ 5.5, 5.5, 7.5, 6.5 ], "texture": "#texture2A2" },
				"up": { "uv": [ 5.5, 9.5, 7.5, 10.5 ], "texture": "#texture2A2" },
				"north": { "uv": [ 8.5, 10, 10.5, 15 ], "texture": "#texture2A2" },
				"south": { "uv": [ 5.5, 10, 7.5, 15 ], "texture": "#texture2A2" },
				"west": { "uv": [ 9.5, 10, 10.5, 15 ], "texture": "#texture2A2" },
				"east": { "uv": [ 5.5, 10, 6.5, 15 ], "texture": "#texture2A2" }
			}
		},
		{
			"__comment": "t1_m1",
			"from": [ 9.625, 14, 6 ],
			"to": [ 22.125, 17.5, 10 ],
			"faces": {
				"down": { "uv": [ 4.5, 5.5, 14.5, 10.5 ], "texture": "#textureA2" },
				"up": { "uv": [ 4.5, 5.5, 14.5, 10.5 ], "texture": "#textureA2" },
				"north": { "uv": [ 1.5, 0.5, 11.5, 6 ], "texture": "#textureA2" },
				"south": { "uv": [ 4.5, 0.5, 14.5, 6 ], "texture": "#textureA2" },
				"west": { "uv": [ 5.5, 0.5, 10.5, 6 ], "texture": "#textureA2" },
				"east": { "uv": [ 5.5, 0.5, 10.5, 6 ], "texture": "#textureA2" }
			}
		},
		{
			"__comment": "h1_m1",
			"from": [ 14.625, 15.5, 7.625 ],
			"to": [ 16.625, 20.5, 8.625 ],
			"rotation": { "origin": [ 14.625, 15.5, 7.625 ], "axis": "z", "angle": 45 },
			"faces": {
				"down": { "uv": [ 5.5, 5.5, 7.5, 6.5 ], "texture": "#texture2A2" },
				"up": { "uv": [ 5.5, 9.5, 7.5, 10.5 ], "texture": "#texture2A2" },
				"north": { "uv": [ 8.5, 10, 10.5, 15 ], "texture": "#texture2A2" },
				"south": { "uv": [ 5.5, 10, 7.5, 15 ], "texture": "#texture2A2" },
				"west": { "uv": [ 9.5, 10, 10.5, 15 ], "texture": "#texture2A2" },
				"east": { "uv": [ 5.5, 10, 6.5, 15 ], "texture": "#texture2A2" }
			}
		},
		{
			"__comment": "t2_m1",
			"from": [ 0.625, 13.25, 6.75 ],
			"to": [ 11.625, 15.75, 9.25 ],
			"faces": {
				"down": { "uv": [ 4.5, 5.5, 14.5, 10.5 ], "texture": "#textureA2" },
				"up": { "uv": [ 4.5, 5.5, 14.5, 10.5 ], "texture": "#textureA2" },
				"north": { "uv": [ 1.5, 0.5, 11.5, 6 ], "texture": "#textureA2" },
				"south": { "uv": [ 4.5, 0.5, 14.5, 6 ], "texture": "#textureA2" },
				"west": { "uv": [ 5.5, 0.5, 10.5, 6 ], "texture": "#textureA2" },
				"east": { "uv": [ 5.5, 0.5, 10.5, 6 ], "texture": "#textureA2" }
			}
		},
		{
			"__comment": "h2_m1",
			"from": [ 5.625, 13.75, 7.5 ],
			"to": [ 7.625, 18.75, 8.5 ],
			"rotation": { "origin": [ 5.625, 13.75, 7.5 ], "axis": "z", "angle": 45 },
			"faces": {
				"down": { "uv": [ 5.5, 5.5, 7.5, 6.5 ], "texture": "#texture2A2" },
				"up": { "uv": [ 5.5, 9.5, 7.5, 10.5 ], "texture": "#texture2A2" },
				"north": { "uv": [ 8.5, 10, 10.5, 15 ], "texture": "#texture2A2" },
				"south": { "uv": [ 5.5, 10, 7.5, 15 ], "texture": "#texture2A2" },
				"west": { "uv": [ 9.5, 10, 10.5, 15 ], "texture": "#texture2A2" },
				"east": { "uv": [ 5.5, 10, 6.5, 15 ], "texture": "#texture2A2" }
			}
		},
		{
			"__comment": "t3_m1",
			"from": [ -5.875, 12.625, 7.25 ],
			"to": [ 2.125, 14.125, 8.75 ],
			"faces": {
				"down": { "uv": [ 4.5, 5.5, 14.5, 10.5 ], "texture": "#textureA2" },
				"up": { "uv": [ 4.5, 5.5, 14.5, 10.5 ], "texture": "#textureA2" },
				"north": { "uv": [ 1.5, 0.5, 11.5, 6 ], "texture": "#textureA2" },
				"south": { "uv": [ 4.5, 0.5, 14.5, 6 ], "texture": "#textureA2" },
				"west": { "uv": [ 5.5, 0.5, 10.5, 6 ], "texture": "#textureA2" },
				"east": { "uv": [ 5.5, 0.5, 10.5, 6 ], "texture": "#textureA2" }
			}
		},
		{
			"__comment": "t4_m1",
			"from": [ -9.75, 10.75, 6.75 ],
			"to": [ -4.25, 13.75, 9.25 ],
			"faces": {
				"down": { "uv": [ 4.5, 5.5, 14.5, 10.5 ], "texture": "#textureA2" },
				"up": { "uv": [ 4.5, 5.5, 14.5, 10.5 ], "texture": "#textureA2" },
				"north": { "uv": [ 1.5, 0.5, 11.5, 6 ], "texture": "#textureA2" },
				"south": { "uv": [ 4.5, 0.5, 14.5, 6 ], "texture": "#textureA2" },
				"west": { "uv": [ 5.5, 0.5, 10.5, 6 ], "texture": "#textureA2" },
				"east": { "uv": [ 5.5, 0.5, 10.5, 6 ], "texture": "#textureA2" }
			}
		},
		{
			"__comment": "t5_m1",
			"from": [ -13.875, 13.5, 7.5 ],
			"to": [ -8.375, 15.5, 8.5 ],
			"rotation": { "origin": [ -13.875, 13.5, 7.5 ], "axis": "z", "angle": -22.5 },
			"faces": {
				"down": { "uv": [ 4.5, 5.5, 14.5, 10.5 ], "texture": "#textureA2" },
				"up": { "uv": [ 4.5, 5.5, 14.5, 10.5 ], "texture": "#textureA2" },
				"north": { "uv": [ 1.5, 0.5, 11.5, 6 ], "texture": "#textureA2" },
				"south": { "uv": [ 4.5, 0.5, 14.5, 6 ], "texture": "#textureA2" },
				"west": { "uv": [ 5.5, 0.5, 10.5, 6 ], "texture": "#textureA2" },
				"east": { "uv": [ 5.5, 0.5, 10.5, 6 ], "texture": "#textureA2" }
			}
		},
		{
			"__comment": "h5_m1",
			"from": [ -11.375, 13.5, 7.75 ],
			"to": [ -10.375, 17.5, 8.25 ],
			"rotation": { "origin": [ -11.375, 13.5, 7.75 ], "axis": "z", "angle": 22.5 },
			"faces": {
				"down": { "uv": [ 5.5, 5.5, 7.5, 6.5 ], "texture": "#texture2A2" },
				"up": { "uv": [ 5.5, 9.5, 7.5, 10.5 ], "texture": "#texture2A2" },
				"north": { "uv": [ 8.5, 10, 10.5, 15 ], "texture": "#texture2A2" },
				"south": { "uv": [ 5.5, 10, 7.5, 15 ], "texture": "#texture2A2" },
				"west": { "uv": [ 9.5, 10, 10.5, 15 ], "texture": "#texture2A2" },
				"east": { "uv": [ 5.5, 10, 6.5, 15 ], "texture": "#texture2A2" }
			}
		},
		{
			"__comment": "none",
			"from": [ 18.625, 11.25, 5.5 ],
			"to": [ 28.625, 16.75, 10.5 ],
			"faces": {
				"down": { "uv": [ 4.5, 5.5, 14.5, 10.5 ], "texture": "#textureA3" },
				"up": { "uv": [ 4.5, 5.5, 14.5, 10.5 ], "texture": "#textureA3" },
				"north": { "uv": [ 1.5, 0.5, 11.5, 6 ], "texture": "#textureA3" },
				"south": { "uv": [ 4.5, 0.5, 14.5, 6 ], "texture": "#textureA3" },
				"west": { "uv": [ 5.5, 0.5, 10.5, 6 ], "texture": "#textureA3" },
				"east": { "uv": [ 5.5, 0.5, 10.5, 6 ], "texture": "#textureA3" }
			}
		},
		{
			"__comment": "none",
			"from": [ 24.125, 14.75, 7.625 ],
			"to": [ 26.125, 19.75, 8.625 ],
			"rotation": { "origin": [ 24.125, 14.75, 7.625 ], "axis": "z", "angle": 45 },
			"faces": {
				"down": { "uv": [ 5.5, 5.5, 7.5, 6.5 ], "texture": "#texture2A3" },
				"up": { "uv": [ 5.5, 9.5, 7.5, 10.5 ], "texture": "#texture2A3" },
				"north": { "uv": [ 8.5, 10, 10.5, 15 ], "texture": "#texture2A3" },
				"south": { "uv": [ 5.5, 10, 7.5, 15 ], "texture": "#texture2A3" },
				"west": { "uv": [ 9.5, 10, 10.5, 15 ], "texture": "#texture2A3" },
				"east": { "uv": [ 5.5, 10, 6.5, 15 ], "texture": "#texture2A3" }
			}
		},
		{
			"__comment": "t1_m1",
			"from": [ 9.625, 15.25, 6 ],
			"to": [ 22.125, 18.75, 10 ],
			"faces": {
				"down": { "uv": [ 4.5, 5.5, 14.5, 10.5 ], "texture": "#textureA3" },
				"up": { "uv": [ 4.5, 5.5, 14.5, 10.5 ], "texture": "#textureA3" },
				"north": { "uv": [ 1.5, 0.5, 11.5, 6 ], "texture": "#textureA3" },
				"south": { "uv": [ 4.5, 0.5, 14.5, 6 ], "texture": "#textureA3" },
				"west": { "uv": [ 5.5, 0.5, 10.5, 6 ], "texture": "#textureA3" },
				"east": { "uv": [ 5.5, 0.5, 10.5, 6 ], "texture": "#textureA3" }
			}
		},
		{
			"__comment": "h1_m1",
			"from": [ 14.625, 16.75, 7.625 ],
			"to": [ 16.625, 21.75, 8.625 ],
			"rotation": { "origin": [ 14.625, 16.75, 7.625 ], "axis": "z", "angle": 45 },
			"faces": {
				"down": { "uv": [ 5.5, 5.5, 7.5, 6.5 ], "texture": "#texture2A3" },
				"up": { "uv": [ 5.5, 9.5, 7.5, 10.5 ], "texture": "#texture2A3" },
				"north": { "uv": [ 8.5, 10, 10.5, 15 ], "texture": "#texture2A3" },
				"south": { "uv": [ 5.5, 10, 7.5, 15 ], "texture": "#texture2A3" },
				"west": { "uv": [ 9.5, 10, 10.5, 15 ], "texture": "#texture2A3" },
				"east": { "uv": [ 5.5, 10, 6.5, 15 ], "texture": "#texture2A3" }
			}
		},
		{
			"__comment": "t2_m1",
			"from": [ 0.625, 14.5, 6.75 ],
			"to": [ 11.625, 17, 9.25 ],
			"faces": {
				"down": { "uv": [ 4.5, 5.5, 14.5, 10.5 ], "texture": "#textureA3" },
				"up": { "uv": [ 4.5, 5.5, 14.5, 10.5 ], "texture": "#textureA3" },
				"north": { "uv": [ 1.5, 0.5, 11.5, 6 ], "texture": "#textureA3" },
				"south": { "uv": [ 4.5, 0.5, 14.5, 6 ], "texture": "#textureA3" },
				"west": { "uv": [ 5.5, 0.5, 10.5, 6 ], "texture": "#textureA3" },
				"east": { "uv": [ 5.5, 0.5, 10.5, 6 ], "texture": "#textureA3" }
			}
		},
		{
			"__comment": "h2_m1",
			"from": [ 5.625, 15, 7.5 ],
			"to": [ 7.625, 20, 8.5 ],
			"rotation": { "origin": [ 5.625, 15, 7.5 ], "axis": "z", "angle": 45 },
			"faces": {
				"down": { "uv": [ 5.5, 5.5, 7.5, 6.5 ], "texture": "#texture2A3" },
				"up": { "uv": [ 5.5, 9.5, 7.5, 10.5 ], "texture": "#texture2A3" },
				"north": { "uv": [ 8.5, 10, 10.5, 15 ], "texture": "#texture2A3" },
				"south": { "uv": [ 5.5, 10, 7.5, 15 ], "texture": "#texture2A3" },
				"west": { "uv": [ 9.5, 10, 10.5, 15 ], "texture": "#texture2A3" },
				"east": { "uv": [ 5.5, 10, 6.5, 15 ], "texture": "#texture2A3" }
			}
		},
		{
			"__comment": "t3_m1",
			"from": [ -5.875, 13.875, 7.25 ],
			"to": [ 2.125, 15.375, 8.75 ],
			"faces": {
				"down": { "uv": [ 4.5, 5.5, 14.5, 10.5 ], "texture": "#textureA3" },
				"up": { "uv": [ 4.5, 5.5, 14.5, 10.5 ], "texture": "#textureA3" },
				"north": { "uv": [ 1.5, 0.5, 11.5, 6 ], "texture": "#textureA3" },
				"south": { "uv": [ 4.5, 0.5, 14.5, 6 ], "texture": "#textureA3" },
				"west": { "uv": [ 5.5, 0.5, 10.5, 6 ], "texture": "#textureA3" },
				"east": { "uv": [ 5.5, 0.5, 10.5, 6 ], "texture": "#textureA3" }
			}
		},
		{
			"__comment": "t4_m1",
			"from": [ -9.75, 12, 6.75 ],
			"to": [ -4.25, 15, 9.25 ],
			"faces": {
				"down": { "uv": [ 4.5, 5.5, 14.5, 10.5 ], "texture": "#textureA3" },
				"up": { "uv": [ 4.5, 5.5, 14.5, 10.5 ], "texture": "#textureA3" },
				"north": { "uv": [ 1.5, 0.5, 11.5, 6 ], "texture": "#textureA3" },
				"south": { "uv": [ 4.5, 0.5, 14.5, 6 ], "texture": "#textureA3" },
				"west": { "uv": [ 5.5, 0.5, 10.5, 6 ], "texture": "#textureA3" },
				"east": { "uv": [ 5.5, 0.5, 10.5, 6 ], "texture": "#textureA3" }
			}
		},
		{
			"__comment": "t5_m1",
			"from": [ -13.875, 11.375, 7.5 ],
			"to": [ -8.375, 13.375, 8.5 ],
			"faces": {
				"down": { "uv": [ 4.5, 5.5, 14.5, 10.5 ], "texture": "#textureA3" },
				"up": { "uv": [ 4.5, 5.5, 14.5, 10.5 ], "texture": "#textureA3" },
				"north": { "uv": [ 1.5, 0.5, 11.5, 6 ], "texture": "#textureA3" },
				"south": { "uv": [ 4.5, 0.5, 14.5, 6 ], "texture": "#textureA3" },
				"west": { "uv": [ 5.5, 0.5, 10.5, 6 ], "texture": "#textureA3" },
				"east": { "uv": [ 5.5, 0.5, 10.5, 6 ], "texture": "#textureA3" }
			}
		},
		{
			"__comment": "h5_m1",
			"from": [ -11.375, 12.25, 7.75 ],
			"to": [ -10.375, 16.25, 8.25 ],
			"rotation": { "origin": [ -11.375, 12.25, 7.75 ], "axis": "z", "angle": 45 },
			"faces": {
				"down": { "uv": [ 5.5, 5.5, 7.5, 6.5 ], "texture": "#texture2A3" },
				"up": { "uv": [ 5.5, 9.5, 7.5, 10.5 ], "texture": "#texture2A3" },
				"north": { "uv": [ 8.5, 10, 10.5, 15 ], "texture": "#texture2A3" },
				"south": { "uv": [ 5.5, 10, 7.5, 15 ], "texture": "#texture2A3" },
				"west": { "uv": [ 9.5, 10, 10.5, 15 ], "texture": "#texture2A3" },
				"east": { "uv": [ 5.5, 10, 6.5, 15 ], "texture": "#texture2A3" }
			}
		},
		{
			"__comment": "none",
			"from": [ 18.625, 11.25, 5.5 ],
			"to": [ 28.625, 16.75, 10.5 ],
			"faces": {
				"down": { "uv": [ 4.5, 5.5, 14.5, 10.5 ], "texture": "#textureA4" },
				"up": { "uv": [ 4.5, 5.5, 14.5, 10.5 ], "texture": "#textureA4" },
				"north": { "uv": [ 1.5, 0.5, 11.5, 6 ], "texture": "#textureA4" },
				"south": { "uv": [ 4.5, 0.5, 14.5, 6 ], "texture": "#textureA4" },
				"west": { "uv": [ 5.5, 0.5, 10.5, 6 ], "texture": "#textureA4" },
				"east": { "uv": [ 5.5, 0.5, 10.5, 6 ], "texture": "#textureA4" }
			}
		},
		{
			"__comment": "none",
			"from": [ 24.125, 14.75, 7.625 ],
			"to": [ 26.125, 19.75, 8.625 ],
			"rotation": { "origin": [ 24.125, 14.75, 7.625 ], "axis": "z", "angle": 45 },
			"faces": {
				"down": { "uv": [ 5.5, 5.5, 7.5, 6.5 ], "texture": "#texture2A4" },
				"up": { "uv": [ 5.5, 9.5, 7.5, 10.5 ], "texture": "#texture2A4" },
				"north": { "uv": [ 8.5, 10, 10.5, 15 ], "texture": "#texture2A4" },
				"south": { "uv": [ 5.5, 10, 7.5, 15 ], "texture": "#texture2A4" },
				"west": { "uv": [ 9.5, 10, 10.5, 15 ], "texture": "#texture2A4" },
				"east": { "uv": [ 5.5, 10, 6.5, 15 ], "texture": "#texture2A4" }
			}
		},
		{
			"__comment": "t1_m1",
			"from": [ 9.625, 14, 6 ],
			"to": [ 22.125, 17.5, 10 ],
			"faces": {
				"down": { "uv": [ 4.5, 5.5, 14.5, 10.5 ], "texture": "#textureA4" },
				"up": { "uv": [ 4.5, 5.5, 14.5, 10.5 ], "texture": "#textureA4" },
				"north": { "uv": [ 1.5, 0.5, 11.5, 6 ], "texture": "#textureA4" },
				"south": { "uv": [ 4.5, 0.5, 14.5, 6 ], "texture": "#textureA4" },
				"west": { "uv": [ 5.5, 0.5, 10.5, 6 ], "texture": "#textureA4" },
				"east": { "uv": [ 5.5, 0.5, 10.5, 6 ], "texture": "#textureA4" }
			}
		},
		{
			"__comment": "h1_m1",
			"from": [ 14.625, 15.5, 7.625 ],
			"to": [ 16.625, 20.5, 8.625 ],
			"rotation": { "origin": [ 14.625, 15.5, 7.625 ], "axis": "z", "angle": 45 },
			"faces": {
				"down": { "uv": [ 5.5, 5.5, 7.5, 6.5 ], "texture": "#texture2A4" },
				"up": { "uv": [ 5.5, 9.5, 7.5, 10.5 ], "texture": "#texture2A4" },
				"north": { "uv": [ 8.5, 10, 10.5, 15 ], "texture": "#texture2A4" },
				"south": { "uv": [ 5.5, 10, 7.5, 15 ], "texture": "#texture2A4" },
				"west": { "uv": [ 9.5, 10, 10.5, 15 ], "texture": "#texture2A4" },
				"east": { "uv": [ 5.5, 10, 6.5, 15 ], "texture": "#texture2A4" }
			}
		},
		{
			"__comment": "t2_m1",
			"from": [ 0.625, 15.75, 6.75 ],
			"to": [ 11.625, 18.25, 9.25 ],
			"faces": {
				"down": { "uv": [ 4.5, 5.5, 14.5, 10.5 ], "texture": "#textureA4" },
				"up": { "uv": [ 4.5, 5.5, 14.5, 10.5 ], "texture": "#textureA4" },
				"north": { "uv": [ 1.5, 0.5, 11.5, 6 ], "texture": "#textureA4" },
				"south": { "uv": [ 4.5, 0.5, 14.5, 6 ], "texture": "#textureA4" },
				"west": { "uv": [ 5.5, 0.5, 10.5, 6 ], "texture": "#textureA4" },
				"east": { "uv": [ 5.5, 0.5, 10.5, 6 ], "texture": "#textureA4" }
			}
		},
		{
			"__comment": "h2_m1",
			"from": [ 5.625, 16.25, 7.5 ],
			"to": [ 7.625, 21.25, 8.5 ],
			"rotation": { "origin": [ 5.625, 16.25, 7.5 ], "axis": "z", "angle": 45 },
			"faces": {
				"down": { "uv": [ 5.5, 5.5, 7.5, 6.5 ], "texture": "#texture2A4" },
				"up": { "uv": [ 5.5, 9.5, 7.5, 10.5 ], "texture": "#texture2A4" },
				"north": { "uv": [ 8.5, 10, 10.5, 15 ], "texture": "#texture2A4" },
				"south": { "uv": [ 5.5, 10, 7.5, 15 ], "texture": "#texture2A4" },
				"west": { "uv": [ 9.5, 10, 10.5, 15 ], "texture": "#texture2A4" },
				"east": { "uv": [ 5.5, 10, 6.5, 15 ], "texture": "#texture2A4" }
			}
		},
		{
			"__comment": "t3_m1",
			"from": [ -5.875, 15.125, 7.25 ],
			"to": [ 2.125, 16.625, 8.75 ],
			"faces": {
				"down": { "uv": [ 4.5, 5.5, 14.5, 10.5 ], "texture": "#textureA4" },
				"up": { "uv": [ 4.5, 5.5, 14.5, 10.5 ], "texture": "#textureA4" },
				"north": { "uv": [ 1.5, 0.5, 11.5, 6 ], "texture": "#textureA4" },
				"south": { "uv": [ 4.5, 0.5, 14.5, 6 ], "texture": "#textureA4" },
				"west": { "uv": [ 5.5, 0.5, 10.5, 6 ], "texture": "#textureA4" },
				"east": { "uv": [ 5.5, 0.5, 10.5, 6 ], "texture": "#textureA4" }
			}
		},
		{
			"__comment": "t4_m1",
			"from": [ -9.75, 13.25, 6.75 ],
			"to": [ -4.25, 16.25, 9.25 ],
			"faces": {
				"down": { "uv": [ 4.5, 5.5, 14.5, 10.5 ], "texture": "#textureA4" },
				"up": { "uv": [ 4.5, 5.5, 14.5, 10.5 ], "texture": "#textureA4" },
				"north": { "uv": [ 1.5, 0.5, 11.5, 6 ], "texture": "#textureA4" },
				"south": { "uv": [ 4.5, 0.5, 14.5, 6 ], "texture": "#textureA4" },
				"west": { "uv": [ 5.5, 0.5, 10.5, 6 ], "texture": "#textureA4" },
				"east": { "uv": [ 5.5, 0.5, 10.5, 6 ], "texture": "#textureA4" }
			}
		},
		{
			"__comment": "t5_m1",
			"from": [ -13.875, 12, 7.5 ],
			"to": [ -8.375, 14, 8.5 ],
			"rotation": { "origin": [ -13.875, 12, 7.5 ], "axis": "z", "angle": 22.5 },
			"faces": {
				"down": { "uv": [ 4.5, 5.5, 14.5, 10.5 ], "texture": "#textureA4" },
				"up": { "uv": [ 4.5, 5.5, 14.5, 10.5 ], "texture": "#textureA4" },
				"north": { "uv": [ 1.5, 0.5, 11.5, 6 ], "texture": "#textureA4" },
				"south": { "uv": [ 4.5, 0.5, 14.5, 6 ], "texture": "#textureA4" },
				"west": { "uv": [ 5.5, 0.5, 10.5, 6 ], "texture": "#textureA4" },
				"east": { "uv": [ 5.5, 0.5, 10.5, 6 ], "texture": "#textureA4" }
			}
		},
		{
			"__comment": "h5_m1",
			"from": [ -15.375, 13.5, 7.75 ],
			"to": [ -11.375, 14.5, 8.25 ],
			"rotation": { "origin": [ -11.375, 13.5, 7.75 ], "axis": "z", "angle": -22.5 },
			"faces": {
				"down": { "uv": [ 10.5, 15, 9.5, 10 ], "texture": "#texture2A4", "rotation": 90 },
				"up": { "uv": [ 5.5, 10, 6.5, 15 ], "texture": "#texture2A4", "rotation": 270 },
				"north": { "uv": [ 10.5, 15, 8.5, 10 ], "texture": "#texture2A4", "rotation": 270 },
				"south": { "uv": [ 7.5, 15, 5.5, 10 ], "texture": "#texture2A4", "rotation": 90 },
				"west": { "uv": [ 7.5, 10.5, 5.5, 9.5 ], "texture": "#texture2A4", "rotation": 90 },
				"east": { "uv": [ 5.5, 5.5, 7.5, 6.5 ], "texture": "#texture2A4", "rotation": 270 }
			}
		},
		{
			"__comment": "none",
			"from": [ 18.625, 11.25, 5.5 ],
			"to": [ 28.625, 16.75, 10.5 ],
			"faces": {
				"down": { "uv": [ 4.5, 5.5, 14.5, 10.5 ], "texture": "#textureA5" },
				"up": { "uv": [ 4.5, 5.5, 14.5, 10.5 ], "texture": "#textureA5" },
				"north": { "uv": [ 1.5, 0.5, 11.5, 6 ], "texture": "#textureA5" },
				"south": { "uv": [ 4.5, 0.5, 14.5, 6 ], "texture": "#textureA5" },
				"west": { "uv": [ 5.5, 0.5, 10.5, 6 ], "texture": "#textureA5" },
				"east": { "uv": [ 5.5, 0.5, 10.5, 6 ], "texture": "#textureA5" }
			}
		},
		{
			"__comment": "none",
			"from": [ 24.125, 14.75, 7.625 ],
			"to": [ 26.125, 19.75, 8.625 ],
			"rotation": { "origin": [ 24.125, 14.75, 7.625 ], "axis": "z", "angle": 45 },
			"faces": {
				"down": { "uv": [ 5.5, 5.5, 7.5, 6.5 ], "texture": "#texture2A5" },
				"up": { "uv": [ 5.5, 9.5, 7.5, 10.5 ], "texture": "#texture2A5" },
				"north": { "uv": [ 8.5, 10, 10.5, 15 ], "texture": "#texture2A5" },
				"south": { "uv": [ 5.5, 10, 7.5, 15 ], "texture": "#texture2A5" },
				"west": { "uv": [ 9.5, 10, 10.5, 15 ], "texture": "#texture2A5" },
				"east": { "uv": [ 5.5, 10, 6.5, 15 ], "texture": "#texture2A5" }
			}
		},
		{
			"__comment": "t1_m1",
			"from": [ 9.625, 12.75, 6 ],
			"to": [ 22.125, 16.25, 10 ],
			"faces": {
				"down": { "uv": [ 4.5, 5.5, 14.5, 10.5 ], "texture": "#textureA5" },
				"up": { "uv": [ 4.5, 5.5, 14.5, 10.5 ], "texture": "#textureA5" },
				"north": { "uv": [ 1.5, 0.5, 11.5, 6 ], "texture": "#textureA5" },
				"south": { "uv": [ 4.5, 0.5, 14.5, 6 ], "texture": "#textureA5" },
				"west": { "uv": [ 5.5, 0.5, 10.5, 6 ], "texture": "#textureA5" },
				"east": { "uv": [ 5.5, 0.5, 10.5, 6 ], "texture": "#textureA5" }
			}
		},
		{
			"__comment": "h1_m1",
			"from": [ 14.625, 14.25, 7.625 ],
			"to": [ 16.625, 19.25, 8.625 ],
			"rotation": { "origin": [ 14.625, 14.25, 7.625 ], "axis": "z", "angle": 45 },
			"faces": {
				"down": { "uv": [ 5.5, 5.5, 7.5, 6.5 ], "texture": "#texture2A5" },
				"up": { "uv": [ 5.5, 9.5, 7.5, 10.5 ], "texture": "#texture2A5" },
				"north": { "uv": [ 8.5, 10, 10.5, 15 ], "texture": "#texture2A5" },
				"south": { "uv": [ 5.5, 10, 7.5, 15 ], "texture": "#texture2A5" },
				"west": { "uv": [ 9.5, 10, 10.5, 15 ], "texture": "#texture2A5" },
				"east": { "uv": [ 5.5, 10, 6.5, 15 ], "texture": "#texture2A5" }
			}
		},
		{
			"__comment": "t2_m1",
			"from": [ 0.625, 14.5, 6.75 ],
			"to": [ 11.625, 17, 9.25 ],
			"faces": {
				"down": { "uv": [ 4.5, 5.5, 14.5, 10.5 ], "texture": "#textureA5" },
				"up": { "uv": [ 4.5, 5.5, 14.5, 10.5 ], "texture": "#textureA5" },
				"north": { "uv": [ 1.5, 0.5, 11.5, 6 ], "texture": "#textureA5" },
				"south": { "uv": [ 4.5, 0.5, 14.5, 6 ], "texture": "#textureA5" },
				"west": { "uv": [ 5.5, 0.5, 10.5, 6 ], "texture": "#textureA5" },
				"east": { "uv": [ 5.5, 0.5, 10.5, 6 ], "texture": "#textureA5" }
			}
		},
		{
			"__comment": "h2_m1",
			"from": [ 5.625, 15, 7.5 ],
			"to": [ 7.625, 20, 8.5 ],
			"rotation": { "origin": [ 5.625, 15, 7.5 ], "axis": "z", "angle": 45 },
			"faces": {
				"down": { "uv": [ 5.5, 5.5, 7.5, 6.5 ], "texture": "#texture2A5" },
				"up": { "uv": [ 5.5, 9.5, 7.5, 10.5 ], "texture": "#texture2A5" },
				"north": { "uv": [ 8.5, 10, 10.5, 15 ], "texture": "#texture2A5" },
				"south": { "uv": [ 5.5, 10, 7.5, 15 ], "texture": "#texture2A5" },
				"west": { "uv": [ 9.5, 10, 10.5, 15 ], "texture": "#texture2A5" },
				"east": { "uv": [ 5.5, 10, 6.5, 15 ], "texture": "#texture2A5" }
			}
		},
		{
			"__comment": "t3_m1",
			"from": [ -5.875, 16.375, 7.25 ],
			"to": [ 2.125, 17.875, 8.75 ],
			"faces": {
				"down": { "uv": [ 4.5, 5.5, 14.5, 10.5 ], "texture": "#textureA5" },
				"up": { "uv": [ 4.5, 5.5, 14.5, 10.5 ], "texture": "#textureA5" },
				"north": { "uv": [ 1.5, 0.5, 11.5, 6 ], "texture": "#textureA5" },
				"south": { "uv": [ 4.5, 0.5, 14.5, 6 ], "texture": "#textureA5" },
				"west": { "uv": [ 5.5, 0.5, 10.5, 6 ], "texture": "#textureA5" },
				"east": { "uv": [ 5.5, 0.5, 10.5, 6 ], "texture": "#textureA5" }
			}
		},
		{
			"__comment": "t4_m1",
			"from": [ -9.75, 14.5, 6.75 ],
			"to": [ -4.25, 17.5, 9.25 ],
			"faces": {
				"down": { "uv": [ 4.5, 5.5, 14.5, 10.5 ], "texture": "#textureA5" },
				"up": { "uv": [ 4.5, 5.5, 14.5, 10.5 ], "texture": "#textureA5" },
				"north": { "uv": [ 1.5, 0.5, 11.5, 6 ], "texture": "#textureA5" },
				"south": { "uv": [ 4.5, 0.5, 14.5, 6 ], "texture": "#textureA5" },
				"west": { "uv": [ 5.5, 0.5, 10.5, 6 ], "texture": "#textureA5" },
				"east": { "uv": [ 5.5, 0.5, 10.5, 6 ], "texture": "#textureA5" }
			}
		},
		{
			"__comment": "t5_m1",
			"from": [ -13.875, 13.25, 7.5 ],
			"to": [ -8.375, 15.25, 8.5 ],
			"rotation": { "origin": [ -13.875, 13.25, 7.5 ], "axis": "z", "angle": 22.5 },
			"faces": {
				"down": { "uv": [ 4.5, 5.5, 14.5, 10.5 ], "texture": "#textureA5" },
				"up": { "uv": [ 4.5, 5.5, 14.5, 10.5 ], "texture": "#textureA5" },
				"north": { "uv": [ 1.5, 0.5, 11.5, 6 ], "texture": "#textureA5" },
				"south": { "uv": [ 4.5, 0.5, 14.5, 6 ], "texture": "#textureA5" },
				"west": { "uv": [ 5.5, 0.5, 10.5, 6 ], "texture": "#textureA5" },
				"east": { "uv": [ 5.5, 0.5, 10.5, 6 ], "texture": "#textureA5" }
			}
		},
		{
			"__comment": "h5_m1",
			"from": [ -15.375, 14.75, 7.75 ],
			"to": [ -11.375, 15.75, 8.25 ],
			"rotation": { "origin": [ -11.375, 14.75, 7.75 ], "axis": "z", "angle": -22.5 },
			"faces": {
				"down": { "uv": [ 10.5, 15, 9.5, 10 ], "texture": "#texture2A5", "rotation": 90 },
				"up": { "uv": [ 5.5, 10, 6.5, 15 ], "texture": "#texture2A5", "rotation": 270 },
				"north": { "uv": [ 10.5, 15, 8.5, 10 ], "texture": "#texture2A5", "rotation": 270 },
				"south": { "uv": [ 7.5, 15, 5.5, 10 ], "texture": "#texture2A5", "rotation": 90 },
				"west": { "uv": [ 7.5, 10.5, 5.5, 9.5 ], "texture": "#texture2A5", "rotation": 90 },
				"east": { "uv": [ 5.5, 5.5, 7.5, 6.5 ], "texture": "#texture2A5", "rotation": 270 }
			}
		},
		{
			"__comment": "none",
			"from": [ 18.625, 11.25, 5.5 ],
			"to": [ 28.625, 16.75, 10.5 ],
			"faces": {
				"down": { "uv": [ 4.5, 5.5, 14.5, 10.5 ], "texture": "#textureA6" },
				"up": { "uv": [ 4.5, 5.5, 14.5, 10.5 ], "texture": "#textureA6" },
				"north": { "uv": [ 1.5, 0.5, 11.5, 6 ], "texture": "#textureA6" },
				"south": { "uv": [ 4.5, 0.5, 14.5, 6 ], "texture": "#textureA6" },
				"west": { "uv": [ 5.5, 0.5, 10.5, 6 ], "texture": "#textureA6" },
				"east": { "uv": [ 5.5, 0.5, 10.5, 6 ], "texture": "#textureA6" }
			}
		},
		{
			"__comment": "none",
			"from": [ 24.125, 14.75, 7.625 ],
			"to": [ 26.125, 19.75, 8.625 ],
			"rotation": { "origin": [ 24.125, 14.75, 7.625 ], "axis": "z", "angle": 45 },
			"faces": {
				"down": { "uv": [ 5.5, 5.5, 7.5, 6.5 ], "texture": "#texture2A6" },
				"up": { "uv": [ 5.5, 9.5, 7.5, 10.5 ], "texture": "#texture2A6" },
				"north": { "uv": [ 8.5, 10, 10.5, 15 ], "texture": "#texture2A6" },
				"south": { "uv": [ 5.5, 10, 7.5, 15 ], "texture": "#texture2A6" },
				"west": { "uv": [ 9.5, 10, 10.5, 15 ], "texture": "#texture2A6" },
				"east": { "uv": [ 5.5, 10, 6.5, 15 ], "texture": "#texture2A6" }
			}
		},
		{
			"__comment": "t1_m1",
			"from": [ 9.625, 11.5, 6 ],
			"to": [ 22.125, 15, 10 ],
			"faces": {
				"down": { "uv": [ 4.5, 5.5, 14.5, 10.5 ], "texture": "#textureA6" },
				"up": { "uv": [ 4.5, 5.5, 14.5, 10.5 ], "texture": "#textureA6" },
				"north": { "uv": [ 1.5, 0.5, 11.5, 6 ], "texture": "#textureA6" },
				"south": { "uv": [ 4.5, 0.5, 14.5, 6 ], "texture": "#textureA6" },
				"west": { "uv": [ 5.5, 0.5, 10.5, 6 ], "texture": "#textureA6" },
				"east": { "uv": [ 5.5, 0.5, 10.5, 6 ], "texture": "#textureA6" }
			}
		},
		{
			"__comment": "h1_m1",
			"from": [ 14.625, 13, 7.625 ],
			"to": [ 16.625, 18, 8.625 ],
			"rotation": { "origin": [ 14.625, 13, 7.625 ], "axis": "z", "angle": 45 },
			"faces": {
				"down": { "uv": [ 5.5, 5.5, 7.5, 6.5 ], "texture": "#texture2A6" },
				"up": { "uv": [ 5.5, 9.5, 7.5, 10.5 ], "texture": "#texture2A6" },
				"north": { "uv": [ 8.5, 10, 10.5, 15 ], "texture": "#texture2A6" },
				"south": { "uv": [ 5.5, 10, 7.5, 15 ], "texture": "#texture2A6" },
				"west": { "uv": [ 9.5, 10, 10.5, 15 ], "texture": "#texture2A6" },
				"east": { "uv": [ 5.5, 10, 6.5, 15 ], "texture": "#texture2A6" }
			}
		},
		{
			"__comment": "t2_m1",
			"from": [ 0.625, 13.25, 6.75 ],
			"to": [ 11.625, 15.75, 9.25 ],
			"faces": {
				"down": { "uv": [ 4.5, 5.5, 14.5, 10.5 ], "texture": "#textureA6" },
				"up": { "uv": [ 4.5, 5.5, 14.5, 10.5 ], "texture": "#textureA6" },
				"north": { "uv": [ 1.5, 0.5, 11.5, 6 ], "texture": "#textureA6" },
				"south": { "uv": [ 4.5, 0.5, 14.5, 6 ], "texture": "#textureA6" },
				"west": { "uv": [ 5.5, 0.5, 10.5, 6 ], "texture": "#textureA6" },
				"east": { "uv": [ 5.5, 0.5, 10.5, 6 ], "texture": "#textureA6" }
			}
		},
		{
			"__comment": "h2_m1",
			"from": [ 5.625, 13.75, 7.5 ],
			"to": [ 7.625, 18.75, 8.5 ],
			"rotation": { "origin": [ 5.625, 13.75, 7.5 ], "axis": "z", "angle": 45 },
			"faces": {
				"down": { "uv": [ 5.5, 5.5, 7.5, 6.5 ], "texture": "#texture2A6" },
				"up": { "uv": [ 5.5, 9.5, 7.5, 10.5 ], "texture": "#texture2A6" },
				"north": { "uv": [ 8.5, 10, 10.5, 15 ], "texture": "#texture2A6" },
				"south": { "uv": [ 5.5, 10, 7.5, 15 ], "texture": "#texture2A6" },
				"west": { "uv": [ 9.5, 10, 10.5, 15 ], "texture": "#texture2A6" },
				"east": { "uv": [ 5.5, 10, 6.5, 15 ], "texture": "#texture2A6" }
			}
		},
		{
			"__comment": "t3_m1",
			"from": [ -5.875, 15.125, 7.25 ],
			"to": [ 2.125, 16.625, 8.75 ],
			"faces": {
				"down": { "uv": [ 4.5, 5.5, 14.5, 10.5 ], "texture": "#textureA6" },
				"up": { "uv": [ 4.5, 5.5, 14.5, 10.5 ], "texture": "#textureA6" },
				"north": { "uv": [ 1.5, 0.5, 11.5, 6 ], "texture": "#textureA6" },
				"south": { "uv": [ 4.5, 0.5, 14.5, 6 ], "texture": "#textureA6" },
				"west": { "uv": [ 5.5, 0.5, 10.5, 6 ], "texture": "#textureA6" },
				"east": { "uv": [ 5.5, 0.5, 10.5, 6 ], "texture": "#textureA6" }
			}
		},
		{
			"__comment": "t4_m1",
			"from": [ -9.75, 15.75, 6.75 ],
			"to": [ -4.25, 18.75, 9.25 ],
			"faces": {
				"down": { "uv": [ 4.5, 5.5, 14.5, 10.5 ], "texture": "#textureA6" },
				"up": { "uv": [ 4.5, 5.5, 14.5, 10.5 ], "texture": "#textureA6" },
				"north": { "uv": [ 1.5, 0.5, 11.5, 6 ], "texture": "#textureA6" },
				"south": { "uv": [ 4.5, 0.5, 14.5, 6 ], "texture": "#textureA6" },
				"west": { "uv": [ 5.5, 0.5, 10.5, 6 ], "texture": "#textureA6" },
				"east": { "uv": [ 5.5, 0.5, 10.5, 6 ], "texture": "#textureA6" }
			}
		},
		{
			"__comment": "t5_m1",
			"from": [ -13.875, 14.5, 7.5 ],
			"to": [ -8.375, 16.5, 8.5 ],
			"rotation": { "origin": [ -13.875, 14.5, 7.5 ], "axis": "z", "angle": 22.5 },
			"faces": {
				"down": { "uv": [ 4.5, 5.5, 14.5, 10.5 ], "texture": "#textureA6" },
				"up": { "uv": [ 4.5, 5.5, 14.5, 10.5 ], "texture": "#textureA6" },
				"north": { "uv": [ 1.5, 0.5, 11.5, 6 ], "texture": "#textureA6" },
				"south": { "uv": [ 4.5, 0.5, 14.5, 6 ], "texture": "#textureA6" },
				"west": { "uv": [ 5.5, 0.5, 10.5, 6 ], "texture": "#textureA6" },
				"east": { "uv": [ 5.5, 0.5, 10.5, 6 ], "texture": "#textureA6" }
			}
		},
		{
			"__comment": "h5_m1",
			"from": [ -15.375, 16, 7.75 ],
			"to": [ -11.375, 17, 8.25 ],
			"rotation": { "origin": [ -11.375, 16, 7.75 ], "axis": "z", "angle": -22.5 },
			"faces": {
				"down": { "uv": [ 10.5, 15, 9.5, 10 ], "texture": "#texture2A6", "rotation": 90 },
				"up": { "uv": [ 5.5, 10, 6.5, 15 ], "texture": "#texture2A6", "rotation": 270 },
				"north": { "uv": [ 10.5, 15, 8.5, 10 ], "texture": "#texture2A6", "rotation": 270 },
				"south": { "uv": [ 7.5, 15, 5.5, 10 ], "texture": "#texture2A6", "rotation": 90 },
				"west": { "uv": [ 7.5, 10.5, 5.5, 9.5 ], "texture": "#texture2A6", "rotation": 90 },
				"east": { "uv": [ 5.5, 5.5, 7.5, 6.5 ], "texture": "#texture2A6", "rotation": 270 }
			}
		},
		{
			"__comment": "none",
			"from": [ 18.625, 11.25, 5.5 ],
			"to": [ 28.625, 16.75, 10.5 ],
			"faces": {
				"down": { "uv": [ 4.5, 5.5, 14.5, 10.5 ], "texture": "#textureA7" },
				"up": { "uv": [ 4.5, 5.5, 14.5, 10.5 ], "texture": "#textureA7" },
				"north": { "uv": [ 1.5, 0.5, 11.5, 6 ], "texture": "#textureA7" },
				"south": { "uv": [ 4.5, 0.5, 14.5, 6 ], "texture": "#textureA7" },
				"west": { "uv": [ 5.5, 0.5, 10.5, 6 ], "texture": "#textureA7" },
				"east": { "uv": [ 5.5, 0.5, 10.5, 6 ], "texture": "#textureA7" }
			}
		},
		{
			"__comment": "none",
			"from": [ 24.125, 14.75, 7.625 ],
			"to": [ 26.125, 19.75, 8.625 ],
			"rotation": { "origin": [ 24.125, 14.75, 7.625 ], "axis": "z", "angle": 45 },
			"faces": {
				"down": { "uv": [ 5.5, 5.5, 7.5, 6.5 ], "texture": "#texture2A7" },
				"up": { "uv": [ 5.5, 9.5, 7.5, 10.5 ], "texture": "#texture2A7" },
				"north": { "uv": [ 8.5, 10, 10.5, 15 ], "texture": "#texture2A7" },
				"south": { "uv": [ 5.5, 10, 7.5, 15 ], "texture": "#texture2A7" },
				"west": { "uv": [ 9.5, 10, 10.5, 15 ], "texture": "#texture2A7" },
				"east": { "uv": [ 5.5, 10, 6.5, 15 ], "texture": "#texture2A7" }
			}
		},
		{
			"__comment": "t1_m1",
			"from": [ 9.625, 10.25, 6 ],
			"to": [ 22.125, 13.75, 10 ],
			"faces": {
				"down": { "uv": [ 4.5, 5.5, 14.5, 10.5 ], "texture": "#textureA7" },
				"up": { "uv": [ 4.5, 5.5, 14.5, 10.5 ], "texture": "#textureA7" },
				"north": { "uv": [ 1.5, 0.5, 11.5, 6 ], "texture": "#textureA7" },
				"south": { "uv": [ 4.5, 0.5, 14.5, 6 ], "texture": "#textureA7" },
				"west": { "uv": [ 5.5, 0.5, 10.5, 6 ], "texture": "#textureA7" },
				"east": { "uv": [ 5.5, 0.5, 10.5, 6 ], "texture": "#textureA7" }
			}
		},
		{
			"__comment": "h1_m1",
			"from": [ 14.625, 11.75, 7.625 ],
			"to": [ 16.625, 16.75, 8.625 ],
			"rotation": { "origin": [ 14.625, 11.75, 7.625 ], "axis": "z", "angle": 45 },
			"faces": {
				"down": { "uv": [ 5.5, 5.5, 7.5, 6.5 ], "texture": "#texture2A7" },
				"up": { "uv": [ 5.5, 9.5, 7.5, 10.5 ], "texture": "#texture2A7" },
				"north": { "uv": [ 8.5, 10, 10.5, 15 ], "texture": "#texture2A7" },
				"south": { "uv": [ 5.5, 10, 7.5, 15 ], "texture": "#texture2A7" },
				"west": { "uv": [ 9.5, 10, 10.5, 15 ], "texture": "#texture2A7" },
				"east": { "uv": [ 5.5, 10, 6.5, 15 ], "texture": "#texture2A7" }
			}
		},
		{
			"__comment": "t2_m1",
			"from": [ 0.625, 12, 6.75 ],
			"to": [ 11.625, 14.5, 9.25 ],
			"faces": {
				"down": { "uv": [ 4.5, 5.5, 14.5, 10.5 ], "texture": "#textureA7" },
				"up": { "uv": [ 4.5, 5.5, 14.5, 10.5 ], "texture": "#textureA7" },
				"north": { "uv": [ 1.5, 0.5, 11.5, 6 ], "texture": "#textureA7" },
				"south": { "uv": [ 4.5, 0.5, 14.5, 6 ], "texture": "#textureA7" },
				"west": { "uv": [ 5.5, 0.5, 10.5, 6 ], "texture": "#textureA7" },
				"east": { "uv": [ 5.5, 0.5, 10.5, 6 ], "texture": "#textureA7" }
			}
		},
		{
			"__comment": "h2_m1",
			"from": [ 5.625, 12.5, 7.5 ],
			"to": [ 7.625, 17.5, 8.5 ],
			"rotation": { "origin": [ 5.625, 12.5, 7.5 ], "axis": "z", "angle": 45 },
			"faces": {
				"down": { "uv": [ 5.5, 5.5, 7.5, 6.5 ], "texture": "#texture2A7" },
				"up": { "uv": [ 5.5, 9.5, 7.5, 10.5 ], "texture": "#texture2A7" },
				"north": { "uv": [ 8.5, 10, 10.5, 15 ], "texture": "#texture2A7" },
				"south": { "uv": [ 5.5, 10, 7.5, 15 ], "texture": "#texture2A7" },
				"west": { "uv": [ 9.5, 10, 10.5, 15 ], "texture": "#texture2A7" },
				"east": { "uv": [ 5.5, 10, 6.5, 15 ], "texture": "#texture2A7" }
			}
		},
		{
			"__comment": "t3_m1",
			"from": [ -5.875, 13.875, 7.25 ],
			"to": [ 2.125, 15.375, 8.75 ],
			"faces": {
				"down": { "uv": [ 4.5, 5.5, 14.5, 10.5 ], "texture": "#textureA7" },
				"up": { "uv": [ 4.5, 5.5, 14.5, 10.5 ], "texture": "#textureA7" },
				"north": { "uv": [ 1.5, 0.5, 11.5, 6 ], "texture": "#textureA7" },
				"south": { "uv": [ 4.5, 0.5, 14.5, 6 ], "texture": "#textureA7" },
				"west": { "uv": [ 5.5, 0.5, 10.5, 6 ], "texture": "#textureA7" },
				"east": { "uv": [ 5.5, 0.5, 10.5, 6 ], "texture": "#textureA7" }
			}
		},
		{
			"__comment": "t4_m1",
			"from": [ -9.75, 14.5, 6.75 ],
			"to": [ -4.25, 17.5, 9.25 ],
			"faces": {
				"down": { "uv": [ 4.5, 5.5, 14.5, 10.5 ], "texture": "#textureA7" },
				"up": { "uv": [ 4.5, 5.5, 14.5, 10.5 ], "texture": "#textureA7" },
				"north": { "uv": [ 1.5, 0.5, 11.5, 6 ], "texture": "#textureA7" },
				"south": { "uv": [ 4.5, 0.5, 14.5, 6 ], "texture": "#textureA7" },
				"west": { "uv": [ 5.5, 0.5, 10.5, 6 ], "texture": "#textureA7" },
				"east": { "uv": [ 5.5, 0.5, 10.5, 6 ], "texture": "#textureA7" }
			}
		},
		{
			"__comment": "t5_m1",
			"from": [ -13.875, 15.75, 7.5 ],
			"to": [ -8.375, 17.75, 8.5 ],
			"faces": {
				"down": { "uv": [ 4.5, 5.5, 14.5, 10.5 ], "texture": "#textureA7" },
				"up": { "uv": [ 4.5, 5.5, 14.5, 10.5 ], "texture": "#textureA7" },
				"north": { "uv": [ 1.5, 0.5, 11.5, 6 ], "texture": "#textureA7" },
				"south": { "uv": [ 4.5, 0.5, 14.5, 6 ], "texture": "#textureA7" },
				"west": { "uv": [ 5.5, 0.5, 10.5, 6 ], "texture": "#textureA7" },
				"east": { "uv": [ 5.5, 0.5, 10.5, 6 ], "texture": "#textureA7" }
			}
		},
		{
			"__comment": "h5_m1",
			"from": [ -15.375, 17.25, 7.75 ],
			"to": [ -11.375, 18.25, 8.25 ],
			"rotation": { "origin": [ -11.375, 17.25, 7.75 ], "axis": "z", "angle": -45 },
			"faces": {
				"down": { "uv": [ 10.5, 15, 9.5, 10 ], "texture": "#texture2A7", "rotation": 90 },
				"up": { "uv": [ 5.5, 10, 6.5, 15 ], "texture": "#texture2A7", "rotation": 270 },
				"north": { "uv": [ 10.5, 15, 8.5, 10 ], "texture": "#texture2A7", "rotation": 270 },
				"south": { "uv": [ 7.5, 15, 5.5, 10 ], "texture": "#texture2A7", "rotation": 90 },
				"west": { "uv": [ 7.5, 10.5, 5.5, 9.5 ], "texture": "#texture2A7", "rotation": 90 },
				"east": { "uv": [ 5.5, 5.5, 7.5, 6.5 ], "texture": "#texture2A7", "rotation": 270 }
			}
		},
		{
			"__comment": "none",
			"from": [ 18.625, 11.25, 5.5 ],
			"to": [ 28.625, 16.75, 10.5 ],
			"faces": {
				"down": { "uv": [ 4.5, 5.5, 14.5, 10.5 ], "texture": "#textureA8" },
				"up": { "uv": [ 4.5, 5.5, 14.5, 10.5 ], "texture": "#textureA8" },
				"north": { "uv": [ 1.5, 0.5, 11.5, 6 ], "texture": "#textureA8" },
				"south": { "uv": [ 4.5, 0.5, 14.5, 6 ], "texture": "#textureA8" },
				"west": { "uv": [ 5.5, 0.5, 10.5, 6 ], "texture": "#textureA8" },
				"east": { "uv": [ 5.5, 0.5, 10.5, 6 ], "texture": "#textureA8" }
			}
		},
		{
			"__comment": "none",
			"from": [ 24.125, 14.75, 7.625 ],
			"to": [ 26.125, 19.75, 8.625 ],
			"rotation": { "origin": [ 24.125, 14.75, 7.625 ], "axis": "z", "angle": 45 },
			"faces": {
				"down": { "uv": [ 5.5, 5.5, 7.5, 6.5 ], "texture": "#texture2A8" },
				"up": { "uv": [ 5.5, 9.5, 7.5, 10.5 ], "texture": "#texture2A8" },
				"north": { "uv": [ 8.5, 10, 10.5, 15 ], "texture": "#texture2A8" },
				"south": { "uv": [ 5.5, 10, 7.5, 15 ], "texture": "#texture2A8" },
				"west": { "uv": [ 9.5, 10, 10.5, 15 ], "texture": "#texture2A8" },
				"east": { "uv": [ 5.5, 10, 6.5, 15 ], "texture": "#texture2A8" }
			}
		},
		{
			"__comment": "t1_m1",
			"from": [ 9.625, 9, 6 ],
			"to": [ 22.125, 12.5, 10 ],
			"faces": {
				"down": { "uv": [ 4.5, 5.5, 14.5, 10.5 ], "texture": "#textureA8" },
				"up": { "uv": [ 4.5, 5.5, 14.5, 10.5 ], "texture": "#textureA8" },
				"north": { "uv": [ 1.5, 0.5, 11.5, 6 ], "texture": "#textureA8" },
				"south": { "uv": [ 4.5, 0.5, 14.5, 6 ], "texture": "#textureA8" },
				"west": { "uv": [ 5.5, 0.5, 10.5, 6 ], "texture": "#textureA8" },
				"east": { "uv": [ 5.5, 0.5, 10.5, 6 ], "texture": "#textureA8" }
			}
		},
		{
			"__comment": "h1_m1",
			"from": [ 14.625, 10.5, 7.625 ],
			"to": [ 16.625, 15.5, 8.625 ],
			"rotation": { "origin": [ 14.625, 10.5, 7.625 ], "axis": "z", "angle": 45 },
			"faces": {
				"down": { "uv": [ 5.5, 5.5, 7.5, 6.5 ], "texture": "#texture2A8" },
				"up": { "uv": [ 5.5, 9.5, 7.5, 10.5 ], "texture": "#texture2A8" },
				"north": { "uv": [ 8.5, 10, 10.5, 15 ], "texture": "#texture2A8" },
				"south": { "uv": [ 5.5, 10, 7.5, 15 ], "texture": "#texture2A8" },
				"west": { "uv": [ 9.5, 10, 10.5, 15 ], "texture": "#texture2A8" },
				"east": { "uv": [ 5.5, 10, 6.5, 15 ], "texture": "#texture2A8" }
			}
		},
		{
			"__comment": "t2_m1",
			"from": [ 0.625, 10.75, 6.75 ],
			"to": [ 11.625, 13.25, 9.25 ],
			"faces": {
				"down": { "uv": [ 4.5, 5.5, 14.5, 10.5 ], "texture": "#textureA8" },
				"up": { "uv": [ 4.5, 5.5, 14.5, 10.5 ], "texture": "#textureA8" },
				"north": { "uv": [ 1.5, 0.5, 11.5, 6 ], "texture": "#textureA8" },
				"south": { "uv": [ 4.5, 0.5, 14.5, 6 ], "texture": "#textureA8" },
				"west": { "uv": [ 5.5, 0.5, 10.5, 6 ], "texture": "#textureA8" },
				"east": { "uv": [ 5.5, 0.5, 10.5, 6 ], "texture": "#textureA8" }
			}
		},
		{
			"__comment": "h2_m1",
			"from": [ 5.625, 11.25, 7.5 ],
			"to": [ 7.625, 16.25, 8.5 ],
			"rotation": { "origin": [ 5.625, 11.25, 7.5 ], "axis": "z", "angle": 45 },
			"faces": {
				"down": { "uv": [ 5.5, 5.5, 7.5, 6.5 ], "texture": "#texture2A8" },
				"up": { "uv": [ 5.5, 9.5, 7.5, 10.5 ], "texture": "#texture2A8" },
				"north": { "uv": [ 8.5, 10, 10.5, 15 ], "texture": "#texture2A8" },
				"south": { "uv": [ 5.5, 10, 7.5, 15 ], "texture": "#texture2A8" },
				"west": { "uv": [ 9.5, 10, 10.5, 15 ], "texture": "#texture2A8" },
				"east": { "uv": [ 5.5, 10, 6.5, 15 ], "texture": "#texture2A8" }
			}
		},
		{
			"__comment": "t3_m1",
			"from": [ -5.875, 12.625, 7.25 ],
			"to": [ 2.125, 14.125, 8.75 ],
			"faces": {
				"down": { "uv": [ 4.5, 5.5, 14.5, 10.5 ], "texture": "#textureA8" },
				"up": { "uv": [ 4.5, 5.5, 14.5, 10.5 ], "texture": "#textureA8" },
				"north": { "uv": [ 1.5, 0.5, 11.5, 6 ], "texture": "#textureA8" },
				"south": { "uv": [ 4.5, 0.5, 14.5, 6 ], "texture": "#textureA8" },
				"west": { "uv": [ 5.5, 0.5, 10.5, 6 ], "texture": "#textureA8" },
				"east": { "uv": [ 5.5, 0.5, 10.5, 6 ], "texture": "#textureA8" }
			}
		},
		{
			"__comment": "t4_m1",
			"from": [ -9.75, 13.25, 6.75 ],
			"to": [ -4.25, 16.25, 9.25 ],
			"faces": {
				"down": { "uv": [ 4.5, 5.5, 14.5, 10.5 ], "texture": "#textureA8" },
				"up": { "uv": [ 4.5, 5.5, 14.5, 10.5 ], "texture": "#textureA8" },
				"north": { "uv": [ 1.5, 0.5, 11.5, 6 ], "texture": "#textureA8" },
				"south": { "uv": [ 4.5, 0.5, 14.5, 6 ], "texture": "#textureA8" },
				"west": { "uv": [ 5.5, 0.5, 10.5, 6 ], "texture": "#textureA8" },
				"east": { "uv": [ 5.5, 0.5, 10.5, 6 ], "texture": "#textureA8" }
			}
		},
		{
			"__comment": "t5_m1",
			"from": [ -13.875, 15.5, 7.5 ],
			"to": [ -8.375, 17.5, 8.5 ],
			"rotation": { "origin": [ -13.875, 15.5, 7.5 ], "axis": "z", "angle": -22.5 },
			"faces": {
				"down": { "uv": [ 4.5, 5.5, 14.5, 10.5 ], "texture": "#textureA8" },
				"up": { "uv": [ 4.5, 5.5, 14.5, 10.5 ], "texture": "#textureA8" },
				"north": { "uv": [ 1.5, 0.5, 11.5, 6 ], "texture": "#textureA8" },
				"south": { "uv": [ 4.5, 0.5, 14.5, 6 ], "texture": "#textureA8" },
				"west": { "uv": [ 5.5, 0.5, 10.5, 6 ], "texture": "#textureA8" },
				"east": { "uv": [ 5.5, 0.5, 10.5, 6 ], "texture": "#textureA8" }
			}
		},
		{
			"__comment": "h5_m1",
			"from": [ -11.375, 16, 7.75 ],
			"to": [ -10.375, 20, 8.25 ],
			"rotation": { "origin": [ -11.375, 16, 7.75 ], "axis": "z", "angle": 22.5 },
			"faces": {
				"down": { "uv": [ 5.5, 5.5, 7.5, 6.5 ], "texture": "#texture2A8" },
				"up": { "uv": [ 5.5, 9.5, 7.5, 10.5 ], "texture": "#texture2A8" },
				"north": { "uv": [ 8.5, 10, 10.5, 15 ], "texture": "#texture2A8" },
				"south": { "uv": [ 5.5, 10, 7.5, 15 ], "texture": "#texture2A8" },
				"west": { "uv": [ 9.5, 10, 10.5, 15 ], "texture": "#texture2A8" },
				"east": { "uv": [ 5.5, 10, 6.5, 15 ], "texture": "#texture2A8" }
			}
		},
		{
			"__comment": "1",
			"from": [ 5.375, 12, 5 ],
			"to": [ 30.375, 29.5, 5.001 ],
			"faces": {
				"north": { "uv": [ 16, 4.5, 2.5, 16 ], "texture": "#texture" },
				"south": { "uv": [ 2.5, 5, 16, 16 ], "texture": "#texture" }
			}
		},
		{
			"__comment": "1",
			"from": [ 5, 12, 11 ],
			"to": [ 30.5, 30, 11.001 ],
			"faces": {
				"north": { "uv": [ 16, 4.5, 2.5, 16 ], "texture": "#texture" },
				"south": { "uv": [ 2.5, 5, 16, 16 ], "texture": "#texture" }
			}
		},
		{
			"__comment": "1",
			"from": [ 4.375, 12.25, -5 ],
			"to": [ 31.875, 30.25, -4.999 ],
			"rotation": { "origin": [ 4.375, 12.25, -5 ], "axis": "y", "angle": -22.5 },
			"faces": {
				"north": { "uv": [ 16, 4.5, 2.5, 16 ], "texture": "#texture2" },
				"south": { "uv": [ 2.5, 5, 16, 16 ], "texture": "#texture2" }
			}
		},
		{
			"__comment": "1",
			"from": [ 4.5, 12, 21 ],
			"to": [ 32, 30.5, 21.001 ],
			"rotation": { "origin": [ 4.5, 12, 21 ], "axis": "y", "angle": 22.5 },
			"faces": {
				"north": { "uv": [ 16, 4.5, 2.5, 16 ], "texture": "#texture2" },
				"south": { "uv": [ 2.5, 5, 16, 16 ], "texture": "#texture2" }
			}
		},
		{
			"__comment": "PlaneX3",
			"from": [ 14.75, 11.5, -9.25 ],
			"to": [ 14.751, 31.5, 12.25 ],
			"rotation": { "origin": [ 14.75, 11.5, -9.25 ], "axis": "y", "angle": 45 },
			"faces": {
				"west": { "uv": [ 3, 4.5, 16, 16 ], "texture": "#texture3" },
				"east": { "uv": [ 16, 4.5, 3, 16 ], "texture": "#texture3" }
			}
		},
		{
			"__comment": "PlaneX3",
			"from": [ 30, 11.5, 10.5 ],
			"to": [ 30.001, 31.5, 32 ],
			"rotation": { "origin": [ 30, 11.5, 10.5 ], "axis": "y", "angle": -45 },
			"faces": {
				"west": { "uv": [ 16, 4.5, 3, 16 ], "texture": "#texture3" },
				"east": { "uv": [ 3, 4.5, 16, 16 ], "texture": "#texture3" }
			}
		},
		{
			"__comment": "PlaneX3",
			"from": [ 21.625, 11.5, -14.5 ],
			"to": [ 21.626, 31.5, 7 ],
			"rotation": { "origin": [ 21.625, 11.5, -14.5 ], "axis": "y", "angle": 22.5 },
			"faces": {
				"west": { "uv": [ 3, 4.5, 16, 16 ], "texture": "#texture4" },
				"east": { "uv": [ 16, 4.5, 3, 16 ], "texture": "#texture4" }
			}
		},
		{
			"__comment": "PlaneX3",
			"from": [ 30, 11.5, 10.5 ],
			"to": [ 30.001, 31.5, 32 ],
			"rotation": { "origin": [ 30, 11.5, 10.5 ], "axis": "y", "angle": -22.5 },
			"faces": {
				"west": { "uv": [ 16, 4.5, 3, 16 ], "texture": "#texture4" },
				"east": { "uv": [ 3, 4.5, 16, 16 ], "texture": "#texture4" }
			}
		},
		{
			"__comment": "PlaneX3",
			"from": [ 29.375, 11.5, -16 ],
			"to": [ 29.376, 31.5, 5.5 ],
			"faces": {
				"west": { "uv": [ 3, 4.5, 16, 16 ], "texture": "#texture5" },
				"east": { "uv": [ 16, 4.5, 3, 16 ], "texture": "#texture5" }
			}
		},
		{
			"__comment": "PlaneX3",
			"from": [ 30, 11.75, 10.5 ],
			"to": [ 30.001, 31.75, 32 ],
			"faces": {
				"west": { "uv": [ 16, 4.5, 3, 16 ], "texture": "#texture5" },
				"east": { "uv": [ 3, 4.5, 16, 16 ], "texture": "#texture5" }
			}
		}
	],
	"display": {
		"thirdperson_righthand": {
			"rotation":  [ 25, -141, 9 ],
			"translation":  [ 4.1741, -0.695, -3.478 ],
			"scale":  [ 0.5, 0.5, 0.5 ]
		},
		"thirdperson_lefthand": {
			"rotation":  [ 92, -90, 0 ],
			"translation":  [ -5.999, -21.56, -2.782 ],
			"scale":  [ 0.8, 0.8, 0.8 ]
		},
		"firstperson_righthand": {
			"rotation":  [ 36, 95, 0 ],
			"translation":  [ 7.6521, -4.869, 0 ]
		},
		"firstperson_lefthand": {
			"rotation":  [ 36, 95, 0 ],
			"translation":  [ 7.6521, -4.869, 0 ],
			"scale":  [ 0.0001, 0.0001, 0.0001 ]
		},
		"gui": {
			"rotation":  [ 10, 17, 14 ],
			"translation":  [ -0.695, -4.173, 3 ],
			"scale":  [ 0.7, 0.7, 0.7 ]
		},
		"fixed": {
			"rotation":  [ 0, 180, 0 ]
		}
	}
}