{
	"textures": {
	    "particle": "blocks/leaves_birch",
    "all": "blocks/leaves_birch",
    "extra": "blocks/better_leaves_birch"
	},
    "variants": {
        "normal": [
		{ "model": "better_leaves_birch1" },
		{ "model": "better_leaves_birch1", "y": 90  },
		{ "model": "better_leaves_birch1", "y": 180 },
		{ "model": "better_leaves_birch1", "y": 270 },
		
		{ "model": "better_leaves_birch2" },
		{ "model": "better_leaves_birch2", "y": 90  },
		{ "model": "better_leaves_birch2", "y": 180 },
		{ "model": "better_leaves_birch2", "y": 270 }
				]
		}
}
