{
	"textures": {
	    "particle": "blocks/leaves_oak",
    "all": "blocks/leaves_oak",
    "extra": "blocks/better_leaves_oak"
	},
    "variants": {
        "normal": [
		{ "model": "better_leaves_oak1" },
		{ "model": "better_leaves_oak1", "y": 90  },
		{ "model": "better_leaves_oak1", "y": 180 },
		{ "model": "better_leaves_oak1", "y": 270 },
		
		{ "model": "better_leaves_oak2" },
		{ "model": "better_leaves_oak2", "y": 90  },
		{ "model": "better_leaves_oak2", "y": 180 },
		{ "model": "better_leaves_oak2", "y": 270 }
				]
		}
}
