{
"custom.furry":{
	"sounds":[{"name":"custom/etskill/furry","stream":true}],"category":"block"},

"custom.magic3":{
	"sounds":[{"name":"custom/se/magic3","stream":true}],"category":"block"},
"custom.leakage":{
	"sounds":[{"name":"custom/se/leakage","stream":true}],"category":"block"},
"custom.thunder9":{
	"sounds":[{"name":"custom/se/thunder9","stream":true}],"category":"block"},
"custom.quit":{
	"sounds":[{"name":"custom/se/quit","stream":true}],"category":"block"},
"custom.fire":{
	"sounds":[{"name":"custom/se/fire","stream":true}],"category":"block"},
"custom.ltsfd":{
	"sounds":[{"name":"custom/se/ltsfd","stream":true}],"category":"block"},


"custom.story1":{
	"sounds":[{"name":"custom/vocal/story1","stream":true}],"category":"block"}
}