{
"__comment": "Designed by S9855027 with BDcraft Cubik PRO 0.96 Beta - http://bdcraft.net",
"textures": {
    "particle": "blocks/leaves_big_oak",
    "texture": "blocks/leaves_oak1"
},
"elements": [ 
{
    "from": [ -2, -1, -1 ],
    "to": [ 18, 17, -0.9375 ],
    "shade": false,
    "faces": {
        "north": { "uv": [ 0, 0, 16, 16 ], "texture": "#texture", "tintindex": 0 },
        "south": { "uv": [ 0, 0, 16, 16 ], "texture": "#texture", "tintindex": 0 }
    }
},
{
    "from": [ -2, -1, 17 ],
    "to": [ 18, 17, 17.0625 ],
    "shade": false,
    "faces": {
        "north": { "uv": [ 0, 0, 16, 16 ], "texture": "#texture", "tintindex": 0 },
        "south": { "uv": [ 0, 0, 16, 16 ], "texture": "#texture", "tintindex": 0 }
    }
},
{
    "from": [ -3, -2, 8 ],
    "to": [ 19, 18, 8.0625 ],
    "shade": false,
    "faces": {
        "north": { "uv": [ 0, 0, 16, 16 ], "texture": "#texture", "tintindex": 0 },
        "south": { "uv": [ 0, 0, 16, 16 ], "texture": "#texture", "tintindex": 0 }
    }
},
{
    "from": [ -3, -2, 12 ],
    "to": [ 19, 18, 12.0625 ],
    "shade": false,
    "faces": {
        "north": { "uv": [ 0, 0, 16, 16 ], "texture": "#texture", "tintindex": 0 },
        "south": { "uv": [ 0, 0, 16, 16 ], "texture": "#texture", "tintindex": 0 }
    }
},
{
    "from": [ -3, -2, 4 ],
    "to": [ 19, 18, 4.0625 ],
    "shade": false,
    "faces": {
        "north": { "uv": [ 0, 0, 16, 16 ], "texture": "#texture", "tintindex": 0 },
        "south": { "uv": [ 0, 0, 16, 16 ], "texture": "#texture", "tintindex": 0 }
    }
},
{
    "from": [ 0, 0, -2 ],
    "to": [ 0.0625, 16, 18 ],
    "shade": false,
    "faces": {
        "west":  { "uv": [ 0, 0, 16, 16 ], "texture": "#texture", "tintindex": 0 },
        "east":  { "uv": [ 0, 0, 16, 16 ], "texture": "#texture", "tintindex": 0 }
    }
},
{
    "from": [ 8, -1.5, -2 ],
    "to": [ 8.0625, 17.5, 18 ],
    "shade": false,
    "faces": {
        "west":  { "uv": [ 0, 0, 16, 16 ], "texture": "#texture", "tintindex": 0 },
        "east":  { "uv": [ 0, 0, 16, 16 ], "texture": "#texture", "tintindex": 0 }
    }
},
{
    "from": [ 16, 0, -2 ],
    "to": [ 16.0625, 16, 18 ],
    "shade": false,
    "faces": {
        "west":  { "uv": [ 0, 0, 16, 16 ], "texture": "#texture", "tintindex": 0 },
        "east":  { "uv": [ 0, 0, 16, 16 ], "texture": "#texture", "tintindex": 0 }
    }
},
{
    "from": [ -1, 15.9375, -1 ],
    "to": [ 17, 16, 17 ],
    "shade": false,
    "faces": {
        "down":  { "uv": [ 16, 16, 0, 0 ], "texture": "#texture", "tintindex": 0 },
        "up":    { "uv": [ 0, 0, 16, 16 ], "texture": "#texture", "tintindex": 0 }
    }
},
{
    "from": [ -1, 7.9375, -1 ],
    "to": [ 17, 8, 17 ],
    "shade": false,
    "faces": {
        "down":  { "uv": [ 16, 16, 0, 0 ], "texture": "#texture", "tintindex": 0 },
        "up":    { "uv": [ 0, 0, 16, 16 ], "texture": "#texture", "tintindex": 0 }
    }
},
{
    "from": [ -1, -0.0625, -1 ],
    "to": [ 17, 0, 17 ],
    "shade": false,
    "faces": {
        "down":  { "uv": [ 16, 16, 0, 0 ], "texture": "#texture", "tintindex": 0 },
        "up":    { "uv": [ 0, 0, 16, 16 ], "texture": "#texture", "tintindex": 0 }
    }
},
{
    "from": [ -0.5, -2, -0.5 ],
    "to": [ -0.4375, 18, 23.5 ],
    "shade": false,
    "rotation": { "origin": [ -0.5, -2, -0.5 ], "axis": "y", "angle": 45 },
    "faces": {
        "west":  { "uv": [ 0, 0, 16, 16 ], "texture": "#texture", "tintindex": 0 },
        "east":  { "uv": [ 0, 0, 16, 16 ], "texture": "#texture", "tintindex": 0 }
    }
},
{
    "from": [ 16.5, -2, -0.5625 ],
    "to": [ 16.5625, 18, 23.4375 ],
    "shade": false,
    "rotation": { "origin": [ 16.5, -2, -0.5625 ], "axis": "y", "angle": -45 },
    "faces": {
        "west":  { "uv": [ 0, 0, 16, 16 ], "texture": "#texture", "tintindex": 0 },
        "east":  { "uv": [ 0, 0, 16, 16 ], "texture": "#texture", "tintindex": 0 }
    }
}
]
}