{
	"__comment": "Designed by Zeibo with Cubik Studio - https://cubik.studio",
	"textures": {
		"particle": "blocks/e_particle",
		"texture": "story/story009"
	},
	"elements": [ 	 
		{
			"__comment": "PlaneZ1",
			"from": [ -15.25, -15.125, -2 ],
			"to": [ 31.25, 31.375, -1.999 ],
			"faces": {
				"north": { "uv": [ 0, 0, 16, 16 ], "texture": "#texture" },
				"south": { "uv": [ 0, 0, 16, 16 ], "texture": "#texture" }
			}
		}
	],
	"display": {
		"thirdperson_righthand": {
			"scale":  [ 1, 0.1, 0.0001 ]
		},
		"thirdperson_lefthand": {
			"scale":  [ 1, 0.1, 0.0001 ]
		},
		"firstperson_righthand": {
			"translation":  [ -9.043, 8.3478, -2.086 ],
			"scale":  [ 1.3, 1, 1 ]
		},
		"firstperson_lefthand": {
			"translation":  [ -9.043, 8.3478, -2.086 ],
			"scale":  [ 1.4, 1.2, 1 ]
		},
		"gui": {
			"scale":  [ 0.0001, 0.0001, 0.0001 ]
		},
		"head": {
			"translation":  [ 0, 16, 2.0869 ],
			"scale":  [ 4, 4, 1 ]
		}
	}
}