{
	"__comment": "Designed by Zeibo with Cubik Studio - https://cubik.studio",
	"textures": {
		"particle": "blocks/e_particle",
		"texture": "blocks/e_texture",
		"3": "weapons/3"
	},
	"elements": [ 	 
		{
			"__comment": "C",
			"from": [ 5.75, 8, -9.25 ],
			"to": [ 6.125, 9, -7 ],
			"faces": {
				"down": { "uv": [ 7.25, 3, 7.375, 2.25 ], "texture": "#3" },
				"up": { "uv": [ 7.25, 2.25, 7.375, 3 ], "texture": "#3" },
				"north": { "uv": [ 7.375, 2.25, 7.25, 2.375 ], "texture": "#3" },
				"south": { "uv": [ 7.25, 2.875, 7.375, 3 ], "texture": "#3" },
				"west": { "uv": [ 7.25, 2.25, 7.375, 3 ], "texture": "#3", "rotation": 270 },
				"east": { "uv": [ 7.375, 3, 7.25, 2.25 ], "texture": "#3", "rotation": 270 }
			}
		},
		{
			"__comment": "C1",
			"from": [ 6.125, 8, -9.625 ],
			"to": [ 6.5, 9, -9.25 ],
			"faces": {
				"down": { "uv": [ 7.375, 2.25, 7.5, 2.125 ], "texture": "#3" },
				"up": { "uv": [ 7.375, 2.125, 7.5, 2.25 ], "texture": "#3" },
				"north": { "uv": [ 7.5, 2.125, 7.375, 2.25 ], "texture": "#3" },
				"south": { "uv": [ 7.375, 2.125, 7.5, 2.25 ], "texture": "#3" },
				"west": { "uv": [ 7.375, 2.125, 7.5, 2.25 ], "texture": "#3", "rotation": 270 },
				"east": { "uv": [ 7.5, 2.25, 7.375, 2.125 ], "texture": "#3", "rotation": 270 }
			}
		},
		{
			"__comment": "C2",
			"from": [ 6.125, 8, -7 ],
			"to": [ 6.5, 9, -6.625 ],
			"faces": {
				"down": { "uv": [ 7.375, 3.125, 7.5, 3 ], "texture": "#3" },
				"up": { "uv": [ 7.375, 3, 7.5, 3.125 ], "texture": "#3" },
				"north": { "uv": [ 7.5, 3, 7.375, 3.125 ], "texture": "#3" },
				"south": { "uv": [ 7.375, 3, 7.5, 3.125 ], "texture": "#3" },
				"west": { "uv": [ 7.375, 3, 7.5, 3.125 ], "texture": "#3", "rotation": 270 },
				"east": { "uv": [ 7.5, 3.125, 7.375, 3 ], "texture": "#3", "rotation": 270 }
			}
		},
		{
			"__comment": "C3",
			"from": [ 6.5, 8, -10 ],
			"to": [ 6.875, 9, -9.625 ],
			"faces": {
				"down": { "uv": [ 7.5, 2.125, 7.625, 2 ], "texture": "#3" },
				"up": { "uv": [ 7.5, 2, 7.625, 2.125 ], "texture": "#3" },
				"north": { "uv": [ 7.625, 2, 7.5, 2.125 ], "texture": "#3" },
				"south": { "uv": [ 7.5, 2, 7.625, 2.125 ], "texture": "#3" },
				"west": { "uv": [ 7.5, 2, 7.625, 2.125 ], "texture": "#3", "rotation": 270 },
				"east": { "uv": [ 7.625, 2.125, 7.5, 2 ], "texture": "#3", "rotation": 270 }
			}
		},
		{
			"__comment": "C4",
			"from": [ 6.5, 8, -6.625 ],
			"to": [ 6.875, 9, -6.25 ],
			"faces": {
				"down": { "uv": [ 7.5, 3.25, 7.625, 3.125 ], "texture": "#3" },
				"up": { "uv": [ 7.5, 3.125, 7.625, 3.25 ], "texture": "#3" },
				"north": { "uv": [ 7.625, 3.125, 7.5, 3.25 ], "texture": "#3" },
				"south": { "uv": [ 7.5, 3.125, 7.625, 3.25 ], "texture": "#3" },
				"west": { "uv": [ 7.5, 3.125, 7.625, 3.25 ], "texture": "#3", "rotation": 270 },
				"east": { "uv": [ 7.625, 3.25, 7.5, 3.125 ], "texture": "#3", "rotation": 270 }
			}
		},
		{
			"__comment": "C5",
			"from": [ 6.875, 8, -6.25 ],
			"to": [ 7.25, 9, -5.5 ],
			"faces": {
				"down": { "uv": [ 7.625, 3.5, 7.75, 3.25 ], "texture": "#3" },
				"up": { "uv": [ 7.625, 3.25, 7.75, 3.5 ], "texture": "#3" },
				"north": { "uv": [ 7.75, 3.25, 7.625, 3.375 ], "texture": "#3" },
				"south": { "uv": [ 7.625, 3.375, 7.75, 3.5 ], "texture": "#3" },
				"west": { "uv": [ 7.625, 3.25, 7.75, 3.5 ], "texture": "#3", "rotation": 270 },
				"east": { "uv": [ 7.75, 3.5, 7.625, 3.25 ], "texture": "#3", "rotation": 270 }
			}
		},
		{
			"__comment": "C6",
			"from": [ 6.875, 8, 27.5 ],
			"to": [ 7.25, 9, 29.75 ],
			"faces": {
				"down": { "uv": [ 7.625, 15.25, 7.75, 14.5 ], "texture": "#3" },
				"up": { "uv": [ 7.625, 14.5, 7.75, 15.25 ], "texture": "#3" },
				"north": { "uv": [ 7.75, 14.5, 7.625, 14.625 ], "texture": "#3" },
				"south": { "uv": [ 7.625, 15.125, 7.75, 15.25 ], "texture": "#3" },
				"west": { "uv": [ 7.625, 14.5, 7.75, 15.25 ], "texture": "#3", "rotation": 270 },
				"east": { "uv": [ 7.75, 15.25, 7.625, 14.5 ], "texture": "#3", "rotation": 270 }
			}
		},
		{
			"__comment": "C7",
			"from": [ 7.25, 8, -5.875 ],
			"to": [ 7.625, 9, -5.5 ],
			"faces": {
				"down": { "uv": [ 7.75, 3.5, 7.875, 3.375 ], "texture": "#3" },
				"up": { "uv": [ 7.75, 3.375, 7.875, 3.5 ], "texture": "#3" },
				"north": { "uv": [ 7.875, 3.375, 7.75, 3.5 ], "texture": "#3" },
				"south": { "uv": [ 7.75, 3.375, 7.875, 3.5 ], "texture": "#3" },
				"west": { "uv": [ 7.75, 3.375, 7.875, 3.5 ], "texture": "#3", "rotation": 270 },
				"east": { "uv": [ 7.875, 3.5, 7.75, 3.375 ], "texture": "#3", "rotation": 270 }
			}
		},
		{
			"__comment": "C8",
			"from": [ 7.25, 8, 26.75 ],
			"to": [ 8, 9, 27.125 ],
			"faces": {
				"down": { "uv": [ 7.75, 14.375, 8, 14.25 ], "texture": "#3" },
				"up": { "uv": [ 7.75, 14.25, 8, 14.375 ], "texture": "#3" },
				"north": { "uv": [ 8, 14.25, 7.75, 14.375 ], "texture": "#3" },
				"south": { "uv": [ 7.75, 14.25, 8, 14.375 ], "texture": "#3" },
				"west": { "uv": [ 7.75, 14.25, 7.875, 14.375 ], "texture": "#3", "rotation": 270 },
				"east": { "uv": [ 8, 14.375, 7.875, 14.25 ], "texture": "#3", "rotation": 270 }
			}
		},
		{
			"__comment": "C9",
			"from": [ 7.25, 8, 27.125 ],
			"to": [ 7.625, 9, 27.5 ],
			"faces": {
				"down": { "uv": [ 7.75, 14.5, 7.875, 14.375 ], "texture": "#3" },
				"up": { "uv": [ 7.75, 14.375, 7.875, 14.5 ], "texture": "#3" },
				"north": { "uv": [ 7.875, 14.375, 7.75, 14.5 ], "texture": "#3" },
				"south": { "uv": [ 7.75, 14.375, 7.875, 14.5 ], "texture": "#3" },
				"west": { "uv": [ 7.75, 14.375, 7.875, 14.5 ], "texture": "#3", "rotation": 270 },
				"east": { "uv": [ 7.875, 14.5, 7.75, 14.375 ], "texture": "#3", "rotation": 270 }
			}
		},
		{
			"__comment": "C10",
			"from": [ 7.25, 8, 29.75 ],
			"to": [ 7.625, 9, 30.125 ],
			"faces": {
				"down": { "uv": [ 7.75, 15.375, 7.875, 15.25 ], "texture": "#3" },
				"up": { "uv": [ 7.75, 15.25, 7.875, 15.375 ], "texture": "#3" },
				"north": { "uv": [ 7.875, 15.25, 7.75, 15.375 ], "texture": "#3" },
				"south": { "uv": [ 7.75, 15.25, 7.875, 15.375 ], "texture": "#3" },
				"west": { "uv": [ 7.75, 15.25, 7.875, 15.375 ], "texture": "#3", "rotation": 270 },
				"east": { "uv": [ 7.875, 15.375, 7.75, 15.25 ], "texture": "#3", "rotation": 270 }
			}
		},
		{
			"__comment": "C11",
			"from": [ 7.625, 8, -5.5 ],
			"to": [ 8, 9, -5.125 ],
			"faces": {
				"down": { "uv": [ 7.875, 3.625, 8, 3.5 ], "texture": "#3" },
				"up": { "uv": [ 7.875, 3.5, 8, 3.625 ], "texture": "#3" },
				"north": { "uv": [ 8, 3.5, 7.875, 3.625 ], "texture": "#3" },
				"south": { "uv": [ 7.875, 3.5, 8, 3.625 ], "texture": "#3" },
				"west": { "uv": [ 7.875, 3.5, 8, 3.625 ], "texture": "#3", "rotation": 270 },
				"east": { "uv": [ 8, 3.625, 7.875, 3.5 ], "texture": "#3", "rotation": 270 }
			}
		},
		{
			"__comment": "C12",
			"from": [ 7.625, 8, 11 ],
			"to": [ 8, 9, 15.5 ],
			"faces": {
				"down": { "uv": [ 7.875, 10.5, 8, 9 ], "texture": "#3" },
				"up": { "uv": [ 7.875, 9, 8, 10.5 ], "texture": "#3" },
				"north": { "uv": [ 8, 9, 7.875, 9.125 ], "texture": "#3" },
				"south": { "uv": [ 7.875, 10.375, 8, 10.5 ], "texture": "#3" },
				"west": { "uv": [ 7.875, 9, 8, 10.5 ], "texture": "#3", "rotation": 270 },
				"east": { "uv": [ 8, 10.5, 7.875, 9 ], "texture": "#3", "rotation": 270 }
			}
		},
		{
			"__comment": "C13",
			"from": [ 7.625, 8, 26.375 ],
			"to": [ 8.375, 9, 26.75 ],
			"faces": {
				"down": { "uv": [ 7.875, 14.25, 8.125, 14.125 ], "texture": "#3" },
				"up": { "uv": [ 7.875, 14.125, 8.125, 14.25 ], "texture": "#3" },
				"north": { "uv": [ 8.125, 14.125, 7.875, 14.25 ], "texture": "#3" },
				"south": { "uv": [ 7.875, 14.125, 8.125, 14.25 ], "texture": "#3" },
				"west": { "uv": [ 7.875, 14.125, 8, 14.25 ], "texture": "#3", "rotation": 270 },
				"east": { "uv": [ 8.125, 14.25, 8, 14.125 ], "texture": "#3", "rotation": 270 }
			}
		},
		{
			"__comment": "C14",
			"from": [ 7.625, 8, 30.125 ],
			"to": [ 8, 9, 30.875 ],
			"faces": {
				"down": { "uv": [ 7.875, 15.625, 8, 15.375 ], "texture": "#3" },
				"up": { "uv": [ 7.875, 15.375, 8, 15.625 ], "texture": "#3" },
				"north": { "uv": [ 8, 15.375, 7.875, 15.5 ], "texture": "#3" },
				"south": { "uv": [ 7.875, 15.5, 8, 15.625 ], "texture": "#3" },
				"west": { "uv": [ 7.875, 15.375, 8, 15.625 ], "texture": "#3", "rotation": 270 },
				"east": { "uv": [ 8, 15.625, 7.875, 15.375 ], "texture": "#3", "rotation": 270 }
			}
		},
		{
			"__comment": "C15",
			"from": [ 8, 8, -5.125 ],
			"to": [ 8.375, 9, 3.125 ],
			"faces": {
				"down": { "uv": [ 8, 6.375, 8.125, 3.625 ], "texture": "#3" },
				"up": { "uv": [ 8, 3.625, 8.125, 6.375 ], "texture": "#3" },
				"north": { "uv": [ 8.125, 3.625, 8, 3.75 ], "texture": "#3" },
				"south": { "uv": [ 8, 6.25, 8.125, 6.375 ], "texture": "#3" },
				"west": { "uv": [ 8, 3.625, 8.125, 6.375 ], "texture": "#3", "rotation": 270 },
				"east": { "uv": [ 8.125, 6.375, 8, 3.625 ], "texture": "#3", "rotation": 270 }
			}
		},
		{
			"__comment": "C16",
			"from": [ 8, 8, 15.125 ],
			"to": [ 8.375, 9, 26.375 ],
			"faces": {
				"down": { "uv": [ 8, 14.125, 8.125, 10.375 ], "texture": "#3" },
				"up": { "uv": [ 8, 10.375, 8.125, 14.125 ], "texture": "#3" },
				"north": { "uv": [ 8.125, 10.375, 8, 10.5 ], "texture": "#3" },
				"south": { "uv": [ 8, 14, 8.125, 14.125 ], "texture": "#3" },
				"west": { "uv": [ 8, 10.375, 8.125, 14.125 ], "texture": "#3", "rotation": 270 },
				"east": { "uv": [ 8.125, 14.125, 8, 10.375 ], "texture": "#3", "rotation": 270 }
			}
		},
		{
			"__comment": "C17",
			"from": [ 8, 8, 30.5 ],
			"to": [ 8.75, 9, 30.875 ],
			"faces": {
				"down": { "uv": [ 8, 15.625, 8.25, 15.5 ], "texture": "#3" },
				"up": { "uv": [ 8, 15.5, 8.25, 15.625 ], "texture": "#3" },
				"north": { "uv": [ 8.25, 15.5, 8, 15.625 ], "texture": "#3" },
				"south": { "uv": [ 8, 15.5, 8.25, 15.625 ], "texture": "#3" },
				"west": { "uv": [ 8, 15.5, 8.125, 15.625 ], "texture": "#3", "rotation": 270 },
				"east": { "uv": [ 8.25, 15.625, 8.125, 15.5 ], "texture": "#3", "rotation": 270 }
			}
		},
		{
			"__comment": "C18",
			"from": [ 8.375, 8, 30.125 ],
			"to": [ 8.75, 9, 30.5 ],
			"faces": {
				"down": { "uv": [ 8.125, 15.5, 8.25, 15.375 ], "texture": "#3" },
				"up": { "uv": [ 8.125, 15.375, 8.25, 15.5 ], "texture": "#3" },
				"north": { "uv": [ 8.25, 15.375, 8.125, 15.5 ], "texture": "#3" },
				"south": { "uv": [ 8.125, 15.375, 8.25, 15.5 ], "texture": "#3" },
				"west": { "uv": [ 8.125, 15.375, 8.25, 15.5 ], "texture": "#3", "rotation": 270 },
				"east": { "uv": [ 8.25, 15.5, 8.125, 15.375 ], "texture": "#3", "rotation": 270 }
			}
		},
		{
			"__comment": "C19",
			"from": [ 8.75, 8, 29.75 ],
			"to": [ 9.5, 9, 30.125 ],
			"faces": {
				"down": { "uv": [ 8.25, 15.375, 8.5, 15.25 ], "texture": "#3" },
				"up": { "uv": [ 8.25, 15.25, 8.5, 15.375 ], "texture": "#3" },
				"north": { "uv": [ 8.5, 15.25, 8.25, 15.375 ], "texture": "#3" },
				"south": { "uv": [ 8.25, 15.25, 8.5, 15.375 ], "texture": "#3" },
				"west": { "uv": [ 8.25, 15.25, 8.375, 15.375 ], "texture": "#3", "rotation": 270 },
				"east": { "uv": [ 8.5, 15.375, 8.375, 15.25 ], "texture": "#3", "rotation": 270 }
			}
		}
	]
}