{
	"__comment": "Designed by Zeibo with Cubik Studio - https://cubik.studio",
	"textures": {
		"particle": "blocks/e_particle",
		"texture": "blocks/e_texture",
		"5": "weapons/5"
	},
	"elements": [ 	 
		{
			"__comment": "E",
			"from": [ 5.75, 8, -10 ],
			"to": [ 6.5, 8.5, -9.625 ],
			"faces": {
				"down": { "uv": [ 7.25, 2.125, 7.5, 2 ], "texture": "#5" },
				"up": { "uv": [ 7.25, 2, 7.5, 2.125 ], "texture": "#5" },
				"north": { "uv": [ 7.5, 2, 7.25, 2.125 ], "texture": "#5" },
				"south": { "uv": [ 7.25, 2, 7.5, 2.125 ], "texture": "#5" },
				"west": { "uv": [ 7.25, 2, 7.375, 2.125 ], "texture": "#5", "rotation": 270 },
				"east": { "uv": [ 7.5, 2.125, 7.375, 2 ], "texture": "#5", "rotation": 270 }
			}
		},
		{
			"__comment": "E1",
			"from": [ 5.75, 8, -9.625 ],
			"to": [ 6.125, 8.5, -9.25 ],
			"faces": {
				"down": { "uv": [ 7.25, 2.25, 7.375, 2.125 ], "texture": "#5" },
				"up": { "uv": [ 7.25, 2.125, 7.375, 2.25 ], "texture": "#5" },
				"north": { "uv": [ 7.375, 2.125, 7.25, 2.25 ], "texture": "#5" },
				"south": { "uv": [ 7.25, 2.125, 7.375, 2.25 ], "texture": "#5" },
				"west": { "uv": [ 7.25, 2.125, 7.375, 2.25 ], "texture": "#5", "rotation": 270 },
				"east": { "uv": [ 7.375, 2.25, 7.25, 2.125 ], "texture": "#5", "rotation": 270 }
			}
		},
		{
			"__comment": "E2",
			"from": [ 6.125, 8, -10.75 ],
			"to": [ 9.125, 8.5, -10.375 ],
			"faces": {
				"down": { "uv": [ 7.375, 1.875, 8.375, 1.75 ], "texture": "#5" },
				"up": { "uv": [ 7.375, 1.75, 8.375, 1.875 ], "texture": "#5" },
				"north": { "uv": [ 8.375, 1.75, 7.375, 1.875 ], "texture": "#5" },
				"south": { "uv": [ 7.375, 1.75, 8.375, 1.875 ], "texture": "#5" },
				"west": { "uv": [ 7.375, 1.75, 7.5, 1.875 ], "texture": "#5", "rotation": 270 },
				"east": { "uv": [ 8.375, 1.875, 8.25, 1.75 ], "texture": "#5", "rotation": 270 }
			}
		},
		{
			"__comment": "E3",
			"from": [ 6.125, 8, -10.375 ],
			"to": [ 7.25, 8.5, -10 ],
			"faces": {
				"down": { "uv": [ 7.375, 2, 7.75, 1.875 ], "texture": "#5" },
				"up": { "uv": [ 7.375, 1.875, 7.75, 2 ], "texture": "#5" },
				"north": { "uv": [ 7.75, 1.875, 7.375, 2 ], "texture": "#5" },
				"south": { "uv": [ 7.375, 1.875, 7.75, 2 ], "texture": "#5" },
				"west": { "uv": [ 7.375, 1.875, 7.5, 2 ], "texture": "#5", "rotation": 270 },
				"east": { "uv": [ 7.75, 2, 7.625, 1.875 ], "texture": "#5", "rotation": 270 }
			}
		},
		{
			"__comment": "E4",
			"from": [ 6.5, 8, -11.125 ],
			"to": [ 8.375, 8.5, -10.75 ],
			"faces": {
				"down": { "uv": [ 7.5, 1.75, 8.125, 1.625 ], "texture": "#5" },
				"up": { "uv": [ 7.5, 1.625, 8.125, 1.75 ], "texture": "#5" },
				"north": { "uv": [ 8.125, 1.625, 7.5, 1.75 ], "texture": "#5" },
				"south": { "uv": [ 7.5, 1.625, 8.125, 1.75 ], "texture": "#5" },
				"west": { "uv": [ 7.5, 1.625, 7.625, 1.75 ], "texture": "#5", "rotation": 270 },
				"east": { "uv": [ 8.125, 1.75, 8, 1.625 ], "texture": "#5", "rotation": 270 }
			}
		},
		{
			"__comment": "E5",
			"from": [ 6.875, 8, -11.5 ],
			"to": [ 8.375, 8.5, -11.125 ],
			"faces": {
				"down": { "uv": [ 7.625, 1.625, 8.125, 1.5 ], "texture": "#5" },
				"up": { "uv": [ 7.625, 1.5, 8.125, 1.625 ], "texture": "#5" },
				"north": { "uv": [ 8.125, 1.5, 7.625, 1.625 ], "texture": "#5" },
				"south": { "uv": [ 7.625, 1.5, 8.125, 1.625 ], "texture": "#5" },
				"west": { "uv": [ 7.625, 1.5, 7.75, 1.625 ], "texture": "#5", "rotation": 270 },
				"east": { "uv": [ 8.125, 1.625, 8, 1.5 ], "texture": "#5", "rotation": 270 }
			}
		},
		{
			"__comment": "E6",
			"from": [ 6.875, 8, 6.125 ],
			"to": [ 7.625, 8.5, 11.75 ],
			"faces": {
				"down": { "uv": [ 7.625, 9.25, 7.875, 7.375 ], "texture": "#5" },
				"up": { "uv": [ 7.625, 7.375, 7.875, 9.25 ], "texture": "#5" },
				"north": { "uv": [ 7.875, 7.375, 7.625, 7.5 ], "texture": "#5" },
				"south": { "uv": [ 7.625, 9.125, 7.875, 9.25 ], "texture": "#5" },
				"west": { "uv": [ 7.625, 7.375, 7.75, 9.25 ], "texture": "#5", "rotation": 270 },
				"east": { "uv": [ 7.875, 9.25, 7.75, 7.375 ], "texture": "#5", "rotation": 270 }
			}
		},
		{
			"__comment": "E7",
			"from": [ 7.25, 8, -12.25 ],
			"to": [ 9.125, 8.5, -11.875 ],
			"faces": {
				"down": { "uv": [ 7.75, 1.375, 8.375, 1.25 ], "texture": "#5" },
				"up": { "uv": [ 7.75, 1.25, 8.375, 1.375 ], "texture": "#5" },
				"north": { "uv": [ 8.375, 1.25, 7.75, 1.375 ], "texture": "#5" },
				"south": { "uv": [ 7.75, 1.25, 8.375, 1.375 ], "texture": "#5" },
				"west": { "uv": [ 7.75, 1.25, 7.875, 1.375 ], "texture": "#5", "rotation": 270 },
				"east": { "uv": [ 8.375, 1.375, 8.25, 1.25 ], "texture": "#5", "rotation": 270 }
			}
		},
		{
			"__comment": "E8",
			"from": [ 7.25, 8, -11.875 ],
			"to": [ 8.75, 8.5, -11.5 ],
			"faces": {
				"down": { "uv": [ 7.75, 1.5, 8.25, 1.375 ], "texture": "#5" },
				"up": { "uv": [ 7.75, 1.375, 8.25, 1.5 ], "texture": "#5" },
				"north": { "uv": [ 8.25, 1.375, 7.75, 1.5 ], "texture": "#5" },
				"south": { "uv": [ 7.75, 1.375, 8.25, 1.5 ], "texture": "#5" },
				"west": { "uv": [ 7.75, 1.375, 7.875, 1.5 ], "texture": "#5", "rotation": 270 },
				"east": { "uv": [ 8.25, 1.5, 8.125, 1.375 ], "texture": "#5", "rotation": 270 }
			}
		},
		{
			"__comment": "E9",
			"from": [ 7.625, 8, -14.125 ],
			"to": [ 8.75, 8.5, -12.25 ],
			"faces": {
				"down": { "uv": [ 7.875, 1.25, 8.25, 0.625 ], "texture": "#5" },
				"up": { "uv": [ 7.875, 0.625, 8.25, 1.25 ], "texture": "#5" },
				"north": { "uv": [ 8.25, 0.625, 7.875, 0.75 ], "texture": "#5" },
				"south": { "uv": [ 7.875, 1.125, 8.25, 1.25 ], "texture": "#5" },
				"west": { "uv": [ 7.875, 0.625, 8, 1.25 ], "texture": "#5", "rotation": 270 },
				"east": { "uv": [ 8.25, 1.25, 8.125, 0.625 ], "texture": "#5", "rotation": 270 }
			}
		},
		{
			"__comment": "E10",
			"from": [ 7.625, 8, -10.375 ],
			"to": [ 8.375, 8.5, -10 ],
			"faces": {
				"down": { "uv": [ 7.875, 2, 8.125, 1.875 ], "texture": "#5" },
				"up": { "uv": [ 7.875, 1.875, 8.125, 2 ], "texture": "#5" },
				"north": { "uv": [ 8.125, 1.875, 7.875, 2 ], "texture": "#5" },
				"south": { "uv": [ 7.875, 1.875, 8.125, 2 ], "texture": "#5" },
				"west": { "uv": [ 7.875, 1.875, 8, 2 ], "texture": "#5", "rotation": 270 },
				"east": { "uv": [ 8.125, 2, 8, 1.875 ], "texture": "#5", "rotation": 270 }
			}
		},
		{
			"__comment": "E11",
			"from": [ 8, 8, -14.875 ],
			"to": [ 8.375, 8.5, -8.875 ],
			"faces": {
				"down": { "uv": [ 8, 2.375, 8.125, 0.375 ], "texture": "#5" },
				"up": { "uv": [ 8, 0.375, 8.125, 2.375 ], "texture": "#5" },
				"north": { "uv": [ 8.125, 0.375, 8, 0.5 ], "texture": "#5" },
				"south": { "uv": [ 8, 2.25, 8.125, 2.375 ], "texture": "#5" },
				"west": { "uv": [ 8, 0.375, 8.125, 2.375 ], "texture": "#5", "rotation": 270 },
				"east": { "uv": [ 8.125, 2.375, 8, 0.375 ], "texture": "#5", "rotation": 270 }
			}
		},
		{
			"__comment": "E12",
			"from": [ 8.375, 8, -14.5 ],
			"to": [ 8.75, 8.5, -14.125 ],
			"faces": {
				"down": { "uv": [ 8.125, 0.625, 8.25, 0.5 ], "texture": "#5" },
				"up": { "uv": [ 8.125, 0.5, 8.25, 0.625 ], "texture": "#5" },
				"north": { "uv": [ 8.25, 0.5, 8.125, 0.625 ], "texture": "#5" },
				"south": { "uv": [ 8.125, 0.5, 8.25, 0.625 ], "texture": "#5" },
				"west": { "uv": [ 8.125, 0.5, 8.25, 0.625 ], "texture": "#5", "rotation": 270 },
				"east": { "uv": [ 8.25, 0.625, 8.125, 0.5 ], "texture": "#5", "rotation": 270 }
			}
		},
		{
			"__comment": "E13",
			"from": [ 8.375, 8, -10 ],
			"to": [ 9.125, 8.5, -9.625 ],
			"faces": {
				"down": { "uv": [ 8.125, 2.125, 8.375, 2 ], "texture": "#5" },
				"up": { "uv": [ 8.125, 2, 8.375, 2.125 ], "texture": "#5" },
				"north": { "uv": [ 8.375, 2, 8.125, 2.125 ], "texture": "#5" },
				"south": { "uv": [ 8.125, 2, 8.375, 2.125 ], "texture": "#5" },
				"west": { "uv": [ 8.125, 2, 8.25, 2.125 ], "texture": "#5", "rotation": 270 },
				"east": { "uv": [ 8.375, 2.125, 8.25, 2 ], "texture": "#5", "rotation": 270 }
			}
		},
		{
			"__comment": "E14",
			"from": [ 8.375, 8, -9.625 ],
			"to": [ 8.75, 8.5, -8.125 ],
			"faces": {
				"down": { "uv": [ 8.125, 2.625, 8.25, 2.125 ], "texture": "#5" },
				"up": { "uv": [ 8.125, 2.125, 8.25, 2.625 ], "texture": "#5" },
				"north": { "uv": [ 8.25, 2.125, 8.125, 2.25 ], "texture": "#5" },
				"south": { "uv": [ 8.125, 2.5, 8.25, 2.625 ], "texture": "#5" },
				"west": { "uv": [ 8.125, 2.125, 8.25, 2.625 ], "texture": "#5", "rotation": 270 },
				"east": { "uv": [ 8.25, 2.625, 8.125, 2.125 ], "texture": "#5", "rotation": 270 }
			}
		},
		{
			"__comment": "E15",
			"from": [ 8.75, 8, -13.375 ],
			"to": [ 9.125, 8.5, -12.25 ],
			"faces": {
				"down": { "uv": [ 8.25, 1.25, 8.375, 0.875 ], "texture": "#5" },
				"up": { "uv": [ 8.25, 0.875, 8.375, 1.25 ], "texture": "#5" },
				"north": { "uv": [ 8.375, 0.875, 8.25, 1 ], "texture": "#5" },
				"south": { "uv": [ 8.25, 1.125, 8.375, 1.25 ], "texture": "#5" },
				"west": { "uv": [ 8.25, 0.875, 8.375, 1.25 ], "texture": "#5", "rotation": 270 },
				"east": { "uv": [ 8.375, 1.25, 8.25, 0.875 ], "texture": "#5", "rotation": 270 }
			}
		},
		{
			"__comment": "E16",
			"from": [ 8.75, 8, -9.25 ],
			"to": [ 9.5, 8.5, -7.75 ],
			"faces": {
				"down": { "uv": [ 8.25, 2.75, 8.5, 2.25 ], "texture": "#5" },
				"up": { "uv": [ 8.25, 2.25, 8.5, 2.75 ], "texture": "#5" },
				"north": { "uv": [ 8.5, 2.25, 8.25, 2.375 ], "texture": "#5" },
				"south": { "uv": [ 8.25, 2.625, 8.5, 2.75 ], "texture": "#5" },
				"west": { "uv": [ 8.25, 2.25, 8.375, 2.75 ], "texture": "#5", "rotation": 270 },
				"east": { "uv": [ 8.5, 2.75, 8.375, 2.25 ], "texture": "#5", "rotation": 270 }
			}
		},
		{
			"__comment": "E17",
			"from": [ 9.5, 8, -8.875 ],
			"to": [ 9.875, 8.5, -4.75 ],
			"faces": {
				"down": { "uv": [ 8.5, 3.75, 8.625, 2.375 ], "texture": "#5" },
				"up": { "uv": [ 8.5, 2.375, 8.625, 3.75 ], "texture": "#5" },
				"north": { "uv": [ 8.625, 2.375, 8.5, 2.5 ], "texture": "#5" },
				"south": { "uv": [ 8.5, 3.625, 8.625, 3.75 ], "texture": "#5" },
				"west": { "uv": [ 8.5, 2.375, 8.625, 3.75 ], "texture": "#5", "rotation": 270 },
				"east": { "uv": [ 8.625, 3.75, 8.5, 2.375 ], "texture": "#5", "rotation": 270 }
			}
		},
		{
			"__comment": "E18",
			"from": [ 9.875, 8, -8.5 ],
			"to": [ 10.25, 8.5, -6.25 ],
			"faces": {
				"down": { "uv": [ 8.625, 3.25, 8.75, 2.5 ], "texture": "#5" },
				"up": { "uv": [ 8.625, 2.5, 8.75, 3.25 ], "texture": "#5" },
				"north": { "uv": [ 8.75, 2.5, 8.625, 2.625 ], "texture": "#5" },
				"south": { "uv": [ 8.625, 3.125, 8.75, 3.25 ], "texture": "#5" },
				"west": { "uv": [ 8.625, 2.5, 8.75, 3.25 ], "texture": "#5", "rotation": 270 },
				"east": { "uv": [ 8.75, 3.25, 8.625, 2.5 ], "texture": "#5", "rotation": 270 }
			}
		}
	]
}