{
"custom.cookiefish01":{
	"sounds":[{"name":"custom/cookiefish/cookiefish01","stream":true}],"category":"block"},
"custom.cookiefish02":{
	"sounds":[{"name":"custom/cookiefish/cookiefish02","stream":true}],"category":"block"},
"custom.cookiefish03":{
	"sounds":[{"name":"custom/cookiefish/cookiefish03","stream":true}],"category":"block"},
"custom.cookiefish_Die":{
	"sounds":[{"name":"custom/cookiefish/cookiefish_Die","stream":true}],"category":"block"},
"custom.cookiefish_Die_Mama":{
	"sounds":[{"name":"custom/cookiefish/cookiefish_Die_Mama","stream":true}],"category":"block"},
"custom.cookiefish_skill_1":{
	"sounds":[{"name":"custom/cookiefish/cookiefish_skill_1","stream":true}],"category":"block"},
"custom.cookiefish_skill_2":{
	"sounds":[{"name":"custom/cookiefish/cookiefish_skill_2","stream":true}],"category":"block"},
"custom.cookiefish_h":{
	"sounds":[{"name":"custom/cookiefish/cookiefish_h","stream":true}],"category":"block"},


"custom.01":{
	"sounds":[{"name":"custom/gera/01","stream":true}],"category":"block"},
"custom.02":{
	"sounds":[{"name":"custom/gera/02","stream":true}],"category":"block"},
"custom.03":{
	"sounds":[{"name":"custom/gera/03","stream":true}],"category":"block"},
"custom.04":{
	"sounds":[{"name":"custom/gera/04","stream":true}],"category":"block"},

"magic01":{
	"sounds":[{"name":"custom/magic/magic01","stream":true}],"category":"block"},
"magic02":{
	"sounds":[{"name":"custom/magic/magic02","stream":true}],"category":"block"},


"jaig":{
	"sounds":[{"name":"custom/jaig/death","stream":true}],"category":"block"},

"hl_spawn":{
	"sounds":[{"name":"custom/hl/hl_spawn","stream":true}],"category":"block"},
"hl_s01":{
	"sounds":[{"name":"custom/hl/hl_s01","stream":true}],"category":"block"},
"hl_s02":{
	"sounds":[{"name":"custom/hl/hl_s02","stream":true}],"category":"block"},
"hl_s03":{
	"sounds":[{"name":"custom/hl/hl_s03","stream":true}],"category":"block"},
"hl_s04":{
	"sounds":[{"name":"custom/hl/hl_s04","stream":true}],"category":"block"},
"hl_h01":{
	"sounds":[{"name":"custom/hl/hl_h01","stream":true}],"category":"block"},
"hl_h02":{
	"sounds":[{"name":"custom/hl/hl_h02","stream":true}],"category":"block"},
"hl_h03":{
	"sounds":[{"name":"custom/hl/hl_h03","stream":true}],"category":"block"},
"hl_sk01":{
	"sounds":[{"name":"custom/hl/hl_sk01","stream":true}],"category":"block"},
"hl_sk02":{
	"sounds":[{"name":"custom/hl/hl_sk02","stream":true}],"category":"block"},
"hl_sk03":{
	"sounds":[{"name":"custom/hl/hl_sk03","stream":true}],"category":"block"},
"hl_d":{
	"sounds":[{"name":"custom/hl/hl_d","stream":true}],"category":"block"},



"custom.succubus01":{
	"sounds":[{"name":"custom/succbus/succubus01","stream":true}],"category":"block"},
"custom.succubus02":{
	"sounds":[{"name":"custom/succbus/succubus02","stream":true}],"category":"block"},
"custom.succubus03":{
	"sounds":[{"name":"custom/succbus/succubus03","stream":true}],"category":"block"},
"custom.succubus04":{
	"sounds":[{"name":"custom/succbus/succubus04","stream":true}],"category":"block"},
"custom.succubus05":{
	"sounds":[{"name":"custom/succbus/succubus05","stream":true}],"category":"block"},
"custom.succubus06":{
	"sounds":[{"name":"custom/succbus/succubus06","stream":true}],"category":"block"},
"custom.succubus_skill":{
	"sounds":[{"name":"custom/succbus/succubus_skill","stream":true}],"category":"block"},
"custom.succubus_skill_2":{
	"sounds":[{"name":"custom/succbus/succubus_skill_2","stream":true}],"category":"block"},
"custom.succubus_skill_3":{
	"sounds":[{"name":"custom/succbus/succubus_skill_3","stream":true}],"category":"block"},
"custom.succubus_skill_4":{
	"sounds":[{"name":"custom/succbus/succubus_skill_4","stream":true}],"category":"block"},
"custom.succubus_h1":{
	"sounds":[{"name":"custom/succbus/succubus_h1","stream":true}],"category":"block"},
"custom.succubus_h2":{
	"sounds":[{"name":"custom/succbus/succubus_h2","stream":true}],"category":"block"},
"custom.succubus_d":{
	"sounds":[{"name":"custom/succbus/succubus_d","stream":true}],"category":"block"}
}