{
	"__comment": "Designed by Zeibo with Cubik Studio - https://cubik.studio",
	"textures": {
		"particle": "blocks/e_particle",
		"texture": "block/stone"
	},
	"elements": [ 	 
		{
			"__comment": "Box2",
			"from": [ 2, -0.5, 0.5 ],
			"to": [ 15, 10.5, 12.5 ],
			"faces": {
				"down": { "uv": [ 2, 3.5, 15, 15.5 ], "texture": "#texture" },
				"up": { "uv": [ 2, 0.5, 15, 12.5 ], "texture": "#texture" },
				"north": { "uv": [ 1, 5.5, 14, 16 ], "texture": "#texture" },
				"south": { "uv": [ 2, 5.5, 15, 16 ], "texture": "#texture" },
				"west": { "uv": [ 0.5, 5.5, 12.5, 16 ], "texture": "#texture" },
				"east": { "uv": [ 3.5, 5.5, 15.5, 16 ], "texture": "#texture" }
			}
		},
		{
			"__comment": "Box2",
			"from": [ -3, -1.625, -6 ],
			"to": [ 14, 3.375, 6 ],
			"faces": {
				"down": { "uv": [ 0, 10, 14, 16 ], "texture": "#texture" },
				"up": { "uv": [ 0, 0, 14, 6 ], "texture": "#texture" },
				"north": { "uv": [ 2, 12.625, 16, 16 ], "texture": "#texture" },
				"south": { "uv": [ 0, 12.625, 14, 16 ], "texture": "#texture" },
				"west": { "uv": [ 0, 12.625, 6, 16 ], "texture": "#texture" },
				"east": { "uv": [ 10, 12.625, 16, 16 ], "texture": "#texture" }
			}
		},
		{
			"__comment": "Box2",
			"from": [ 14.5, -0.5, 2 ],
			"to": [ 21, 3.5, 12 ],
			"faces": {
				"down": { "uv": [ 14.5, 4, 16, 14 ], "texture": "#texture" },
				"up": { "uv": [ 14.5, 2, 16, 12 ], "texture": "#texture" },
				"north": { "uv": [ 0, 12.5, 1.5, 16 ], "texture": "#texture" },
				"south": { "uv": [ 14.5, 12.5, 16, 16 ], "texture": "#texture" },
				"west": { "uv": [ 2, 12.5, 12, 16 ], "texture": "#texture" },
				"east": { "uv": [ 4, 12.5, 14, 16 ], "texture": "#texture" }
			}
		},
		{
			"__comment": "Box2",
			"from": [ -2.5, -0.875, 8 ],
			"to": [ 16.5, 1.625, 19 ],
			"faces": {
				"down": { "uv": [ 0, 0, 16, 8 ], "texture": "#texture" },
				"up": { "uv": [ 0, 8, 16, 16 ], "texture": "#texture" },
				"north": { "uv": [ 0.5, 10, 16, 14 ], "texture": "#texture" },
				"south": { "uv": [ 0.5, 10, 16, 14 ], "texture": "#texture" },
				"west": { "uv": [ 0.5, 10, 16, 14 ], "texture": "#texture" },
				"east": { "uv": [ 0.5, 10, 16, 14 ], "texture": "#texture" }
			}
		},
		{
			"__comment": "Box2",
			"from": [ -6.625, -0.75, 1.625 ],
			"to": [ 2.375, 6.75, 10.125 ],
			"faces": {
				"down": { "uv": [ 0, 5.875, 2.375, 14.375 ], "texture": "#texture" },
				"up": { "uv": [ 0, 1.625, 2.375, 10.125 ], "texture": "#texture" },
				"north": { "uv": [ 13.625, 9.25, 16, 16 ], "texture": "#texture" },
				"south": { "uv": [ 0, 9.25, 2.375, 16 ], "texture": "#texture" },
				"west": { "uv": [ 1.625, 9.25, 10.125, 16 ], "texture": "#texture" },
				"east": { "uv": [ 5.875, 9.25, 14.375, 16 ], "texture": "#texture" }
			}
		},
		{
			"__comment": "Box2",
			"from": [ 5.875, 2.625, 3.75 ],
			"to": [ 14.875, 11.125, 12.75 ],
			"rotation": { "origin": [ 5.875, 2.625, 3.75 ], "axis": "x", "angle": -22.5 },
			"faces": {
				"down": { "uv": [ 12.5, 6.5, 16, 15.5 ], "texture": "#texture" },
				"up": { "uv": [ 12.5, 0.5, 16, 9.5 ], "texture": "#texture" },
				"north": { "uv": [ 0, 1.5, 3.5, 10 ], "texture": "#texture" },
				"south": { "uv": [ 12.5, 1.5, 16, 10 ], "texture": "#texture" },
				"west": { "uv": [ 0.5, 1.5, 9.5, 10 ], "texture": "#texture" },
				"east": { "uv": [ 6.5, 1.5, 15.5, 10 ], "texture": "#texture" }
			}
		},
		{
			"__comment": "Box2",
			"from": [ 11.5, 4.5, 2.25 ],
			"to": [ 17.5, 9.5, 11.75 ],
			"rotation": { "origin": [ 11.5, 4.5, 2.25 ], "axis": "z", "angle": -45 },
			"faces": {
				"down": { "uv": [ 2.5, 4, 9.5, 9 ], "texture": "#texture" },
				"up": { "uv": [ 7.5, 5.5, 16, 13 ], "texture": "#texture" },
				"north": { "uv": [ 2.5, 4, 10.5, 11 ], "texture": "#texture" },
				"south": { "uv": [ 2.5, 4, 10.5, 11 ], "texture": "#texture" },
				"west": { "uv": [ 2.5, 4, 10.5, 11 ], "texture": "#texture" },
				"east": { "uv": [ 2.5, 4, 10.5, 11 ], "texture": "#texture" }
			}
		},
		{
			"__comment": "Box2",
			"from": [ 17, -0.5, -4 ],
			"to": [ 20, 2.5, -1.5 ],
			"faces": {
				"down": { "uv": [ 1, 1.5, 4, 4 ], "texture": "#texture" },
				"up": { "uv": [ 1, 12, 4, 14.5 ], "texture": "#texture" },
				"north": { "uv": [ 12, 13.5, 15, 16 ], "texture": "#texture" },
				"south": { "uv": [ 1, 13.5, 4, 16 ], "texture": "#texture" },
				"west": { "uv": [ 12, 13.5, 14.5, 16 ], "texture": "#texture" },
				"east": { "uv": [ 1.5, 13.5, 4, 16 ], "texture": "#texture" }
			}
		},
		{
			"__comment": "Box2",
			"from": [ 17, -0.5, -4 ],
			"to": [ 20, 2.5, -1.5 ],
			"faces": {
				"down": { "uv": [ 1, 1.5, 4, 4 ], "texture": "#texture" },
				"up": { "uv": [ 1, 12, 4, 14.5 ], "texture": "#texture" },
				"north": { "uv": [ 12, 13.5, 15, 16 ], "texture": "#texture" },
				"south": { "uv": [ 1, 13.5, 4, 16 ], "texture": "#texture" },
				"west": { "uv": [ 12, 13.5, 14.5, 16 ], "texture": "#texture" },
				"east": { "uv": [ 1.5, 13.5, 4, 16 ], "texture": "#texture" }
			}
		},
		{
			"__comment": "Box2",
			"from": [ 3.25, 1.5, -3.5 ],
			"to": [ 12.25, 6.5, 1 ],
			"faces": {
				"down": { "uv": [ 3.25, 15, 12.25, 16 ], "texture": "#texture" },
				"up": { "uv": [ 3.25, 0, 12.25, 1 ], "texture": "#texture" },
				"north": { "uv": [ 3.75, 9.5, 12.75, 14.5 ], "texture": "#texture" },
				"south": { "uv": [ 3.25, 9.5, 12.25, 14.5 ], "texture": "#texture" },
				"west": { "uv": [ 0, 9.5, 1, 14.5 ], "texture": "#texture" },
				"east": { "uv": [ 15, 9.5, 16, 14.5 ], "texture": "#texture" }
			}
		},
		{
			"__comment": "Box2",
			"from": [ 3, 1.5, 12 ],
			"to": [ 12, 6.5, 16.5 ],
			"faces": {
				"down": { "uv": [ 3, 0, 12, 4 ], "texture": "#texture" },
				"up": { "uv": [ 3, 12, 12, 16 ], "texture": "#texture" },
				"north": { "uv": [ 4, 9.5, 13, 14.5 ], "texture": "#texture" },
				"south": { "uv": [ 3, 9.5, 12, 14.5 ], "texture": "#texture" },
				"west": { "uv": [ 12, 9.5, 16, 14.5 ], "texture": "#texture" },
				"east": { "uv": [ 0, 9.5, 4, 14.5 ], "texture": "#texture" }
			}
		}
	],
	"display": {
		"head": {
			"translation":  [ 0, -32, 0 ],
			"scale":  [ 1.2, 1.8, 1.2 ]
		}
	}
}