{
	"__comment": "Designed by Zeibo with Cubik Studio - https://cubik.studio",
	"textures": {
		"particle": "blocks/e_particle",
		"texture": "mvpweapon/seaweed",
		"texture1": "mvpweapon/rice",
		"texture2": "mvpweapon/f1",
		"texture3": "mvpweapon/f2",
		"texture4": "mvpweapon/f4",
		"texture5": "mvpweapon/f3",
		"texture6": "mvpweapon/swing"
	},
	"elements": [ 	 
		{
			"__comment": "Box1",
			"from": [ 7, 7.5, 3.75 ],
			"to": [ 10, 23.5, 4.25 ],
			"faces": {
				"down": { "uv": [ 6, 7, 9, 9 ], "texture": "#texture" },
				"up": { "uv": [ 8, 3, 11, 5 ], "texture": "#texture" },
				"north": { "uv": [ 3, 0, 11, 16 ], "texture": "#texture" },
				"south": { "uv": [ 4.5, 0, 11.5, 16 ], "texture": "#texture" },
				"west": { "uv": [ 9, 0, 12, 16 ], "texture": "#texture" },
				"east": { "uv": [ 8.5, 0, 11, 16 ], "texture": "#texture" }
			}
		},
		{
			"__comment": "Box1",
			"from": [ 7, 7.5, 11.25 ],
			"to": [ 10, 23.5, 11.75 ],
			"faces": {
				"down": { "uv": [ 6, 7, 9, 9 ], "texture": "#texture" },
				"up": { "uv": [ 8, 3, 11, 5 ], "texture": "#texture" },
				"north": { "uv": [ 3, 0, 11, 16 ], "texture": "#texture" },
				"south": { "uv": [ 4.5, 0, 11.5, 16 ], "texture": "#texture" },
				"west": { "uv": [ 9, 0, 12, 16 ], "texture": "#texture" },
				"east": { "uv": [ 8.5, 0, 11, 16 ], "texture": "#texture" }
			}
		},
		{
			"__comment": "Box1",
			"from": [ 6, 7.5, 4.25 ],
			"to": [ 7, 23.5, 4.75 ],
			"faces": {
				"down": { "uv": [ 6, 7, 9, 9 ], "texture": "#texture" },
				"up": { "uv": [ 8, 3, 11, 5 ], "texture": "#texture" },
				"north": { "uv": [ 3, 0, 11, 16 ], "texture": "#texture" },
				"south": { "uv": [ 4.5, 0, 11.5, 16 ], "texture": "#texture" },
				"west": { "uv": [ 9, 0, 12, 16 ], "texture": "#texture" },
				"east": { "uv": [ 8.5, 0, 11, 16 ], "texture": "#texture" }
			}
		},
		{
			"__comment": "Box1",
			"from": [ 10, 7.5, 4.25 ],
			"to": [ 11, 23.5, 4.75 ],
			"faces": {
				"down": { "uv": [ 6, 7, 9, 9 ], "texture": "#texture" },
				"up": { "uv": [ 8, 3, 11, 5 ], "texture": "#texture" },
				"north": { "uv": [ 3, 0, 11, 16 ], "texture": "#texture" },
				"south": { "uv": [ 4.5, 0, 11.5, 16 ], "texture": "#texture" },
				"west": { "uv": [ 9, 0, 12, 16 ], "texture": "#texture" },
				"east": { "uv": [ 8.5, 0, 11, 16 ], "texture": "#texture" }
			}
		},
		{
			"__comment": "Box1",
			"from": [ 5.5, 7.5, 4.75 ],
			"to": [ 6, 23.5, 5.25 ],
			"faces": {
				"down": { "uv": [ 6, 7, 9, 9 ], "texture": "#texture" },
				"up": { "uv": [ 8, 3, 11, 5 ], "texture": "#texture" },
				"north": { "uv": [ 3, 0, 11, 16 ], "texture": "#texture" },
				"south": { "uv": [ 4.5, 0, 11.5, 16 ], "texture": "#texture" },
				"west": { "uv": [ 9, 0, 12, 16 ], "texture": "#texture" },
				"east": { "uv": [ 8.5, 0, 11, 16 ], "texture": "#texture" }
			}
		},
		{
			"__comment": "Box1",
			"from": [ 11, 7.5, 4.75 ],
			"to": [ 11.5, 23.5, 5.25 ],
			"faces": {
				"down": { "uv": [ 6, 7, 9, 9 ], "texture": "#texture" },
				"up": { "uv": [ 8, 3, 11, 5 ], "texture": "#texture" },
				"north": { "uv": [ 3, 0, 11, 16 ], "texture": "#texture" },
				"south": { "uv": [ 4.5, 0, 11.5, 16 ], "texture": "#texture" },
				"west": { "uv": [ 9, 0, 12, 16 ], "texture": "#texture" },
				"east": { "uv": [ 8.5, 0, 11, 16 ], "texture": "#texture" }
			}
		},
		{
			"__comment": "Box1",
			"from": [ 5.5, 7.5, 10.25 ],
			"to": [ 6, 23.5, 10.75 ],
			"faces": {
				"down": { "uv": [ 6, 7, 9, 9 ], "texture": "#texture" },
				"up": { "uv": [ 8, 3, 11, 5 ], "texture": "#texture" },
				"north": { "uv": [ 3, 0, 11, 16 ], "texture": "#texture" },
				"south": { "uv": [ 4.5, 0, 11.5, 16 ], "texture": "#texture" },
				"west": { "uv": [ 9, 0, 12, 16 ], "texture": "#texture" },
				"east": { "uv": [ 8.5, 0, 11, 16 ], "texture": "#texture" }
			}
		},
		{
			"__comment": "Box1",
			"from": [ 11, 7.5, 10.25 ],
			"to": [ 11.5, 23.5, 10.75 ],
			"faces": {
				"down": { "uv": [ 6, 7, 9, 9 ], "texture": "#texture" },
				"up": { "uv": [ 8, 3, 11, 5 ], "texture": "#texture" },
				"north": { "uv": [ 3, 0, 11, 16 ], "texture": "#texture" },
				"south": { "uv": [ 4.5, 0, 11.5, 16 ], "texture": "#texture" },
				"west": { "uv": [ 9, 0, 12, 16 ], "texture": "#texture" },
				"east": { "uv": [ 8.5, 0, 11, 16 ], "texture": "#texture" }
			}
		},
		{
			"__comment": "Box1",
			"from": [ 6, 7.5, 10.75 ],
			"to": [ 7, 23.5, 11.25 ],
			"faces": {
				"down": { "uv": [ 6, 7, 9, 9 ], "texture": "#texture" },
				"up": { "uv": [ 8, 3, 11, 5 ], "texture": "#texture" },
				"north": { "uv": [ 3, 0, 11, 16 ], "texture": "#texture" },
				"south": { "uv": [ 4.5, 0, 11.5, 16 ], "texture": "#texture" },
				"west": { "uv": [ 9, 0, 12, 16 ], "texture": "#texture" },
				"east": { "uv": [ 8.5, 0, 11, 16 ], "texture": "#texture" }
			}
		},
		{
			"__comment": "Box1",
			"from": [ 10, 7.5, 10.75 ],
			"to": [ 11, 23.5, 11.25 ],
			"faces": {
				"down": { "uv": [ 6, 7, 9, 9 ], "texture": "#texture" },
				"up": { "uv": [ 8, 3, 11, 5 ], "texture": "#texture" },
				"north": { "uv": [ 3, 0, 11, 16 ], "texture": "#texture" },
				"south": { "uv": [ 4.5, 0, 11.5, 16 ], "texture": "#texture" },
				"west": { "uv": [ 9, 0, 12, 16 ], "texture": "#texture" },
				"east": { "uv": [ 8.5, 0, 11, 16 ], "texture": "#texture" }
			}
		},
		{
			"__comment": "Box1",
			"from": [ 5, 7.5, 5.25 ],
			"to": [ 5.5, 23.5, 6.25 ],
			"faces": {
				"down": { "uv": [ 6, 7, 9, 9 ], "texture": "#texture" },
				"up": { "uv": [ 8, 3, 11, 5 ], "texture": "#texture" },
				"north": { "uv": [ 3, 0, 11, 16 ], "texture": "#texture" },
				"south": { "uv": [ 4.5, 0, 11.5, 16 ], "texture": "#texture" },
				"west": { "uv": [ 9, 0, 12, 16 ], "texture": "#texture" },
				"east": { "uv": [ 8.5, 0, 11, 16 ], "texture": "#texture" }
			}
		},
		{
			"__comment": "Box1",
			"from": [ 4.5, 7.5, 6.25 ],
			"to": [ 5, 23.5, 9.25 ],
			"faces": {
				"down": { "uv": [ 6, 7, 9, 9 ], "texture": "#texture" },
				"up": { "uv": [ 8, 3, 11, 5 ], "texture": "#texture" },
				"north": { "uv": [ 3, 0, 11, 16 ], "texture": "#texture" },
				"south": { "uv": [ 4.5, 0, 11.5, 16 ], "texture": "#texture" },
				"west": { "uv": [ 9, 0, 12, 16 ], "texture": "#texture" },
				"east": { "uv": [ 8.5, 0, 11, 16 ], "texture": "#texture" }
			}
		},
		{
			"__comment": "Box1",
			"from": [ 11.5, 7.5, 5.25 ],
			"to": [ 12, 23.5, 6.25 ],
			"faces": {
				"down": { "uv": [ 6, 7, 9, 9 ], "texture": "#texture" },
				"up": { "uv": [ 8, 3, 11, 5 ], "texture": "#texture" },
				"north": { "uv": [ 3, 0, 11, 16 ], "texture": "#texture" },
				"south": { "uv": [ 4.5, 0, 11.5, 16 ], "texture": "#texture" },
				"west": { "uv": [ 9, 0, 12, 16 ], "texture": "#texture" },
				"east": { "uv": [ 8.5, 0, 11, 16 ], "texture": "#texture" }
			}
		},
		{
			"__comment": "Box1",
			"from": [ 11.5, 7.5, 9.25 ],
			"to": [ 12, 23.5, 10.25 ],
			"faces": {
				"down": { "uv": [ 6, 7, 9, 9 ], "texture": "#texture" },
				"up": { "uv": [ 8, 3, 11, 5 ], "texture": "#texture" },
				"north": { "uv": [ 3, 0, 11, 16 ], "texture": "#texture" },
				"south": { "uv": [ 4.5, 0, 11.5, 16 ], "texture": "#texture" },
				"west": { "uv": [ 9, 0, 12, 16 ], "texture": "#texture" },
				"east": { "uv": [ 8.5, 0, 11, 16 ], "texture": "#texture" }
			}
		},
		{
			"__comment": "Box1",
			"from": [ 12, 7.5, 6.25 ],
			"to": [ 12.5, 23.5, 9.25 ],
			"faces": {
				"down": { "uv": [ 6, 7, 9, 9 ], "texture": "#texture" },
				"up": { "uv": [ 8, 3, 11, 5 ], "texture": "#texture" },
				"north": { "uv": [ 3, 0, 11, 16 ], "texture": "#texture" },
				"south": { "uv": [ 4.5, 0, 11.5, 16 ], "texture": "#texture" },
				"west": { "uv": [ 9, 0, 12, 16 ], "texture": "#texture" },
				"east": { "uv": [ 8.5, 0, 11, 16 ], "texture": "#texture" }
			}
		},
		{
			"__comment": "Box1",
			"from": [ 5, 7.5, 9.25 ],
			"to": [ 5.5, 23.5, 10.25 ],
			"faces": {
				"down": { "uv": [ 6, 7, 9, 9 ], "texture": "#texture" },
				"up": { "uv": [ 8, 3, 11, 5 ], "texture": "#texture" },
				"north": { "uv": [ 3, 0, 11, 16 ], "texture": "#texture" },
				"south": { "uv": [ 4.5, 0, 11.5, 16 ], "texture": "#texture" },
				"west": { "uv": [ 9, 0, 12, 16 ], "texture": "#texture" },
				"east": { "uv": [ 8.5, 0, 11, 16 ], "texture": "#texture" }
			}
		},
		{
			"__comment": "Box17",
			"from": [ 7, 8, 4.25 ],
			"to": [ 10, 23, 11.25 ],
			"faces": {
				"down": { "uv": [ 7, 8.5, 14, 15.5 ], "texture": "#texture1" },
				"up": { "uv": [ 8, 9.5, 15, 15 ], "texture": "#texture1" },
				"north": { "uv": [ 7, 0.5, 10, 15.5 ], "texture": "#texture1" },
				"south": { "uv": [ 6, 0.5, 9, 15.5 ], "texture": "#texture1" },
				"west": { "uv": [ 3.5, 0.5, 10.5, 15.5 ], "texture": "#texture1" },
				"east": { "uv": [ 6.5, 8, 14.5, 16 ], "texture": "#texture1" }
			}
		},
		{
			"__comment": "Box17",
			"from": [ 6, 8, 4.75 ],
			"to": [ 7, 23, 10.75 ],
			"faces": {
				"down": { "uv": [ 7, 8.5, 14, 15.5 ], "texture": "#texture1" },
				"up": { "uv": [ 8, 9.5, 15, 15 ], "texture": "#texture1" },
				"north": { "uv": [ 7, 0.5, 10, 15.5 ], "texture": "#texture1" },
				"south": { "uv": [ 6, 0.5, 9, 15.5 ], "texture": "#texture1" },
				"west": { "uv": [ 3.5, 0.5, 10.5, 15.5 ], "texture": "#texture1" },
				"east": { "uv": [ 6.5, 8, 14.5, 16 ], "texture": "#texture1" }
			}
		},
		{
			"__comment": "Box17",
			"from": [ 10, 8, 4.75 ],
			"to": [ 11, 23, 10.75 ],
			"faces": {
				"down": { "uv": [ 7, 8.5, 14, 15.5 ], "texture": "#texture1" },
				"up": { "uv": [ 8, 9.5, 15, 15 ], "texture": "#texture1" },
				"north": { "uv": [ 7, 0.5, 10, 15.5 ], "texture": "#texture1" },
				"south": { "uv": [ 6, 0.5, 9, 15.5 ], "texture": "#texture1" },
				"west": { "uv": [ 3.5, 0.5, 10.5, 15.5 ], "texture": "#texture1" },
				"east": { "uv": [ 6.5, 8, 14.5, 16 ], "texture": "#texture1" }
			}
		},
		{
			"__comment": "Box17",
			"from": [ 5.5, 8, 5.25 ],
			"to": [ 6, 23, 10.25 ],
			"faces": {
				"down": { "uv": [ 7, 8.5, 14, 15.5 ], "texture": "#texture1" },
				"up": { "uv": [ 8, 9.5, 15, 15 ], "texture": "#texture1" },
				"north": { "uv": [ 7, 0.5, 10, 15.5 ], "texture": "#texture1" },
				"south": { "uv": [ 6, 0.5, 9, 15.5 ], "texture": "#texture1" },
				"west": { "uv": [ 3.5, 0.5, 10.5, 15.5 ], "texture": "#texture1" },
				"east": { "uv": [ 6.5, 8, 14.5, 16 ], "texture": "#texture1" }
			}
		},
		{
			"__comment": "Box17",
			"from": [ 11, 8, 5.25 ],
			"to": [ 11.5, 23, 10.25 ],
			"faces": {
				"down": { "uv": [ 7, 8.5, 14, 15.5 ], "texture": "#texture1" },
				"up": { "uv": [ 8, 9.5, 15, 15 ], "texture": "#texture1" },
				"north": { "uv": [ 7, 0.5, 10, 15.5 ], "texture": "#texture1" },
				"south": { "uv": [ 6, 0.5, 9, 15.5 ], "texture": "#texture1" },
				"west": { "uv": [ 3.5, 0.5, 10.5, 15.5 ], "texture": "#texture1" },
				"east": { "uv": [ 6.5, 8, 14.5, 16 ], "texture": "#texture1" }
			}
		},
		{
			"__comment": "Box17",
			"from": [ 5, 8, 6.25 ],
			"to": [ 5.5, 23, 9.25 ],
			"faces": {
				"down": { "uv": [ 7, 8.5, 14, 15.5 ], "texture": "#texture1" },
				"up": { "uv": [ 8, 9.5, 15, 15 ], "texture": "#texture1" },
				"north": { "uv": [ 7, 0.5, 10, 15.5 ], "texture": "#texture1" },
				"south": { "uv": [ 6, 0.5, 9, 15.5 ], "texture": "#texture1" },
				"west": { "uv": [ 3.5, 0.5, 10.5, 15.5 ], "texture": "#texture1" },
				"east": { "uv": [ 6.5, 8, 14.5, 16 ], "texture": "#texture1" }
			}
		},
		{
			"__comment": "Box17",
			"from": [ 11.5, 8, 6.25 ],
			"to": [ 12, 23, 9.25 ],
			"faces": {
				"down": { "uv": [ 7, 8.5, 14, 15.5 ], "texture": "#texture1" },
				"up": { "uv": [ 8, 9.5, 15, 15 ], "texture": "#texture1" },
				"north": { "uv": [ 7, 0.5, 10, 15.5 ], "texture": "#texture1" },
				"south": { "uv": [ 6, 0.5, 9, 15.5 ], "texture": "#texture1" },
				"west": { "uv": [ 3.5, 0.5, 10.5, 15.5 ], "texture": "#texture1" },
				"east": { "uv": [ 6.5, 8, 14.5, 16 ], "texture": "#texture1" }
			}
		},
		{
			"__comment": "Box24",
			"from": [ 6.625, 21.875, 5.125 ],
			"to": [ 8.625, 23.875, 7.125 ],
			"rotation": { "origin": [ 6.625, 21.875, 5.125 ], "axis": "y", "angle": -22.5 },
			"faces": {
				"down": { "uv": [ 0, 0.5, 16, 15 ], "texture": "#texture2" },
				"up": { "uv": [ 0, 0.5, 16, 15.5 ], "texture": "#texture2" },
				"north": { "uv": [ 8, 14, 10, 16 ], "texture": "#texture2" },
				"south": { "uv": [ 6, 14, 8, 16 ], "texture": "#texture2" },
				"west": { "uv": [ 5, 14, 7, 16 ], "texture": "#texture2" },
				"east": { "uv": [ 9, 14, 11, 16 ], "texture": "#texture2" }
			}
		},
		{
			"__comment": "Box25",
			"from": [ 8, 22.625, 4.75 ],
			"to": [ 9, 23.625, 5.75 ],
			"faces": {
				"down": { "uv": [ 1, 6, 10.5, 14.5 ], "texture": "#texture3" },
				"up": { "uv": [ 1.5, 5, 10, 14 ], "texture": "#texture3" },
				"north": { "uv": [ 1, 11, 3, 14.5 ], "texture": "#texture3" },
				"south": { "uv": [ 1.5, 10.5, 3.5, 14.5 ], "texture": "#texture3" },
				"west": { "uv": [ 1, 9.5, 3.5, 13 ], "texture": "#texture3" },
				"east": { "uv": [ 1, 10.5, 3, 13 ], "texture": "#texture3" }
			}
		},
		{
			"__comment": "Box25",
			"from": [ 8.5, 22.5, 6.25 ],
			"to": [ 9, 23.5, 6.75 ],
			"rotation": { "origin": [ 8.5, 22.5, 6.25 ], "axis": "y", "angle": 22.5 },
			"faces": {
				"down": { "uv": [ 1, 6, 10.5, 14.5 ], "texture": "#texture3" },
				"up": { "uv": [ 1.5, 5, 10, 14 ], "texture": "#texture3" },
				"north": { "uv": [ 1, 11, 3, 14.5 ], "texture": "#texture3" },
				"south": { "uv": [ 1.5, 10.5, 3.5, 14.5 ], "texture": "#texture3" },
				"west": { "uv": [ 1, 9.5, 3.5, 13 ], "texture": "#texture3" },
				"east": { "uv": [ 1, 10.5, 3, 13 ], "texture": "#texture3" }
			}
		},
		{
			"__comment": "Box25",
			"from": [ 9.5, 22.75, 4.75 ],
			"to": [ 10.5, 23.75, 5.75 ],
			"faces": {
				"down": { "uv": [ 1, 6, 10.5, 14.5 ], "texture": "#texture3" },
				"up": { "uv": [ 1.5, 5, 10, 14 ], "texture": "#texture3" },
				"north": { "uv": [ 1, 11, 3, 14.5 ], "texture": "#texture3" },
				"south": { "uv": [ 1.5, 10.5, 3.5, 14.5 ], "texture": "#texture3" },
				"west": { "uv": [ 1, 9.5, 3.5, 13 ], "texture": "#texture3" },
				"east": { "uv": [ 1, 10.5, 3, 13 ], "texture": "#texture3" }
			}
		},
		{
			"__comment": "Box25",
			"from": [ 9, 22.375, 6.25 ],
			"to": [ 10, 23.375, 7.25 ],
			"faces": {
				"down": { "uv": [ 1, 6, 10.5, 14.5 ], "texture": "#texture3" },
				"up": { "uv": [ 1.5, 5, 10, 14 ], "texture": "#texture3" },
				"north": { "uv": [ 1, 11, 3, 14.5 ], "texture": "#texture3" },
				"south": { "uv": [ 1.5, 10.5, 3.5, 14.5 ], "texture": "#texture3" },
				"west": { "uv": [ 1, 9.5, 3.5, 13 ], "texture": "#texture3" },
				"east": { "uv": [ 1, 10.5, 3, 13 ], "texture": "#texture3" }
			}
		},
		{
			"__comment": "Box25",
			"from": [ 10.5, 22.625, 6.75 ],
			"to": [ 11.5, 23.625, 7.75 ],
			"faces": {
				"down": { "uv": [ 1, 6, 10.5, 14.5 ], "texture": "#texture3" },
				"up": { "uv": [ 1.5, 5, 10, 14 ], "texture": "#texture3" },
				"north": { "uv": [ 1, 11, 3, 14.5 ], "texture": "#texture3" },
				"south": { "uv": [ 1.5, 10.5, 3.5, 14.5 ], "texture": "#texture3" },
				"west": { "uv": [ 1, 9.5, 3.5, 13 ], "texture": "#texture3" },
				"east": { "uv": [ 1, 10.5, 3, 13 ], "texture": "#texture3" }
			}
		},
		{
			"__comment": "Box25",
			"from": [ 10, 22.875, 5.75 ],
			"to": [ 11, 23.875, 6.75 ],
			"rotation": { "origin": [ 10, 22.875, 5.75 ], "axis": "y", "angle": -45 },
			"faces": {
				"down": { "uv": [ 1, 6, 10.5, 14.5 ], "texture": "#texture3" },
				"up": { "uv": [ 1.5, 5, 10, 14 ], "texture": "#texture3" },
				"north": { "uv": [ 1, 11, 3, 14.5 ], "texture": "#texture3" },
				"south": { "uv": [ 1.5, 10.5, 3.5, 14.5 ], "texture": "#texture3" },
				"west": { "uv": [ 1, 9.5, 3.5, 13 ], "texture": "#texture3" },
				"east": { "uv": [ 1, 10.5, 3, 13 ], "texture": "#texture3" }
			}
		},
		{
			"__comment": "Box25",
			"from": [ 9.5, 22.75, 6.75 ],
			"to": [ 10.5, 23.75, 7.75 ],
			"rotation": { "origin": [ 9.5, 22.75, 6.75 ], "axis": "y", "angle": 22.5 },
			"faces": {
				"down": { "uv": [ 1, 6, 10.5, 14.5 ], "texture": "#texture3" },
				"up": { "uv": [ 1.5, 5, 10, 14 ], "texture": "#texture3" },
				"north": { "uv": [ 1, 11, 3, 14.5 ], "texture": "#texture3" },
				"south": { "uv": [ 1.5, 10.5, 3.5, 14.5 ], "texture": "#texture3" },
				"west": { "uv": [ 1, 9.5, 3.5, 13 ], "texture": "#texture3" },
				"east": { "uv": [ 1, 10.5, 3, 13 ], "texture": "#texture3" }
			}
		},
		{
			"__comment": "Box25",
			"from": [ 10.5, 22.75, 5.75 ],
			"to": [ 11.5, 23.75, 6.75 ],
			"rotation": { "origin": [ 10.5, 22.75, 5.75 ], "axis": "y", "angle": -22.5 },
			"faces": {
				"down": { "uv": [ 1, 6, 10.5, 14.5 ], "texture": "#texture3" },
				"up": { "uv": [ 1.5, 5, 10, 14 ], "texture": "#texture3" },
				"north": { "uv": [ 1, 11, 3, 14.5 ], "texture": "#texture3" },
				"south": { "uv": [ 1.5, 10.5, 3.5, 14.5 ], "texture": "#texture3" },
				"west": { "uv": [ 1, 9.5, 3.5, 13 ], "texture": "#texture3" },
				"east": { "uv": [ 1, 10.5, 3, 13 ], "texture": "#texture3" }
			}
		},
		{
			"__comment": "Box25",
			"from": [ 8.5, 23, 5.75 ],
			"to": [ 9.5, 24, 6.75 ],
			"rotation": { "origin": [ 8.5, 23, 5.75 ], "axis": "y", "angle": 45 },
			"faces": {
				"down": { "uv": [ 1, 6, 10.5, 14.5 ], "texture": "#texture3" },
				"up": { "uv": [ 1.5, 5, 10, 14 ], "texture": "#texture3" },
				"north": { "uv": [ 1, 11, 3, 14.5 ], "texture": "#texture3" },
				"south": { "uv": [ 1.5, 10.5, 3.5, 14.5 ], "texture": "#texture3" },
				"west": { "uv": [ 1, 9.5, 3.5, 13 ], "texture": "#texture3" },
				"east": { "uv": [ 1, 10.5, 3, 13 ], "texture": "#texture3" }
			}
		},
		{
			"__comment": "Box40",
			"from": [ 8, 22.25, 6.25 ],
			"to": [ 9, 23.25, 7.25 ],
			"faces": {
				"down": { "uv": [ 10.5, 0, 16, 4.5 ], "texture": "#texture4" },
				"up": { "uv": [ 11.5, 0, 16, 3.5 ], "texture": "#texture4" },
				"north": { "uv": [ 0, 0, 6, 2.5 ], "texture": "#texture4" },
				"south": { "uv": [ 0, 0, 4.5, 3.5 ], "texture": "#texture4" },
				"west": { "uv": [ 0, 0, 5.5, 4.5 ], "texture": "#texture4" },
				"east": { "uv": [ 8, 0, 16, 2.5 ], "texture": "#texture4" }
			}
		},
		{
			"__comment": "Box40",
			"from": [ 10, 22.125, 7.25 ],
			"to": [ 11, 23.125, 8.25 ],
			"faces": {
				"down": { "uv": [ 11, 0, 16, 4 ], "texture": "#texture4" },
				"up": { "uv": [ 10, 1.5, 14, 4 ], "texture": "#texture4" },
				"north": { "uv": [ 0, 0, 6, 2.5 ], "texture": "#texture4" },
				"south": { "uv": [ 0, 0, 4.5, 3.5 ], "texture": "#texture4" },
				"west": { "uv": [ 0, 0, 5.5, 4.5 ], "texture": "#texture4" },
				"east": { "uv": [ 8, 0, 16, 2.5 ], "texture": "#texture4" }
			}
		},
		{
			"__comment": "Box40",
			"from": [ 10, 22.125, 8.25 ],
			"to": [ 11, 23.125, 9.25 ],
			"faces": {
				"down": { "uv": [ 11, 0, 16, 4 ], "texture": "#texture4" },
				"up": { "uv": [ 10, 1.5, 14, 4 ], "texture": "#texture4" },
				"north": { "uv": [ 0, 0, 6, 2.5 ], "texture": "#texture4" },
				"south": { "uv": [ 0, 0, 4.5, 3.5 ], "texture": "#texture4" },
				"west": { "uv": [ 0, 0, 5.5, 4.5 ], "texture": "#texture4" },
				"east": { "uv": [ 8, 0, 16, 2.5 ], "texture": "#texture4" }
			}
		},
		{
			"__comment": "Box40",
			"from": [ 7, 22.375, 6.75 ],
			"to": [ 8, 23.375, 7.75 ],
			"faces": {
				"down": { "uv": [ 11, 0, 16, 4 ], "texture": "#texture4" },
				"up": { "uv": [ 10, 1.5, 14, 4 ], "texture": "#texture4" },
				"north": { "uv": [ 0, 0, 6, 2.5 ], "texture": "#texture4" },
				"south": { "uv": [ 0, 0, 4.5, 3.5 ], "texture": "#texture4" },
				"west": { "uv": [ 0, 0, 5.5, 4.5 ], "texture": "#texture4" },
				"east": { "uv": [ 8, 0, 16, 2.5 ], "texture": "#texture4" }
			}
		},
		{
			"__comment": "Box40",
			"from": [ 9, 22.125, 8.75 ],
			"to": [ 10, 23.125, 9.75 ],
			"faces": {
				"down": { "uv": [ 11, 0, 16, 4 ], "texture": "#texture4" },
				"up": { "uv": [ 10, 1.5, 14, 4 ], "texture": "#texture4" },
				"north": { "uv": [ 0, 0, 6, 2.5 ], "texture": "#texture4" },
				"south": { "uv": [ 0, 0, 4.5, 3.5 ], "texture": "#texture4" },
				"west": { "uv": [ 0, 0, 5.5, 4.5 ], "texture": "#texture4" },
				"east": { "uv": [ 8, 0, 16, 2.5 ], "texture": "#texture4" }
			}
		},
		{
			"__comment": "Box40",
			"from": [ 11, 22.125, 7.75 ],
			"to": [ 11.5, 23.125, 8.75 ],
			"faces": {
				"down": { "uv": [ 11, 0, 16, 4 ], "texture": "#texture4" },
				"up": { "uv": [ 10, 1.5, 14, 4 ], "texture": "#texture4" },
				"north": { "uv": [ 0, 0, 6, 2.5 ], "texture": "#texture4" },
				"south": { "uv": [ 0, 0, 4.5, 3.5 ], "texture": "#texture4" },
				"west": { "uv": [ 0, 0, 5.5, 4.5 ], "texture": "#texture4" },
				"east": { "uv": [ 8, 0, 16, 2.5 ], "texture": "#texture4" }
			}
		},
		{
			"__comment": "Box40",
			"from": [ 9, 22.25, 6.75 ],
			"to": [ 10, 23.25, 7.75 ],
			"faces": {
				"down": { "uv": [ 11, 0, 16, 4 ], "texture": "#texture4" },
				"up": { "uv": [ 10, 1.5, 14, 4 ], "texture": "#texture4" },
				"north": { "uv": [ 0, 0, 6, 2.5 ], "texture": "#texture4" },
				"south": { "uv": [ 0, 0, 4.5, 3.5 ], "texture": "#texture4" },
				"west": { "uv": [ 0, 0, 5.5, 4.5 ], "texture": "#texture4" },
				"east": { "uv": [ 8, 0, 16, 2.5 ], "texture": "#texture4" }
			}
		},
		{
			"__comment": "Box40",
			"from": [ 9, 22.125, 7.75 ],
			"to": [ 10, 23.125, 8.75 ],
			"faces": {
				"down": { "uv": [ 2, 3, 6, 6.5 ], "texture": "#texture4" },
				"up": { "uv": [ 1.5, 1, 5.5, 4.5 ], "texture": "#texture4" },
				"north": { "uv": [ 0, 0, 6, 2.5 ], "texture": "#texture4" },
				"south": { "uv": [ 0, 0, 4.5, 3.5 ], "texture": "#texture4" },
				"west": { "uv": [ 0, 0, 5.5, 4.5 ], "texture": "#texture4" },
				"east": { "uv": [ 8, 0, 16, 2.5 ], "texture": "#texture4" }
			}
		},
		{
			"__comment": "Box40",
			"from": [ 8, 22.25, 7.25 ],
			"to": [ 9, 23.25, 8.75 ],
			"faces": {
				"down": { "uv": [ 2, 3, 6, 6.5 ], "texture": "#texture4" },
				"up": { "uv": [ 1.5, 1, 5.5, 4.5 ], "texture": "#texture4" },
				"north": { "uv": [ 0, 0, 6, 2.5 ], "texture": "#texture4" },
				"south": { "uv": [ 0, 0, 4.5, 3.5 ], "texture": "#texture4" },
				"west": { "uv": [ 0, 0, 5.5, 4.5 ], "texture": "#texture4" },
				"east": { "uv": [ 8, 0, 16, 2.5 ], "texture": "#texture4" }
			}
		},
		{
			"__comment": "Box40",
			"from": [ 10, 22.375, 9.25 ],
			"to": [ 10.5, 23.375, 9.75 ],
			"faces": {
				"down": { "uv": [ 2, 3, 6, 6.5 ], "texture": "#texture4" },
				"up": { "uv": [ 1.5, 1, 5.5, 4.5 ], "texture": "#texture4" },
				"north": { "uv": [ 0, 0, 6, 2.5 ], "texture": "#texture4" },
				"south": { "uv": [ 0, 0, 4.5, 3.5 ], "texture": "#texture4" },
				"west": { "uv": [ 0, 0, 5.5, 4.5 ], "texture": "#texture4" },
				"east": { "uv": [ 8, 0, 16, 2.5 ], "texture": "#texture4" }
			}
		},
		{
			"__comment": "Box59",
			"from": [ 10.5, 22.95, 8.75 ],
			"to": [ 11, 23.95, 9.25 ],
			"faces": {
				"down": { "uv": [ 5, 3.5, 9, 11 ], "texture": "#texture5" },
				"up": { "uv": [ 6, 12, 10, 3.5 ], "texture": "#texture5" },
				"north": { "uv": [ 2.5, 5.5, 7, 10.5 ], "texture": "#texture5" },
				"south": { "uv": [ 3, 5, 10, 11.5 ], "texture": "#texture5" },
				"west": { "uv": [ 5.5, 5, 10, 10.5 ], "texture": "#texture5" },
				"east": { "uv": [ 3.5, 4, 11.5, 12.5 ], "texture": "#texture5" }
			}
		},
		{
			"__comment": "Box59",
			"from": [ 10, 22.7, 8.25 ],
			"to": [ 10.5, 23.7, 8.75 ],
			"faces": {
				"down": { "uv": [ 5, 3.5, 9, 11 ], "texture": "#texture5" },
				"up": { "uv": [ 6, 12, 10, 3.5 ], "texture": "#texture5" },
				"north": { "uv": [ 2.5, 5.5, 7, 10.5 ], "texture": "#texture5" },
				"south": { "uv": [ 3, 5, 10, 11.5 ], "texture": "#texture5" },
				"west": { "uv": [ 5.5, 5, 10, 10.5 ], "texture": "#texture5" },
				"east": { "uv": [ 3.5, 4, 11.5, 12.5 ], "texture": "#texture5" }
			}
		},
		{
			"__comment": "Box59",
			"from": [ 10.5, 22.2, 9.25 ],
			"to": [ 11, 23.2, 9.75 ],
			"faces": {
				"down": { "uv": [ 5, 3.5, 9, 11 ], "texture": "#texture5" },
				"up": { "uv": [ 6, 12, 10, 3.5 ], "texture": "#texture5" },
				"north": { "uv": [ 2.5, 5.5, 7, 10.5 ], "texture": "#texture5" },
				"south": { "uv": [ 3, 5, 10, 11.5 ], "texture": "#texture5" },
				"west": { "uv": [ 5.5, 5, 10, 10.5 ], "texture": "#texture5" },
				"east": { "uv": [ 3.5, 4, 11.5, 12.5 ], "texture": "#texture5" }
			}
		},
		{
			"__comment": "Box59",
			"from": [ 10, 22.45, 9.25 ],
			"to": [ 10.5, 23.45, 9.75 ],
			"faces": {
				"down": { "uv": [ 5, 3.5, 9, 11 ], "texture": "#texture5" },
				"up": { "uv": [ 6, 12, 10, 3.5 ], "texture": "#texture5" },
				"north": { "uv": [ 2.5, 5.5, 7, 10.5 ], "texture": "#texture5" },
				"south": { "uv": [ 3, 5, 10, 11.5 ], "texture": "#texture5" },
				"west": { "uv": [ 5.5, 5, 10, 10.5 ], "texture": "#texture5" },
				"east": { "uv": [ 3.5, 4, 11.5, 12.5 ], "texture": "#texture5" }
			}
		},
		{
			"__comment": "Box59",
			"from": [ 9.5, 22.45, 9.75 ],
			"to": [ 10, 23.45, 10.25 ],
			"faces": {
				"down": { "uv": [ 5, 3.5, 9, 11 ], "texture": "#texture5" },
				"up": { "uv": [ 6, 12, 10, 3.5 ], "texture": "#texture5" },
				"north": { "uv": [ 2.5, 5.5, 7, 10.5 ], "texture": "#texture5" },
				"south": { "uv": [ 3, 5, 10, 11.5 ], "texture": "#texture5" },
				"west": { "uv": [ 5.5, 5, 10, 10.5 ], "texture": "#texture5" },
				"east": { "uv": [ 3.5, 4, 11.5, 12.5 ], "texture": "#texture5" }
			}
		},
		{
			"__comment": "Box59",
			"from": [ 10, 22.825, 8.75 ],
			"to": [ 10.5, 23.825, 9.25 ],
			"faces": {
				"down": { "uv": [ 5, 3.5, 9, 11 ], "texture": "#texture5" },
				"up": { "uv": [ 6, 12, 10, 3.5 ], "texture": "#texture5" },
				"north": { "uv": [ 2.5, 5.5, 7, 10.5 ], "texture": "#texture5" },
				"south": { "uv": [ 3, 5, 10, 11.5 ], "texture": "#texture5" },
				"west": { "uv": [ 5.5, 5, 10, 10.5 ], "texture": "#texture5" },
				"east": { "uv": [ 3.5, 4, 11.5, 12.5 ], "texture": "#texture5" }
			}
		},
		{
			"__comment": "Box59",
			"from": [ 9.5, 22.7, 9.25 ],
			"to": [ 10, 23.7, 9.75 ],
			"faces": {
				"down": { "uv": [ 5, 3.5, 9, 11 ], "texture": "#texture5" },
				"up": { "uv": [ 6, 12, 10, 3.5 ], "texture": "#texture5" },
				"north": { "uv": [ 2.5, 5.5, 7, 10.5 ], "texture": "#texture5" },
				"south": { "uv": [ 3, 5, 10, 11.5 ], "texture": "#texture5" },
				"west": { "uv": [ 5.5, 5, 10, 10.5 ], "texture": "#texture5" },
				"east": { "uv": [ 3.5, 4, 11.5, 12.5 ], "texture": "#texture5" }
			}
		},
		{
			"__comment": "Box59",
			"from": [ 10, 22.45, 9.75 ],
			"to": [ 10.5, 23.45, 10.25 ],
			"faces": {
				"down": { "uv": [ 5, 3.5, 9, 11 ], "texture": "#texture5" },
				"up": { "uv": [ 6, 12, 10, 3.5 ], "texture": "#texture5" },
				"north": { "uv": [ 2.5, 5.5, 7, 10.5 ], "texture": "#texture5" },
				"south": { "uv": [ 3, 5, 10, 11.5 ], "texture": "#texture5" },
				"west": { "uv": [ 5.5, 5, 10, 10.5 ], "texture": "#texture5" },
				"east": { "uv": [ 3.5, 4, 11.5, 12.5 ], "texture": "#texture5" }
			}
		},
		{
			"__comment": "Box59",
			"from": [ 11, 22.45, 8.25 ],
			"to": [ 11.5, 23.45, 8.75 ],
			"faces": {
				"down": { "uv": [ 5, 3.5, 9, 11 ], "texture": "#texture5" },
				"up": { "uv": [ 6, 12, 10, 3.5 ], "texture": "#texture5" },
				"north": { "uv": [ 2.5, 5.5, 7, 10.5 ], "texture": "#texture5" },
				"south": { "uv": [ 3, 5, 10, 11.5 ], "texture": "#texture5" },
				"west": { "uv": [ 5.5, 5, 10, 10.5 ], "texture": "#texture5" },
				"east": { "uv": [ 3.5, 4, 11.5, 12.5 ], "texture": "#texture5" }
			}
		},
		{
			"__comment": "Box59",
			"from": [ 10.5, 22.7, 8.25 ],
			"to": [ 11, 23.7, 8.75 ],
			"faces": {
				"down": { "uv": [ 5, 3.5, 9, 11 ], "texture": "#texture5" },
				"up": { "uv": [ 6, 12, 10, 3.5 ], "texture": "#texture5" },
				"north": { "uv": [ 2.5, 5.5, 7, 10.5 ], "texture": "#texture5" },
				"south": { "uv": [ 3, 5, 10, 11.5 ], "texture": "#texture5" },
				"west": { "uv": [ 5.5, 5, 10, 10.5 ], "texture": "#texture5" },
				"east": { "uv": [ 3.5, 4, 11.5, 12.5 ], "texture": "#texture5" }
			}
		},
		{
			"__comment": "Box59",
			"from": [ 11, 22.2, 8.75 ],
			"to": [ 11.5, 23.2, 9.25 ],
			"faces": {
				"down": { "uv": [ 5, 3.5, 9, 11 ], "texture": "#texture5" },
				"up": { "uv": [ 6, 12, 10, 3.5 ], "texture": "#texture5" },
				"north": { "uv": [ 2.5, 5.5, 7, 10.5 ], "texture": "#texture5" },
				"south": { "uv": [ 3, 5, 10, 11.5 ], "texture": "#texture5" },
				"west": { "uv": [ 5.5, 5, 10, 10.5 ], "texture": "#texture5" },
				"east": { "uv": [ 3.5, 4, 11.5, 12.5 ], "texture": "#texture5" }
			}
		},
		{
			"__comment": "Box59",
			"from": [ 10, 22.7, 7.75 ],
			"to": [ 10.5, 23.7, 8.25 ],
			"faces": {
				"down": { "uv": [ 5, 3.5, 9, 11 ], "texture": "#texture5" },
				"up": { "uv": [ 6, 12, 10, 3.5 ], "texture": "#texture5" },
				"north": { "uv": [ 2.5, 5.5, 7, 10.5 ], "texture": "#texture5" },
				"south": { "uv": [ 3, 5, 10, 11.5 ], "texture": "#texture5" },
				"west": { "uv": [ 5.5, 5, 10, 10.5 ], "texture": "#texture5" },
				"east": { "uv": [ 3.5, 4, 11.5, 12.5 ], "texture": "#texture5" }
			}
		},
		{
			"__comment": "Box59",
			"from": [ 9, 22.7, 8.75 ],
			"to": [ 9.5, 23.7, 9.25 ],
			"faces": {
				"down": { "uv": [ 5, 3.5, 9, 11 ], "texture": "#texture5" },
				"up": { "uv": [ 6, 12, 10, 3.5 ], "texture": "#texture5" },
				"north": { "uv": [ 2.5, 5.5, 7, 10.5 ], "texture": "#texture5" },
				"south": { "uv": [ 3, 5, 10, 11.5 ], "texture": "#texture5" },
				"west": { "uv": [ 5.5, 5, 10, 10.5 ], "texture": "#texture5" },
				"east": { "uv": [ 3.5, 4, 11.5, 12.5 ], "texture": "#texture5" }
			}
		},
		{
			"__comment": "Box59",
			"from": [ 9.5, 22.95, 10.25 ],
			"to": [ 10, 23.95, 10.75 ],
			"faces": {
				"down": { "uv": [ 5, 3.5, 9, 11 ], "texture": "#texture5" },
				"up": { "uv": [ 6, 12, 10, 3.5 ], "texture": "#texture5" },
				"north": { "uv": [ 2.5, 5.5, 7, 10.5 ], "texture": "#texture5" },
				"south": { "uv": [ 3, 5, 10, 11.5 ], "texture": "#texture5" },
				"west": { "uv": [ 5.5, 5, 10, 10.5 ], "texture": "#texture5" },
				"east": { "uv": [ 3.5, 4, 11.5, 12.5 ], "texture": "#texture5" }
			}
		},
		{
			"__comment": "Box59",
			"from": [ 9, 22.825, 9.75 ],
			"to": [ 9.5, 23.825, 10.25 ],
			"faces": {
				"down": { "uv": [ 5, 3.5, 9, 11 ], "texture": "#texture5" },
				"up": { "uv": [ 6, 12, 10, 3.5 ], "texture": "#texture5" },
				"north": { "uv": [ 2.5, 5.5, 7, 10.5 ], "texture": "#texture5" },
				"south": { "uv": [ 3, 5, 10, 11.5 ], "texture": "#texture5" },
				"west": { "uv": [ 5.5, 5, 10, 10.5 ], "texture": "#texture5" },
				"east": { "uv": [ 3.5, 4, 11.5, 12.5 ], "texture": "#texture5" }
			}
		},
		{
			"__comment": "Box59",
			"from": [ 8, 22.45, 9.75 ],
			"to": [ 8.5, 23.45, 10.25 ],
			"faces": {
				"down": { "uv": [ 5, 3.5, 9, 11 ], "texture": "#texture5" },
				"up": { "uv": [ 6, 12, 10, 3.5 ], "texture": "#texture5" },
				"north": { "uv": [ 2.5, 5.5, 7, 10.5 ], "texture": "#texture5" },
				"south": { "uv": [ 3, 5, 10, 11.5 ], "texture": "#texture5" },
				"west": { "uv": [ 5.5, 5, 10, 10.5 ], "texture": "#texture5" },
				"east": { "uv": [ 3.5, 4, 11.5, 12.5 ], "texture": "#texture5" }
			}
		},
		{
			"__comment": "Box59",
			"from": [ 8.5, 22.45, 10.25 ],
			"to": [ 9, 23.45, 10.75 ],
			"faces": {
				"down": { "uv": [ 5, 3.5, 9, 11 ], "texture": "#texture5" },
				"up": { "uv": [ 6, 12, 10, 3.5 ], "texture": "#texture5" },
				"north": { "uv": [ 2.5, 5.5, 7, 10.5 ], "texture": "#texture5" },
				"south": { "uv": [ 3, 5, 10, 11.5 ], "texture": "#texture5" },
				"west": { "uv": [ 5.5, 5, 10, 10.5 ], "texture": "#texture5" },
				"east": { "uv": [ 3.5, 4, 11.5, 12.5 ], "texture": "#texture5" }
			}
		},
		{
			"__comment": "Box59",
			"from": [ 8.5, 22.45, 9.25 ],
			"to": [ 9, 23.45, 9.75 ],
			"faces": {
				"down": { "uv": [ 5, 3.5, 9, 11 ], "texture": "#texture5" },
				"up": { "uv": [ 6, 12, 10, 3.5 ], "texture": "#texture5" },
				"north": { "uv": [ 2.5, 5.5, 7, 10.5 ], "texture": "#texture5" },
				"south": { "uv": [ 3, 5, 10, 11.5 ], "texture": "#texture5" },
				"west": { "uv": [ 5.5, 5, 10, 10.5 ], "texture": "#texture5" },
				"east": { "uv": [ 3.5, 4, 11.5, 12.5 ], "texture": "#texture5" }
			}
		},
		{
			"__comment": "Box24",
			"from": [ 5.875, 21.75, 9.375 ],
			"to": [ 7.875, 23.75, 11.375 ],
			"rotation": { "origin": [ 5.875, 21.75, 9.375 ], "axis": "y", "angle": 45 },
			"faces": {
				"down": { "uv": [ 0, 0.5, 16, 15 ], "texture": "#texture2" },
				"up": { "uv": [ 0, 0.5, 16, 15.5 ], "texture": "#texture2" },
				"north": { "uv": [ 8, 14, 10, 16 ], "texture": "#texture2" },
				"south": { "uv": [ 6, 14, 8, 16 ], "texture": "#texture2" },
				"west": { "uv": [ 5, 14, 7, 16 ], "texture": "#texture2" },
				"east": { "uv": [ 9, 14, 11, 16 ], "texture": "#texture2" }
			}
		},
		{
			"__comment": "Box40",
			"from": [ 7, 22.375, 7.75 ],
			"to": [ 8, 23.375, 8.75 ],
			"faces": {
				"down": { "uv": [ 2, 3, 6, 6.5 ], "texture": "#texture4" },
				"up": { "uv": [ 1.5, 1, 5.5, 4.5 ], "texture": "#texture4" },
				"north": { "uv": [ 0, 0, 6, 2.5 ], "texture": "#texture4" },
				"south": { "uv": [ 0, 0, 4.5, 3.5 ], "texture": "#texture4" },
				"west": { "uv": [ 0, 0, 5.5, 4.5 ], "texture": "#texture4" },
				"east": { "uv": [ 8, 0, 16, 2.5 ], "texture": "#texture4" }
			}
		},
		{
			"__comment": "Box1",
			"from": [ 7, -8.5, 3.75 ],
			"to": [ 10, 7.5, 4.25 ],
			"faces": {
				"down": { "uv": [ 6, 7, 9, 9 ], "texture": "#texture" },
				"up": { "uv": [ 8, 3, 11, 5 ], "texture": "#texture" },
				"north": { "uv": [ 3, 0, 11, 16 ], "texture": "#texture" },
				"south": { "uv": [ 4.5, 0, 11.5, 16 ], "texture": "#texture" },
				"west": { "uv": [ 9, 0, 12, 16 ], "texture": "#texture" },
				"east": { "uv": [ 8.5, 0, 11, 16 ], "texture": "#texture" }
			}
		},
		{
			"__comment": "Box1",
			"from": [ 7, -8.5, 11.25 ],
			"to": [ 10, 7.5, 11.75 ],
			"faces": {
				"down": { "uv": [ 6, 7, 9, 9 ], "texture": "#texture" },
				"up": { "uv": [ 8, 3, 11, 5 ], "texture": "#texture" },
				"north": { "uv": [ 3, 0, 11, 16 ], "texture": "#texture" },
				"south": { "uv": [ 4.5, 0, 11.5, 16 ], "texture": "#texture" },
				"west": { "uv": [ 9, 0, 12, 16 ], "texture": "#texture" },
				"east": { "uv": [ 8.5, 0, 11, 16 ], "texture": "#texture" }
			}
		},
		{
			"__comment": "Box1",
			"from": [ 6, -8.5, 4.25 ],
			"to": [ 7, 7.5, 4.75 ],
			"faces": {
				"down": { "uv": [ 6, 7, 9, 9 ], "texture": "#texture" },
				"up": { "uv": [ 8, 3, 11, 5 ], "texture": "#texture" },
				"north": { "uv": [ 3, 0, 11, 16 ], "texture": "#texture" },
				"south": { "uv": [ 4.5, 0, 11.5, 16 ], "texture": "#texture" },
				"west": { "uv": [ 9, 0, 12, 16 ], "texture": "#texture" },
				"east": { "uv": [ 8.5, 0, 11, 16 ], "texture": "#texture" }
			}
		},
		{
			"__comment": "Box1",
			"from": [ 10, -8.5, 4.25 ],
			"to": [ 11, 7.5, 4.75 ],
			"faces": {
				"down": { "uv": [ 6, 7, 9, 9 ], "texture": "#texture" },
				"up": { "uv": [ 8, 3, 11, 5 ], "texture": "#texture" },
				"north": { "uv": [ 3, 0, 11, 16 ], "texture": "#texture" },
				"south": { "uv": [ 4.5, 0, 11.5, 16 ], "texture": "#texture" },
				"west": { "uv": [ 9, 0, 12, 16 ], "texture": "#texture" },
				"east": { "uv": [ 8.5, 0, 11, 16 ], "texture": "#texture" }
			}
		},
		{
			"__comment": "Box1",
			"from": [ 5.5, -8.5, 4.75 ],
			"to": [ 6, 7.5, 5.25 ],
			"faces": {
				"down": { "uv": [ 6, 7, 9, 9 ], "texture": "#texture" },
				"up": { "uv": [ 8, 3, 11, 5 ], "texture": "#texture" },
				"north": { "uv": [ 3, 0, 11, 16 ], "texture": "#texture" },
				"south": { "uv": [ 4.5, 0, 11.5, 16 ], "texture": "#texture" },
				"west": { "uv": [ 9, 0, 12, 16 ], "texture": "#texture" },
				"east": { "uv": [ 8.5, 0, 11, 16 ], "texture": "#texture" }
			}
		},
		{
			"__comment": "Box1",
			"from": [ 11, -8.5, 4.75 ],
			"to": [ 11.5, 7.5, 5.25 ],
			"faces": {
				"down": { "uv": [ 6, 7, 9, 9 ], "texture": "#texture" },
				"up": { "uv": [ 8, 3, 11, 5 ], "texture": "#texture" },
				"north": { "uv": [ 3, 0, 11, 16 ], "texture": "#texture" },
				"south": { "uv": [ 4.5, 0, 11.5, 16 ], "texture": "#texture" },
				"west": { "uv": [ 9, 0, 12, 16 ], "texture": "#texture" },
				"east": { "uv": [ 8.5, 0, 11, 16 ], "texture": "#texture" }
			}
		},
		{
			"__comment": "Box1",
			"from": [ 5.5, -8.5, 10.25 ],
			"to": [ 6, 7.5, 10.75 ],
			"faces": {
				"down": { "uv": [ 6, 7, 9, 9 ], "texture": "#texture" },
				"up": { "uv": [ 8, 3, 11, 5 ], "texture": "#texture" },
				"north": { "uv": [ 3, 0, 11, 16 ], "texture": "#texture" },
				"south": { "uv": [ 4.5, 0, 11.5, 16 ], "texture": "#texture" },
				"west": { "uv": [ 9, 0, 12, 16 ], "texture": "#texture" },
				"east": { "uv": [ 8.5, 0, 11, 16 ], "texture": "#texture" }
			}
		},
		{
			"__comment": "Box1",
			"from": [ 11, -8.5, 10.25 ],
			"to": [ 11.5, 7.5, 10.75 ],
			"faces": {
				"down": { "uv": [ 6, 7, 9, 9 ], "texture": "#texture" },
				"up": { "uv": [ 8, 3, 11, 5 ], "texture": "#texture" },
				"north": { "uv": [ 3, 0, 11, 16 ], "texture": "#texture" },
				"south": { "uv": [ 4.5, 0, 11.5, 16 ], "texture": "#texture" },
				"west": { "uv": [ 9, 0, 12, 16 ], "texture": "#texture" },
				"east": { "uv": [ 8.5, 0, 11, 16 ], "texture": "#texture" }
			}
		},
		{
			"__comment": "Box1",
			"from": [ 6, -8.5, 10.75 ],
			"to": [ 7, 7.5, 11.25 ],
			"faces": {
				"down": { "uv": [ 6, 7, 9, 9 ], "texture": "#texture" },
				"up": { "uv": [ 8, 3, 11, 5 ], "texture": "#texture" },
				"north": { "uv": [ 3, 0, 11, 16 ], "texture": "#texture" },
				"south": { "uv": [ 4.5, 0, 11.5, 16 ], "texture": "#texture" },
				"west": { "uv": [ 9, 0, 12, 16 ], "texture": "#texture" },
				"east": { "uv": [ 8.5, 0, 11, 16 ], "texture": "#texture" }
			}
		},
		{
			"__comment": "Box1",
			"from": [ 10, -8.5, 10.75 ],
			"to": [ 11, 7.5, 11.25 ],
			"faces": {
				"down": { "uv": [ 6, 7, 9, 9 ], "texture": "#texture" },
				"up": { "uv": [ 8, 3, 11, 5 ], "texture": "#texture" },
				"north": { "uv": [ 3, 0, 11, 16 ], "texture": "#texture" },
				"south": { "uv": [ 4.5, 0, 11.5, 16 ], "texture": "#texture" },
				"west": { "uv": [ 9, 0, 12, 16 ], "texture": "#texture" },
				"east": { "uv": [ 8.5, 0, 11, 16 ], "texture": "#texture" }
			}
		},
		{
			"__comment": "Box1",
			"from": [ 5, -8.5, 5.25 ],
			"to": [ 5.5, 7.5, 6.25 ],
			"faces": {
				"down": { "uv": [ 6, 7, 9, 9 ], "texture": "#texture" },
				"up": { "uv": [ 8, 3, 11, 5 ], "texture": "#texture" },
				"north": { "uv": [ 3, 0, 11, 16 ], "texture": "#texture" },
				"south": { "uv": [ 4.5, 0, 11.5, 16 ], "texture": "#texture" },
				"west": { "uv": [ 9, 0, 12, 16 ], "texture": "#texture" },
				"east": { "uv": [ 8.5, 0, 11, 16 ], "texture": "#texture" }
			}
		},
		{
			"__comment": "Box1",
			"from": [ 4.5, -8.5, 6.25 ],
			"to": [ 5, 7.5, 9.25 ],
			"faces": {
				"down": { "uv": [ 6, 7, 9, 9 ], "texture": "#texture" },
				"up": { "uv": [ 8, 3, 11, 5 ], "texture": "#texture" },
				"north": { "uv": [ 3, 0, 11, 16 ], "texture": "#texture" },
				"south": { "uv": [ 4.5, 0, 11.5, 16 ], "texture": "#texture" },
				"west": { "uv": [ 9, 0, 12, 16 ], "texture": "#texture" },
				"east": { "uv": [ 8.5, 0, 11, 16 ], "texture": "#texture" }
			}
		},
		{
			"__comment": "Box1",
			"from": [ 11.5, -8.5, 5.25 ],
			"to": [ 12, 7.5, 6.25 ],
			"faces": {
				"down": { "uv": [ 6, 7, 9, 9 ], "texture": "#texture" },
				"up": { "uv": [ 8, 3, 11, 5 ], "texture": "#texture" },
				"north": { "uv": [ 3, 0, 11, 16 ], "texture": "#texture" },
				"south": { "uv": [ 4.5, 0, 11.5, 16 ], "texture": "#texture" },
				"west": { "uv": [ 9, 0, 12, 16 ], "texture": "#texture" },
				"east": { "uv": [ 8.5, 0, 11, 16 ], "texture": "#texture" }
			}
		},
		{
			"__comment": "Box1",
			"from": [ 11.5, -8.5, 9.25 ],
			"to": [ 12, 7.5, 10.25 ],
			"faces": {
				"down": { "uv": [ 6, 7, 9, 9 ], "texture": "#texture" },
				"up": { "uv": [ 8, 3, 11, 5 ], "texture": "#texture" },
				"north": { "uv": [ 3, 0, 11, 16 ], "texture": "#texture" },
				"south": { "uv": [ 4.5, 0, 11.5, 16 ], "texture": "#texture" },
				"west": { "uv": [ 9, 0, 12, 16 ], "texture": "#texture" },
				"east": { "uv": [ 8.5, 0, 11, 16 ], "texture": "#texture" }
			}
		},
		{
			"__comment": "Box1",
			"from": [ 12, -8.5, 6.25 ],
			"to": [ 12.5, 7.5, 9.25 ],
			"faces": {
				"down": { "uv": [ 6, 7, 9, 9 ], "texture": "#texture" },
				"up": { "uv": [ 8, 3, 11, 5 ], "texture": "#texture" },
				"north": { "uv": [ 3, 0, 11, 16 ], "texture": "#texture" },
				"south": { "uv": [ 4.5, 0, 11.5, 16 ], "texture": "#texture" },
				"west": { "uv": [ 9, 0, 12, 16 ], "texture": "#texture" },
				"east": { "uv": [ 8.5, 0, 11, 16 ], "texture": "#texture" }
			}
		},
		{
			"__comment": "Box1",
			"from": [ 5, -8.5, 9.25 ],
			"to": [ 5.5, 7.5, 10.25 ],
			"faces": {
				"down": { "uv": [ 6, 7, 9, 9 ], "texture": "#texture" },
				"up": { "uv": [ 8, 3, 11, 5 ], "texture": "#texture" },
				"north": { "uv": [ 3, 0, 11, 16 ], "texture": "#texture" },
				"south": { "uv": [ 4.5, 0, 11.5, 16 ], "texture": "#texture" },
				"west": { "uv": [ 9, 0, 12, 16 ], "texture": "#texture" },
				"east": { "uv": [ 8.5, 0, 11, 16 ], "texture": "#texture" }
			}
		},
		{
			"__comment": "Box17",
			"from": [ 7, -8, 4.25 ],
			"to": [ 10, 7, 11.25 ],
			"faces": {
				"down": { "uv": [ 7, 8.5, 14, 15.5 ], "texture": "#texture1" },
				"up": { "uv": [ 8, 9.5, 15, 15 ], "texture": "#texture1" },
				"north": { "uv": [ 7, 0.5, 10, 15.5 ], "texture": "#texture1" },
				"south": { "uv": [ 6, 0.5, 9, 15.5 ], "texture": "#texture1" },
				"west": { "uv": [ 3.5, 0.5, 10.5, 15.5 ], "texture": "#texture1" },
				"east": { "uv": [ 6.5, 8, 14.5, 16 ], "texture": "#texture1" }
			}
		},
		{
			"__comment": "Box17",
			"from": [ 6, -8, 4.75 ],
			"to": [ 7, 7, 10.75 ],
			"faces": {
				"down": { "uv": [ 7, 8.5, 14, 15.5 ], "texture": "#texture1" },
				"up": { "uv": [ 8, 9.5, 15, 15 ], "texture": "#texture1" },
				"north": { "uv": [ 7, 0.5, 10, 15.5 ], "texture": "#texture1" },
				"south": { "uv": [ 6, 0.5, 9, 15.5 ], "texture": "#texture1" },
				"west": { "uv": [ 3.5, 0.5, 10.5, 15.5 ], "texture": "#texture1" },
				"east": { "uv": [ 6.5, 8, 14.5, 16 ], "texture": "#texture1" }
			}
		},
		{
			"__comment": "Box17",
			"from": [ 10, -8, 4.75 ],
			"to": [ 11, 7, 10.75 ],
			"faces": {
				"down": { "uv": [ 7, 8.5, 14, 15.5 ], "texture": "#texture1" },
				"up": { "uv": [ 8, 9.5, 15, 15 ], "texture": "#texture1" },
				"north": { "uv": [ 7, 0.5, 10, 15.5 ], "texture": "#texture1" },
				"south": { "uv": [ 6, 0.5, 9, 15.5 ], "texture": "#texture1" },
				"west": { "uv": [ 3.5, 0.5, 10.5, 15.5 ], "texture": "#texture1" },
				"east": { "uv": [ 6.5, 8, 14.5, 16 ], "texture": "#texture1" }
			}
		},
		{
			"__comment": "Box17",
			"from": [ 5.5, -8, 5.25 ],
			"to": [ 6, 7, 10.25 ],
			"faces": {
				"down": { "uv": [ 7, 8.5, 14, 15.5 ], "texture": "#texture1" },
				"up": { "uv": [ 8, 9.5, 15, 15 ], "texture": "#texture1" },
				"north": { "uv": [ 7, 0.5, 10, 15.5 ], "texture": "#texture1" },
				"south": { "uv": [ 6, 0.5, 9, 15.5 ], "texture": "#texture1" },
				"west": { "uv": [ 3.5, 0.5, 10.5, 15.5 ], "texture": "#texture1" },
				"east": { "uv": [ 6.5, 8, 14.5, 16 ], "texture": "#texture1" }
			}
		},
		{
			"__comment": "Box17",
			"from": [ 11, -8, 5.25 ],
			"to": [ 11.5, 7, 10.25 ],
			"faces": {
				"down": { "uv": [ 7, 8.5, 14, 15.5 ], "texture": "#texture1" },
				"up": { "uv": [ 8, 9.5, 15, 15 ], "texture": "#texture1" },
				"north": { "uv": [ 7, 0.5, 10, 15.5 ], "texture": "#texture1" },
				"south": { "uv": [ 6, 0.5, 9, 15.5 ], "texture": "#texture1" },
				"west": { "uv": [ 3.5, 0.5, 10.5, 15.5 ], "texture": "#texture1" },
				"east": { "uv": [ 6.5, 8, 14.5, 16 ], "texture": "#texture1" }
			}
		},
		{
			"__comment": "Box17",
			"from": [ 5, -8, 6.25 ],
			"to": [ 5.5, 7, 9.25 ],
			"faces": {
				"down": { "uv": [ 7, 8.5, 14, 15.5 ], "texture": "#texture1" },
				"up": { "uv": [ 8, 9.5, 15, 15 ], "texture": "#texture1" },
				"north": { "uv": [ 7, 0.5, 10, 15.5 ], "texture": "#texture1" },
				"south": { "uv": [ 6, 0.5, 9, 15.5 ], "texture": "#texture1" },
				"west": { "uv": [ 3.5, 0.5, 10.5, 15.5 ], "texture": "#texture1" },
				"east": { "uv": [ 6.5, 8, 14.5, 16 ], "texture": "#texture1" }
			}
		},
		{
			"__comment": "Box17",
			"from": [ 11.5, -8, 6.25 ],
			"to": [ 12, 7, 9.25 ],
			"faces": {
				"down": { "uv": [ 7, 8.5, 14, 15.5 ], "texture": "#texture1" },
				"up": { "uv": [ 8, 9.5, 15, 15 ], "texture": "#texture1" },
				"north": { "uv": [ 7, 0.5, 10, 15.5 ], "texture": "#texture1" },
				"south": { "uv": [ 6, 0.5, 9, 15.5 ], "texture": "#texture1" },
				"west": { "uv": [ 3.5, 0.5, 10.5, 15.5 ], "texture": "#texture1" },
				"east": { "uv": [ 6.5, 8, 14.5, 16 ], "texture": "#texture1" }
			}
		},
		{
			"__comment": "Box24",
			"from": [ 6.625, -8.625, 5.125 ],
			"to": [ 8.625, -6.625, 7.125 ],
			"rotation": { "origin": [ 6.625, -8.625, 5.125 ], "axis": "y", "angle": -22.5 },
			"faces": {
				"down": { "uv": [ 0, 0.5, 16, 15 ], "texture": "#texture2" },
				"up": { "uv": [ 0, 0.5, 16, 15.5 ], "texture": "#texture2" },
				"north": { "uv": [ 8, 14, 10, 16 ], "texture": "#texture2" },
				"south": { "uv": [ 6, 14, 8, 16 ], "texture": "#texture2" },
				"west": { "uv": [ 5, 14, 7, 16 ], "texture": "#texture2" },
				"east": { "uv": [ 9, 14, 11, 16 ], "texture": "#texture2" }
			}
		},
		{
			"__comment": "Box25",
			"from": [ 8, -8.375, 4.75 ],
			"to": [ 9, -7.375, 5.75 ],
			"faces": {
				"down": { "uv": [ 1, 6, 10.5, 14.5 ], "texture": "#texture3" },
				"up": { "uv": [ 1.5, 5, 10, 14 ], "texture": "#texture3" },
				"north": { "uv": [ 1, 11, 3, 14.5 ], "texture": "#texture3" },
				"south": { "uv": [ 1.5, 10.5, 3.5, 14.5 ], "texture": "#texture3" },
				"west": { "uv": [ 1, 9.5, 3.5, 13 ], "texture": "#texture3" },
				"east": { "uv": [ 1, 10.5, 3, 13 ], "texture": "#texture3" }
			}
		},
		{
			"__comment": "Box25",
			"from": [ 8.5, -8.5, 6.25 ],
			"to": [ 9, -7.5, 6.75 ],
			"rotation": { "origin": [ 8.5, -8.5, 6.25 ], "axis": "y", "angle": 22.5 },
			"faces": {
				"down": { "uv": [ 1, 6, 10.5, 14.5 ], "texture": "#texture3" },
				"up": { "uv": [ 1.5, 5, 10, 14 ], "texture": "#texture3" },
				"north": { "uv": [ 1, 11, 3, 14.5 ], "texture": "#texture3" },
				"south": { "uv": [ 1.5, 10.5, 3.5, 14.5 ], "texture": "#texture3" },
				"west": { "uv": [ 1, 9.5, 3.5, 13 ], "texture": "#texture3" },
				"east": { "uv": [ 1, 10.5, 3, 13 ], "texture": "#texture3" }
			}
		},
		{
			"__comment": "Box25",
			"from": [ 9.5, -8.25, 4.75 ],
			"to": [ 10.5, -7.25, 5.75 ],
			"faces": {
				"down": { "uv": [ 1, 6, 10.5, 14.5 ], "texture": "#texture3" },
				"up": { "uv": [ 1.5, 5, 10, 14 ], "texture": "#texture3" },
				"north": { "uv": [ 1, 11, 3, 14.5 ], "texture": "#texture3" },
				"south": { "uv": [ 1.5, 10.5, 3.5, 14.5 ], "texture": "#texture3" },
				"west": { "uv": [ 1, 9.5, 3.5, 13 ], "texture": "#texture3" },
				"east": { "uv": [ 1, 10.5, 3, 13 ], "texture": "#texture3" }
			}
		},
		{
			"__comment": "Box25",
			"from": [ 9, -8.625, 6.25 ],
			"to": [ 10, -7.625, 7.25 ],
			"faces": {
				"down": { "uv": [ 1, 6, 10.5, 14.5 ], "texture": "#texture3" },
				"up": { "uv": [ 1.5, 5, 10, 14 ], "texture": "#texture3" },
				"north": { "uv": [ 1, 11, 3, 14.5 ], "texture": "#texture3" },
				"south": { "uv": [ 1.5, 10.5, 3.5, 14.5 ], "texture": "#texture3" },
				"west": { "uv": [ 1, 9.5, 3.5, 13 ], "texture": "#texture3" },
				"east": { "uv": [ 1, 10.5, 3, 13 ], "texture": "#texture3" }
			}
		},
		{
			"__comment": "Box25",
			"from": [ 10.5, -8.375, 6.75 ],
			"to": [ 11.5, -7.375, 7.75 ],
			"faces": {
				"down": { "uv": [ 1, 6, 10.5, 14.5 ], "texture": "#texture3" },
				"up": { "uv": [ 1.5, 5, 10, 14 ], "texture": "#texture3" },
				"north": { "uv": [ 1, 11, 3, 14.5 ], "texture": "#texture3" },
				"south": { "uv": [ 1.5, 10.5, 3.5, 14.5 ], "texture": "#texture3" },
				"west": { "uv": [ 1, 9.5, 3.5, 13 ], "texture": "#texture3" },
				"east": { "uv": [ 1, 10.5, 3, 13 ], "texture": "#texture3" }
			}
		},
		{
			"__comment": "Box25",
			"from": [ 10, -8.125, 5.75 ],
			"to": [ 11, -7.125, 6.75 ],
			"rotation": { "origin": [ 10, -8.125, 5.75 ], "axis": "y", "angle": -45 },
			"faces": {
				"down": { "uv": [ 1, 6, 10.5, 14.5 ], "texture": "#texture3" },
				"up": { "uv": [ 1.5, 5, 10, 14 ], "texture": "#texture3" },
				"north": { "uv": [ 1, 11, 3, 14.5 ], "texture": "#texture3" },
				"south": { "uv": [ 1.5, 10.5, 3.5, 14.5 ], "texture": "#texture3" },
				"west": { "uv": [ 1, 9.5, 3.5, 13 ], "texture": "#texture3" },
				"east": { "uv": [ 1, 10.5, 3, 13 ], "texture": "#texture3" }
			}
		},
		{
			"__comment": "Box25",
			"from": [ 9.5, -8.25, 6.75 ],
			"to": [ 10.5, -7.25, 7.75 ],
			"rotation": { "origin": [ 9.5, -8.25, 6.75 ], "axis": "y", "angle": 22.5 },
			"faces": {
				"down": { "uv": [ 1, 6, 10.5, 14.5 ], "texture": "#texture3" },
				"up": { "uv": [ 1.5, 5, 10, 14 ], "texture": "#texture3" },
				"north": { "uv": [ 1, 11, 3, 14.5 ], "texture": "#texture3" },
				"south": { "uv": [ 1.5, 10.5, 3.5, 14.5 ], "texture": "#texture3" },
				"west": { "uv": [ 1, 9.5, 3.5, 13 ], "texture": "#texture3" },
				"east": { "uv": [ 1, 10.5, 3, 13 ], "texture": "#texture3" }
			}
		},
		{
			"__comment": "Box25",
			"from": [ 10.5, -8.25, 5.75 ],
			"to": [ 11.5, -7.25, 6.75 ],
			"rotation": { "origin": [ 10.5, -8.25, 5.75 ], "axis": "y", "angle": -22.5 },
			"faces": {
				"down": { "uv": [ 1, 6, 10.5, 14.5 ], "texture": "#texture3" },
				"up": { "uv": [ 1.5, 5, 10, 14 ], "texture": "#texture3" },
				"north": { "uv": [ 1, 11, 3, 14.5 ], "texture": "#texture3" },
				"south": { "uv": [ 1.5, 10.5, 3.5, 14.5 ], "texture": "#texture3" },
				"west": { "uv": [ 1, 9.5, 3.5, 13 ], "texture": "#texture3" },
				"east": { "uv": [ 1, 10.5, 3, 13 ], "texture": "#texture3" }
			}
		},
		{
			"__comment": "Box25",
			"from": [ 8.5, -8, 5.75 ],
			"to": [ 9.5, -7, 6.75 ],
			"rotation": { "origin": [ 8.5, -8, 5.75 ], "axis": "y", "angle": 45 },
			"faces": {
				"down": { "uv": [ 1, 6, 10.5, 14.5 ], "texture": "#texture3" },
				"up": { "uv": [ 1.5, 5, 10, 14 ], "texture": "#texture3" },
				"north": { "uv": [ 1, 11, 3, 14.5 ], "texture": "#texture3" },
				"south": { "uv": [ 1.5, 10.5, 3.5, 14.5 ], "texture": "#texture3" },
				"west": { "uv": [ 1, 9.5, 3.5, 13 ], "texture": "#texture3" },
				"east": { "uv": [ 1, 10.5, 3, 13 ], "texture": "#texture3" }
			}
		},
		{
			"__comment": "Box40",
			"from": [ 8, -8.125, 6.25 ],
			"to": [ 9, -7.125, 7.25 ],
			"faces": {
				"down": { "uv": [ 10.5, 0, 16, 4.5 ], "texture": "#texture4" },
				"up": { "uv": [ 11.5, 0, 16, 3.5 ], "texture": "#texture4" },
				"north": { "uv": [ 0, 0, 6, 2.5 ], "texture": "#texture4" },
				"south": { "uv": [ 0, 0, 4.5, 3.5 ], "texture": "#texture4" },
				"west": { "uv": [ 0, 0, 5.5, 4.5 ], "texture": "#texture4" },
				"east": { "uv": [ 8, 0, 16, 2.5 ], "texture": "#texture4" }
			}
		},
		{
			"__comment": "Box40",
			"from": [ 10, -8.25, 7.25 ],
			"to": [ 11, -7.25, 8.25 ],
			"faces": {
				"down": { "uv": [ 11, 0, 16, 4 ], "texture": "#texture4" },
				"up": { "uv": [ 10, 1.5, 14, 4 ], "texture": "#texture4" },
				"north": { "uv": [ 0, 0, 6, 2.5 ], "texture": "#texture4" },
				"south": { "uv": [ 0, 0, 4.5, 3.5 ], "texture": "#texture4" },
				"west": { "uv": [ 0, 0, 5.5, 4.5 ], "texture": "#texture4" },
				"east": { "uv": [ 8, 0, 16, 2.5 ], "texture": "#texture4" }
			}
		},
		{
			"__comment": "Box40",
			"from": [ 10, -8.25, 8.25 ],
			"to": [ 11, -7.25, 9.25 ],
			"faces": {
				"down": { "uv": [ 11, 0, 16, 4 ], "texture": "#texture4" },
				"up": { "uv": [ 10, 1.5, 14, 4 ], "texture": "#texture4" },
				"north": { "uv": [ 0, 0, 6, 2.5 ], "texture": "#texture4" },
				"south": { "uv": [ 0, 0, 4.5, 3.5 ], "texture": "#texture4" },
				"west": { "uv": [ 0, 0, 5.5, 4.5 ], "texture": "#texture4" },
				"east": { "uv": [ 8, 0, 16, 2.5 ], "texture": "#texture4" }
			}
		},
		{
			"__comment": "Box40",
			"from": [ 7, -8, 6.75 ],
			"to": [ 8, -7, 7.75 ],
			"faces": {
				"down": { "uv": [ 11, 0, 16, 4 ], "texture": "#texture4" },
				"up": { "uv": [ 10, 1.5, 14, 4 ], "texture": "#texture4" },
				"north": { "uv": [ 0, 0, 6, 2.5 ], "texture": "#texture4" },
				"south": { "uv": [ 0, 0, 4.5, 3.5 ], "texture": "#texture4" },
				"west": { "uv": [ 0, 0, 5.5, 4.5 ], "texture": "#texture4" },
				"east": { "uv": [ 8, 0, 16, 2.5 ], "texture": "#texture4" }
			}
		},
		{
			"__comment": "Box40",
			"from": [ 9, -8.25, 8.75 ],
			"to": [ 10, -7.25, 9.75 ],
			"faces": {
				"down": { "uv": [ 11, 0, 16, 4 ], "texture": "#texture4" },
				"up": { "uv": [ 10, 1.5, 14, 4 ], "texture": "#texture4" },
				"north": { "uv": [ 0, 0, 6, 2.5 ], "texture": "#texture4" },
				"south": { "uv": [ 0, 0, 4.5, 3.5 ], "texture": "#texture4" },
				"west": { "uv": [ 0, 0, 5.5, 4.5 ], "texture": "#texture4" },
				"east": { "uv": [ 8, 0, 16, 2.5 ], "texture": "#texture4" }
			}
		},
		{
			"__comment": "Box40",
			"from": [ 11, -8.25, 7.75 ],
			"to": [ 11.5, -7.25, 8.75 ],
			"faces": {
				"down": { "uv": [ 11, 0, 16, 4 ], "texture": "#texture4" },
				"up": { "uv": [ 10, 1.5, 14, 4 ], "texture": "#texture4" },
				"north": { "uv": [ 0, 0, 6, 2.5 ], "texture": "#texture4" },
				"south": { "uv": [ 0, 0, 4.5, 3.5 ], "texture": "#texture4" },
				"west": { "uv": [ 0, 0, 5.5, 4.5 ], "texture": "#texture4" },
				"east": { "uv": [ 8, 0, 16, 2.5 ], "texture": "#texture4" }
			}
		},
		{
			"__comment": "Box40",
			"from": [ 9, -8.125, 6.75 ],
			"to": [ 10, -7.125, 7.75 ],
			"faces": {
				"down": { "uv": [ 11, 0, 16, 4 ], "texture": "#texture4" },
				"up": { "uv": [ 10, 1.5, 14, 4 ], "texture": "#texture4" },
				"north": { "uv": [ 0, 0, 6, 2.5 ], "texture": "#texture4" },
				"south": { "uv": [ 0, 0, 4.5, 3.5 ], "texture": "#texture4" },
				"west": { "uv": [ 0, 0, 5.5, 4.5 ], "texture": "#texture4" },
				"east": { "uv": [ 8, 0, 16, 2.5 ], "texture": "#texture4" }
			}
		},
		{
			"__comment": "Box40",
			"from": [ 9, -8.25, 7.75 ],
			"to": [ 10, -7.25, 8.75 ],
			"faces": {
				"down": { "uv": [ 2, 3, 6, 6.5 ], "texture": "#texture4" },
				"up": { "uv": [ 1.5, 1, 5.5, 4.5 ], "texture": "#texture4" },
				"north": { "uv": [ 0, 0, 6, 2.5 ], "texture": "#texture4" },
				"south": { "uv": [ 0, 0, 4.5, 3.5 ], "texture": "#texture4" },
				"west": { "uv": [ 0, 0, 5.5, 4.5 ], "texture": "#texture4" },
				"east": { "uv": [ 8, 0, 16, 2.5 ], "texture": "#texture4" }
			}
		},
		{
			"__comment": "Box40",
			"from": [ 8, -8.125, 7.25 ],
			"to": [ 9, -7.125, 8.75 ],
			"faces": {
				"down": { "uv": [ 2, 3, 6, 6.5 ], "texture": "#texture4" },
				"up": { "uv": [ 1.5, 1, 5.5, 4.5 ], "texture": "#texture4" },
				"north": { "uv": [ 0, 0, 6, 2.5 ], "texture": "#texture4" },
				"south": { "uv": [ 0, 0, 4.5, 3.5 ], "texture": "#texture4" },
				"west": { "uv": [ 0, 0, 5.5, 4.5 ], "texture": "#texture4" },
				"east": { "uv": [ 8, 0, 16, 2.5 ], "texture": "#texture4" }
			}
		},
		{
			"__comment": "Box40",
			"from": [ 10, -8, 9.25 ],
			"to": [ 10.5, -7, 9.75 ],
			"faces": {
				"down": { "uv": [ 2, 3, 6, 6.5 ], "texture": "#texture4" },
				"up": { "uv": [ 1.5, 1, 5.5, 4.5 ], "texture": "#texture4" },
				"north": { "uv": [ 0, 0, 6, 2.5 ], "texture": "#texture4" },
				"south": { "uv": [ 0, 0, 4.5, 3.5 ], "texture": "#texture4" },
				"west": { "uv": [ 0, 0, 5.5, 4.5 ], "texture": "#texture4" },
				"east": { "uv": [ 8, 0, 16, 2.5 ], "texture": "#texture4" }
			}
		},
		{
			"__comment": "Box59",
			"from": [ 10.5, -8.05, 8.75 ],
			"to": [ 11, -7.05, 9.25 ],
			"faces": {
				"down": { "uv": [ 5, 3.5, 9, 11 ], "texture": "#texture5" },
				"up": { "uv": [ 6, 12, 10, 3.5 ], "texture": "#texture5" },
				"north": { "uv": [ 2.5, 5.5, 7, 10.5 ], "texture": "#texture5" },
				"south": { "uv": [ 3, 5, 10, 11.5 ], "texture": "#texture5" },
				"west": { "uv": [ 5.5, 5, 10, 10.5 ], "texture": "#texture5" },
				"east": { "uv": [ 3.5, 4, 11.5, 12.5 ], "texture": "#texture5" }
			}
		},
		{
			"__comment": "Box59",
			"from": [ 10, -8.3, 8.25 ],
			"to": [ 10.5, -7.3, 8.75 ],
			"faces": {
				"down": { "uv": [ 5, 3.5, 9, 11 ], "texture": "#texture5" },
				"up": { "uv": [ 6, 12, 10, 3.5 ], "texture": "#texture5" },
				"north": { "uv": [ 2.5, 5.5, 7, 10.5 ], "texture": "#texture5" },
				"south": { "uv": [ 3, 5, 10, 11.5 ], "texture": "#texture5" },
				"west": { "uv": [ 5.5, 5, 10, 10.5 ], "texture": "#texture5" },
				"east": { "uv": [ 3.5, 4, 11.5, 12.5 ], "texture": "#texture5" }
			}
		},
		{
			"__comment": "Box59",
			"from": [ 10.5, -8.8, 9.25 ],
			"to": [ 11, -7.8, 9.75 ],
			"faces": {
				"down": { "uv": [ 5, 3.5, 9, 11 ], "texture": "#texture5" },
				"up": { "uv": [ 6, 12, 10, 3.5 ], "texture": "#texture5" },
				"north": { "uv": [ 2.5, 5.5, 7, 10.5 ], "texture": "#texture5" },
				"south": { "uv": [ 3, 5, 10, 11.5 ], "texture": "#texture5" },
				"west": { "uv": [ 5.5, 5, 10, 10.5 ], "texture": "#texture5" },
				"east": { "uv": [ 3.5, 4, 11.5, 12.5 ], "texture": "#texture5" }
			}
		},
		{
			"__comment": "Box59",
			"from": [ 10, -8.55, 9.25 ],
			"to": [ 10.5, -7.55, 9.75 ],
			"faces": {
				"down": { "uv": [ 5, 3.5, 9, 11 ], "texture": "#texture5" },
				"up": { "uv": [ 6, 12, 10, 3.5 ], "texture": "#texture5" },
				"north": { "uv": [ 2.5, 5.5, 7, 10.5 ], "texture": "#texture5" },
				"south": { "uv": [ 3, 5, 10, 11.5 ], "texture": "#texture5" },
				"west": { "uv": [ 5.5, 5, 10, 10.5 ], "texture": "#texture5" },
				"east": { "uv": [ 3.5, 4, 11.5, 12.5 ], "texture": "#texture5" }
			}
		},
		{
			"__comment": "Box59",
			"from": [ 9.5, -8.55, 9.75 ],
			"to": [ 10, -7.55, 10.25 ],
			"faces": {
				"down": { "uv": [ 5, 3.5, 9, 11 ], "texture": "#texture5" },
				"up": { "uv": [ 6, 12, 10, 3.5 ], "texture": "#texture5" },
				"north": { "uv": [ 2.5, 5.5, 7, 10.5 ], "texture": "#texture5" },
				"south": { "uv": [ 3, 5, 10, 11.5 ], "texture": "#texture5" },
				"west": { "uv": [ 5.5, 5, 10, 10.5 ], "texture": "#texture5" },
				"east": { "uv": [ 3.5, 4, 11.5, 12.5 ], "texture": "#texture5" }
			}
		},
		{
			"__comment": "Box59",
			"from": [ 10, -8.175, 8.75 ],
			"to": [ 10.5, -7.175, 9.25 ],
			"faces": {
				"down": { "uv": [ 5, 3.5, 9, 11 ], "texture": "#texture5" },
				"up": { "uv": [ 6, 12, 10, 3.5 ], "texture": "#texture5" },
				"north": { "uv": [ 2.5, 5.5, 7, 10.5 ], "texture": "#texture5" },
				"south": { "uv": [ 3, 5, 10, 11.5 ], "texture": "#texture5" },
				"west": { "uv": [ 5.5, 5, 10, 10.5 ], "texture": "#texture5" },
				"east": { "uv": [ 3.5, 4, 11.5, 12.5 ], "texture": "#texture5" }
			}
		},
		{
			"__comment": "Box59",
			"from": [ 9.5, -8.3, 9.25 ],
			"to": [ 10, -7.3, 9.75 ],
			"faces": {
				"down": { "uv": [ 5, 3.5, 9, 11 ], "texture": "#texture5" },
				"up": { "uv": [ 6, 12, 10, 3.5 ], "texture": "#texture5" },
				"north": { "uv": [ 2.5, 5.5, 7, 10.5 ], "texture": "#texture5" },
				"south": { "uv": [ 3, 5, 10, 11.5 ], "texture": "#texture5" },
				"west": { "uv": [ 5.5, 5, 10, 10.5 ], "texture": "#texture5" },
				"east": { "uv": [ 3.5, 4, 11.5, 12.5 ], "texture": "#texture5" }
			}
		},
		{
			"__comment": "Box59",
			"from": [ 10, -8.55, 9.75 ],
			"to": [ 10.5, -7.55, 10.25 ],
			"faces": {
				"down": { "uv": [ 5, 3.5, 9, 11 ], "texture": "#texture5" },
				"up": { "uv": [ 6, 12, 10, 3.5 ], "texture": "#texture5" },
				"north": { "uv": [ 2.5, 5.5, 7, 10.5 ], "texture": "#texture5" },
				"south": { "uv": [ 3, 5, 10, 11.5 ], "texture": "#texture5" },
				"west": { "uv": [ 5.5, 5, 10, 10.5 ], "texture": "#texture5" },
				"east": { "uv": [ 3.5, 4, 11.5, 12.5 ], "texture": "#texture5" }
			}
		},
		{
			"__comment": "Box59",
			"from": [ 11, -8.55, 8.25 ],
			"to": [ 11.5, -7.55, 8.75 ],
			"faces": {
				"down": { "uv": [ 5, 3.5, 9, 11 ], "texture": "#texture5" },
				"up": { "uv": [ 6, 12, 10, 3.5 ], "texture": "#texture5" },
				"north": { "uv": [ 2.5, 5.5, 7, 10.5 ], "texture": "#texture5" },
				"south": { "uv": [ 3, 5, 10, 11.5 ], "texture": "#texture5" },
				"west": { "uv": [ 5.5, 5, 10, 10.5 ], "texture": "#texture5" },
				"east": { "uv": [ 3.5, 4, 11.5, 12.5 ], "texture": "#texture5" }
			}
		},
		{
			"__comment": "Box59",
			"from": [ 10.5, -8.3, 8.25 ],
			"to": [ 11, -7.3, 8.75 ],
			"faces": {
				"down": { "uv": [ 5, 3.5, 9, 11 ], "texture": "#texture5" },
				"up": { "uv": [ 6, 12, 10, 3.5 ], "texture": "#texture5" },
				"north": { "uv": [ 2.5, 5.5, 7, 10.5 ], "texture": "#texture5" },
				"south": { "uv": [ 3, 5, 10, 11.5 ], "texture": "#texture5" },
				"west": { "uv": [ 5.5, 5, 10, 10.5 ], "texture": "#texture5" },
				"east": { "uv": [ 3.5, 4, 11.5, 12.5 ], "texture": "#texture5" }
			}
		},
		{
			"__comment": "Box59",
			"from": [ 11, -8.8, 8.75 ],
			"to": [ 11.5, -7.8, 9.25 ],
			"faces": {
				"down": { "uv": [ 5, 3.5, 9, 11 ], "texture": "#texture5" },
				"up": { "uv": [ 6, 12, 10, 3.5 ], "texture": "#texture5" },
				"north": { "uv": [ 2.5, 5.5, 7, 10.5 ], "texture": "#texture5" },
				"south": { "uv": [ 3, 5, 10, 11.5 ], "texture": "#texture5" },
				"west": { "uv": [ 5.5, 5, 10, 10.5 ], "texture": "#texture5" },
				"east": { "uv": [ 3.5, 4, 11.5, 12.5 ], "texture": "#texture5" }
			}
		},
		{
			"__comment": "Box59",
			"from": [ 10, -8.3, 7.75 ],
			"to": [ 10.5, -7.3, 8.25 ],
			"faces": {
				"down": { "uv": [ 5, 3.5, 9, 11 ], "texture": "#texture5" },
				"up": { "uv": [ 6, 12, 10, 3.5 ], "texture": "#texture5" },
				"north": { "uv": [ 2.5, 5.5, 7, 10.5 ], "texture": "#texture5" },
				"south": { "uv": [ 3, 5, 10, 11.5 ], "texture": "#texture5" },
				"west": { "uv": [ 5.5, 5, 10, 10.5 ], "texture": "#texture5" },
				"east": { "uv": [ 3.5, 4, 11.5, 12.5 ], "texture": "#texture5" }
			}
		},
		{
			"__comment": "Box59",
			"from": [ 9, -8.3, 8.75 ],
			"to": [ 9.5, -7.3, 9.25 ],
			"faces": {
				"down": { "uv": [ 5, 3.5, 9, 11 ], "texture": "#texture5" },
				"up": { "uv": [ 6, 12, 10, 3.5 ], "texture": "#texture5" },
				"north": { "uv": [ 2.5, 5.5, 7, 10.5 ], "texture": "#texture5" },
				"south": { "uv": [ 3, 5, 10, 11.5 ], "texture": "#texture5" },
				"west": { "uv": [ 5.5, 5, 10, 10.5 ], "texture": "#texture5" },
				"east": { "uv": [ 3.5, 4, 11.5, 12.5 ], "texture": "#texture5" }
			}
		},
		{
			"__comment": "Box59",
			"from": [ 9.5, -8.05, 10.25 ],
			"to": [ 10, -7.05, 10.75 ],
			"faces": {
				"down": { "uv": [ 5, 3.5, 9, 11 ], "texture": "#texture5" },
				"up": { "uv": [ 6, 12, 10, 3.5 ], "texture": "#texture5" },
				"north": { "uv": [ 2.5, 5.5, 7, 10.5 ], "texture": "#texture5" },
				"south": { "uv": [ 3, 5, 10, 11.5 ], "texture": "#texture5" },
				"west": { "uv": [ 5.5, 5, 10, 10.5 ], "texture": "#texture5" },
				"east": { "uv": [ 3.5, 4, 11.5, 12.5 ], "texture": "#texture5" }
			}
		},
		{
			"__comment": "Box59",
			"from": [ 9, -8.175, 9.75 ],
			"to": [ 9.5, -7.175, 10.25 ],
			"faces": {
				"down": { "uv": [ 5, 3.5, 9, 11 ], "texture": "#texture5" },
				"up": { "uv": [ 6, 12, 10, 3.5 ], "texture": "#texture5" },
				"north": { "uv": [ 2.5, 5.5, 7, 10.5 ], "texture": "#texture5" },
				"south": { "uv": [ 3, 5, 10, 11.5 ], "texture": "#texture5" },
				"west": { "uv": [ 5.5, 5, 10, 10.5 ], "texture": "#texture5" },
				"east": { "uv": [ 3.5, 4, 11.5, 12.5 ], "texture": "#texture5" }
			}
		},
		{
			"__comment": "Box59",
			"from": [ 8, -8.55, 9.75 ],
			"to": [ 8.5, -7.55, 10.25 ],
			"faces": {
				"down": { "uv": [ 5, 3.5, 9, 11 ], "texture": "#texture5" },
				"up": { "uv": [ 6, 12, 10, 3.5 ], "texture": "#texture5" },
				"north": { "uv": [ 2.5, 5.5, 7, 10.5 ], "texture": "#texture5" },
				"south": { "uv": [ 3, 5, 10, 11.5 ], "texture": "#texture5" },
				"west": { "uv": [ 5.5, 5, 10, 10.5 ], "texture": "#texture5" },
				"east": { "uv": [ 3.5, 4, 11.5, 12.5 ], "texture": "#texture5" }
			}
		},
		{
			"__comment": "Box59",
			"from": [ 8.5, -8.55, 10.25 ],
			"to": [ 9, -7.55, 10.75 ],
			"faces": {
				"down": { "uv": [ 5, 3.5, 9, 11 ], "texture": "#texture5" },
				"up": { "uv": [ 6, 12, 10, 3.5 ], "texture": "#texture5" },
				"north": { "uv": [ 2.5, 5.5, 7, 10.5 ], "texture": "#texture5" },
				"south": { "uv": [ 3, 5, 10, 11.5 ], "texture": "#texture5" },
				"west": { "uv": [ 5.5, 5, 10, 10.5 ], "texture": "#texture5" },
				"east": { "uv": [ 3.5, 4, 11.5, 12.5 ], "texture": "#texture5" }
			}
		},
		{
			"__comment": "Box59",
			"from": [ 8.5, -8.55, 9.25 ],
			"to": [ 9, -7.55, 9.75 ],
			"faces": {
				"down": { "uv": [ 5, 3.5, 9, 11 ], "texture": "#texture5" },
				"up": { "uv": [ 6, 12, 10, 3.5 ], "texture": "#texture5" },
				"north": { "uv": [ 2.5, 5.5, 7, 10.5 ], "texture": "#texture5" },
				"south": { "uv": [ 3, 5, 10, 11.5 ], "texture": "#texture5" },
				"west": { "uv": [ 5.5, 5, 10, 10.5 ], "texture": "#texture5" },
				"east": { "uv": [ 3.5, 4, 11.5, 12.5 ], "texture": "#texture5" }
			}
		},
		{
			"__comment": "Box24",
			"from": [ 5.875, -8.75, 9.375 ],
			"to": [ 7.875, -6.75, 11.375 ],
			"rotation": { "origin": [ 5.875, -8.75, 9.375 ], "axis": "y", "angle": 45 },
			"faces": {
				"down": { "uv": [ 0, 0.5, 16, 15 ], "texture": "#texture2" },
				"up": { "uv": [ 0, 0.5, 16, 15.5 ], "texture": "#texture2" },
				"north": { "uv": [ 8, 14, 10, 16 ], "texture": "#texture2" },
				"south": { "uv": [ 6, 14, 8, 16 ], "texture": "#texture2" },
				"west": { "uv": [ 5, 14, 7, 16 ], "texture": "#texture2" },
				"east": { "uv": [ 9, 14, 11, 16 ], "texture": "#texture2" }
			}
		},
		{
			"__comment": "Box40",
			"from": [ 7, -8.125, 7.75 ],
			"to": [ 8, -7.125, 8.75 ],
			"faces": {
				"down": { "uv": [ 2, 3, 6, 6.5 ], "texture": "#texture4" },
				"up": { "uv": [ 1.5, 1, 5.5, 4.5 ], "texture": "#texture4" },
				"north": { "uv": [ 0, 0, 6, 2.5 ], "texture": "#texture4" },
				"south": { "uv": [ 0, 0, 4.5, 3.5 ], "texture": "#texture4" },
				"west": { "uv": [ 0, 0, 5.5, 4.5 ], "texture": "#texture4" },
				"east": { "uv": [ 8, 0, 16, 2.5 ], "texture": "#texture4" }
			}
		},
		{
			"__comment": "PlaneY129",
			"from": [ 1.625, 8, 1 ],
			"to": [ 14.625, 8.001, 14.5 ],
			"faces": {
				"down": { "uv": [ 0, 0, 16, 16 ], "texture": "#texture6" },
				"up": { "uv": [ 0, 0, 16, 16 ], "texture": "#texture6" }
			}
		},
		{
			"__comment": "PlaneY129",
			"from": [ 1.5, 0, 1 ],
			"to": [ 14.5, 0.001, 14.5 ],
			"faces": {
				"down": { "uv": [ 0, 0, 16, 16 ], "texture": "#texture6" },
				"up": { "uv": [ 0, 0, 16, 16 ], "texture": "#texture6" }
			}
		},
		{
			"__comment": "PlaneY129",
			"from": [ 1.5, 16, 1 ],
			"to": [ 14.5, 16.001, 14.5 ],
			"faces": {
				"down": { "uv": [ 0, 0, 16, 16 ], "texture": "#texture6" },
				"up": { "uv": [ 0, 0, 16, 16 ], "texture": "#texture6" }
			}
		}
	],
	"display": {
		"thirdperson_righthand": {
			"rotation":  [ 30, 0, 0 ],
			"translation":  [ 0, 6.9565, 5.5652 ],
			"scale":  [ 0.55, 0.8, 0.55 ]
		},
		"thirdperson_lefthand": {
			"rotation":  [ 30, 0, 0 ],
			"translation":  [ 0, 6.9565, 5.5652 ],
			"scale":  [ 0.55, 0.8, 0.55 ]
		},
		"firstperson_righthand": {
			"rotation":  [ 13, 90, -25 ],
			"translation":  [ 1.13, 5.9826, 1.13 ],
			"scale":  [ 0.5, 1.2, 0.5 ]
		},
		"firstperson_lefthand": {
			"rotation":  [ 13, 90, -25 ],
			"translation":  [ 1.13, 5.9826, 1.13 ],
			"scale":  [ 0.5, 1.2, 0.5 ]
		},
		"gui": {
			"rotation":  [ -6, -27, 132 ],
			"scale":  [ 0.55, 0.8, 0.55 ]
		},
		"ground": {
			"rotation":  [ 63, 0, 0 ],
			"translation":  [ 0, 6.2608, 0 ],
			"scale":  [ 0.6, 1.2, 0.6 ]
		},
		"fixed": {
			"scale":  [ 0.7, 1.3, 0.7 ]
		}
	}
}