{
"__comment": "Designed by S9855027 with BDcraft Cubik PRO 0.96 Beta - http://bdcraft.net",
"textures": {
    "particle": "swords/NightShadow",
    "texture": "swords/NightShadow"
},
"elements": [ 
{
    "__comment": "1 x128",
    "from": [ 5.875, 8.5, 2 ],
    "to": [ 6.375, 8.75, 2.125 ],
    "faces": {
        "down":  { "uv": [ 5.875, 2.125, 6.375, 2 ], "texture": "#texture" },
        "up":    { "uv": [ 5.875, 2, 6.375, 2.125 ], "texture": "#texture" },
        "north": { "uv": [ 6.375, 2, 5.875, 2.125 ], "texture": "#texture" },
        "south": { "uv": [ 5.875, 2.125, 6.375, 2 ], "texture": "#texture" },
        "west":  { "uv": [ 5.875, 2, 6, 2.125 ], "rotation": 270, "texture": "#texture" },
        "east":  { "uv": [ 6.375, 2, 6.25, 2.125 ], "texture": "#texture" }
    }
},
{
    "__comment": "1 x128",
    "from": [ 6.125, 8.5, 1.875 ],
    "to": [ 7.5, 8.75, 2 ],
    "faces": {
        "down":  { "uv": [ 6.125, 2, 7.5, 1.875 ], "texture": "#texture" },
        "up":    { "uv": [ 6.125, 1.875, 7.5, 2 ], "texture": "#texture" },
        "north": { "uv": [ 7.5, 1.875, 6.125, 2 ], "texture": "#texture" },
        "south": { "uv": [ 6.125, 2, 7.5, 1.875 ], "texture": "#texture" },
        "west":  { "uv": [ 6.125, 1.875, 6.25, 2 ], "rotation": 270, "texture": "#texture" },
        "east":  { "uv": [ 7.5, 1.875, 7.375, 2 ], "texture": "#texture" }
    }
},
{
    "__comment": "1 x128",
    "from": [ 6.125, 8.5, 2.125 ],
    "to": [ 7.125, 8.75, 2.25 ],
    "faces": {
        "down":  { "uv": [ 6.125, 2.25, 7.125, 2.125 ], "texture": "#texture" },
        "up":    { "uv": [ 6.125, 2.125, 7.125, 2.25 ], "texture": "#texture" },
        "north": { "uv": [ 7.125, 2.125, 6.125, 2.25 ], "texture": "#texture" },
        "south": { "uv": [ 6.125, 2.25, 7.125, 2.125 ], "texture": "#texture" },
        "west":  { "uv": [ 6.125, 2.125, 6.25, 2.25 ], "rotation": 270, "texture": "#texture" },
        "east":  { "uv": [ 7.125, 2.125, 7, 2.25 ], "texture": "#texture" }
    }
},
{
    "__comment": "1 x128",
    "from": [ 6.625, 8.5, 1.75 ],
    "to": [ 7.5, 8.75, 1.875 ],
    "faces": {
        "down":  { "uv": [ 6.625, 1.875, 7.5, 1.75 ], "texture": "#texture" },
        "up":    { "uv": [ 6.625, 1.75, 7.5, 1.875 ], "texture": "#texture" },
        "north": { "uv": [ 7.5, 1.75, 6.625, 1.875 ], "texture": "#texture" },
        "south": { "uv": [ 6.625, 1.875, 7.5, 1.75 ], "texture": "#texture" },
        "west":  { "uv": [ 6.625, 1.75, 6.75, 1.875 ], "rotation": 270, "texture": "#texture" },
        "east":  { "uv": [ 7.5, 1.75, 7.375, 1.875 ], "texture": "#texture" }
    }
},
{
    "__comment": "1 x128",
    "from": [ 6.625, 8.5, 2.25 ],
    "to": [ 7.625, 8.75, 2.375 ],
    "faces": {
        "down":  { "uv": [ 6.625, 2.375, 7.625, 2.25 ], "texture": "#texture" },
        "up":    { "uv": [ 6.625, 2.25, 7.625, 2.375 ], "texture": "#texture" },
        "north": { "uv": [ 7.625, 2.25, 6.625, 2.375 ], "texture": "#texture" },
        "south": { "uv": [ 6.625, 2.375, 7.625, 2.25 ], "texture": "#texture" },
        "west":  { "uv": [ 6.625, 2.25, 6.75, 2.375 ], "rotation": 270, "texture": "#texture" },
        "east":  { "uv": [ 7.625, 2.25, 7.5, 2.375 ], "texture": "#texture" }
    }
},
{
    "__comment": "1 x128",
    "from": [ 7, 8.5, 3.375 ],
    "to": [ 7.625, 8.75, 3.5 ],
    "faces": {
        "down":  { "uv": [ 7, 3.5, 7.625, 3.375 ], "texture": "#texture" },
        "up":    { "uv": [ 7, 3.375, 7.625, 3.5 ], "texture": "#texture" },
        "north": { "uv": [ 7.625, 3.375, 7, 3.5 ], "texture": "#texture" },
        "south": { "uv": [ 7, 3.5, 7.625, 3.375 ], "texture": "#texture" },
        "west":  { "uv": [ 7, 3.375, 7.125, 3.5 ], "rotation": 270, "texture": "#texture" },
        "east":  { "uv": [ 7.625, 3.375, 7.5, 3.5 ], "texture": "#texture" }
    }
},
{
    "__comment": "1 x128",
    "from": [ 7.125, 8.5, 4.625 ],
    "to": [ 7.5, 8.75, 4.875 ],
    "faces": {
        "down":  { "uv": [ 7.125, 4.875, 7.5, 4.625 ], "texture": "#texture" },
        "up":    { "uv": [ 7.125, 4.625, 7.5, 4.875 ], "texture": "#texture" },
        "north": { "uv": [ 7.5, 4.625, 7.125, 4.75 ], "texture": "#texture" },
        "south": { "uv": [ 7.125, 4.875, 7.5, 4.75 ], "texture": "#texture" },
        "west":  { "uv": [ 7.125, 4.625, 7.25, 4.875 ], "rotation": 270, "texture": "#texture" },
        "east":  { "uv": [ 7.5, 4.625, 7.375, 4.875 ], "texture": "#texture" }
    }
},
{
    "__comment": "1 x128",
    "from": [ 7.25, 8.5, 2.375 ],
    "to": [ 7.75, 8.75, 2.5 ],
    "faces": {
        "down":  { "uv": [ 7.25, 2.5, 7.75, 2.375 ], "texture": "#texture" },
        "up":    { "uv": [ 7.25, 2.375, 7.75, 2.5 ], "texture": "#texture" },
        "north": { "uv": [ 7.75, 2.375, 7.25, 2.5 ], "texture": "#texture" },
        "south": { "uv": [ 7.25, 2.5, 7.75, 2.375 ], "texture": "#texture" },
        "west":  { "uv": [ 7.25, 2.375, 7.375, 2.5 ], "rotation": 270, "texture": "#texture" },
        "east":  { "uv": [ 7.75, 2.375, 7.625, 2.5 ], "texture": "#texture" }
    }
},
{
    "__comment": "1 x128",
    "from": [ 7.25, 8.5, 3.5 ],
    "to": [ 7.625, 8.75, 3.75 ],
    "faces": {
        "down":  { "uv": [ 7.25, 3.75, 7.625, 3.5 ], "texture": "#texture" },
        "up":    { "uv": [ 7.25, 3.5, 7.625, 3.75 ], "texture": "#texture" },
        "north": { "uv": [ 7.625, 3.5, 7.25, 3.625 ], "texture": "#texture" },
        "south": { "uv": [ 7.25, 3.75, 7.625, 3.625 ], "texture": "#texture" },
        "west":  { "uv": [ 7.25, 3.5, 7.375, 3.75 ], "rotation": 270, "texture": "#texture" },
        "east":  { "uv": [ 7.625, 3.5, 7.5, 3.75 ], "texture": "#texture" }
    }
},
{
    "__comment": "1 x128",
    "from": [ 7.25, 8.5, 4.5 ],
    "to": [ 7.75, 8.75, 4.625 ],
    "faces": {
        "down":  { "uv": [ 7.25, 4.625, 7.75, 4.5 ], "texture": "#texture" },
        "up":    { "uv": [ 7.25, 4.5, 7.75, 4.625 ], "texture": "#texture" },
        "north": { "uv": [ 7.75, 4.5, 7.25, 4.625 ], "texture": "#texture" },
        "south": { "uv": [ 7.25, 4.625, 7.75, 4.5 ], "texture": "#texture" },
        "west":  { "uv": [ 7.25, 4.5, 7.375, 4.625 ], "rotation": 270, "texture": "#texture" },
        "east":  { "uv": [ 7.75, 4.5, 7.625, 4.625 ], "texture": "#texture" }
    }
},
{
    "__comment": "1 x128",
    "from": [ 7.25, 8.5, 4.875 ],
    "to": [ 7.5, 8.75, 5.25 ],
    "faces": {
        "down":  { "uv": [ 7.25, 5.25, 7.5, 4.875 ], "texture": "#texture" },
        "up":    { "uv": [ 7.25, 4.875, 7.5, 5.25 ], "texture": "#texture" },
        "north": { "uv": [ 7.5, 4.875, 7.25, 5 ], "texture": "#texture" },
        "south": { "uv": [ 7.25, 5.25, 7.5, 5.125 ], "texture": "#texture" },
        "west":  { "uv": [ 7.25, 4.875, 7.375, 5.25 ], "rotation": 270, "texture": "#texture" },
        "east":  { "uv": [ 7.5, 4.875, 7.375, 5.25 ], "texture": "#texture" }
    }
},
{
    "__comment": "1 x128",
    "from": [ 7.375, 8.5, 2 ],
    "to": [ 7.75, 8.75, 2.125 ],
    "faces": {
        "down":  { "uv": [ 7.375, 2.125, 7.75, 2 ], "texture": "#texture" },
        "up":    { "uv": [ 7.375, 2, 7.75, 2.125 ], "texture": "#texture" },
        "north": { "uv": [ 7.75, 2, 7.375, 2.125 ], "texture": "#texture" },
        "south": { "uv": [ 7.375, 2.125, 7.75, 2 ], "texture": "#texture" },
        "west":  { "uv": [ 7.375, 2, 7.5, 2.125 ], "rotation": 270, "texture": "#texture" },
        "east":  { "uv": [ 7.75, 2, 7.625, 2.125 ], "texture": "#texture" }
    }
},
{
    "__comment": "1 x128",
    "from": [ 7.375, 8.5, 3.25 ],
    "to": [ 7.875, 8.75, 3.375 ],
    "faces": {
        "down":  { "uv": [ 7.375, 3.375, 7.875, 3.25 ], "texture": "#texture" },
        "up":    { "uv": [ 7.375, 3.25, 7.875, 3.375 ], "texture": "#texture" },
        "north": { "uv": [ 7.875, 3.25, 7.375, 3.375 ], "texture": "#texture" },
        "south": { "uv": [ 7.375, 3.375, 7.875, 3.25 ], "texture": "#texture" },
        "west":  { "uv": [ 7.375, 3.25, 7.5, 3.375 ], "rotation": 270, "texture": "#texture" },
        "east":  { "uv": [ 7.875, 3.25, 7.75, 3.375 ], "texture": "#texture" }
    }
},
{
    "__comment": "1 x128",
    "from": [ 7.375, 8.5, 5.25 ],
    "to": [ 7.625, 8.75, 14.625 ],
    "faces": {
        "down":  { "uv": [ 7.375, 14.625, 7.625, 5.25 ], "texture": "#texture" },
        "up":    { "uv": [ 7.375, 5.25, 7.625, 14.625 ], "texture": "#texture" },
        "north": { "uv": [ 7.625, 5.25, 7.375, 5.375 ], "texture": "#texture" },
        "south": { "uv": [ 7.375, 14.625, 7.625, 14.5 ], "texture": "#texture" },
        "west":  { "uv": [ 7.375, 5.25, 7.5, 14.625 ], "rotation": 270, "texture": "#texture" },
        "east":  { "uv": [ 7.625, 5.25, 7.5, 14.625 ], "texture": "#texture" }
    }
},
{
    "__comment": "1 x128",
    "from": [ 7.5, 8.5, 2.5 ],
    "to": [ 7.875, 8.75, 2.625 ],
    "faces": {
        "down":  { "uv": [ 7.5, 2.625, 7.875, 2.5 ], "texture": "#texture" },
        "up":    { "uv": [ 7.5, 2.5, 7.875, 2.625 ], "texture": "#texture" },
        "north": { "uv": [ 7.875, 2.5, 7.5, 2.625 ], "texture": "#texture" },
        "south": { "uv": [ 7.5, 2.625, 7.875, 2.5 ], "texture": "#texture" },
        "west":  { "uv": [ 7.5, 2.5, 7.625, 2.625 ], "rotation": 270, "texture": "#texture" },
        "east":  { "uv": [ 7.875, 2.5, 7.75, 2.625 ], "texture": "#texture" }
    }
},
{
    "__comment": "1 x128",
    "from": [ 7.5, 8.5, 3.75 ],
    "to": [ 7.875, 8.75, 4 ],
    "faces": {
        "down":  { "uv": [ 7.5, 4, 7.875, 3.75 ], "texture": "#texture" },
        "up":    { "uv": [ 7.5, 3.75, 7.875, 4 ], "texture": "#texture" },
        "north": { "uv": [ 7.875, 3.75, 7.5, 3.875 ], "texture": "#texture" },
        "south": { "uv": [ 7.5, 4, 7.875, 3.875 ], "texture": "#texture" },
        "west":  { "uv": [ 7.5, 3.75, 7.625, 4 ], "rotation": 270, "texture": "#texture" },
        "east":  { "uv": [ 7.875, 3.75, 7.75, 4 ], "texture": "#texture" }
    }
},
{
    "__comment": "1 x128",
    "from": [ 7.5, 8.5, 4.375 ],
    "to": [ 7.875, 8.75, 4.5 ],
    "faces": {
        "down":  { "uv": [ 7.5, 4.5, 7.875, 4.375 ], "texture": "#texture" },
        "up":    { "uv": [ 7.5, 4.375, 7.875, 4.5 ], "texture": "#texture" },
        "north": { "uv": [ 7.875, 4.375, 7.5, 4.5 ], "texture": "#texture" },
        "south": { "uv": [ 7.5, 4.5, 7.875, 4.375 ], "texture": "#texture" },
        "west":  { "uv": [ 7.5, 4.375, 7.625, 4.5 ], "rotation": 270, "texture": "#texture" },
        "east":  { "uv": [ 7.875, 4.375, 7.75, 4.5 ], "texture": "#texture" }
    }
},
{
    "__comment": "1 x128",
    "from": [ 7.5, 8.5, 4.625 ],
    "to": [ 7.75, 8.75, 4.75 ],
    "faces": {
        "down":  { "uv": [ 7.5, 4.75, 7.75, 4.625 ], "texture": "#texture" },
        "up":    { "uv": [ 7.5, 4.625, 7.75, 4.75 ], "texture": "#texture" },
        "north": { "uv": [ 7.75, 4.625, 7.5, 4.75 ], "texture": "#texture" },
        "south": { "uv": [ 7.5, 4.75, 7.75, 4.625 ], "texture": "#texture" },
        "west":  { "uv": [ 7.5, 4.625, 7.625, 4.75 ], "rotation": 270, "texture": "#texture" },
        "east":  { "uv": [ 7.75, 4.625, 7.625, 4.75 ], "texture": "#texture" }
    }
},
{
    "__comment": "1 x128",
    "from": [ 7.5, 8.5, 5.125 ],
    "to": [ 7.625, 8.75, 5.25 ],
    "faces": {
        "down":  { "uv": [ 7.5, 5.25, 7.625, 5.125 ], "texture": "#texture" },
        "up":    { "uv": [ 7.5, 5.125, 7.625, 5.25 ], "texture": "#texture" },
        "north": { "uv": [ 7.625, 5.125, 7.5, 5.25 ], "texture": "#texture" },
        "south": { "uv": [ 7.5, 5.25, 7.625, 5.125 ], "texture": "#texture" },
        "west":  { "uv": [ 7.5, 5.125, 7.625, 5.25 ], "rotation": 270, "texture": "#texture" },
        "east":  { "uv": [ 7.625, 5.125, 7.5, 5.25 ], "texture": "#texture" }
    }
},
{
    "__comment": "1 x128",
    "from": [ 7.5, 8.5, 14.625 ],
    "to": [ 7.875, 8.75, 15.125 ],
    "faces": {
        "down":  { "uv": [ 7.5, 15.125, 7.875, 14.625 ], "texture": "#texture" },
        "up":    { "uv": [ 7.5, 14.625, 7.875, 15.125 ], "texture": "#texture" },
        "north": { "uv": [ 7.875, 14.625, 7.5, 14.75 ], "texture": "#texture" },
        "south": { "uv": [ 7.5, 15.125, 7.875, 15 ], "texture": "#texture" },
        "west":  { "uv": [ 7.5, 14.625, 7.625, 15.125 ], "rotation": 270, "texture": "#texture" },
        "east":  { "uv": [ 7.875, 14.625, 7.75, 15.125 ], "texture": "#texture" }
    }
},
{
    "__comment": "1 x128",
    "from": [ 7.625, 8.5, 2.625 ],
    "to": [ 7.875, 8.75, 2.75 ],
    "faces": {
        "down":  { "uv": [ 7.625, 2.75, 7.875, 2.625 ], "texture": "#texture" },
        "up":    { "uv": [ 7.625, 2.625, 7.875, 2.75 ], "texture": "#texture" },
        "north": { "uv": [ 7.875, 2.625, 7.625, 2.75 ], "texture": "#texture" },
        "south": { "uv": [ 7.625, 2.75, 7.875, 2.625 ], "texture": "#texture" },
        "west":  { "uv": [ 7.625, 2.625, 7.75, 2.75 ], "rotation": 270, "texture": "#texture" },
        "east":  { "uv": [ 7.875, 2.625, 7.75, 2.75 ], "texture": "#texture" }
    }
},
{
    "__comment": "1 x128",
    "from": [ 7.625, 8.5, 3.125 ],
    "to": [ 7.875, 8.75, 3.25 ],
    "faces": {
        "down":  { "uv": [ 7.625, 3.25, 7.875, 3.125 ], "texture": "#texture" },
        "up":    { "uv": [ 7.625, 3.125, 7.875, 3.25 ], "texture": "#texture" },
        "north": { "uv": [ 7.875, 3.125, 7.625, 3.25 ], "texture": "#texture" },
        "south": { "uv": [ 7.625, 3.25, 7.875, 3.125 ], "texture": "#texture" },
        "west":  { "uv": [ 7.625, 3.125, 7.75, 3.25 ], "rotation": 270, "texture": "#texture" },
        "east":  { "uv": [ 7.875, 3.125, 7.75, 3.25 ], "texture": "#texture" }
    }
},
{
    "__comment": "1 x128",
    "from": [ 7.625, 8.5, 3.625 ],
    "to": [ 7.75, 8.75, 3.75 ],
    "faces": {
        "down":  { "uv": [ 7.625, 3.75, 7.75, 3.625 ], "texture": "#texture" },
        "up":    { "uv": [ 7.625, 3.625, 7.75, 3.75 ], "texture": "#texture" },
        "north": { "uv": [ 7.75, 3.625, 7.625, 3.75 ], "texture": "#texture" },
        "south": { "uv": [ 7.625, 3.75, 7.75, 3.625 ], "texture": "#texture" },
        "west":  { "uv": [ 7.625, 3.625, 7.75, 3.75 ], "rotation": 270, "texture": "#texture" },
        "east":  { "uv": [ 7.75, 3.625, 7.625, 3.75 ], "texture": "#texture" }
    }
},
{
    "__comment": "1 x128",
    "from": [ 7.625, 8.5, 4.125 ],
    "to": [ 7.875, 8.75, 4.375 ],
    "faces": {
        "down":  { "uv": [ 7.625, 4.375, 7.875, 4.125 ], "texture": "#texture" },
        "up":    { "uv": [ 7.625, 4.125, 7.875, 4.375 ], "texture": "#texture" },
        "north": { "uv": [ 7.875, 4.125, 7.625, 4.25 ], "texture": "#texture" },
        "south": { "uv": [ 7.625, 4.375, 7.875, 4.25 ], "texture": "#texture" },
        "west":  { "uv": [ 7.625, 4.125, 7.75, 4.375 ], "rotation": 270, "texture": "#texture" },
        "east":  { "uv": [ 7.875, 4.125, 7.75, 4.375 ], "texture": "#texture" }
    }
},
{
    "__comment": "1 x128",
    "from": [ 7.625, 8.5, 15.125 ],
    "to": [ 8, 8.75, 15.375 ],
    "faces": {
        "down":  { "uv": [ 7.625, 15.375, 8, 15.125 ], "texture": "#texture" },
        "up":    { "uv": [ 7.625, 15.125, 8, 15.375 ], "texture": "#texture" },
        "north": { "uv": [ 8, 15.125, 7.625, 15.25 ], "texture": "#texture" },
        "south": { "uv": [ 7.625, 15.375, 8, 15.25 ], "texture": "#texture" },
        "west":  { "uv": [ 7.625, 15.125, 7.75, 15.375 ], "rotation": 270, "texture": "#texture" },
        "east":  { "uv": [ 8, 15.125, 7.875, 15.375 ], "texture": "#texture" }
    }
},
{
    "__comment": "1 x128",
    "from": [ 7.75, 8.5, 2.75 ],
    "to": [ 7.875, 8.75, 3.125 ],
    "faces": {
        "down":  { "uv": [ 7.75, 3.125, 7.875, 2.75 ], "texture": "#texture" },
        "up":    { "uv": [ 7.75, 2.75, 7.875, 3.125 ], "texture": "#texture" },
        "north": { "uv": [ 7.875, 2.75, 7.75, 2.875 ], "texture": "#texture" },
        "south": { "uv": [ 7.75, 3.125, 7.875, 3 ], "texture": "#texture" },
        "west":  { "uv": [ 7.75, 2.75, 7.875, 3.125 ], "rotation": 270, "texture": "#texture" },
        "east":  { "uv": [ 7.875, 2.75, 7.75, 3.125 ], "texture": "#texture" }
    }
},
{
    "__comment": "1 x128",
    "from": [ 7.75, 8.5, 4 ],
    "to": [ 8, 8.75, 4.125 ],
    "faces": {
        "down":  { "uv": [ 7.75, 4.125, 8, 4 ], "texture": "#texture" },
        "up":    { "uv": [ 7.75, 4, 8, 4.125 ], "texture": "#texture" },
        "north": { "uv": [ 8, 4, 7.75, 4.125 ], "texture": "#texture" },
        "south": { "uv": [ 7.75, 4.125, 8, 4 ], "texture": "#texture" },
        "west":  { "uv": [ 7.75, 4, 7.875, 4.125 ], "rotation": 270, "texture": "#texture" },
        "east":  { "uv": [ 8, 4, 7.875, 4.125 ], "texture": "#texture" }
    }
},
{
    "__comment": "1 x128",
    "from": [ 7.75, 8.5, 15.375 ],
    "to": [ 8, 8.75, 15.625 ],
    "faces": {
        "down":  { "uv": [ 7.75, 15.625, 8, 15.375 ], "texture": "#texture" },
        "up":    { "uv": [ 7.75, 15.375, 8, 15.625 ], "texture": "#texture" },
        "north": { "uv": [ 8, 15.375, 7.75, 15.5 ], "texture": "#texture" },
        "south": { "uv": [ 7.75, 15.625, 8, 15.5 ], "texture": "#texture" },
        "west":  { "uv": [ 7.75, 15.375, 7.875, 15.625 ], "rotation": 270, "texture": "#texture" },
        "east":  { "uv": [ 8, 15.375, 7.875, 15.625 ], "texture": "#texture" }
    }
},
{
    "__comment": "1 x128",
    "from": [ 7.875, 8.5, 15 ],
    "to": [ 8, 8.75, 15.125 ],
    "faces": {
        "down":  { "uv": [ 7.875, 15.125, 8, 15 ], "texture": "#texture" },
        "up":    { "uv": [ 7.875, 15, 8, 15.125 ], "texture": "#texture" },
        "north": { "uv": [ 8, 15, 7.875, 15.125 ], "texture": "#texture" },
        "south": { "uv": [ 7.875, 15.125, 8, 15 ], "texture": "#texture" },
        "west":  { "uv": [ 7.875, 15, 8, 15.125 ], "rotation": 270, "texture": "#texture" },
        "east":  { "uv": [ 8, 15, 7.875, 15.125 ], "texture": "#texture" }
    }
},
{
    "__comment": "1 x128",
    "from": [ 7.875, 8.5, 15.625 ],
    "to": [ 8.25, 8.75, 15.875 ],
    "faces": {
        "down":  { "uv": [ 7.875, 15.875, 8.25, 15.625 ], "texture": "#texture" },
        "up":    { "uv": [ 7.875, 15.625, 8.25, 15.875 ], "texture": "#texture" },
        "north": { "uv": [ 8.25, 15.625, 7.875, 15.75 ], "texture": "#texture" },
        "south": { "uv": [ 7.875, 15.875, 8.25, 15.75 ], "texture": "#texture" },
        "west":  { "uv": [ 7.875, 15.625, 8, 15.875 ], "rotation": 270, "texture": "#texture" },
        "east":  { "uv": [ 8.25, 15.625, 8.125, 15.875 ], "texture": "#texture" }
    }
},
{
    "__comment": "1 x128",
    "from": [ 8, 8.5, 15.5 ],
    "to": [ 8.375, 8.75, 15.625 ],
    "faces": {
        "down":  { "uv": [ 8, 15.625, 8.375, 15.5 ], "texture": "#texture" },
        "up":    { "uv": [ 8, 15.5, 8.375, 15.625 ], "texture": "#texture" },
        "north": { "uv": [ 8.375, 15.5, 8, 15.625 ], "texture": "#texture" },
        "south": { "uv": [ 8, 15.625, 8.375, 15.5 ], "texture": "#texture" },
        "west":  { "uv": [ 8, 15.5, 8.125, 15.625 ], "rotation": 270, "texture": "#texture" },
        "east":  { "uv": [ 8.375, 15.5, 8.25, 15.625 ], "texture": "#texture" }
    }
},
{
    "__comment": "1 x128",
    "from": [ 8, 8.5, 15.875 ],
    "to": [ 8.125, 8.75, 16 ],
    "faces": {
        "down":  { "uv": [ 8, 16, 8.125, 15.875 ], "texture": "#texture" },
        "up":    { "uv": [ 8, 15.875, 8.125, 16 ], "texture": "#texture" },
        "north": { "uv": [ 8.125, 15.875, 8, 16 ], "texture": "#texture" },
        "south": { "uv": [ 8, 16, 8.125, 15.875 ], "texture": "#texture" },
        "west":  { "uv": [ 8, 15.875, 8.125, 16 ], "rotation": 270, "texture": "#texture" },
        "east":  { "uv": [ 8.125, 15.875, 8, 16 ], "texture": "#texture" }
    }
},
{
    "__comment": "1 x128",
    "from": [ 8.125, 8.5, 4 ],
    "to": [ 8.375, 8.75, 4.125 ],
    "faces": {
        "down":  { "uv": [ 8.125, 4.125, 8.375, 4 ], "texture": "#texture" },
        "up":    { "uv": [ 8.125, 4, 8.375, 4.125 ], "texture": "#texture" },
        "north": { "uv": [ 8.375, 4, 8.125, 4.125 ], "texture": "#texture" },
        "south": { "uv": [ 8.125, 4.125, 8.375, 4 ], "texture": "#texture" },
        "west":  { "uv": [ 8.125, 4, 8.25, 4.125 ], "rotation": 270, "texture": "#texture" },
        "east":  { "uv": [ 8.375, 4, 8.25, 4.125 ], "texture": "#texture" }
    }
},
{
    "__comment": "1 x128",
    "from": [ 8.125, 8.5, 15 ],
    "to": [ 8.375, 8.75, 15.5 ],
    "faces": {
        "down":  { "uv": [ 8.125, 15.5, 8.375, 15 ], "texture": "#texture" },
        "up":    { "uv": [ 8.125, 15, 8.375, 15.5 ], "texture": "#texture" },
        "north": { "uv": [ 8.375, 15, 8.125, 15.125 ], "texture": "#texture" },
        "south": { "uv": [ 8.125, 15.5, 8.375, 15.375 ], "texture": "#texture" },
        "west":  { "uv": [ 8.125, 15, 8.25, 15.5 ], "rotation": 270, "texture": "#texture" },
        "east":  { "uv": [ 8.375, 15, 8.25, 15.5 ], "texture": "#texture" }
    }
},
{
    "__comment": "1 x128",
    "from": [ 8.25, 8.5, 2.5 ],
    "to": [ 8.375, 8.75, 3.375 ],
    "faces": {
        "down":  { "uv": [ 8.25, 3.375, 8.375, 2.5 ], "texture": "#texture" },
        "up":    { "uv": [ 8.25, 2.5, 8.375, 3.375 ], "texture": "#texture" },
        "north": { "uv": [ 8.375, 2.5, 8.25, 2.625 ], "texture": "#texture" },
        "south": { "uv": [ 8.25, 3.375, 8.375, 3.25 ], "texture": "#texture" },
        "west":  { "uv": [ 8.25, 2.5, 8.375, 3.375 ], "rotation": 270, "texture": "#texture" },
        "east":  { "uv": [ 8.375, 2.5, 8.25, 3.375 ], "texture": "#texture" }
    }
},
{
    "__comment": "1 x128",
    "from": [ 8.25, 8.5, 3.75 ],
    "to": [ 8.625, 8.75, 4 ],
    "faces": {
        "down":  { "uv": [ 8.25, 4, 8.625, 3.75 ], "texture": "#texture" },
        "up":    { "uv": [ 8.25, 3.75, 8.625, 4 ], "texture": "#texture" },
        "north": { "uv": [ 8.625, 3.75, 8.25, 3.875 ], "texture": "#texture" },
        "south": { "uv": [ 8.25, 4, 8.625, 3.875 ], "texture": "#texture" },
        "west":  { "uv": [ 8.25, 3.75, 8.375, 4 ], "rotation": 270, "texture": "#texture" },
        "east":  { "uv": [ 8.625, 3.75, 8.5, 4 ], "texture": "#texture" }
    }
},
{
    "__comment": "1 x128",
    "from": [ 8.25, 8.5, 4.125 ],
    "to": [ 8.5, 8.75, 4.5 ],
    "faces": {
        "down":  { "uv": [ 8.25, 4.5, 8.5, 4.125 ], "texture": "#texture" },
        "up":    { "uv": [ 8.25, 4.125, 8.5, 4.5 ], "texture": "#texture" },
        "north": { "uv": [ 8.5, 4.125, 8.25, 4.25 ], "texture": "#texture" },
        "south": { "uv": [ 8.25, 4.5, 8.5, 4.375 ], "texture": "#texture" },
        "west":  { "uv": [ 8.25, 4.125, 8.375, 4.5 ], "rotation": 270, "texture": "#texture" },
        "east":  { "uv": [ 8.5, 4.125, 8.375, 4.5 ], "texture": "#texture" }
    }
},
{
    "__comment": "1 x128",
    "from": [ 8.25, 8.5, 14.625 ],
    "to": [ 8.625, 8.75, 15 ],
    "faces": {
        "down":  { "uv": [ 8.25, 15, 8.625, 14.625 ], "texture": "#texture" },
        "up":    { "uv": [ 8.25, 14.625, 8.625, 15 ], "texture": "#texture" },
        "north": { "uv": [ 8.625, 14.625, 8.25, 14.75 ], "texture": "#texture" },
        "south": { "uv": [ 8.25, 15, 8.625, 14.875 ], "texture": "#texture" },
        "west":  { "uv": [ 8.25, 14.625, 8.375, 15 ], "rotation": 270, "texture": "#texture" },
        "east":  { "uv": [ 8.625, 14.625, 8.5, 15 ], "texture": "#texture" }
    }
},
{
    "__comment": "1 x128",
    "from": [ 8.375, 8.5, 2 ],
    "to": [ 8.75, 8.75, 2.125 ],
    "faces": {
        "down":  { "uv": [ 8.375, 2.125, 8.75, 2 ], "texture": "#texture" },
        "up":    { "uv": [ 8.375, 2, 8.75, 2.125 ], "texture": "#texture" },
        "north": { "uv": [ 8.75, 2, 8.375, 2.125 ], "texture": "#texture" },
        "south": { "uv": [ 8.375, 2.125, 8.75, 2 ], "texture": "#texture" },
        "west":  { "uv": [ 8.375, 2, 8.5, 2.125 ], "rotation": 270, "texture": "#texture" },
        "east":  { "uv": [ 8.75, 2, 8.625, 2.125 ], "texture": "#texture" }
    }
},
{
    "__comment": "1 x128",
    "from": [ 8.375, 8.5, 2.375 ],
    "to": [ 8.5, 8.75, 2.75 ],
    "faces": {
        "down":  { "uv": [ 8.375, 2.75, 8.5, 2.375 ], "texture": "#texture" },
        "up":    { "uv": [ 8.375, 2.375, 8.5, 2.75 ], "texture": "#texture" },
        "north": { "uv": [ 8.5, 2.375, 8.375, 2.5 ], "texture": "#texture" },
        "south": { "uv": [ 8.375, 2.75, 8.5, 2.625 ], "texture": "#texture" },
        "west":  { "uv": [ 8.375, 2.375, 8.5, 2.75 ], "rotation": 270, "texture": "#texture" },
        "east":  { "uv": [ 8.5, 2.375, 8.375, 2.75 ], "texture": "#texture" }
    }
},
{
    "__comment": "1 x128",
    "from": [ 8.375, 8.5, 3.125 ],
    "to": [ 8.5, 8.75, 3.375 ],
    "faces": {
        "down":  { "uv": [ 8.375, 3.375, 8.5, 3.125 ], "texture": "#texture" },
        "up":    { "uv": [ 8.375, 3.125, 8.5, 3.375 ], "texture": "#texture" },
        "north": { "uv": [ 8.5, 3.125, 8.375, 3.25 ], "texture": "#texture" },
        "south": { "uv": [ 8.375, 3.375, 8.5, 3.25 ], "texture": "#texture" },
        "west":  { "uv": [ 8.375, 3.125, 8.5, 3.375 ], "rotation": 270, "texture": "#texture" },
        "east":  { "uv": [ 8.5, 3.125, 8.375, 3.375 ], "texture": "#texture" }
    }
},
{
    "__comment": "1 x128",
    "from": [ 8.375, 8.5, 3.625 ],
    "to": [ 8.875, 8.75, 3.75 ],
    "faces": {
        "down":  { "uv": [ 8.375, 3.75, 8.875, 3.625 ], "texture": "#texture" },
        "up":    { "uv": [ 8.375, 3.625, 8.875, 3.75 ], "texture": "#texture" },
        "north": { "uv": [ 8.875, 3.625, 8.375, 3.75 ], "texture": "#texture" },
        "south": { "uv": [ 8.375, 3.75, 8.875, 3.625 ], "texture": "#texture" },
        "west":  { "uv": [ 8.375, 3.625, 8.5, 3.75 ], "rotation": 270, "texture": "#texture" },
        "east":  { "uv": [ 8.875, 3.625, 8.75, 3.75 ], "texture": "#texture" }
    }
},
{
    "__comment": "1 x128",
    "from": [ 8.375, 8.5, 4.5 ],
    "to": [ 8.875, 8.75, 4.75 ],
    "faces": {
        "down":  { "uv": [ 8.375, 4.75, 8.875, 4.5 ], "texture": "#texture" },
        "up":    { "uv": [ 8.375, 4.5, 8.875, 4.75 ], "texture": "#texture" },
        "north": { "uv": [ 8.875, 4.5, 8.375, 4.625 ], "texture": "#texture" },
        "south": { "uv": [ 8.375, 4.75, 8.875, 4.625 ], "texture": "#texture" },
        "west":  { "uv": [ 8.375, 4.5, 8.5, 4.75 ], "rotation": 270, "texture": "#texture" },
        "east":  { "uv": [ 8.875, 4.5, 8.75, 4.75 ], "texture": "#texture" }
    }
},
{
    "__comment": "1 x128",
    "from": [ 8.375, 8.5, 15 ],
    "to": [ 8.5, 8.75, 15.375 ],
    "faces": {
        "down":  { "uv": [ 8.375, 15.375, 8.5, 15 ], "texture": "#texture" },
        "up":    { "uv": [ 8.375, 15, 8.5, 15.375 ], "texture": "#texture" },
        "north": { "uv": [ 8.5, 15, 8.375, 15.125 ], "texture": "#texture" },
        "south": { "uv": [ 8.375, 15.375, 8.5, 15.25 ], "texture": "#texture" },
        "west":  { "uv": [ 8.375, 15, 8.5, 15.375 ], "rotation": 270, "texture": "#texture" },
        "east":  { "uv": [ 8.5, 15, 8.375, 15.375 ], "texture": "#texture" }
    }
},
{
    "__comment": "1 x128",
    "from": [ 8.5, 8.5, 2.25 ],
    "to": [ 8.625, 8.75, 2.625 ],
    "faces": {
        "down":  { "uv": [ 8.5, 2.625, 8.625, 2.25 ], "texture": "#texture" },
        "up":    { "uv": [ 8.5, 2.25, 8.625, 2.625 ], "texture": "#texture" },
        "north": { "uv": [ 8.625, 2.25, 8.5, 2.375 ], "texture": "#texture" },
        "south": { "uv": [ 8.5, 2.625, 8.625, 2.5 ], "texture": "#texture" },
        "west":  { "uv": [ 8.5, 2.25, 8.625, 2.625 ], "rotation": 270, "texture": "#texture" },
        "east":  { "uv": [ 8.625, 2.25, 8.5, 2.625 ], "texture": "#texture" }
    }
},
{
    "__comment": "1 x128",
    "from": [ 8.5, 8.5, 3.25 ],
    "to": [ 8.75, 8.75, 3.625 ],
    "faces": {
        "down":  { "uv": [ 8.5, 3.625, 8.75, 3.25 ], "texture": "#texture" },
        "up":    { "uv": [ 8.5, 3.25, 8.75, 3.625 ], "texture": "#texture" },
        "north": { "uv": [ 8.75, 3.25, 8.5, 3.375 ], "texture": "#texture" },
        "south": { "uv": [ 8.5, 3.625, 8.75, 3.5 ], "texture": "#texture" },
        "west":  { "uv": [ 8.5, 3.25, 8.625, 3.625 ], "rotation": 270, "texture": "#texture" },
        "east":  { "uv": [ 8.75, 3.25, 8.625, 3.625 ], "texture": "#texture" }
    }
},
{
    "__comment": "1 x128",
    "from": [ 8.5, 8.5, 4.375 ],
    "to": [ 8.625, 8.75, 4.5 ],
    "faces": {
        "down":  { "uv": [ 8.5, 4.5, 8.625, 4.375 ], "texture": "#texture" },
        "up":    { "uv": [ 8.5, 4.375, 8.625, 4.5 ], "texture": "#texture" },
        "north": { "uv": [ 8.625, 4.375, 8.5, 4.5 ], "texture": "#texture" },
        "south": { "uv": [ 8.5, 4.5, 8.625, 4.375 ], "texture": "#texture" },
        "west":  { "uv": [ 8.5, 4.375, 8.625, 4.5 ], "rotation": 270, "texture": "#texture" },
        "east":  { "uv": [ 8.625, 4.375, 8.5, 4.5 ], "texture": "#texture" }
    }
},
{
    "__comment": "1 x128",
    "from": [ 8.5, 8.5, 5.125 ],
    "to": [ 8.75, 8.75, 14.625 ],
    "faces": {
        "down":  { "uv": [ 8.5, 14.625, 8.75, 5.125 ], "texture": "#texture" },
        "up":    { "uv": [ 8.5, 5.125, 8.75, 14.625 ], "texture": "#texture" },
        "north": { "uv": [ 8.75, 5.125, 8.5, 5.25 ], "texture": "#texture" },
        "south": { "uv": [ 8.5, 14.625, 8.75, 14.5 ], "texture": "#texture" },
        "west":  { "uv": [ 8.5, 5.125, 8.625, 14.625 ], "rotation": 270, "texture": "#texture" },
        "east":  { "uv": [ 8.75, 5.125, 8.625, 14.625 ], "texture": "#texture" }
    }
},
{
    "__comment": "1 x128",
    "from": [ 8.5, 8.5, 15 ],
    "to": [ 8.625, 8.75, 15.125 ],
    "faces": {
        "down":  { "uv": [ 8.5, 15.125, 8.625, 15 ], "texture": "#texture" },
        "up":    { "uv": [ 8.5, 15, 8.625, 15.125 ], "texture": "#texture" },
        "north": { "uv": [ 8.625, 15, 8.5, 15.125 ], "texture": "#texture" },
        "south": { "uv": [ 8.5, 15.125, 8.625, 15 ], "texture": "#texture" },
        "west":  { "uv": [ 8.5, 15, 8.625, 15.125 ], "rotation": 270, "texture": "#texture" },
        "east":  { "uv": [ 8.625, 15, 8.5, 15.125 ], "texture": "#texture" }
    }
},
{
    "__comment": "1 x128",
    "from": [ 8.625, 8.5, 1.75 ],
    "to": [ 9.5, 8.75, 2 ],
    "faces": {
        "down":  { "uv": [ 8.625, 2, 9.5, 1.75 ], "texture": "#texture" },
        "up":    { "uv": [ 8.625, 1.75, 9.5, 2 ], "texture": "#texture" },
        "north": { "uv": [ 9.5, 1.75, 8.625, 1.875 ], "texture": "#texture" },
        "south": { "uv": [ 8.625, 2, 9.5, 1.875 ], "texture": "#texture" },
        "west":  { "uv": [ 8.625, 1.75, 8.75, 2 ], "rotation": 270, "texture": "#texture" },
        "east":  { "uv": [ 9.5, 1.75, 9.375, 2 ], "texture": "#texture" }
    }
},
{
    "__comment": "1 x128",
    "from": [ 8.625, 8.5, 2.25 ],
    "to": [ 8.875, 8.75, 2.5 ],
    "faces": {
        "down":  { "uv": [ 8.625, 2.5, 8.875, 2.25 ], "texture": "#texture" },
        "up":    { "uv": [ 8.625, 2.25, 8.875, 2.5 ], "texture": "#texture" },
        "north": { "uv": [ 8.875, 2.25, 8.625, 2.375 ], "texture": "#texture" },
        "south": { "uv": [ 8.625, 2.5, 8.875, 2.375 ], "texture": "#texture" },
        "west":  { "uv": [ 8.625, 2.25, 8.75, 2.5 ], "rotation": 270, "texture": "#texture" },
        "east":  { "uv": [ 8.875, 2.25, 8.75, 2.5 ], "texture": "#texture" }
    }
},
{
    "__comment": "1 x128",
    "from": [ 8.625, 8.5, 4.75 ],
    "to": [ 8.875, 8.75, 5.125 ],
    "faces": {
        "down":  { "uv": [ 8.625, 5.125, 8.875, 4.75 ], "texture": "#texture" },
        "up":    { "uv": [ 8.625, 4.75, 8.875, 5.125 ], "texture": "#texture" },
        "north": { "uv": [ 8.875, 4.75, 8.625, 4.875 ], "texture": "#texture" },
        "south": { "uv": [ 8.625, 5.125, 8.875, 5 ], "texture": "#texture" },
        "west":  { "uv": [ 8.625, 4.75, 8.75, 5.125 ], "rotation": 270, "texture": "#texture" },
        "east":  { "uv": [ 8.875, 4.75, 8.75, 5.125 ], "texture": "#texture" }
    }
},
{
    "__comment": "1 x128",
    "from": [ 8.75, 8.5, 3.375 ],
    "to": [ 8.875, 8.75, 3.625 ],
    "faces": {
        "down":  { "uv": [ 8.75, 3.625, 8.875, 3.375 ], "texture": "#texture" },
        "up":    { "uv": [ 8.75, 3.375, 8.875, 3.625 ], "texture": "#texture" },
        "north": { "uv": [ 8.875, 3.375, 8.75, 3.5 ], "texture": "#texture" },
        "south": { "uv": [ 8.75, 3.625, 8.875, 3.5 ], "texture": "#texture" },
        "west":  { "uv": [ 8.75, 3.375, 8.875, 3.625 ], "rotation": 270, "texture": "#texture" },
        "east":  { "uv": [ 8.875, 3.375, 8.75, 3.625 ], "texture": "#texture" }
    }
},
{
    "__comment": "1 x128",
    "from": [ 8.75, 8.5, 5.125 ],
    "to": [ 8.875, 8.75, 5.25 ],
    "faces": {
        "down":  { "uv": [ 8.75, 5.25, 8.875, 5.125 ], "texture": "#texture" },
        "up":    { "uv": [ 8.75, 5.125, 8.875, 5.25 ], "texture": "#texture" },
        "north": { "uv": [ 8.875, 5.125, 8.75, 5.25 ], "texture": "#texture" },
        "south": { "uv": [ 8.75, 5.25, 8.875, 5.125 ], "texture": "#texture" },
        "west":  { "uv": [ 8.75, 5.125, 8.875, 5.25 ], "rotation": 270, "texture": "#texture" },
        "east":  { "uv": [ 8.875, 5.125, 8.75, 5.25 ], "texture": "#texture" }
    }
},
{
    "__comment": "1 x128",
    "from": [ 8.875, 8.5, 2.125 ],
    "to": [ 9.5, 8.75, 2.375 ],
    "faces": {
        "down":  { "uv": [ 8.875, 2.375, 9.5, 2.125 ], "texture": "#texture" },
        "up":    { "uv": [ 8.875, 2.125, 9.5, 2.375 ], "texture": "#texture" },
        "north": { "uv": [ 9.5, 2.125, 8.875, 2.25 ], "texture": "#texture" },
        "south": { "uv": [ 8.875, 2.375, 9.5, 2.25 ], "texture": "#texture" },
        "west":  { "uv": [ 8.875, 2.125, 9, 2.375 ], "rotation": 270, "texture": "#texture" },
        "east":  { "uv": [ 9.5, 2.125, 9.375, 2.375 ], "texture": "#texture" }
    }
},
{
    "__comment": "1 x128",
    "from": [ 8.875, 8.5, 3.375 ],
    "to": [ 9.125, 8.75, 3.5 ],
    "faces": {
        "down":  { "uv": [ 8.875, 3.5, 9.125, 3.375 ], "texture": "#texture" },
        "up":    { "uv": [ 8.875, 3.375, 9.125, 3.5 ], "texture": "#texture" },
        "north": { "uv": [ 9.125, 3.375, 8.875, 3.5 ], "texture": "#texture" },
        "south": { "uv": [ 8.875, 3.5, 9.125, 3.375 ], "texture": "#texture" },
        "west":  { "uv": [ 8.875, 3.375, 9, 3.5 ], "rotation": 270, "texture": "#texture" },
        "east":  { "uv": [ 9.125, 3.375, 9, 3.5 ], "texture": "#texture" }
    }
},
{
    "__comment": "1 x128",
    "from": [ 8.875, 8.5, 4.625 ],
    "to": [ 9, 8.75, 4.875 ],
    "faces": {
        "down":  { "uv": [ 8.875, 4.875, 9, 4.625 ], "texture": "#texture" },
        "up":    { "uv": [ 8.875, 4.625, 9, 4.875 ], "texture": "#texture" },
        "north": { "uv": [ 9, 4.625, 8.875, 4.75 ], "texture": "#texture" },
        "south": { "uv": [ 8.875, 4.875, 9, 4.75 ], "texture": "#texture" },
        "west":  { "uv": [ 8.875, 4.625, 9, 4.875 ], "rotation": 270, "texture": "#texture" },
        "east":  { "uv": [ 9, 4.625, 8.875, 4.875 ], "texture": "#texture" }
    }
},
{
    "__comment": "1 x128",
    "from": [ 9.5, 8.5, 1.875 ],
    "to": [ 10, 8.75, 2 ],
    "faces": {
        "down":  { "uv": [ 9.5, 2, 10, 1.875 ], "texture": "#texture" },
        "up":    { "uv": [ 9.5, 1.875, 10, 2 ], "texture": "#texture" },
        "north": { "uv": [ 10, 1.875, 9.5, 2 ], "texture": "#texture" },
        "south": { "uv": [ 9.5, 2, 10, 1.875 ], "texture": "#texture" },
        "west":  { "uv": [ 9.5, 1.875, 9.625, 2 ], "rotation": 270, "texture": "#texture" },
        "east":  { "uv": [ 10, 1.875, 9.875, 2 ], "texture": "#texture" }
    }
},
{
    "__comment": "1 x128",
    "from": [ 9.5, 8.5, 2.125 ],
    "to": [ 10, 8.75, 2.25 ],
    "faces": {
        "down":  { "uv": [ 9.5, 2.25, 10, 2.125 ], "texture": "#texture" },
        "up":    { "uv": [ 9.5, 2.125, 10, 2.25 ], "texture": "#texture" },
        "north": { "uv": [ 10, 2.125, 9.5, 2.25 ], "texture": "#texture" },
        "south": { "uv": [ 9.5, 2.25, 10, 2.125 ], "texture": "#texture" },
        "west":  { "uv": [ 9.5, 2.125, 9.625, 2.25 ], "rotation": 270, "texture": "#texture" },
        "east":  { "uv": [ 10, 2.125, 9.875, 2.25 ], "texture": "#texture" }
    }
},
{
    "__comment": "1 x128",
    "from": [ 9.75, 8.5, 2 ],
    "to": [ 10.25, 8.75, 2.125 ],
    "faces": {
        "down":  { "uv": [ 9.75, 2.125, 10.25, 2 ], "texture": "#texture" },
        "up":    { "uv": [ 9.75, 2, 10.25, 2.125 ], "texture": "#texture" },
        "north": { "uv": [ 10.25, 2, 9.75, 2.125 ], "texture": "#texture" },
        "south": { "uv": [ 9.75, 2.125, 10.25, 2 ], "texture": "#texture" },
        "west":  { "uv": [ 9.75, 2, 9.875, 2.125 ], "rotation": 270, "texture": "#texture" },
        "east":  { "uv": [ 10.25, 2, 10.125, 2.125 ], "texture": "#texture" }
    }
},
{
    "__comment": "2 x128",
    "from": [ 7.5, 8.375, 4.75 ],
    "to": [ 7.625, 8.875, 5.125 ],
    "faces": {
        "down":  { "uv": [ 7.5, 5.125, 7.625, 4.75 ], "texture": "#texture" },
        "up":    { "uv": [ 7.5, 4.75, 7.625, 5.125 ], "texture": "#texture" },
        "north": { "uv": [ 7.625, 4.75, 7.5, 4.875 ], "texture": "#texture" },
        "south": { "uv": [ 7.5, 5.125, 7.625, 5 ], "texture": "#texture" },
        "west":  { "uv": [ 7.5, 4.75, 7.625, 5.125 ], "rotation": 270, "texture": "#texture" },
        "east":  { "uv": [ 7.625, 4.75, 7.5, 5.125 ], "texture": "#texture" }
    }
},
{
    "__comment": "2 x128",
    "from": [ 7.625, 8.375, 5.125 ],
    "to": [ 7.75, 8.875, 14.625 ],
    "faces": {
        "down":  { "uv": [ 7.625, 14.625, 7.75, 5.125 ], "texture": "#texture" },
        "up":    { "uv": [ 7.625, 5.125, 7.75, 14.625 ], "texture": "#texture" },
        "north": { "uv": [ 7.75, 5.125, 7.625, 5.25 ], "texture": "#texture" },
        "south": { "uv": [ 7.625, 14.625, 7.75, 14.5 ], "texture": "#texture" },
        "west":  { "uv": [ 7.625, 5.125, 7.75, 14.625 ], "rotation": 270, "texture": "#texture" },
        "east":  { "uv": [ 7.75, 5.125, 7.625, 14.625 ], "texture": "#texture" }
    }
},
{
    "__comment": "2 x128",
    "from": [ 7.75, 8.375, 4.5 ],
    "to": [ 7.875, 8.875, 4.625 ],
    "faces": {
        "down":  { "uv": [ 7.75, 4.625, 7.875, 4.5 ], "texture": "#texture" },
        "up":    { "uv": [ 7.75, 4.5, 7.875, 4.625 ], "texture": "#texture" },
        "north": { "uv": [ 7.875, 4.5, 7.75, 4.625 ], "texture": "#texture" },
        "south": { "uv": [ 7.75, 4.625, 7.875, 4.5 ], "texture": "#texture" },
        "west":  { "uv": [ 7.75, 4.5, 7.875, 4.625 ], "rotation": 270, "texture": "#texture" },
        "east":  { "uv": [ 7.875, 4.5, 7.75, 4.625 ], "texture": "#texture" }
    }
},
{
    "__comment": "2 x128",
    "from": [ 8.25, 8.375, 4.5 ],
    "to": [ 8.375, 8.875, 4.625 ],
    "faces": {
        "down":  { "uv": [ 8.25, 4.625, 8.375, 4.5 ], "texture": "#texture" },
        "up":    { "uv": [ 8.25, 4.5, 8.375, 4.625 ], "texture": "#texture" },
        "north": { "uv": [ 8.375, 4.5, 8.25, 4.625 ], "texture": "#texture" },
        "south": { "uv": [ 8.25, 4.625, 8.375, 4.5 ], "texture": "#texture" },
        "west":  { "uv": [ 8.25, 4.5, 8.375, 4.625 ], "rotation": 270, "texture": "#texture" },
        "east":  { "uv": [ 8.375, 4.5, 8.25, 4.625 ], "texture": "#texture" }
    }
},
{
    "__comment": "2 x128",
    "from": [ 8.375, 8.375, 5.125 ],
    "to": [ 8.5, 8.875, 14.625 ],
    "faces": {
        "down":  { "uv": [ 8.375, 14.625, 8.5, 5.125 ], "texture": "#texture" },
        "up":    { "uv": [ 8.375, 5.125, 8.5, 14.625 ], "texture": "#texture" },
        "north": { "uv": [ 8.5, 5.125, 8.375, 5.25 ], "texture": "#texture" },
        "south": { "uv": [ 8.375, 14.625, 8.5, 14.5 ], "texture": "#texture" },
        "west":  { "uv": [ 8.375, 5.125, 8.5, 14.625 ], "rotation": 270, "texture": "#texture" },
        "east":  { "uv": [ 8.5, 5.125, 8.375, 14.625 ], "texture": "#texture" }
    }
},
{
    "__comment": "2 x128",
    "from": [ 8.5, 8.375, 4.75 ],
    "to": [ 8.625, 8.875, 5.125 ],
    "faces": {
        "down":  { "uv": [ 8.5, 5.125, 8.625, 4.75 ], "texture": "#texture" },
        "up":    { "uv": [ 8.5, 4.75, 8.625, 5.125 ], "texture": "#texture" },
        "north": { "uv": [ 8.625, 4.75, 8.5, 4.875 ], "texture": "#texture" },
        "south": { "uv": [ 8.5, 5.125, 8.625, 5 ], "texture": "#texture" },
        "west":  { "uv": [ 8.5, 4.75, 8.625, 5.125 ], "rotation": 270, "texture": "#texture" },
        "east":  { "uv": [ 8.625, 4.75, 8.5, 5.125 ], "texture": "#texture" }
    }
},
{
    "__comment": "3 x128",
    "from": [ 6.375, 8.25, 2 ],
    "to": [ 7.375, 9, 2.125 ],
    "faces": {
        "down":  { "uv": [ 6.375, 2.125, 7.375, 2 ], "texture": "#texture" },
        "up":    { "uv": [ 6.375, 2, 7.375, 2.125 ], "texture": "#texture" },
        "north": { "uv": [ 7.375, 2, 6.375, 2.125 ], "texture": "#texture" },
        "south": { "uv": [ 6.375, 2.125, 7.375, 2 ], "texture": "#texture" },
        "west":  { "uv": [ 6.375, 2, 6.5, 2.125 ], "rotation": 270, "texture": "#texture" },
        "east":  { "uv": [ 7.375, 2, 7.25, 2.125 ], "texture": "#texture" }
    }
},
{
    "__comment": "3 x128",
    "from": [ 7.125, 8.25, 2.125 ],
    "to": [ 7.875, 9, 2.25 ],
    "faces": {
        "down":  { "uv": [ 7.125, 2.25, 7.875, 2.125 ], "texture": "#texture" },
        "up":    { "uv": [ 7.125, 2.125, 7.875, 2.25 ], "texture": "#texture" },
        "north": { "uv": [ 7.875, 2.125, 7.125, 2.25 ], "texture": "#texture" },
        "south": { "uv": [ 7.125, 2.25, 7.875, 2.125 ], "texture": "#texture" },
        "west":  { "uv": [ 7.125, 2.125, 7.25, 2.25 ], "rotation": 270, "texture": "#texture" },
        "east":  { "uv": [ 7.875, 2.125, 7.75, 2.25 ], "texture": "#texture" }
    }
},
{
    "__comment": "3 x128",
    "from": [ 7.625, 8.25, 4.75 ],
    "to": [ 7.75, 9, 5.125 ],
    "faces": {
        "down":  { "uv": [ 7.625, 5.125, 7.75, 4.75 ], "texture": "#texture" },
        "up":    { "uv": [ 7.625, 4.75, 7.75, 5.125 ], "texture": "#texture" },
        "north": { "uv": [ 7.75, 4.75, 7.625, 4.875 ], "texture": "#texture" },
        "south": { "uv": [ 7.625, 5.125, 7.75, 5 ], "texture": "#texture" },
        "west":  { "uv": [ 7.625, 4.75, 7.75, 5.125 ], "rotation": 270, "texture": "#texture" },
        "east":  { "uv": [ 7.75, 4.75, 7.625, 5.125 ], "texture": "#texture" }
    }
},
{
    "__comment": "3 x128",
    "from": [ 7.75, 8.25, 2.25 ],
    "to": [ 8, 9, 2.375 ],
    "faces": {
        "down":  { "uv": [ 7.75, 2.375, 8, 2.25 ], "texture": "#texture" },
        "up":    { "uv": [ 7.75, 2.25, 8, 2.375 ], "texture": "#texture" },
        "north": { "uv": [ 8, 2.25, 7.75, 2.375 ], "texture": "#texture" },
        "south": { "uv": [ 7.75, 2.375, 8, 2.25 ], "texture": "#texture" },
        "west":  { "uv": [ 7.75, 2.25, 7.875, 2.375 ], "rotation": 270, "texture": "#texture" },
        "east":  { "uv": [ 8, 2.25, 7.875, 2.375 ], "texture": "#texture" }
    }
},
{
    "__comment": "3 x128",
    "from": [ 7.75, 8.25, 4.625 ],
    "to": [ 7.875, 9, 4.875 ],
    "faces": {
        "down":  { "uv": [ 7.75, 4.875, 7.875, 4.625 ], "texture": "#texture" },
        "up":    { "uv": [ 7.75, 4.625, 7.875, 4.875 ], "texture": "#texture" },
        "north": { "uv": [ 7.875, 4.625, 7.75, 4.75 ], "texture": "#texture" },
        "south": { "uv": [ 7.75, 4.875, 7.875, 4.75 ], "texture": "#texture" },
        "west":  { "uv": [ 7.75, 4.625, 7.875, 4.875 ], "rotation": 270, "texture": "#texture" },
        "east":  { "uv": [ 7.875, 4.625, 7.75, 4.875 ], "texture": "#texture" }
    }
},
{
    "__comment": "3 x128",
    "from": [ 7.75, 8.25, 5 ],
    "to": [ 7.875, 9, 14.625 ],
    "faces": {
        "down":  { "uv": [ 7.75, 14.625, 7.875, 5 ], "texture": "#texture" },
        "up":    { "uv": [ 7.75, 5, 7.875, 14.625 ], "texture": "#texture" },
        "north": { "uv": [ 7.875, 5, 7.75, 5.125 ], "texture": "#texture" },
        "south": { "uv": [ 7.75, 14.625, 7.875, 14.5 ], "texture": "#texture" },
        "west":  { "uv": [ 7.75, 5, 7.875, 14.625 ], "rotation": 270, "texture": "#texture" },
        "east":  { "uv": [ 7.875, 5, 7.75, 14.625 ], "texture": "#texture" }
    }
},
{
    "__comment": "3 x128",
    "from": [ 7.875, 8.25, 2.375 ],
    "to": [ 8.25, 9, 2.5 ],
    "faces": {
        "down":  { "uv": [ 7.875, 2.5, 8.25, 2.375 ], "texture": "#texture" },
        "up":    { "uv": [ 7.875, 2.375, 8.25, 2.5 ], "texture": "#texture" },
        "north": { "uv": [ 8.25, 2.375, 7.875, 2.5 ], "texture": "#texture" },
        "south": { "uv": [ 7.875, 2.5, 8.25, 2.375 ], "texture": "#texture" },
        "west":  { "uv": [ 7.875, 2.375, 8, 2.5 ], "rotation": 270, "texture": "#texture" },
        "east":  { "uv": [ 8.25, 2.375, 8.125, 2.5 ], "texture": "#texture" }
    }
},
{
    "__comment": "3 x128",
    "from": [ 7.875, 8.25, 4.75 ],
    "to": [ 8, 9, 4.875 ],
    "faces": {
        "down":  { "uv": [ 7.875, 4.875, 8, 4.75 ], "texture": "#texture" },
        "up":    { "uv": [ 7.875, 4.75, 8, 4.875 ], "texture": "#texture" },
        "north": { "uv": [ 8, 4.75, 7.875, 4.875 ], "texture": "#texture" },
        "south": { "uv": [ 7.875, 4.875, 8, 4.75 ], "texture": "#texture" },
        "west":  { "uv": [ 7.875, 4.75, 8, 4.875 ], "rotation": 270, "texture": "#texture" },
        "east":  { "uv": [ 8, 4.75, 7.875, 4.875 ], "texture": "#texture" }
    }
},
{
    "__comment": "3 x128",
    "from": [ 7.875, 8.25, 5.125 ],
    "to": [ 8, 9, 15 ],
    "faces": {
        "down":  { "uv": [ 7.875, 15, 8, 5.125 ], "texture": "#texture" },
        "up":    { "uv": [ 7.875, 5.125, 8, 15 ], "texture": "#texture" },
        "north": { "uv": [ 8, 5.125, 7.875, 5.25 ], "texture": "#texture" },
        "south": { "uv": [ 7.875, 15, 8, 14.875 ], "texture": "#texture" },
        "west":  { "uv": [ 7.875, 5.125, 8, 15 ], "rotation": 270, "texture": "#texture" },
        "east":  { "uv": [ 8, 5.125, 7.875, 15 ], "texture": "#texture" }
    }
},
{
    "__comment": "3 x128",
    "from": [ 8, 8.25, 2.5 ],
    "to": [ 8.125, 9, 2.625 ],
    "faces": {
        "down":  { "uv": [ 8, 2.625, 8.125, 2.5 ], "texture": "#texture" },
        "up":    { "uv": [ 8, 2.5, 8.125, 2.625 ], "texture": "#texture" },
        "north": { "uv": [ 8.125, 2.5, 8, 2.625 ], "texture": "#texture" },
        "south": { "uv": [ 8, 2.625, 8.125, 2.5 ], "texture": "#texture" },
        "west":  { "uv": [ 8, 2.5, 8.125, 2.625 ], "rotation": 270, "texture": "#texture" },
        "east":  { "uv": [ 8.125, 2.5, 8, 2.625 ], "texture": "#texture" }
    }
},
{
    "__comment": "3 x128",
    "from": [ 8, 8.25, 4.875 ],
    "to": [ 8.125, 9, 6.5 ],
    "faces": {
        "down":  { "uv": [ 8, 6.5, 8.125, 4.875 ], "texture": "#texture" },
        "up":    { "uv": [ 8, 4.875, 8.125, 6.5 ], "texture": "#texture" },
        "north": { "uv": [ 8.125, 4.875, 8, 5 ], "texture": "#texture" },
        "south": { "uv": [ 8, 6.5, 8.125, 6.375 ], "texture": "#texture" },
        "west":  { "uv": [ 8, 4.875, 8.125, 6.5 ], "rotation": 270, "texture": "#texture" },
        "east":  { "uv": [ 8.125, 4.875, 8, 6.5 ], "texture": "#texture" }
    }
},
{
    "__comment": "3 x128",
    "from": [ 8, 8.25, 12.125 ],
    "to": [ 8.125, 9, 15.5 ],
    "faces": {
        "down":  { "uv": [ 8, 15.5, 8.125, 12.125 ], "texture": "#texture" },
        "up":    { "uv": [ 8, 12.125, 8.125, 15.5 ], "texture": "#texture" },
        "north": { "uv": [ 8.125, 12.125, 8, 12.25 ], "texture": "#texture" },
        "south": { "uv": [ 8, 15.5, 8.125, 15.375 ], "texture": "#texture" },
        "west":  { "uv": [ 8, 12.125, 8.125, 15.5 ], "rotation": 270, "texture": "#texture" },
        "east":  { "uv": [ 8.125, 12.125, 8, 15.5 ], "texture": "#texture" }
    }
},
{
    "__comment": "3 x128",
    "from": [ 8.125, 8.25, 2.25 ],
    "to": [ 8.375, 9, 2.375 ],
    "faces": {
        "down":  { "uv": [ 8.125, 2.375, 8.375, 2.25 ], "texture": "#texture" },
        "up":    { "uv": [ 8.125, 2.25, 8.375, 2.375 ], "texture": "#texture" },
        "north": { "uv": [ 8.375, 2.25, 8.125, 2.375 ], "texture": "#texture" },
        "south": { "uv": [ 8.125, 2.375, 8.375, 2.25 ], "texture": "#texture" },
        "west":  { "uv": [ 8.125, 2.25, 8.25, 2.375 ], "rotation": 270, "texture": "#texture" },
        "east":  { "uv": [ 8.375, 2.25, 8.25, 2.375 ], "texture": "#texture" }
    }
},
{
    "__comment": "3 x128",
    "from": [ 8.125, 8.25, 4.75 ],
    "to": [ 8.5, 9, 4.875 ],
    "faces": {
        "down":  { "uv": [ 8.125, 4.875, 8.5, 4.75 ], "texture": "#texture" },
        "up":    { "uv": [ 8.125, 4.75, 8.5, 4.875 ], "texture": "#texture" },
        "north": { "uv": [ 8.5, 4.75, 8.125, 4.875 ], "texture": "#texture" },
        "south": { "uv": [ 8.125, 4.875, 8.5, 4.75 ], "texture": "#texture" },
        "west":  { "uv": [ 8.125, 4.75, 8.25, 4.875 ], "rotation": 270, "texture": "#texture" },
        "east":  { "uv": [ 8.5, 4.75, 8.375, 4.875 ], "texture": "#texture" }
    }
},
{
    "__comment": "3 x128",
    "from": [ 8.125, 8.25, 5.125 ],
    "to": [ 8.25, 9, 15 ],
    "faces": {
        "down":  { "uv": [ 8.125, 15, 8.25, 5.125 ], "texture": "#texture" },
        "up":    { "uv": [ 8.125, 5.125, 8.25, 15 ], "texture": "#texture" },
        "north": { "uv": [ 8.25, 5.125, 8.125, 5.25 ], "texture": "#texture" },
        "south": { "uv": [ 8.125, 15, 8.25, 14.875 ], "texture": "#texture" },
        "west":  { "uv": [ 8.125, 5.125, 8.25, 15 ], "rotation": 270, "texture": "#texture" },
        "east":  { "uv": [ 8.25, 5.125, 8.125, 15 ], "texture": "#texture" }
    }
},
{
    "__comment": "3 x128",
    "from": [ 8.25, 8.25, 2.125 ],
    "to": [ 8.875, 9, 2.25 ],
    "faces": {
        "down":  { "uv": [ 8.25, 2.25, 8.875, 2.125 ], "texture": "#texture" },
        "up":    { "uv": [ 8.25, 2.125, 8.875, 2.25 ], "texture": "#texture" },
        "north": { "uv": [ 8.875, 2.125, 8.25, 2.25 ], "texture": "#texture" },
        "south": { "uv": [ 8.25, 2.25, 8.875, 2.125 ], "texture": "#texture" },
        "west":  { "uv": [ 8.25, 2.125, 8.375, 2.25 ], "rotation": 270, "texture": "#texture" },
        "east":  { "uv": [ 8.875, 2.125, 8.75, 2.25 ], "texture": "#texture" }
    }
},
{
    "__comment": "3 x128",
    "from": [ 8.25, 8.25, 4.625 ],
    "to": [ 8.375, 9, 4.75 ],
    "faces": {
        "down":  { "uv": [ 8.25, 4.75, 8.375, 4.625 ], "texture": "#texture" },
        "up":    { "uv": [ 8.25, 4.625, 8.375, 4.75 ], "texture": "#texture" },
        "north": { "uv": [ 8.375, 4.625, 8.25, 4.75 ], "texture": "#texture" },
        "south": { "uv": [ 8.25, 4.75, 8.375, 4.625 ], "texture": "#texture" },
        "west":  { "uv": [ 8.25, 4.625, 8.375, 4.75 ], "rotation": 270, "texture": "#texture" },
        "east":  { "uv": [ 8.375, 4.625, 8.25, 4.75 ], "texture": "#texture" }
    }
},
{
    "__comment": "3 x128",
    "from": [ 8.25, 8.25, 5 ],
    "to": [ 8.375, 9, 14.625 ],
    "faces": {
        "down":  { "uv": [ 8.25, 14.625, 8.375, 5 ], "texture": "#texture" },
        "up":    { "uv": [ 8.25, 5, 8.375, 14.625 ], "texture": "#texture" },
        "north": { "uv": [ 8.375, 5, 8.25, 5.125 ], "texture": "#texture" },
        "south": { "uv": [ 8.25, 14.625, 8.375, 14.5 ], "texture": "#texture" },
        "west":  { "uv": [ 8.25, 5, 8.375, 14.625 ], "rotation": 270, "texture": "#texture" },
        "east":  { "uv": [ 8.375, 5, 8.25, 14.625 ], "texture": "#texture" }
    }
},
{
    "__comment": "3 x128",
    "from": [ 8.375, 8.25, 4.875 ],
    "to": [ 8.5, 9, 5.125 ],
    "faces": {
        "down":  { "uv": [ 8.375, 5.125, 8.5, 4.875 ], "texture": "#texture" },
        "up":    { "uv": [ 8.375, 4.875, 8.5, 5.125 ], "texture": "#texture" },
        "north": { "uv": [ 8.5, 4.875, 8.375, 5 ], "texture": "#texture" },
        "south": { "uv": [ 8.375, 5.125, 8.5, 5 ], "texture": "#texture" },
        "west":  { "uv": [ 8.375, 4.875, 8.5, 5.125 ], "rotation": 270, "texture": "#texture" },
        "east":  { "uv": [ 8.5, 4.875, 8.375, 5.125 ], "texture": "#texture" }
    }
},
{
    "__comment": "3 x128",
    "from": [ 8.75, 8.25, 2 ],
    "to": [ 9.75, 9, 2.125 ],
    "faces": {
        "down":  { "uv": [ 8.75, 2.125, 9.75, 2 ], "texture": "#texture" },
        "up":    { "uv": [ 8.75, 2, 9.75, 2.125 ], "texture": "#texture" },
        "north": { "uv": [ 9.75, 2, 8.75, 2.125 ], "texture": "#texture" },
        "south": { "uv": [ 8.75, 2.125, 9.75, 2 ], "texture": "#texture" },
        "west":  { "uv": [ 8.75, 2, 8.875, 2.125 ], "rotation": 270, "texture": "#texture" },
        "east":  { "uv": [ 9.75, 2, 9.625, 2.125 ], "texture": "#texture" }
    }
},
{
    "__comment": "4 x128",
    "from": [ 7.625, 8.125, 2.25 ],
    "to": [ 7.75, 9.125, 2.375 ],
    "faces": {
        "down":  { "uv": [ 7.625, 2.375, 7.75, 2.25 ], "texture": "#texture" },
        "up":    { "uv": [ 7.625, 2.25, 7.75, 2.375 ], "texture": "#texture" },
        "north": { "uv": [ 7.75, 2.25, 7.625, 2.375 ], "texture": "#texture" },
        "south": { "uv": [ 7.625, 2.375, 7.75, 2.25 ], "texture": "#texture" },
        "west":  { "uv": [ 7.625, 2.25, 7.75, 2.375 ], "rotation": 270, "texture": "#texture" },
        "east":  { "uv": [ 7.75, 2.25, 7.625, 2.375 ], "texture": "#texture" }
    }
},
{
    "__comment": "4 x128",
    "from": [ 7.625, 8.125, 3.375 ],
    "to": [ 8.5, 9.125, 3.625 ],
    "faces": {
        "down":  { "uv": [ 7.625, 3.625, 8.5, 3.375 ], "texture": "#texture" },
        "up":    { "uv": [ 7.625, 3.375, 8.5, 3.625 ], "texture": "#texture" },
        "north": { "uv": [ 8.5, 3.375, 7.625, 3.5 ], "texture": "#texture" },
        "south": { "uv": [ 7.625, 3.625, 8.5, 3.5 ], "texture": "#texture" },
        "west":  { "uv": [ 7.625, 3.375, 7.75, 3.625 ], "rotation": 270, "texture": "#texture" },
        "east":  { "uv": [ 8.5, 3.375, 8.375, 3.625 ], "texture": "#texture" }
    }
},
{
    "__comment": "4 x128",
    "from": [ 7.75, 8.125, 2.375 ],
    "to": [ 7.875, 9.125, 2.5 ],
    "faces": {
        "down":  { "uv": [ 7.75, 2.5, 7.875, 2.375 ], "texture": "#texture" },
        "up":    { "uv": [ 7.75, 2.375, 7.875, 2.5 ], "texture": "#texture" },
        "north": { "uv": [ 7.875, 2.375, 7.75, 2.5 ], "texture": "#texture" },
        "south": { "uv": [ 7.75, 2.5, 7.875, 2.375 ], "texture": "#texture" },
        "west":  { "uv": [ 7.75, 2.375, 7.875, 2.5 ], "rotation": 270, "texture": "#texture" },
        "east":  { "uv": [ 7.875, 2.375, 7.75, 2.5 ], "texture": "#texture" }
    }
},
{
    "__comment": "4 x128",
    "from": [ 7.75, 8.125, 3.625 ],
    "to": [ 8.375, 9.125, 3.75 ],
    "faces": {
        "down":  { "uv": [ 7.75, 3.75, 8.375, 3.625 ], "texture": "#texture" },
        "up":    { "uv": [ 7.75, 3.625, 8.375, 3.75 ], "texture": "#texture" },
        "north": { "uv": [ 8.375, 3.625, 7.75, 3.75 ], "texture": "#texture" },
        "south": { "uv": [ 7.75, 3.75, 8.375, 3.625 ], "texture": "#texture" },
        "west":  { "uv": [ 7.75, 3.625, 7.875, 3.75 ], "rotation": 270, "texture": "#texture" },
        "east":  { "uv": [ 8.375, 3.625, 8.25, 3.75 ], "texture": "#texture" }
    }
},
{
    "__comment": "4 x128",
    "from": [ 7.875, 8.125, 2.5 ],
    "to": [ 8, 9.125, 3.375 ],
    "faces": {
        "down":  { "uv": [ 7.875, 3.375, 8, 2.5 ], "texture": "#texture" },
        "up":    { "uv": [ 7.875, 2.5, 8, 3.375 ], "texture": "#texture" },
        "north": { "uv": [ 8, 2.5, 7.875, 2.625 ], "texture": "#texture" },
        "south": { "uv": [ 7.875, 3.375, 8, 3.25 ], "texture": "#texture" },
        "west":  { "uv": [ 7.875, 2.5, 8, 3.375 ], "rotation": 270, "texture": "#texture" },
        "east":  { "uv": [ 8, 2.5, 7.875, 3.375 ], "texture": "#texture" }
    }
},
{
    "__comment": "4 x128",
    "from": [ 7.875, 8.125, 3.75 ],
    "to": [ 8.25, 9.125, 4 ],
    "faces": {
        "down":  { "uv": [ 7.875, 4, 8.25, 3.75 ], "texture": "#texture" },
        "up":    { "uv": [ 7.875, 3.75, 8.25, 4 ], "texture": "#texture" },
        "north": { "uv": [ 8.25, 3.75, 7.875, 3.875 ], "texture": "#texture" },
        "south": { "uv": [ 7.875, 4, 8.25, 3.875 ], "texture": "#texture" },
        "west":  { "uv": [ 7.875, 3.75, 8, 4 ], "rotation": 270, "texture": "#texture" },
        "east":  { "uv": [ 8.25, 3.75, 8.125, 4 ], "texture": "#texture" }
    }
},
{
    "__comment": "4 x128",
    "from": [ 7.875, 8.125, 4.125 ],
    "to": [ 8.25, 9.125, 4.75 ],
    "faces": {
        "down":  { "uv": [ 7.875, 4.75, 8.25, 4.125 ], "texture": "#texture" },
        "up":    { "uv": [ 7.875, 4.125, 8.25, 4.75 ], "texture": "#texture" },
        "north": { "uv": [ 8.25, 4.125, 7.875, 4.25 ], "texture": "#texture" },
        "south": { "uv": [ 7.875, 4.75, 8.25, 4.625 ], "texture": "#texture" },
        "west":  { "uv": [ 7.875, 4.125, 8, 4.75 ], "rotation": 270, "texture": "#texture" },
        "east":  { "uv": [ 8.25, 4.125, 8.125, 4.75 ], "texture": "#texture" }
    }
},
{
    "__comment": "4 x128",
    "from": [ 8, 8.125, 2.625 ],
    "to": [ 8.25, 9.125, 3.375 ],
    "faces": {
        "down":  { "uv": [ 8, 3.375, 8.25, 2.625 ], "texture": "#texture" },
        "up":    { "uv": [ 8, 2.625, 8.25, 3.375 ], "texture": "#texture" },
        "north": { "uv": [ 8.25, 2.625, 8, 2.75 ], "texture": "#texture" },
        "south": { "uv": [ 8, 3.375, 8.25, 3.25 ], "texture": "#texture" },
        "west":  { "uv": [ 8, 2.625, 8.125, 3.375 ], "rotation": 270, "texture": "#texture" },
        "east":  { "uv": [ 8.25, 2.625, 8.125, 3.375 ], "texture": "#texture" }
    }
},
{
    "__comment": "4 x128",
    "from": [ 8, 8.125, 4 ],
    "to": [ 8.125, 9.125, 4.125 ],
    "faces": {
        "down":  { "uv": [ 8, 4.125, 8.125, 4 ], "texture": "#texture" },
        "up":    { "uv": [ 8, 4, 8.125, 4.125 ], "texture": "#texture" },
        "north": { "uv": [ 8.125, 4, 8, 4.125 ], "texture": "#texture" },
        "south": { "uv": [ 8, 4.125, 8.125, 4 ], "texture": "#texture" },
        "west":  { "uv": [ 8, 4, 8.125, 4.125 ], "rotation": 270, "texture": "#texture" },
        "east":  { "uv": [ 8.125, 4, 8, 4.125 ], "texture": "#texture" }
    }
},
{
    "__comment": "4 x128",
    "from": [ 8, 8.125, 4.75 ],
    "to": [ 8.125, 9.125, 4.875 ],
    "faces": {
        "down":  { "uv": [ 8, 4.875, 8.125, 4.75 ], "texture": "#texture" },
        "up":    { "uv": [ 8, 4.75, 8.125, 4.875 ], "texture": "#texture" },
        "north": { "uv": [ 8.125, 4.75, 8, 4.875 ], "texture": "#texture" },
        "south": { "uv": [ 8, 4.875, 8.125, 4.75 ], "texture": "#texture" },
        "west":  { "uv": [ 8, 4.75, 8.125, 4.875 ], "rotation": 270, "texture": "#texture" },
        "east":  { "uv": [ 8.125, 4.75, 8, 4.875 ], "texture": "#texture" }
    }
},
{
    "__comment": "4 x128",
    "from": [ 8.125, 8.125, 2.5 ],
    "to": [ 8.25, 9.125, 2.625 ],
    "faces": {
        "down":  { "uv": [ 8.125, 2.625, 8.25, 2.5 ], "texture": "#texture" },
        "up":    { "uv": [ 8.125, 2.5, 8.25, 2.625 ], "texture": "#texture" },
        "north": { "uv": [ 8.25, 2.5, 8.125, 2.625 ], "texture": "#texture" },
        "south": { "uv": [ 8.125, 2.625, 8.25, 2.5 ], "texture": "#texture" },
        "west":  { "uv": [ 8.125, 2.5, 8.25, 2.625 ], "rotation": 270, "texture": "#texture" },
        "east":  { "uv": [ 8.25, 2.5, 8.125, 2.625 ], "texture": "#texture" }
    }
},
{
    "__comment": "4 x128",
    "from": [ 8.25, 8.125, 2.375 ],
    "to": [ 8.375, 9.125, 2.5 ],
    "faces": {
        "down":  { "uv": [ 8.25, 2.5, 8.375, 2.375 ], "texture": "#texture" },
        "up":    { "uv": [ 8.25, 2.375, 8.375, 2.5 ], "texture": "#texture" },
        "north": { "uv": [ 8.375, 2.375, 8.25, 2.5 ], "texture": "#texture" },
        "south": { "uv": [ 8.25, 2.5, 8.375, 2.375 ], "texture": "#texture" },
        "west":  { "uv": [ 8.25, 2.375, 8.375, 2.5 ], "rotation": 270, "texture": "#texture" },
        "east":  { "uv": [ 8.375, 2.375, 8.25, 2.5 ], "texture": "#texture" }
    }
},
{
    "__comment": "4 x128",
    "from": [ 8.375, 8.125, 2.25 ],
    "to": [ 8.5, 9.125, 2.375 ],
    "faces": {
        "down":  { "uv": [ 8.375, 2.375, 8.5, 2.25 ], "texture": "#texture" },
        "up":    { "uv": [ 8.375, 2.25, 8.5, 2.375 ], "texture": "#texture" },
        "north": { "uv": [ 8.5, 2.25, 8.375, 2.375 ], "texture": "#texture" },
        "south": { "uv": [ 8.375, 2.375, 8.5, 2.25 ], "texture": "#texture" },
        "west":  { "uv": [ 8.375, 2.25, 8.5, 2.375 ], "rotation": 270, "texture": "#texture" },
        "east":  { "uv": [ 8.5, 2.25, 8.375, 2.375 ], "texture": "#texture" }
    }
},
{
    "__comment": "5 x128",
    "from": [ 7.625, 8, 1.875 ],
    "to": [ 8.5, 9.25, 2 ],
    "faces": {
        "down":  { "uv": [ 7.625, 2, 8.5, 1.875 ], "texture": "#texture" },
        "up":    { "uv": [ 7.625, 1.875, 8.5, 2 ], "texture": "#texture" },
        "north": { "uv": [ 8.5, 1.875, 7.625, 2 ], "texture": "#texture" },
        "south": { "uv": [ 7.625, 2, 8.5, 1.875 ], "texture": "#texture" },
        "west":  { "uv": [ 7.625, 1.875, 7.75, 2 ], "rotation": 270, "texture": "#texture" },
        "east":  { "uv": [ 8.5, 1.875, 8.375, 2 ], "texture": "#texture" }
    }
},
{
    "__comment": "5 x128",
    "from": [ 7.75, 8, 1.75 ],
    "to": [ 8.375, 9.25, 1.875 ],
    "faces": {
        "down":  { "uv": [ 7.75, 1.875, 8.375, 1.75 ], "texture": "#texture" },
        "up":    { "uv": [ 7.75, 1.75, 8.375, 1.875 ], "texture": "#texture" },
        "north": { "uv": [ 8.375, 1.75, 7.75, 1.875 ], "texture": "#texture" },
        "south": { "uv": [ 7.75, 1.875, 8.375, 1.75 ], "texture": "#texture" },
        "west":  { "uv": [ 7.75, 1.75, 7.875, 1.875 ], "rotation": 270, "texture": "#texture" },
        "east":  { "uv": [ 8.375, 1.75, 8.25, 1.875 ], "texture": "#texture" }
    }
},
{
    "__comment": "5 x128",
    "from": [ 7.75, 8, 2 ],
    "to": [ 8.375, 9.25, 2.125 ],
    "faces": {
        "down":  { "uv": [ 7.75, 2.125, 8.375, 2 ], "texture": "#texture" },
        "up":    { "uv": [ 7.75, 2, 8.375, 2.125 ], "texture": "#texture" },
        "north": { "uv": [ 8.375, 2, 7.75, 2.125 ], "texture": "#texture" },
        "south": { "uv": [ 7.75, 2.125, 8.375, 2 ], "texture": "#texture" },
        "west":  { "uv": [ 7.75, 2, 7.875, 2.125 ], "rotation": 270, "texture": "#texture" },
        "east":  { "uv": [ 8.375, 2, 8.25, 2.125 ], "texture": "#texture" }
    }
},
{
    "__comment": "5 x128",
    "from": [ 7.875, 8, 1.625 ],
    "to": [ 8.25, 9.25, 1.75 ],
    "faces": {
        "down":  { "uv": [ 7.875, 1.75, 8.25, 1.625 ], "texture": "#texture" },
        "up":    { "uv": [ 7.875, 1.625, 8.25, 1.75 ], "texture": "#texture" },
        "north": { "uv": [ 8.25, 1.625, 7.875, 1.75 ], "texture": "#texture" },
        "south": { "uv": [ 7.875, 1.75, 8.25, 1.625 ], "texture": "#texture" },
        "west":  { "uv": [ 7.875, 1.625, 8, 1.75 ], "rotation": 270, "texture": "#texture" },
        "east":  { "uv": [ 8.25, 1.625, 8.125, 1.75 ], "texture": "#texture" }
    }
},
{
    "__comment": "5 x128",
    "from": [ 7.875, 8, 2.125 ],
    "to": [ 8.25, 9.25, 2.25 ],
    "faces": {
        "down":  { "uv": [ 7.875, 2.25, 8.25, 2.125 ], "texture": "#texture" },
        "up":    { "uv": [ 7.875, 2.125, 8.25, 2.25 ], "texture": "#texture" },
        "north": { "uv": [ 8.25, 2.125, 7.875, 2.25 ], "texture": "#texture" },
        "south": { "uv": [ 7.875, 2.25, 8.25, 2.125 ], "texture": "#texture" },
        "west":  { "uv": [ 7.875, 2.125, 8, 2.25 ], "rotation": 270, "texture": "#texture" },
        "east":  { "uv": [ 8.25, 2.125, 8.125, 2.25 ], "texture": "#texture" }
    }
},
{
    "__comment": "5 x128",
    "from": [ 8, 8, 1.5 ],
    "to": [ 8.125, 9.25, 1.625 ],
    "faces": {
        "down":  { "uv": [ 8, 1.625, 8.125, 1.5 ], "texture": "#texture" },
        "up":    { "uv": [ 8, 1.5, 8.125, 1.625 ], "texture": "#texture" },
        "north": { "uv": [ 8.125, 1.5, 8, 1.625 ], "texture": "#texture" },
        "south": { "uv": [ 8, 1.625, 8.125, 1.5 ], "texture": "#texture" },
        "west":  { "uv": [ 8, 1.5, 8.125, 1.625 ], "rotation": 270, "texture": "#texture" },
        "east":  { "uv": [ 8.125, 1.5, 8, 1.625 ], "texture": "#texture" }
    }
},
{
    "__comment": "5 x128",
    "from": [ 8, 8, 2.25 ],
    "to": [ 8.125, 9.25, 2.375 ],
    "faces": {
        "down":  { "uv": [ 8, 2.375, 8.125, 2.25 ], "texture": "#texture" },
        "up":    { "uv": [ 8, 2.25, 8.125, 2.375 ], "texture": "#texture" },
        "north": { "uv": [ 8.125, 2.25, 8, 2.375 ], "texture": "#texture" },
        "south": { "uv": [ 8, 2.375, 8.125, 2.25 ], "texture": "#texture" },
        "west":  { "uv": [ 8, 2.25, 8.125, 2.375 ], "rotation": 270, "texture": "#texture" },
        "east":  { "uv": [ 8.125, 2.25, 8, 2.375 ], "texture": "#texture" }
    }
},
{
    "__comment": "6 x128",
    "from": [ 7.75, 8.25, 1.125 ],
    "to": [ 7.875, 9, 1.75 ],
    "faces": {
        "down":  { "uv": [ 7.75, 1.75, 7.875, 1.125 ], "texture": "#texture" },
        "up":    { "uv": [ 7.75, 1.125, 7.875, 1.75 ], "texture": "#texture" },
        "north": { "uv": [ 7.875, 1.125, 7.75, 1.25 ], "texture": "#texture" },
        "south": { "uv": [ 7.75, 1.75, 7.875, 1.625 ], "texture": "#texture" },
        "west":  { "uv": [ 7.75, 1.125, 7.875, 1.75 ], "rotation": 270, "texture": "#texture" },
        "east":  { "uv": [ 7.875, 1.125, 7.75, 1.75 ], "texture": "#texture" }
    }
},
{
    "__comment": "6 x128",
    "from": [ 7.875, 8.25, 0 ],
    "to": [ 8, 9, 1.625 ],
    "faces": {
        "down":  { "uv": [ 7.875, 1.625, 8, 0 ], "texture": "#texture" },
        "up":    { "uv": [ 7.875, 0, 8, 1.625 ], "texture": "#texture" },
        "north": { "uv": [ 8, 0, 7.875, 0.125 ], "texture": "#texture" },
        "south": { "uv": [ 7.875, 1.625, 8, 1.5 ], "texture": "#texture" },
        "west":  { "uv": [ 7.875, 0, 8, 1.625 ], "rotation": 270, "texture": "#texture" },
        "east":  { "uv": [ 8, 0, 7.875, 1.625 ], "texture": "#texture" }
    }
},
{
    "__comment": "6 x128",
    "from": [ 8, 8.25, 0 ],
    "to": [ 8.25, 9, 0.25 ],
    "faces": {
        "down":  { "uv": [ 8, 0.25, 8.25, 0 ], "texture": "#texture" },
        "up":    { "uv": [ 8, 0, 8.25, 0.25 ], "texture": "#texture" },
        "north": { "uv": [ 8.25, 0, 8, 0.125 ], "texture": "#texture" },
        "south": { "uv": [ 8, 0.25, 8.25, 0.125 ], "texture": "#texture" },
        "west":  { "uv": [ 8, 0, 8.125, 0.25 ], "rotation": 270, "texture": "#texture" },
        "east":  { "uv": [ 8.25, 0, 8.125, 0.25 ], "texture": "#texture" }
    }
},
{
    "__comment": "6 x128",
    "from": [ 8, 8.25, 0.375 ],
    "to": [ 8.25, 9, 0.5 ],
    "faces": {
        "down":  { "uv": [ 8, 0.5, 8.25, 0.375 ], "texture": "#texture" },
        "up":    { "uv": [ 8, 0.375, 8.25, 0.5 ], "texture": "#texture" },
        "north": { "uv": [ 8.25, 0.375, 8, 0.5 ], "texture": "#texture" },
        "south": { "uv": [ 8, 0.5, 8.25, 0.375 ], "texture": "#texture" },
        "west":  { "uv": [ 8, 0.375, 8.125, 0.5 ], "rotation": 270, "texture": "#texture" },
        "east":  { "uv": [ 8.25, 0.375, 8.125, 0.5 ], "texture": "#texture" }
    }
},
{
    "__comment": "6 x128",
    "from": [ 8, 8.25, 0.75 ],
    "to": [ 8.25, 9, 1.375 ],
    "faces": {
        "down":  { "uv": [ 8, 1.375, 8.25, 0.75 ], "texture": "#texture" },
        "up":    { "uv": [ 8, 0.75, 8.25, 1.375 ], "texture": "#texture" },
        "north": { "uv": [ 8.25, 0.75, 8, 0.875 ], "texture": "#texture" },
        "south": { "uv": [ 8, 1.375, 8.25, 1.25 ], "texture": "#texture" },
        "west":  { "uv": [ 8, 0.75, 8.125, 1.375 ], "rotation": 270, "texture": "#texture" },
        "east":  { "uv": [ 8.25, 0.75, 8.125, 1.375 ], "texture": "#texture" }
    }
},
{
    "__comment": "6 x128",
    "from": [ 8.125, 8.25, 0.25 ],
    "to": [ 8.25, 9, 0.375 ],
    "faces": {
        "down":  { "uv": [ 8.125, 0.375, 8.25, 0.25 ], "texture": "#texture" },
        "up":    { "uv": [ 8.125, 0.25, 8.25, 0.375 ], "texture": "#texture" },
        "north": { "uv": [ 8.25, 0.25, 8.125, 0.375 ], "texture": "#texture" },
        "south": { "uv": [ 8.125, 0.375, 8.25, 0.25 ], "texture": "#texture" },
        "west":  { "uv": [ 8.125, 0.25, 8.25, 0.375 ], "rotation": 270, "texture": "#texture" },
        "east":  { "uv": [ 8.25, 0.25, 8.125, 0.375 ], "texture": "#texture" }
    }
},
{
    "__comment": "6 x128",
    "from": [ 8.125, 8.25, 0.5 ],
    "to": [ 8.25, 9, 0.75 ],
    "faces": {
        "down":  { "uv": [ 8.125, 0.75, 8.25, 0.5 ], "texture": "#texture" },
        "up":    { "uv": [ 8.125, 0.5, 8.25, 0.75 ], "texture": "#texture" },
        "north": { "uv": [ 8.25, 0.5, 8.125, 0.625 ], "texture": "#texture" },
        "south": { "uv": [ 8.125, 0.75, 8.25, 0.625 ], "texture": "#texture" },
        "west":  { "uv": [ 8.125, 0.5, 8.25, 0.75 ], "rotation": 270, "texture": "#texture" },
        "east":  { "uv": [ 8.25, 0.5, 8.125, 0.75 ], "texture": "#texture" }
    }
},
{
    "__comment": "6 x128",
    "from": [ 8.125, 8.25, 1.375 ],
    "to": [ 8.375, 9, 1.625 ],
    "faces": {
        "down":  { "uv": [ 8.125, 1.625, 8.375, 1.375 ], "texture": "#texture" },
        "up":    { "uv": [ 8.125, 1.375, 8.375, 1.625 ], "texture": "#texture" },
        "north": { "uv": [ 8.375, 1.375, 8.125, 1.5 ], "texture": "#texture" },
        "south": { "uv": [ 8.125, 1.625, 8.375, 1.5 ], "texture": "#texture" },
        "west":  { "uv": [ 8.125, 1.375, 8.25, 1.625 ], "rotation": 270, "texture": "#texture" },
        "east":  { "uv": [ 8.375, 1.375, 8.25, 1.625 ], "texture": "#texture" }
    }
},
{
    "__comment": "6 x128",
    "from": [ 8.25, 8.25, 1.125 ],
    "to": [ 8.375, 9, 1.375 ],
    "faces": {
        "down":  { "uv": [ 8.25, 1.375, 8.375, 1.125 ], "texture": "#texture" },
        "up":    { "uv": [ 8.25, 1.125, 8.375, 1.375 ], "texture": "#texture" },
        "north": { "uv": [ 8.375, 1.125, 8.25, 1.25 ], "texture": "#texture" },
        "south": { "uv": [ 8.25, 1.375, 8.375, 1.25 ], "texture": "#texture" },
        "west":  { "uv": [ 8.25, 1.125, 8.375, 1.375 ], "rotation": 270, "texture": "#texture" },
        "east":  { "uv": [ 8.375, 1.125, 8.25, 1.375 ], "texture": "#texture" }
    }
},
{
    "__comment": "6 x128",
    "from": [ 8.25, 8.25, 1.625 ],
    "to": [ 8.375, 9, 1.75 ],
    "faces": {
        "down":  { "uv": [ 8.25, 1.75, 8.375, 1.625 ], "texture": "#texture" },
        "up":    { "uv": [ 8.25, 1.625, 8.375, 1.75 ], "texture": "#texture" },
        "north": { "uv": [ 8.375, 1.625, 8.25, 1.75 ], "texture": "#texture" },
        "south": { "uv": [ 8.25, 1.75, 8.375, 1.625 ], "texture": "#texture" },
        "west":  { "uv": [ 8.25, 1.625, 8.375, 1.75 ], "rotation": 270, "texture": "#texture" },
        "east":  { "uv": [ 8.375, 1.625, 8.25, 1.75 ], "texture": "#texture" }
    }
},
{
    "__comment": "7 x128",
    "from": [ 8, 8.125, 0.25 ],
    "to": [ 8.125, 9.125, 0.375 ],
    "faces": {
        "down":  { "uv": [ 8, 0.375, 8.125, 0.25 ], "texture": "#texture" },
        "up":    { "uv": [ 8, 0.25, 8.125, 0.375 ], "texture": "#texture" },
        "north": { "uv": [ 8.125, 0.25, 8, 0.375 ], "texture": "#texture" },
        "south": { "uv": [ 8, 0.375, 8.125, 0.25 ], "texture": "#texture" },
        "west":  { "uv": [ 8, 0.25, 8.125, 0.375 ], "rotation": 270, "texture": "#texture" },
        "east":  { "uv": [ 8.125, 0.25, 8, 0.375 ], "texture": "#texture" }
    }
},
{
    "__comment": "7 x128",
    "from": [ 8, 8.125, 0.5 ],
    "to": [ 8.125, 9.125, 0.75 ],
    "faces": {
        "down":  { "uv": [ 8, 0.75, 8.125, 0.5 ], "texture": "#texture" },
        "up":    { "uv": [ 8, 0.5, 8.125, 0.75 ], "texture": "#texture" },
        "north": { "uv": [ 8.125, 0.5, 8, 0.625 ], "texture": "#texture" },
        "south": { "uv": [ 8, 0.75, 8.125, 0.625 ], "texture": "#texture" },
        "west":  { "uv": [ 8, 0.5, 8.125, 0.75 ], "rotation": 270, "texture": "#texture" },
        "east":  { "uv": [ 8.125, 0.5, 8, 0.75 ], "texture": "#texture" }
    }
},
{
    "__comment": "7 x128",
    "from": [ 8, 8.125, 1.375 ],
    "to": [ 8.125, 9.125, 1.5 ],
    "faces": {
        "down":  { "uv": [ 8, 1.5, 8.125, 1.375 ], "texture": "#texture" },
        "up":    { "uv": [ 8, 1.375, 8.125, 1.5 ], "texture": "#texture" },
        "north": { "uv": [ 8.125, 1.375, 8, 1.5 ], "texture": "#texture" },
        "south": { "uv": [ 8, 1.5, 8.125, 1.375 ], "texture": "#texture" },
        "west":  { "uv": [ 8, 1.375, 8.125, 1.5 ], "rotation": 270, "texture": "#texture" },
        "east":  { "uv": [ 8.125, 1.375, 8, 1.5 ], "texture": "#texture" }
    }
}
],
"display": {
    "thirdperson_righthand": {
        "rotation": [ -64, 0, 54 ],
        "translation": [ 0.56, 13.77, 7.63 ],
        "scale": [ 1.5, 1, 2.2 ]
    },
    "thirdperson_lefthand": {
        "rotation": [ -64, 0, 54 ],
        "translation": [ 0.74, 13.77, 7.63 ],
        "scale": [ 1.5, 1, 2.2 ]
    },
    "ground": {
        "rotation": [ 0, 0, 0 ],
        "translation": [ 0, 0, 0 ],
        "scale": [ 1.5, 1, 2.2 ]
    },
    "fixed": {
        "rotation": [ 90, 180, 0 ],
        "translation": [ 0, 0, -0.74 ],
        "scale": [ 1.5, 1, 2.2 ]
    },
    "firstperson_righthand": {
        "rotation": [ -105, -4, 95 ],
        "translation": [ 0, 4.28, -0.74 ],
        "scale": [ 1.5, 1, 2.2 ]
    },
    "firstperson_lefthand": {
        "rotation": [ -105, -4, 95 ],
        "translation": [ 0, 4.28, -0.74 ],
        "scale": [ 1.5, 1, 2.2 ]
    },
    "gui": {
        "rotation": [ 30, 225, 0 ],
        "translation": [ 0, 0, 0 ],
        "scale": [ 1, 0.6, 1.5 ]
    }
}
}