{
	"__comment": "Designed by Zeibo with Cubik Studio - https://cubik.studio",
	"textures": {
		"particle": "blocks/e_particle",
		"texture": "weapons/iron_staff",
		"texture1": "staff/water"
	},
	"elements": [ 	 
		{
			"__comment": "A",
			"from": [ 6.125, 8, -9.25 ],
			"to": [ 7.25, 10, -7 ],
			"faces": {
				"down": { "uv": [ 7.375, 3, 7.75, 2.25 ], "texture": "#texture" },
				"up": { "uv": [ 7.375, 2.25, 7.75, 3 ], "texture": "#texture" },
				"north": { "uv": [ 7.75, 2.25, 7.375, 2.375 ], "texture": "#texture" },
				"south": { "uv": [ 7.375, 2.875, 7.75, 3 ], "texture": "#texture" },
				"west": { "uv": [ 7.375, 2.25, 7.5, 3 ], "texture": "#texture", "rotation": 270 },
				"east": { "uv": [ 7.75, 3, 7.625, 2.25 ], "texture": "#texture", "rotation": 270 }
			}
		},
		{
			"__comment": "A1",
			"from": [ 6.5, 8, -9.625 ],
			"to": [ 7.25, 10, -6.625 ],
			"faces": {
				"down": { "uv": [ 7.5, 3.125, 7.75, 2.125 ], "texture": "#texture" },
				"up": { "uv": [ 7.5, 2.125, 7.75, 3.125 ], "texture": "#texture" },
				"north": { "uv": [ 7.75, 2.125, 7.5, 2.25 ], "texture": "#texture" },
				"south": { "uv": [ 7.5, 3, 7.75, 3.125 ], "texture": "#texture" },
				"west": { "uv": [ 7.5, 2.125, 7.625, 3.125 ], "texture": "#texture", "rotation": 270 },
				"east": { "uv": [ 7.75, 3.125, 7.625, 2.125 ], "texture": "#texture", "rotation": 270 }
			}
		},
		{
			"__comment": "A2",
			"from": [ 6.875, 8, -6.625 ],
			"to": [ 8.375, 10, -6.25 ],
			"faces": {
				"down": { "uv": [ 7.625, 3.25, 8.125, 3.125 ], "texture": "#texture" },
				"up": { "uv": [ 7.625, 3.125, 8.125, 3.25 ], "texture": "#texture" },
				"north": { "uv": [ 8.125, 3.125, 7.625, 3.25 ], "texture": "#texture" },
				"south": { "uv": [ 7.625, 3.125, 8.125, 3.25 ], "texture": "#texture" },
				"west": { "uv": [ 7.625, 3.125, 7.75, 3.25 ], "texture": "#texture", "rotation": 270 },
				"east": { "uv": [ 8.125, 3.25, 8, 3.125 ], "texture": "#texture", "rotation": 270 }
			}
		},
		{
			"__comment": "A3",
			"from": [ 7.25, 8, -8.875 ],
			"to": [ 8.375, 10, -7.375 ],
			"faces": {
				"down": { "uv": [ 7.75, 2.875, 8.125, 2.375 ], "texture": "#texture" },
				"up": { "uv": [ 7.75, 2.375, 8.125, 2.875 ], "texture": "#texture" },
				"north": { "uv": [ 8.125, 2.375, 7.75, 2.5 ], "texture": "#texture" },
				"south": { "uv": [ 7.75, 2.75, 8.125, 2.875 ], "texture": "#texture" },
				"west": { "uv": [ 7.75, 2.375, 7.875, 2.875 ], "texture": "#texture", "rotation": 270 },
				"east": { "uv": [ 8.125, 2.875, 8, 2.375 ], "texture": "#texture", "rotation": 270 }
			}
		},
		{
			"__comment": "A4",
			"from": [ 7.25, 8, -7.375 ],
			"to": [ 8, 10, -5.875 ],
			"faces": {
				"down": { "uv": [ 7.75, 3.375, 8, 2.875 ], "texture": "#texture" },
				"up": { "uv": [ 7.75, 2.875, 8, 3.375 ], "texture": "#texture" },
				"north": { "uv": [ 8, 2.875, 7.75, 3 ], "texture": "#texture" },
				"south": { "uv": [ 7.75, 3.25, 8, 3.375 ], "texture": "#texture" },
				"west": { "uv": [ 7.75, 2.875, 7.875, 3.375 ], "texture": "#texture", "rotation": 270 },
				"east": { "uv": [ 8, 3.375, 7.875, 2.875 ], "texture": "#texture", "rotation": 270 }
			}
		},
		{
			"__comment": "A5",
			"from": [ 7.625, 8, -5.875 ],
			"to": [ 8.375, 10, -5.5 ],
			"faces": {
				"down": { "uv": [ 7.875, 3.5, 8.125, 3.375 ], "texture": "#texture" },
				"up": { "uv": [ 7.875, 3.375, 8.125, 3.5 ], "texture": "#texture" },
				"north": { "uv": [ 8.125, 3.375, 7.875, 3.5 ], "texture": "#texture" },
				"south": { "uv": [ 7.875, 3.375, 8.125, 3.5 ], "texture": "#texture" },
				"west": { "uv": [ 7.875, 3.375, 8, 3.5 ], "texture": "#texture", "rotation": 270 },
				"east": { "uv": [ 8.125, 3.5, 8, 3.375 ], "texture": "#texture", "rotation": 270 }
			}
		},
		{
			"__comment": "A6",
			"from": [ 7.625, 8, 27.5 ],
			"to": [ 8, 10, 29.75 ],
			"faces": {
				"down": { "uv": [ 7.875, 15.25, 8, 14.5 ], "texture": "#texture" },
				"up": { "uv": [ 7.875, 14.5, 8, 15.25 ], "texture": "#texture" },
				"north": { "uv": [ 8, 14.5, 7.875, 14.625 ], "texture": "#texture" },
				"south": { "uv": [ 7.875, 15.125, 8, 15.25 ], "texture": "#texture" },
				"west": { "uv": [ 7.875, 14.5, 8, 15.25 ], "texture": "#texture", "rotation": 270 },
				"east": { "uv": [ 8, 15.25, 7.875, 14.5 ], "texture": "#texture", "rotation": 270 }
			}
		},
		{
			"__comment": "A7",
			"from": [ 8, 8, -7 ],
			"to": [ 8.375, 10, -5.125 ],
			"faces": {
				"down": { "uv": [ 8, 3.625, 8.125, 3 ], "texture": "#texture" },
				"up": { "uv": [ 8, 3, 8.125, 3.625 ], "texture": "#texture" },
				"north": { "uv": [ 8.125, 3, 8, 3.125 ], "texture": "#texture" },
				"south": { "uv": [ 8, 3.5, 8.125, 3.625 ], "texture": "#texture" },
				"west": { "uv": [ 8, 3, 8.125, 3.625 ], "texture": "#texture", "rotation": 270 },
				"east": { "uv": [ 8.125, 3.625, 8, 3 ], "texture": "#texture", "rotation": 270 }
			}
		},
		{
			"__comment": "A8",
			"from": [ 8, 8, 27.125 ],
			"to": [ 8.375, 10, 27.5 ],
			"faces": {
				"down": { "uv": [ 8, 14.5, 8.125, 14.375 ], "texture": "#texture" },
				"up": { "uv": [ 8, 14.375, 8.125, 14.5 ], "texture": "#texture" },
				"north": { "uv": [ 8.125, 14.375, 8, 14.5 ], "texture": "#texture" },
				"south": { "uv": [ 8, 14.375, 8.125, 14.5 ], "texture": "#texture" },
				"west": { "uv": [ 8, 14.375, 8.125, 14.5 ], "texture": "#texture", "rotation": 270 },
				"east": { "uv": [ 8.125, 14.5, 8, 14.375 ], "texture": "#texture", "rotation": 270 }
			}
		},
		{
			"__comment": "A9",
			"from": [ 8, 8, 29.75 ],
			"to": [ 8.375, 10, 30.125 ],
			"faces": {
				"down": { "uv": [ 8, 15.375, 8.125, 15.25 ], "texture": "#texture" },
				"up": { "uv": [ 8, 15.25, 8.125, 15.375 ], "texture": "#texture" },
				"north": { "uv": [ 8.125, 15.25, 8, 15.375 ], "texture": "#texture" },
				"south": { "uv": [ 8, 15.25, 8.125, 15.375 ], "texture": "#texture" },
				"west": { "uv": [ 8, 15.25, 8.125, 15.375 ], "texture": "#texture", "rotation": 270 },
				"east": { "uv": [ 8.125, 15.375, 8, 15.25 ], "texture": "#texture", "rotation": 270 }
			}
		},
		{
			"__comment": "A10",
			"from": [ 8.375, 8, -8.125 ],
			"to": [ 8.75, 10, -7.75 ],
			"faces": {
				"down": { "uv": [ 8.125, 2.75, 8.25, 2.625 ], "texture": "#texture" },
				"up": { "uv": [ 8.125, 2.625, 8.25, 2.75 ], "texture": "#texture" },
				"north": { "uv": [ 8.25, 2.625, 8.125, 2.75 ], "texture": "#texture" },
				"south": { "uv": [ 8.125, 2.625, 8.25, 2.75 ], "texture": "#texture" },
				"west": { "uv": [ 8.125, 2.625, 8.25, 2.75 ], "texture": "#texture", "rotation": 270 },
				"east": { "uv": [ 8.25, 2.75, 8.125, 2.625 ], "texture": "#texture", "rotation": 270 }
			}
		},
		{
			"__comment": "A11",
			"from": [ 8.375, 8, -5.5 ],
			"to": [ 8.75, 10, -5.125 ],
			"faces": {
				"down": { "uv": [ 8.125, 3.625, 8.25, 3.5 ], "texture": "#texture" },
				"up": { "uv": [ 8.125, 3.5, 8.25, 3.625 ], "texture": "#texture" },
				"north": { "uv": [ 8.25, 3.5, 8.125, 3.625 ], "texture": "#texture" },
				"south": { "uv": [ 8.125, 3.5, 8.25, 3.625 ], "texture": "#texture" },
				"west": { "uv": [ 8.125, 3.5, 8.25, 3.625 ], "texture": "#texture", "rotation": 270 },
				"east": { "uv": [ 8.25, 3.625, 8.125, 3.5 ], "texture": "#texture", "rotation": 270 }
			}
		},
		{
			"__comment": "A12",
			"from": [ 8.375, 8, 3.5 ],
			"to": [ 9.125, 10, 3.875 ],
			"faces": {
				"down": { "uv": [ 8.125, 6.625, 8.375, 6.5 ], "texture": "#texture" },
				"up": { "uv": [ 8.125, 6.5, 8.375, 6.625 ], "texture": "#texture" },
				"north": { "uv": [ 8.375, 6.5, 8.125, 6.625 ], "texture": "#texture" },
				"south": { "uv": [ 8.125, 6.5, 8.375, 6.625 ], "texture": "#texture" },
				"west": { "uv": [ 8.125, 6.5, 8.25, 6.625 ], "texture": "#texture", "rotation": 270 },
				"east": { "uv": [ 8.375, 6.625, 8.25, 6.5 ], "texture": "#texture", "rotation": 270 }
			}
		},
		{
			"__comment": "A13",
			"from": [ 8.375, 8, 3.875 ],
			"to": [ 8.75, 10, 14.75 ],
			"faces": {
				"down": { "uv": [ 8.125, 10.25, 8.25, 6.625 ], "texture": "#texture" },
				"up": { "uv": [ 8.125, 6.625, 8.25, 10.25 ], "texture": "#texture" },
				"north": { "uv": [ 8.25, 6.625, 8.125, 6.75 ], "texture": "#texture" },
				"south": { "uv": [ 8.125, 10.125, 8.25, 10.25 ], "texture": "#texture" },
				"west": { "uv": [ 8.125, 6.625, 8.25, 10.25 ], "texture": "#texture", "rotation": 270 },
				"east": { "uv": [ 8.25, 10.25, 8.125, 6.625 ], "texture": "#texture", "rotation": 270 }
			}
		},
		{
			"__comment": "A14",
			"from": [ 8.375, 8, 26.75 ],
			"to": [ 8.75, 10, 27.125 ],
			"faces": {
				"down": { "uv": [ 8.125, 14.375, 8.25, 14.25 ], "texture": "#texture" },
				"up": { "uv": [ 8.125, 14.25, 8.25, 14.375 ], "texture": "#texture" },
				"north": { "uv": [ 8.25, 14.25, 8.125, 14.375 ], "texture": "#texture" },
				"south": { "uv": [ 8.125, 14.25, 8.25, 14.375 ], "texture": "#texture" },
				"west": { "uv": [ 8.125, 14.25, 8.25, 14.375 ], "texture": "#texture", "rotation": 270 },
				"east": { "uv": [ 8.25, 14.375, 8.125, 14.25 ], "texture": "#texture", "rotation": 270 }
			}
		},
		{
			"__comment": "A15",
			"from": [ 8.375, 8, 29.375 ],
			"to": [ 8.75, 10, 29.75 ],
			"faces": {
				"down": { "uv": [ 8.125, 15.25, 8.25, 15.125 ], "texture": "#texture" },
				"up": { "uv": [ 8.125, 15.125, 8.25, 15.25 ], "texture": "#texture" },
				"north": { "uv": [ 8.25, 15.125, 8.125, 15.25 ], "texture": "#texture" },
				"south": { "uv": [ 8.125, 15.125, 8.25, 15.25 ], "texture": "#texture" },
				"west": { "uv": [ 8.125, 15.125, 8.25, 15.25 ], "texture": "#texture", "rotation": 270 },
				"east": { "uv": [ 8.25, 15.25, 8.125, 15.125 ], "texture": "#texture", "rotation": 270 }
			}
		},
		{
			"__comment": "A16",
			"from": [ 8.75, 8, -5.125 ],
			"to": [ 9.125, 10, 3.5 ],
			"faces": {
				"down": { "uv": [ 8.25, 6.5, 8.375, 3.625 ], "texture": "#texture" },
				"up": { "uv": [ 8.25, 3.625, 8.375, 6.5 ], "texture": "#texture" },
				"north": { "uv": [ 8.375, 3.625, 8.25, 3.75 ], "texture": "#texture" },
				"south": { "uv": [ 8.25, 6.375, 8.375, 6.5 ], "texture": "#texture" },
				"west": { "uv": [ 8.25, 3.625, 8.375, 6.5 ], "texture": "#texture", "rotation": 270 },
				"east": { "uv": [ 8.375, 6.5, 8.25, 3.625 ], "texture": "#texture", "rotation": 270 }
			}
		},
		{
			"__comment": "A17",
			"from": [ 8.75, 8, 14.75 ],
			"to": [ 9.125, 10, 26.75 ],
			"faces": {
				"down": { "uv": [ 8.25, 14.25, 8.375, 10.25 ], "texture": "#texture" },
				"up": { "uv": [ 8.25, 10.25, 8.375, 14.25 ], "texture": "#texture" },
				"north": { "uv": [ 8.375, 10.25, 8.25, 10.375 ], "texture": "#texture" },
				"south": { "uv": [ 8.25, 14.125, 8.375, 14.25 ], "texture": "#texture" },
				"west": { "uv": [ 8.25, 10.25, 8.375, 14.25 ], "texture": "#texture", "rotation": 270 },
				"east": { "uv": [ 8.375, 14.25, 8.25, 10.25 ], "texture": "#texture", "rotation": 270 }
			}
		},
		{
			"__comment": "A18",
			"from": [ 8.75, 8, 29 ],
			"to": [ 9.5, 10, 29.375 ],
			"faces": {
				"down": { "uv": [ 8.25, 15.125, 8.5, 15 ], "texture": "#texture" },
				"up": { "uv": [ 8.25, 15, 8.5, 15.125 ], "texture": "#texture" },
				"north": { "uv": [ 8.5, 15, 8.25, 15.125 ], "texture": "#texture" },
				"south": { "uv": [ 8.25, 15, 8.5, 15.125 ], "texture": "#texture" },
				"west": { "uv": [ 8.25, 15, 8.375, 15.125 ], "texture": "#texture", "rotation": 270 },
				"east": { "uv": [ 8.5, 15.125, 8.375, 15 ], "texture": "#texture", "rotation": 270 }
			}
		},
		{
			"__comment": "A19",
			"from": [ 9.5, 8, 28.625 ],
			"to": [ 9.875, 10, 29 ],
			"faces": {
				"down": { "uv": [ 8.5, 15, 8.625, 14.875 ], "texture": "#texture" },
				"up": { "uv": [ 8.5, 14.875, 8.625, 15 ], "texture": "#texture" },
				"north": { "uv": [ 8.625, 14.875, 8.5, 15 ], "texture": "#texture" },
				"south": { "uv": [ 8.5, 14.875, 8.625, 15 ], "texture": "#texture" },
				"west": { "uv": [ 8.5, 14.875, 8.625, 15 ], "texture": "#texture", "rotation": 270 },
				"east": { "uv": [ 8.625, 15, 8.5, 14.875 ], "texture": "#texture", "rotation": 270 }
			}
		},
		{
			"__comment": "B",
			"from": [ 7.25, 8.25, 27.5 ],
			"to": [ 7.625, 9.75, 29.75 ],
			"faces": {
				"down": { "uv": [ 7.75, 15.25, 7.875, 14.5 ], "texture": "#texture" },
				"up": { "uv": [ 7.75, 14.5, 7.875, 15.25 ], "texture": "#texture" },
				"north": { "uv": [ 7.875, 14.5, 7.75, 14.625 ], "texture": "#texture" },
				"south": { "uv": [ 7.75, 15.125, 7.875, 15.25 ], "texture": "#texture" },
				"west": { "uv": [ 7.75, 14.5, 7.875, 15.25 ], "texture": "#texture", "rotation": 270 },
				"east": { "uv": [ 7.875, 15.25, 7.75, 14.5 ], "texture": "#texture", "rotation": 270 }
			}
		},
		{
			"__comment": "B1",
			"from": [ 7.625, 8.25, 27.125 ],
			"to": [ 8, 9.75, 27.5 ],
			"faces": {
				"down": { "uv": [ 7.875, 14.5, 8, 14.375 ], "texture": "#texture" },
				"up": { "uv": [ 7.875, 14.375, 8, 14.5 ], "texture": "#texture" },
				"north": { "uv": [ 8, 14.375, 7.875, 14.5 ], "texture": "#texture" },
				"south": { "uv": [ 7.875, 14.375, 8, 14.5 ], "texture": "#texture" },
				"west": { "uv": [ 7.875, 14.375, 8, 14.5 ], "texture": "#texture", "rotation": 270 },
				"east": { "uv": [ 8, 14.5, 7.875, 14.375 ], "texture": "#texture", "rotation": 270 }
			}
		},
		{
			"__comment": "B2",
			"from": [ 7.625, 8.25, 29.75 ],
			"to": [ 8, 9.75, 30.125 ],
			"faces": {
				"down": { "uv": [ 7.875, 15.375, 8, 15.25 ], "texture": "#texture" },
				"up": { "uv": [ 7.875, 15.25, 8, 15.375 ], "texture": "#texture" },
				"north": { "uv": [ 8, 15.25, 7.875, 15.375 ], "texture": "#texture" },
				"south": { "uv": [ 7.875, 15.25, 8, 15.375 ], "texture": "#texture" },
				"west": { "uv": [ 7.875, 15.25, 8, 15.375 ], "texture": "#texture", "rotation": 270 },
				"east": { "uv": [ 8, 15.375, 7.875, 15.25 ], "texture": "#texture", "rotation": 270 }
			}
		},
		{
			"__comment": "B3",
			"from": [ 8, 8.25, 3.125 ],
			"to": [ 8.75, 9.75, 3.5 ],
			"faces": {
				"down": { "uv": [ 8, 6.5, 8.25, 6.375 ], "texture": "#texture" },
				"up": { "uv": [ 8, 6.375, 8.25, 6.5 ], "texture": "#texture" },
				"north": { "uv": [ 8.25, 6.375, 8, 6.5 ], "texture": "#texture" },
				"south": { "uv": [ 8, 6.375, 8.25, 6.5 ], "texture": "#texture" },
				"west": { "uv": [ 8, 6.375, 8.125, 6.5 ], "texture": "#texture", "rotation": 270 },
				"east": { "uv": [ 8.25, 6.5, 8.125, 6.375 ], "texture": "#texture", "rotation": 270 }
			}
		},
		{
			"__comment": "B4",
			"from": [ 8, 8.25, 3.5 ],
			"to": [ 8.375, 9.75, 15.125 ],
			"faces": {
				"down": { "uv": [ 8, 10.375, 8.125, 6.5 ], "texture": "#texture" },
				"up": { "uv": [ 8, 6.5, 8.125, 10.375 ], "texture": "#texture" },
				"north": { "uv": [ 8.125, 6.5, 8, 6.625 ], "texture": "#texture" },
				"south": { "uv": [ 8, 10.25, 8.125, 10.375 ], "texture": "#texture" },
				"west": { "uv": [ 8, 6.5, 8.125, 10.375 ], "texture": "#texture", "rotation": 270 },
				"east": { "uv": [ 8.125, 10.375, 8, 6.5 ], "texture": "#texture", "rotation": 270 }
			}
		},
		{
			"__comment": "B5",
			"from": [ 8, 8.25, 26.75 ],
			"to": [ 8.375, 9.75, 27.125 ],
			"faces": {
				"down": { "uv": [ 8, 14.375, 8.125, 14.25 ], "texture": "#texture" },
				"up": { "uv": [ 8, 14.25, 8.125, 14.375 ], "texture": "#texture" },
				"north": { "uv": [ 8.125, 14.25, 8, 14.375 ], "texture": "#texture" },
				"south": { "uv": [ 8, 14.25, 8.125, 14.375 ], "texture": "#texture" },
				"west": { "uv": [ 8, 14.25, 8.125, 14.375 ], "texture": "#texture", "rotation": 270 },
				"east": { "uv": [ 8.125, 14.375, 8, 14.25 ], "texture": "#texture", "rotation": 270 }
			}
		},
		{
			"__comment": "B6",
			"from": [ 8, 8.25, 30.125 ],
			"to": [ 8.375, 9.75, 30.5 ],
			"faces": {
				"down": { "uv": [ 8, 15.5, 8.125, 15.375 ], "texture": "#texture" },
				"up": { "uv": [ 8, 15.375, 8.125, 15.5 ], "texture": "#texture" },
				"north": { "uv": [ 8.125, 15.375, 8, 15.5 ], "texture": "#texture" },
				"south": { "uv": [ 8, 15.375, 8.125, 15.5 ], "texture": "#texture" },
				"west": { "uv": [ 8, 15.375, 8.125, 15.5 ], "texture": "#texture", "rotation": 270 },
				"east": { "uv": [ 8.125, 15.5, 8, 15.375 ], "texture": "#texture", "rotation": 270 }
			}
		},
		{
			"__comment": "B7",
			"from": [ 8.375, 8.25, -5.125 ],
			"to": [ 8.75, 9.75, 3.125 ],
			"faces": {
				"down": { "uv": [ 8.125, 6.375, 8.25, 3.625 ], "texture": "#texture" },
				"up": { "uv": [ 8.125, 3.625, 8.25, 6.375 ], "texture": "#texture" },
				"north": { "uv": [ 8.25, 3.625, 8.125, 3.75 ], "texture": "#texture" },
				"south": { "uv": [ 8.125, 6.25, 8.25, 6.375 ], "texture": "#texture" },
				"west": { "uv": [ 8.125, 3.625, 8.25, 6.375 ], "texture": "#texture", "rotation": 270 },
				"east": { "uv": [ 8.25, 6.375, 8.125, 3.625 ], "texture": "#texture", "rotation": 270 }
			}
		},
		{
			"__comment": "B8",
			"from": [ 8.375, 8.25, 14.75 ],
			"to": [ 8.75, 9.75, 26.75 ],
			"faces": {
				"down": { "uv": [ 8.125, 14.25, 8.25, 10.25 ], "texture": "#texture" },
				"up": { "uv": [ 8.125, 10.25, 8.25, 14.25 ], "texture": "#texture" },
				"north": { "uv": [ 8.25, 10.25, 8.125, 10.375 ], "texture": "#texture" },
				"south": { "uv": [ 8.125, 14.125, 8.25, 14.25 ], "texture": "#texture" },
				"west": { "uv": [ 8.125, 10.25, 8.25, 14.25 ], "texture": "#texture", "rotation": 270 },
				"east": { "uv": [ 8.25, 14.25, 8.125, 10.25 ], "texture": "#texture", "rotation": 270 }
			}
		},
		{
			"__comment": "B9",
			"from": [ 8.375, 8.25, 29.75 ],
			"to": [ 8.75, 9.75, 30.125 ],
			"faces": {
				"down": { "uv": [ 8.125, 15.375, 8.25, 15.25 ], "texture": "#texture" },
				"up": { "uv": [ 8.125, 15.25, 8.25, 15.375 ], "texture": "#texture" },
				"north": { "uv": [ 8.25, 15.25, 8.125, 15.375 ], "texture": "#texture" },
				"south": { "uv": [ 8.125, 15.25, 8.25, 15.375 ], "texture": "#texture" },
				"west": { "uv": [ 8.125, 15.25, 8.25, 15.375 ], "texture": "#texture", "rotation": 270 },
				"east": { "uv": [ 8.25, 15.375, 8.125, 15.25 ], "texture": "#texture", "rotation": 270 }
			}
		},
		{
			"__comment": "B10",
			"from": [ 8.75, 8.25, 29.375 ],
			"to": [ 9.5, 9.75, 29.75 ],
			"faces": {
				"down": { "uv": [ 8.25, 15.25, 8.5, 15.125 ], "texture": "#texture" },
				"up": { "uv": [ 8.25, 15.125, 8.5, 15.25 ], "texture": "#texture" },
				"north": { "uv": [ 8.5, 15.125, 8.25, 15.25 ], "texture": "#texture" },
				"south": { "uv": [ 8.25, 15.125, 8.5, 15.25 ], "texture": "#texture" },
				"west": { "uv": [ 8.25, 15.125, 8.375, 15.25 ], "texture": "#texture", "rotation": 270 },
				"east": { "uv": [ 8.5, 15.25, 8.375, 15.125 ], "texture": "#texture", "rotation": 270 }
			}
		},
		{
			"__comment": "B11",
			"from": [ 9.5, 8.25, 29 ],
			"to": [ 9.875, 9.75, 29.375 ],
			"faces": {
				"down": { "uv": [ 8.5, 15.125, 8.625, 15 ], "texture": "#texture" },
				"up": { "uv": [ 8.5, 15, 8.625, 15.125 ], "texture": "#texture" },
				"north": { "uv": [ 8.625, 15, 8.5, 15.125 ], "texture": "#texture" },
				"south": { "uv": [ 8.5, 15, 8.625, 15.125 ], "texture": "#texture" },
				"west": { "uv": [ 8.5, 15, 8.625, 15.125 ], "texture": "#texture", "rotation": 270 },
				"east": { "uv": [ 8.625, 15.125, 8.5, 15 ], "texture": "#texture", "rotation": 270 }
			}
		},
		{
			"__comment": "B12",
			"from": [ 9.875, 8.25, 28.625 ],
			"to": [ 10.625, 9.75, 29 ],
			"faces": {
				"down": { "uv": [ 8.625, 15, 8.875, 14.875 ], "texture": "#texture" },
				"up": { "uv": [ 8.625, 14.875, 8.875, 15 ], "texture": "#texture" },
				"north": { "uv": [ 8.875, 14.875, 8.625, 15 ], "texture": "#texture" },
				"south": { "uv": [ 8.625, 14.875, 8.875, 15 ], "texture": "#texture" },
				"west": { "uv": [ 8.625, 14.875, 8.75, 15 ], "texture": "#texture", "rotation": 270 },
				"east": { "uv": [ 8.875, 15, 8.75, 14.875 ], "texture": "#texture", "rotation": 270 }
			}
		},
		{
			"__comment": "C",
			"from": [ 5.75, 8.5, -9.25 ],
			"to": [ 6.125, 9.5, -7 ],
			"faces": {
				"down": { "uv": [ 7.25, 3, 7.375, 2.25 ], "texture": "#texture" },
				"up": { "uv": [ 7.25, 2.25, 7.375, 3 ], "texture": "#texture" },
				"north": { "uv": [ 7.375, 2.25, 7.25, 2.375 ], "texture": "#texture" },
				"south": { "uv": [ 7.25, 2.875, 7.375, 3 ], "texture": "#texture" },
				"west": { "uv": [ 7.25, 2.25, 7.375, 3 ], "texture": "#texture", "rotation": 270 },
				"east": { "uv": [ 7.375, 3, 7.25, 2.25 ], "texture": "#texture", "rotation": 270 }
			}
		},
		{
			"__comment": "C1",
			"from": [ 6.125, 8.5, -9.625 ],
			"to": [ 6.5, 9.5, -9.25 ],
			"faces": {
				"down": { "uv": [ 7.375, 2.25, 7.5, 2.125 ], "texture": "#texture" },
				"up": { "uv": [ 7.375, 2.125, 7.5, 2.25 ], "texture": "#texture" },
				"north": { "uv": [ 7.5, 2.125, 7.375, 2.25 ], "texture": "#texture" },
				"south": { "uv": [ 7.375, 2.125, 7.5, 2.25 ], "texture": "#texture" },
				"west": { "uv": [ 7.375, 2.125, 7.5, 2.25 ], "texture": "#texture", "rotation": 270 },
				"east": { "uv": [ 7.5, 2.25, 7.375, 2.125 ], "texture": "#texture", "rotation": 270 }
			}
		},
		{
			"__comment": "C2",
			"from": [ 6.125, 8.5, -7 ],
			"to": [ 6.5, 9.5, -6.625 ],
			"faces": {
				"down": { "uv": [ 7.375, 3.125, 7.5, 3 ], "texture": "#texture" },
				"up": { "uv": [ 7.375, 3, 7.5, 3.125 ], "texture": "#texture" },
				"north": { "uv": [ 7.5, 3, 7.375, 3.125 ], "texture": "#texture" },
				"south": { "uv": [ 7.375, 3, 7.5, 3.125 ], "texture": "#texture" },
				"west": { "uv": [ 7.375, 3, 7.5, 3.125 ], "texture": "#texture", "rotation": 270 },
				"east": { "uv": [ 7.5, 3.125, 7.375, 3 ], "texture": "#texture", "rotation": 270 }
			}
		},
		{
			"__comment": "C3",
			"from": [ 6.5, 8.5, -10 ],
			"to": [ 6.875, 9.5, -9.625 ],
			"faces": {
				"down": { "uv": [ 7.5, 2.125, 7.625, 2 ], "texture": "#texture" },
				"up": { "uv": [ 7.5, 2, 7.625, 2.125 ], "texture": "#texture" },
				"north": { "uv": [ 7.625, 2, 7.5, 2.125 ], "texture": "#texture" },
				"south": { "uv": [ 7.5, 2, 7.625, 2.125 ], "texture": "#texture" },
				"west": { "uv": [ 7.5, 2, 7.625, 2.125 ], "texture": "#texture", "rotation": 270 },
				"east": { "uv": [ 7.625, 2.125, 7.5, 2 ], "texture": "#texture", "rotation": 270 }
			}
		},
		{
			"__comment": "C4",
			"from": [ 6.5, 8.5, -6.625 ],
			"to": [ 6.875, 9.5, -6.25 ],
			"faces": {
				"down": { "uv": [ 7.5, 3.25, 7.625, 3.125 ], "texture": "#texture" },
				"up": { "uv": [ 7.5, 3.125, 7.625, 3.25 ], "texture": "#texture" },
				"north": { "uv": [ 7.625, 3.125, 7.5, 3.25 ], "texture": "#texture" },
				"south": { "uv": [ 7.5, 3.125, 7.625, 3.25 ], "texture": "#texture" },
				"west": { "uv": [ 7.5, 3.125, 7.625, 3.25 ], "texture": "#texture", "rotation": 270 },
				"east": { "uv": [ 7.625, 3.25, 7.5, 3.125 ], "texture": "#texture", "rotation": 270 }
			}
		},
		{
			"__comment": "C5",
			"from": [ 6.875, 8.5, -6.25 ],
			"to": [ 7.25, 9.5, -5.5 ],
			"faces": {
				"down": { "uv": [ 7.625, 3.5, 7.75, 3.25 ], "texture": "#texture" },
				"up": { "uv": [ 7.625, 3.25, 7.75, 3.5 ], "texture": "#texture" },
				"north": { "uv": [ 7.75, 3.25, 7.625, 3.375 ], "texture": "#texture" },
				"south": { "uv": [ 7.625, 3.375, 7.75, 3.5 ], "texture": "#texture" },
				"west": { "uv": [ 7.625, 3.25, 7.75, 3.5 ], "texture": "#texture", "rotation": 270 },
				"east": { "uv": [ 7.75, 3.5, 7.625, 3.25 ], "texture": "#texture", "rotation": 270 }
			}
		},
		{
			"__comment": "C6",
			"from": [ 6.875, 8.5, 27.5 ],
			"to": [ 7.25, 9.5, 29.75 ],
			"faces": {
				"down": { "uv": [ 7.625, 15.25, 7.75, 14.5 ], "texture": "#texture" },
				"up": { "uv": [ 7.625, 14.5, 7.75, 15.25 ], "texture": "#texture" },
				"north": { "uv": [ 7.75, 14.5, 7.625, 14.625 ], "texture": "#texture" },
				"south": { "uv": [ 7.625, 15.125, 7.75, 15.25 ], "texture": "#texture" },
				"west": { "uv": [ 7.625, 14.5, 7.75, 15.25 ], "texture": "#texture", "rotation": 270 },
				"east": { "uv": [ 7.75, 15.25, 7.625, 14.5 ], "texture": "#texture", "rotation": 270 }
			}
		},
		{
			"__comment": "C7",
			"from": [ 7.25, 8.5, -5.875 ],
			"to": [ 7.625, 9.5, -5.5 ],
			"faces": {
				"down": { "uv": [ 7.75, 3.5, 7.875, 3.375 ], "texture": "#texture" },
				"up": { "uv": [ 7.75, 3.375, 7.875, 3.5 ], "texture": "#texture" },
				"north": { "uv": [ 7.875, 3.375, 7.75, 3.5 ], "texture": "#texture" },
				"south": { "uv": [ 7.75, 3.375, 7.875, 3.5 ], "texture": "#texture" },
				"west": { "uv": [ 7.75, 3.375, 7.875, 3.5 ], "texture": "#texture", "rotation": 270 },
				"east": { "uv": [ 7.875, 3.5, 7.75, 3.375 ], "texture": "#texture", "rotation": 270 }
			}
		},
		{
			"__comment": "C8",
			"from": [ 7.25, 8.5, 26.75 ],
			"to": [ 8, 9.5, 27.125 ],
			"faces": {
				"down": { "uv": [ 7.75, 14.375, 8, 14.25 ], "texture": "#texture" },
				"up": { "uv": [ 7.75, 14.25, 8, 14.375 ], "texture": "#texture" },
				"north": { "uv": [ 8, 14.25, 7.75, 14.375 ], "texture": "#texture" },
				"south": { "uv": [ 7.75, 14.25, 8, 14.375 ], "texture": "#texture" },
				"west": { "uv": [ 7.75, 14.25, 7.875, 14.375 ], "texture": "#texture", "rotation": 270 },
				"east": { "uv": [ 8, 14.375, 7.875, 14.25 ], "texture": "#texture", "rotation": 270 }
			}
		},
		{
			"__comment": "C9",
			"from": [ 7.25, 8.5, 27.125 ],
			"to": [ 7.625, 9.5, 27.5 ],
			"faces": {
				"down": { "uv": [ 7.75, 14.5, 7.875, 14.375 ], "texture": "#texture" },
				"up": { "uv": [ 7.75, 14.375, 7.875, 14.5 ], "texture": "#texture" },
				"north": { "uv": [ 7.875, 14.375, 7.75, 14.5 ], "texture": "#texture" },
				"south": { "uv": [ 7.75, 14.375, 7.875, 14.5 ], "texture": "#texture" },
				"west": { "uv": [ 7.75, 14.375, 7.875, 14.5 ], "texture": "#texture", "rotation": 270 },
				"east": { "uv": [ 7.875, 14.5, 7.75, 14.375 ], "texture": "#texture", "rotation": 270 }
			}
		},
		{
			"__comment": "C10",
			"from": [ 7.25, 8.5, 29.75 ],
			"to": [ 7.625, 9.5, 30.125 ],
			"faces": {
				"down": { "uv": [ 7.75, 15.375, 7.875, 15.25 ], "texture": "#texture" },
				"up": { "uv": [ 7.75, 15.25, 7.875, 15.375 ], "texture": "#texture" },
				"north": { "uv": [ 7.875, 15.25, 7.75, 15.375 ], "texture": "#texture" },
				"south": { "uv": [ 7.75, 15.25, 7.875, 15.375 ], "texture": "#texture" },
				"west": { "uv": [ 7.75, 15.25, 7.875, 15.375 ], "texture": "#texture", "rotation": 270 },
				"east": { "uv": [ 7.875, 15.375, 7.75, 15.25 ], "texture": "#texture", "rotation": 270 }
			}
		},
		{
			"__comment": "C11",
			"from": [ 7.625, 8.5, -5.5 ],
			"to": [ 8, 9.5, -5.125 ],
			"faces": {
				"down": { "uv": [ 7.875, 3.625, 8, 3.5 ], "texture": "#texture" },
				"up": { "uv": [ 7.875, 3.5, 8, 3.625 ], "texture": "#texture" },
				"north": { "uv": [ 8, 3.5, 7.875, 3.625 ], "texture": "#texture" },
				"south": { "uv": [ 7.875, 3.5, 8, 3.625 ], "texture": "#texture" },
				"west": { "uv": [ 7.875, 3.5, 8, 3.625 ], "texture": "#texture", "rotation": 270 },
				"east": { "uv": [ 8, 3.625, 7.875, 3.5 ], "texture": "#texture", "rotation": 270 }
			}
		},
		{
			"__comment": "C12",
			"from": [ 7.625, 8.5, 11 ],
			"to": [ 8, 9.5, 15.5 ],
			"faces": {
				"down": { "uv": [ 7.875, 10.5, 8, 9 ], "texture": "#texture" },
				"up": { "uv": [ 7.875, 9, 8, 10.5 ], "texture": "#texture" },
				"north": { "uv": [ 8, 9, 7.875, 9.125 ], "texture": "#texture" },
				"south": { "uv": [ 7.875, 10.375, 8, 10.5 ], "texture": "#texture" },
				"west": { "uv": [ 7.875, 9, 8, 10.5 ], "texture": "#texture", "rotation": 270 },
				"east": { "uv": [ 8, 10.5, 7.875, 9 ], "texture": "#texture", "rotation": 270 }
			}
		},
		{
			"__comment": "C13",
			"from": [ 7.625, 8.5, 26.375 ],
			"to": [ 8.375, 9.5, 26.75 ],
			"faces": {
				"down": { "uv": [ 7.875, 14.25, 8.125, 14.125 ], "texture": "#texture" },
				"up": { "uv": [ 7.875, 14.125, 8.125, 14.25 ], "texture": "#texture" },
				"north": { "uv": [ 8.125, 14.125, 7.875, 14.25 ], "texture": "#texture" },
				"south": { "uv": [ 7.875, 14.125, 8.125, 14.25 ], "texture": "#texture" },
				"west": { "uv": [ 7.875, 14.125, 8, 14.25 ], "texture": "#texture", "rotation": 270 },
				"east": { "uv": [ 8.125, 14.25, 8, 14.125 ], "texture": "#texture", "rotation": 270 }
			}
		},
		{
			"__comment": "C14",
			"from": [ 7.625, 8.5, 30.125 ],
			"to": [ 8, 9.5, 30.875 ],
			"faces": {
				"down": { "uv": [ 7.875, 15.625, 8, 15.375 ], "texture": "#texture" },
				"up": { "uv": [ 7.875, 15.375, 8, 15.625 ], "texture": "#texture" },
				"north": { "uv": [ 8, 15.375, 7.875, 15.5 ], "texture": "#texture" },
				"south": { "uv": [ 7.875, 15.5, 8, 15.625 ], "texture": "#texture" },
				"west": { "uv": [ 7.875, 15.375, 8, 15.625 ], "texture": "#texture", "rotation": 270 },
				"east": { "uv": [ 8, 15.625, 7.875, 15.375 ], "texture": "#texture", "rotation": 270 }
			}
		},
		{
			"__comment": "C15",
			"from": [ 8, 8.5, -5.125 ],
			"to": [ 8.375, 9.5, 3.125 ],
			"faces": {
				"down": { "uv": [ 8, 6.375, 8.125, 3.625 ], "texture": "#texture" },
				"up": { "uv": [ 8, 3.625, 8.125, 6.375 ], "texture": "#texture" },
				"north": { "uv": [ 8.125, 3.625, 8, 3.75 ], "texture": "#texture" },
				"south": { "uv": [ 8, 6.25, 8.125, 6.375 ], "texture": "#texture" },
				"west": { "uv": [ 8, 3.625, 8.125, 6.375 ], "texture": "#texture", "rotation": 270 },
				"east": { "uv": [ 8.125, 6.375, 8, 3.625 ], "texture": "#texture", "rotation": 270 }
			}
		},
		{
			"__comment": "C16",
			"from": [ 8, 8.5, 15.125 ],
			"to": [ 8.375, 9.5, 26.375 ],
			"faces": {
				"down": { "uv": [ 8, 14.125, 8.125, 10.375 ], "texture": "#texture" },
				"up": { "uv": [ 8, 10.375, 8.125, 14.125 ], "texture": "#texture" },
				"north": { "uv": [ 8.125, 10.375, 8, 10.5 ], "texture": "#texture" },
				"south": { "uv": [ 8, 14, 8.125, 14.125 ], "texture": "#texture" },
				"west": { "uv": [ 8, 10.375, 8.125, 14.125 ], "texture": "#texture", "rotation": 270 },
				"east": { "uv": [ 8.125, 14.125, 8, 10.375 ], "texture": "#texture", "rotation": 270 }
			}
		},
		{
			"__comment": "C17",
			"from": [ 8, 8.5, 30.5 ],
			"to": [ 8.75, 9.5, 30.875 ],
			"faces": {
				"down": { "uv": [ 8, 15.625, 8.25, 15.5 ], "texture": "#texture" },
				"up": { "uv": [ 8, 15.5, 8.25, 15.625 ], "texture": "#texture" },
				"north": { "uv": [ 8.25, 15.5, 8, 15.625 ], "texture": "#texture" },
				"south": { "uv": [ 8, 15.5, 8.25, 15.625 ], "texture": "#texture" },
				"west": { "uv": [ 8, 15.5, 8.125, 15.625 ], "texture": "#texture", "rotation": 270 },
				"east": { "uv": [ 8.25, 15.625, 8.125, 15.5 ], "texture": "#texture", "rotation": 270 }
			}
		},
		{
			"__comment": "C18",
			"from": [ 8.375, 8.5, 30.125 ],
			"to": [ 8.75, 9.5, 30.5 ],
			"faces": {
				"down": { "uv": [ 8.125, 15.5, 8.25, 15.375 ], "texture": "#texture" },
				"up": { "uv": [ 8.125, 15.375, 8.25, 15.5 ], "texture": "#texture" },
				"north": { "uv": [ 8.25, 15.375, 8.125, 15.5 ], "texture": "#texture" },
				"south": { "uv": [ 8.125, 15.375, 8.25, 15.5 ], "texture": "#texture" },
				"west": { "uv": [ 8.125, 15.375, 8.25, 15.5 ], "texture": "#texture", "rotation": 270 },
				"east": { "uv": [ 8.25, 15.5, 8.125, 15.375 ], "texture": "#texture", "rotation": 270 }
			}
		},
		{
			"__comment": "C19",
			"from": [ 8.75, 8.5, 29.75 ],
			"to": [ 9.5, 9.5, 30.125 ],
			"faces": {
				"down": { "uv": [ 8.25, 15.375, 8.5, 15.25 ], "texture": "#texture" },
				"up": { "uv": [ 8.25, 15.25, 8.5, 15.375 ], "texture": "#texture" },
				"north": { "uv": [ 8.5, 15.25, 8.25, 15.375 ], "texture": "#texture" },
				"south": { "uv": [ 8.25, 15.25, 8.5, 15.375 ], "texture": "#texture" },
				"west": { "uv": [ 8.25, 15.25, 8.375, 15.375 ], "texture": "#texture", "rotation": 270 },
				"east": { "uv": [ 8.5, 15.375, 8.375, 15.25 ], "texture": "#texture", "rotation": 270 }
			}
		},
		{
			"__comment": "D",
			"from": [ 5.375, 8.625, -9.25 ],
			"to": [ 5.75, 9.375, -6.625 ],
			"faces": {
				"down": { "uv": [ 7.125, 3.125, 7.25, 2.25 ], "texture": "#texture" },
				"up": { "uv": [ 7.125, 2.25, 7.25, 3.125 ], "texture": "#texture" },
				"north": { "uv": [ 7.25, 2.25, 7.125, 2.375 ], "texture": "#texture" },
				"south": { "uv": [ 7.125, 3, 7.25, 3.125 ], "texture": "#texture" },
				"west": { "uv": [ 7.125, 2.25, 7.25, 3.125 ], "texture": "#texture", "rotation": 270 },
				"east": { "uv": [ 7.25, 3.125, 7.125, 2.25 ], "texture": "#texture", "rotation": 270 }
			}
		},
		{
			"__comment": "D1",
			"from": [ 5.75, 8.625, -7 ],
			"to": [ 6.125, 9.375, -5.875 ],
			"faces": {
				"down": { "uv": [ 7.25, 3.375, 7.375, 3 ], "texture": "#texture" },
				"up": { "uv": [ 7.25, 3, 7.375, 3.375 ], "texture": "#texture" },
				"north": { "uv": [ 7.375, 3, 7.25, 3.125 ], "texture": "#texture" },
				"south": { "uv": [ 7.25, 3.25, 7.375, 3.375 ], "texture": "#texture" },
				"west": { "uv": [ 7.25, 3, 7.375, 3.375 ], "texture": "#texture", "rotation": 270 },
				"east": { "uv": [ 7.375, 3.375, 7.25, 3 ], "texture": "#texture", "rotation": 270 }
			}
		},
		{
			"__comment": "D2",
			"from": [ 5.75, 8.625, 11.75 ],
			"to": [ 7.625, 9.375, 12.125 ],
			"faces": {
				"down": { "uv": [ 7.25, 9.375, 7.875, 9.25 ], "texture": "#texture" },
				"up": { "uv": [ 7.25, 9.25, 7.875, 9.375 ], "texture": "#texture" },
				"north": { "uv": [ 7.875, 9.25, 7.25, 9.375 ], "texture": "#texture" },
				"south": { "uv": [ 7.25, 9.25, 7.875, 9.375 ], "texture": "#texture" },
				"west": { "uv": [ 7.25, 9.25, 7.375, 9.375 ], "texture": "#texture", "rotation": 270 },
				"east": { "uv": [ 7.875, 9.375, 7.75, 9.25 ], "texture": "#texture", "rotation": 270 }
			}
		},
		{
			"__comment": "D3",
			"from": [ 5.75, 8.625, 26.375 ],
			"to": [ 7.625, 9.375, 26.75 ],
			"faces": {
				"down": { "uv": [ 7.25, 14.25, 7.875, 14.125 ], "texture": "#texture" },
				"up": { "uv": [ 7.25, 14.125, 7.875, 14.25 ], "texture": "#texture" },
				"north": { "uv": [ 7.875, 14.125, 7.25, 14.25 ], "texture": "#texture" },
				"south": { "uv": [ 7.25, 14.125, 7.875, 14.25 ], "texture": "#texture" },
				"west": { "uv": [ 7.25, 14.125, 7.375, 14.25 ], "texture": "#texture", "rotation": 270 },
				"east": { "uv": [ 7.875, 14.25, 7.75, 14.125 ], "texture": "#texture", "rotation": 270 }
			}
		},
		{
			"__comment": "D4",
			"from": [ 6.125, 8.625, -6.625 ],
			"to": [ 6.5, 9.375, -5.5 ],
			"faces": {
				"down": { "uv": [ 7.375, 3.5, 7.5, 3.125 ], "texture": "#texture" },
				"up": { "uv": [ 7.375, 3.125, 7.5, 3.5 ], "texture": "#texture" },
				"north": { "uv": [ 7.5, 3.125, 7.375, 3.25 ], "texture": "#texture" },
				"south": { "uv": [ 7.375, 3.375, 7.5, 3.5 ], "texture": "#texture" },
				"west": { "uv": [ 7.375, 3.125, 7.5, 3.5 ], "texture": "#texture", "rotation": 270 },
				"east": { "uv": [ 7.5, 3.5, 7.375, 3.125 ], "texture": "#texture", "rotation": 270 }
			}
		},
		{
			"__comment": "D5",
			"from": [ 6.125, 8.625, 5.375 ],
			"to": [ 8, 9.375, 5.75 ],
			"faces": {
				"down": { "uv": [ 7.375, 7.25, 8, 7.125 ], "texture": "#texture" },
				"up": { "uv": [ 7.375, 7.125, 8, 7.25 ], "texture": "#texture" },
				"north": { "uv": [ 8, 7.125, 7.375, 7.25 ], "texture": "#texture" },
				"south": { "uv": [ 7.375, 7.125, 8, 7.25 ], "texture": "#texture" },
				"west": { "uv": [ 7.375, 7.125, 7.5, 7.25 ], "texture": "#texture", "rotation": 270 },
				"east": { "uv": [ 8, 7.25, 7.875, 7.125 ], "texture": "#texture", "rotation": 270 }
			}
		},
		{
			"__comment": "D6",
			"from": [ 6.125, 8.625, 26.75 ],
			"to": [ 7.25, 9.375, 27.5 ],
			"faces": {
				"down": { "uv": [ 7.375, 14.5, 7.75, 14.25 ], "texture": "#texture" },
				"up": { "uv": [ 7.375, 14.25, 7.75, 14.5 ], "texture": "#texture" },
				"north": { "uv": [ 7.75, 14.25, 7.375, 14.375 ], "texture": "#texture" },
				"south": { "uv": [ 7.375, 14.375, 7.75, 14.5 ], "texture": "#texture" },
				"west": { "uv": [ 7.375, 14.25, 7.5, 14.5 ], "texture": "#texture", "rotation": 270 },
				"east": { "uv": [ 7.75, 14.5, 7.625, 14.25 ], "texture": "#texture", "rotation": 270 }
			}
		},
		{
			"__comment": "D7",
			"from": [ 6.125, 8.625, 27.5 ],
			"to": [ 6.875, 9.375, 29.375 ],
			"faces": {
				"down": { "uv": [ 7.375, 15.125, 7.625, 14.5 ], "texture": "#texture" },
				"up": { "uv": [ 7.375, 14.5, 7.625, 15.125 ], "texture": "#texture" },
				"north": { "uv": [ 7.625, 14.5, 7.375, 14.625 ], "texture": "#texture" },
				"south": { "uv": [ 7.375, 15, 7.625, 15.125 ], "texture": "#texture" },
				"west": { "uv": [ 7.375, 14.5, 7.5, 15.125 ], "texture": "#texture", "rotation": 270 },
				"east": { "uv": [ 7.625, 15.125, 7.5, 14.5 ], "texture": "#texture", "rotation": 270 }
			}
		},
		{
			"__comment": "D8",
			"from": [ 6.5, 8.625, -6.25 ],
			"to": [ 6.875, 9.375, -5.125 ],
			"faces": {
				"down": { "uv": [ 7.5, 3.625, 7.625, 3.25 ], "texture": "#texture" },
				"up": { "uv": [ 7.5, 3.25, 7.625, 3.625 ], "texture": "#texture" },
				"north": { "uv": [ 7.625, 3.25, 7.5, 3.375 ], "texture": "#texture" },
				"south": { "uv": [ 7.5, 3.5, 7.625, 3.625 ], "texture": "#texture" },
				"west": { "uv": [ 7.5, 3.25, 7.625, 3.625 ], "texture": "#texture", "rotation": 270 },
				"east": { "uv": [ 7.625, 3.625, 7.5, 3.25 ], "texture": "#texture", "rotation": 270 }
			}
		},
		{
			"__comment": "D9",
			"from": [ 6.5, 8.625, 5.75 ],
			"to": [ 8, 9.375, 6.125 ],
			"faces": {
				"down": { "uv": [ 7.5, 7.375, 8, 7.25 ], "texture": "#texture" },
				"up": { "uv": [ 7.5, 7.25, 8, 7.375 ], "texture": "#texture" },
				"north": { "uv": [ 8, 7.25, 7.5, 7.375 ], "texture": "#texture" },
				"south": { "uv": [ 7.5, 7.25, 8, 7.375 ], "texture": "#texture" },
				"west": { "uv": [ 7.5, 7.25, 7.625, 7.375 ], "texture": "#texture", "rotation": 270 },
				"east": { "uv": [ 8, 7.375, 7.875, 7.25 ], "texture": "#texture", "rotation": 270 }
			}
		},
		{
			"__comment": "D10",
			"from": [ 6.5, 8.625, 12.125 ],
			"to": [ 7.625, 9.375, 12.5 ],
			"faces": {
				"down": { "uv": [ 7.5, 9.5, 7.875, 9.375 ], "texture": "#texture" },
				"up": { "uv": [ 7.5, 9.375, 7.875, 9.5 ], "texture": "#texture" },
				"north": { "uv": [ 7.875, 9.375, 7.5, 9.5 ], "texture": "#texture" },
				"south": { "uv": [ 7.5, 9.375, 7.875, 9.5 ], "texture": "#texture" },
				"west": { "uv": [ 7.5, 9.375, 7.625, 9.5 ], "texture": "#texture", "rotation": 270 },
				"east": { "uv": [ 7.875, 9.5, 7.75, 9.375 ], "texture": "#texture", "rotation": 270 }
			}
		},
		{
			"__comment": "D11",
			"from": [ 6.5, 8.625, 29.375 ],
			"to": [ 6.875, 9.375, 30.125 ],
			"faces": {
				"down": { "uv": [ 7.5, 15.375, 7.625, 15.125 ], "texture": "#texture" },
				"up": { "uv": [ 7.5, 15.125, 7.625, 15.375 ], "texture": "#texture" },
				"north": { "uv": [ 7.625, 15.125, 7.5, 15.25 ], "texture": "#texture" },
				"south": { "uv": [ 7.5, 15.25, 7.625, 15.375 ], "texture": "#texture" },
				"west": { "uv": [ 7.5, 15.125, 7.625, 15.375 ], "texture": "#texture", "rotation": 270 },
				"east": { "uv": [ 7.625, 15.375, 7.5, 15.125 ], "texture": "#texture", "rotation": 270 }
			}
		},
		{
			"__comment": "D12",
			"from": [ 6.875, 8.625, -5.5 ],
			"to": [ 7.625, 9.375, -4.75 ],
			"faces": {
				"down": { "uv": [ 7.625, 3.75, 7.875, 3.5 ], "texture": "#texture" },
				"up": { "uv": [ 7.625, 3.5, 7.875, 3.75 ], "texture": "#texture" },
				"north": { "uv": [ 7.875, 3.5, 7.625, 3.625 ], "texture": "#texture" },
				"south": { "uv": [ 7.625, 3.625, 7.875, 3.75 ], "texture": "#texture" },
				"west": { "uv": [ 7.625, 3.5, 7.75, 3.75 ], "texture": "#texture", "rotation": 270 },
				"east": { "uv": [ 7.875, 3.75, 7.75, 3.5 ], "texture": "#texture", "rotation": 270 }
			}
		},
		{
			"__comment": "D13",
			"from": [ 6.875, 8.625, 12.5 ],
			"to": [ 7.625, 9.375, 12.875 ],
			"faces": {
				"down": { "uv": [ 7.625, 9.625, 7.875, 9.5 ], "texture": "#texture" },
				"up": { "uv": [ 7.625, 9.5, 7.875, 9.625 ], "texture": "#texture" },
				"north": { "uv": [ 7.875, 9.5, 7.625, 9.625 ], "texture": "#texture" },
				"south": { "uv": [ 7.625, 9.5, 7.875, 9.625 ], "texture": "#texture" },
				"west": { "uv": [ 7.625, 9.5, 7.75, 9.625 ], "texture": "#texture", "rotation": 270 },
				"east": { "uv": [ 7.875, 9.625, 7.75, 9.5 ], "texture": "#texture", "rotation": 270 }
			}
		},
		{
			"__comment": "D14",
			"from": [ 6.875, 8.625, 26 ],
			"to": [ 8, 9.375, 26.375 ],
			"faces": {
				"down": { "uv": [ 7.625, 14.125, 8, 14 ], "texture": "#texture" },
				"up": { "uv": [ 7.625, 14, 8, 14.125 ], "texture": "#texture" },
				"north": { "uv": [ 8, 14, 7.625, 14.125 ], "texture": "#texture" },
				"south": { "uv": [ 7.625, 14, 8, 14.125 ], "texture": "#texture" },
				"west": { "uv": [ 7.625, 14, 7.75, 14.125 ], "texture": "#texture", "rotation": 270 },
				"east": { "uv": [ 8, 14.125, 7.875, 14 ], "texture": "#texture", "rotation": 270 }
			}
		},
		{
			"__comment": "D15",
			"from": [ 6.875, 8.625, 29.75 ],
			"to": [ 7.25, 9.375, 30.5 ],
			"faces": {
				"down": { "uv": [ 7.625, 15.5, 7.75, 15.25 ], "texture": "#texture" },
				"up": { "uv": [ 7.625, 15.25, 7.75, 15.5 ], "texture": "#texture" },
				"north": { "uv": [ 7.75, 15.25, 7.625, 15.375 ], "texture": "#texture" },
				"south": { "uv": [ 7.625, 15.375, 7.75, 15.5 ], "texture": "#texture" },
				"west": { "uv": [ 7.625, 15.25, 7.75, 15.5 ], "texture": "#texture", "rotation": 270 },
				"east": { "uv": [ 7.75, 15.5, 7.625, 15.25 ], "texture": "#texture", "rotation": 270 }
			}
		},
		{
			"__comment": "D16",
			"from": [ 7.25, 8.625, -4.75 ],
			"to": [ 8, 9.375, -4.375 ],
			"faces": {
				"down": { "uv": [ 7.75, 3.875, 8, 3.75 ], "texture": "#texture" },
				"up": { "uv": [ 7.75, 3.75, 8, 3.875 ], "texture": "#texture" },
				"north": { "uv": [ 8, 3.75, 7.75, 3.875 ], "texture": "#texture" },
				"south": { "uv": [ 7.75, 3.75, 8, 3.875 ], "texture": "#texture" },
				"west": { "uv": [ 7.75, 3.75, 7.875, 3.875 ], "texture": "#texture", "rotation": 270 },
				"east": { "uv": [ 8, 3.875, 7.875, 3.75 ], "texture": "#texture", "rotation": 270 }
			}
		},
		{
			"__comment": "D17",
			"from": [ 7.25, 8.625, 2.375 ],
			"to": [ 8, 9.375, 5.375 ],
			"faces": {
				"down": { "uv": [ 7.75, 7.125, 8, 6.125 ], "texture": "#texture" },
				"up": { "uv": [ 7.75, 6.125, 8, 7.125 ], "texture": "#texture" },
				"north": { "uv": [ 8, 6.125, 7.75, 6.25 ], "texture": "#texture" },
				"south": { "uv": [ 7.75, 7, 8, 7.125 ], "texture": "#texture" },
				"west": { "uv": [ 7.75, 6.125, 7.875, 7.125 ], "texture": "#texture", "rotation": 270 },
				"east": { "uv": [ 8, 7.125, 7.875, 6.125 ], "texture": "#texture", "rotation": 270 }
			}
		},
		{
			"__comment": "D18",
			"from": [ 7.25, 8.625, 12.875 ],
			"to": [ 7.625, 9.375, 15.875 ],
			"faces": {
				"down": { "uv": [ 7.75, 10.625, 7.875, 9.625 ], "texture": "#texture" },
				"up": { "uv": [ 7.75, 9.625, 7.875, 10.625 ], "texture": "#texture" },
				"north": { "uv": [ 7.875, 9.625, 7.75, 9.75 ], "texture": "#texture" },
				"south": { "uv": [ 7.75, 10.5, 7.875, 10.625 ], "texture": "#texture" },
				"west": { "uv": [ 7.75, 9.625, 7.875, 10.625 ], "texture": "#texture", "rotation": 270 },
				"east": { "uv": [ 7.875, 10.625, 7.75, 9.625 ], "texture": "#texture", "rotation": 270 }
			}
		},
		{
			"__comment": "D19",
			"from": [ 7.25, 8.625, 22.625 ],
			"to": [ 8, 9.375, 26 ],
			"faces": {
				"down": { "uv": [ 7.75, 14, 8, 12.875 ], "texture": "#texture" },
				"up": { "uv": [ 7.75, 12.875, 8, 14 ], "texture": "#texture" },
				"north": { "uv": [ 8, 12.875, 7.75, 13 ], "texture": "#texture" },
				"south": { "uv": [ 7.75, 13.875, 8, 14 ], "texture": "#texture" },
				"west": { "uv": [ 7.75, 12.875, 7.875, 14 ], "texture": "#texture", "rotation": 270 },
				"east": { "uv": [ 8, 14, 7.875, 12.875 ], "texture": "#texture", "rotation": 270 }
			}
		},
		{
			"__comment": "D20",
			"from": [ 7.25, 8.625, 30.125 ],
			"to": [ 7.625, 9.375, 30.875 ],
			"faces": {
				"down": { "uv": [ 7.75, 15.625, 7.875, 15.375 ], "texture": "#texture" },
				"up": { "uv": [ 7.75, 15.375, 7.875, 15.625 ], "texture": "#texture" },
				"north": { "uv": [ 7.875, 15.375, 7.75, 15.5 ], "texture": "#texture" },
				"south": { "uv": [ 7.75, 15.5, 7.875, 15.625 ], "texture": "#texture" },
				"west": { "uv": [ 7.75, 15.375, 7.875, 15.625 ], "texture": "#texture", "rotation": 270 },
				"east": { "uv": [ 7.875, 15.625, 7.75, 15.375 ], "texture": "#texture", "rotation": 270 }
			}
		},
		{
			"__comment": "D21",
			"from": [ 7.625, 8.625, -5.125 ],
			"to": [ 8, 9.375, 2.375 ],
			"faces": {
				"down": { "uv": [ 7.875, 6.125, 8, 3.625 ], "texture": "#texture" },
				"up": { "uv": [ 7.875, 3.625, 8, 6.125 ], "texture": "#texture" },
				"north": { "uv": [ 8, 3.625, 7.875, 3.75 ], "texture": "#texture" },
				"south": { "uv": [ 7.875, 6, 8, 6.125 ], "texture": "#texture" },
				"west": { "uv": [ 7.875, 3.625, 8, 6.125 ], "texture": "#texture", "rotation": 270 },
				"east": { "uv": [ 8, 6.125, 7.875, 3.625 ], "texture": "#texture", "rotation": 270 }
			}
		},
		{
			"__comment": "D22",
			"from": [ 7.625, 8.625, 15.5 ],
			"to": [ 8, 9.375, 22.625 ],
			"faces": {
				"down": { "uv": [ 7.875, 12.875, 8, 10.5 ], "texture": "#texture" },
				"up": { "uv": [ 7.875, 10.5, 8, 12.875 ], "texture": "#texture" },
				"north": { "uv": [ 8, 10.5, 7.875, 10.625 ], "texture": "#texture" },
				"south": { "uv": [ 7.875, 12.75, 8, 12.875 ], "texture": "#texture" },
				"west": { "uv": [ 7.875, 10.5, 8, 12.875 ], "texture": "#texture", "rotation": 270 },
				"east": { "uv": [ 8, 12.875, 7.875, 10.5 ], "texture": "#texture", "rotation": 270 }
			}
		},
		{
			"__comment": "D23",
			"from": [ 7.625, 8.625, 30.875 ],
			"to": [ 8.75, 9.375, 31.25 ],
			"faces": {
				"down": { "uv": [ 7.875, 15.75, 8.25, 15.625 ], "texture": "#texture" },
				"up": { "uv": [ 7.875, 15.625, 8.25, 15.75 ], "texture": "#texture" },
				"north": { "uv": [ 8.25, 15.625, 7.875, 15.75 ], "texture": "#texture" },
				"south": { "uv": [ 7.875, 15.625, 8.25, 15.75 ], "texture": "#texture" },
				"west": { "uv": [ 7.875, 15.625, 8, 15.75 ], "texture": "#texture", "rotation": 270 },
				"east": { "uv": [ 8.25, 15.75, 8.125, 15.625 ], "texture": "#texture", "rotation": 270 }
			}
		},
		{
			"__comment": "D24",
			"from": [ 8.75, 8.625, 30.125 ],
			"to": [ 9.5, 9.375, 30.5 ],
			"faces": {
				"down": { "uv": [ 8.25, 15.5, 8.5, 15.375 ], "texture": "#texture" },
				"up": { "uv": [ 8.25, 15.375, 8.5, 15.5 ], "texture": "#texture" },
				"north": { "uv": [ 8.5, 15.375, 8.25, 15.5 ], "texture": "#texture" },
				"south": { "uv": [ 8.25, 15.375, 8.5, 15.5 ], "texture": "#texture" },
				"west": { "uv": [ 8.25, 15.375, 8.375, 15.5 ], "texture": "#texture", "rotation": 270 },
				"east": { "uv": [ 8.5, 15.5, 8.375, 15.375 ], "texture": "#texture", "rotation": 270 }
			}
		},
		{
			"__comment": "D25",
			"from": [ 8.75, 8.625, 30.5 ],
			"to": [ 9.125, 9.375, 30.875 ],
			"faces": {
				"down": { "uv": [ 8.25, 15.625, 8.375, 15.5 ], "texture": "#texture" },
				"up": { "uv": [ 8.25, 15.5, 8.375, 15.625 ], "texture": "#texture" },
				"north": { "uv": [ 8.375, 15.5, 8.25, 15.625 ], "texture": "#texture" },
				"south": { "uv": [ 8.25, 15.5, 8.375, 15.625 ], "texture": "#texture" },
				"west": { "uv": [ 8.25, 15.5, 8.375, 15.625 ], "texture": "#texture", "rotation": 270 },
				"east": { "uv": [ 8.375, 15.625, 8.25, 15.5 ], "texture": "#texture", "rotation": 270 }
			}
		},
		{
			"__comment": "D26",
			"from": [ 9.5, 8.625, 29.375 ],
			"to": [ 9.875, 9.375, 29.75 ],
			"faces": {
				"down": { "uv": [ 8.5, 15.25, 8.625, 15.125 ], "texture": "#texture" },
				"up": { "uv": [ 8.5, 15.125, 8.625, 15.25 ], "texture": "#texture" },
				"north": { "uv": [ 8.625, 15.125, 8.5, 15.25 ], "texture": "#texture" },
				"south": { "uv": [ 8.5, 15.125, 8.625, 15.25 ], "texture": "#texture" },
				"west": { "uv": [ 8.5, 15.125, 8.625, 15.25 ], "texture": "#texture", "rotation": 270 },
				"east": { "uv": [ 8.625, 15.25, 8.5, 15.125 ], "texture": "#texture", "rotation": 270 }
			}
		},
		{
			"__comment": "D27",
			"from": [ 9.875, 8.625, 29 ],
			"to": [ 10.25, 9.375, 29.375 ],
			"faces": {
				"down": { "uv": [ 8.625, 15.125, 8.75, 15 ], "texture": "#texture" },
				"up": { "uv": [ 8.625, 15, 8.75, 15.125 ], "texture": "#texture" },
				"north": { "uv": [ 8.75, 15, 8.625, 15.125 ], "texture": "#texture" },
				"south": { "uv": [ 8.625, 15, 8.75, 15.125 ], "texture": "#texture" },
				"west": { "uv": [ 8.625, 15, 8.75, 15.125 ], "texture": "#texture", "rotation": 270 },
				"east": { "uv": [ 8.75, 15.125, 8.625, 15 ], "texture": "#texture", "rotation": 270 }
			}
		},
		{
			"__comment": "E",
			"from": [ 5.75, 8.875, -10 ],
			"to": [ 6.5, 9.125, -9.625 ],
			"faces": {
				"down": { "uv": [ 7.25, 2.125, 7.5, 2 ], "texture": "#texture" },
				"up": { "uv": [ 7.25, 2, 7.5, 2.125 ], "texture": "#texture" },
				"north": { "uv": [ 7.5, 2, 7.25, 2.125 ], "texture": "#texture" },
				"south": { "uv": [ 7.25, 2, 7.5, 2.125 ], "texture": "#texture" },
				"west": { "uv": [ 7.25, 2, 7.375, 2.125 ], "texture": "#texture", "rotation": 270 },
				"east": { "uv": [ 7.5, 2.125, 7.375, 2 ], "texture": "#texture", "rotation": 270 }
			}
		},
		{
			"__comment": "E1",
			"from": [ 5.75, 8.875, -9.625 ],
			"to": [ 6.125, 9.125, -9.25 ],
			"faces": {
				"down": { "uv": [ 7.25, 2.25, 7.375, 2.125 ], "texture": "#texture" },
				"up": { "uv": [ 7.25, 2.125, 7.375, 2.25 ], "texture": "#texture" },
				"north": { "uv": [ 7.375, 2.125, 7.25, 2.25 ], "texture": "#texture" },
				"south": { "uv": [ 7.25, 2.125, 7.375, 2.25 ], "texture": "#texture" },
				"west": { "uv": [ 7.25, 2.125, 7.375, 2.25 ], "texture": "#texture", "rotation": 270 },
				"east": { "uv": [ 7.375, 2.25, 7.25, 2.125 ], "texture": "#texture", "rotation": 270 }
			}
		},
		{
			"__comment": "E2",
			"from": [ 6.125, 8.875, -10.75 ],
			"to": [ 9.125, 9.125, -10.375 ],
			"faces": {
				"down": { "uv": [ 7.375, 1.875, 8.375, 1.75 ], "texture": "#texture" },
				"up": { "uv": [ 7.375, 1.75, 8.375, 1.875 ], "texture": "#texture" },
				"north": { "uv": [ 8.375, 1.75, 7.375, 1.875 ], "texture": "#texture" },
				"south": { "uv": [ 7.375, 1.75, 8.375, 1.875 ], "texture": "#texture" },
				"west": { "uv": [ 7.375, 1.75, 7.5, 1.875 ], "texture": "#texture", "rotation": 270 },
				"east": { "uv": [ 8.375, 1.875, 8.25, 1.75 ], "texture": "#texture", "rotation": 270 }
			}
		},
		{
			"__comment": "E3",
			"from": [ 6.125, 8.875, -10.375 ],
			"to": [ 7.25, 9.125, -10 ],
			"faces": {
				"down": { "uv": [ 7.375, 2, 7.75, 1.875 ], "texture": "#texture" },
				"up": { "uv": [ 7.375, 1.875, 7.75, 2 ], "texture": "#texture" },
				"north": { "uv": [ 7.75, 1.875, 7.375, 2 ], "texture": "#texture" },
				"south": { "uv": [ 7.375, 1.875, 7.75, 2 ], "texture": "#texture" },
				"west": { "uv": [ 7.375, 1.875, 7.5, 2 ], "texture": "#texture", "rotation": 270 },
				"east": { "uv": [ 7.75, 2, 7.625, 1.875 ], "texture": "#texture", "rotation": 270 }
			}
		},
		{
			"__comment": "E4",
			"from": [ 6.5, 8.875, -11.125 ],
			"to": [ 8.375, 9.125, -10.75 ],
			"faces": {
				"down": { "uv": [ 7.5, 1.75, 8.125, 1.625 ], "texture": "#texture" },
				"up": { "uv": [ 7.5, 1.625, 8.125, 1.75 ], "texture": "#texture" },
				"north": { "uv": [ 8.125, 1.625, 7.5, 1.75 ], "texture": "#texture" },
				"south": { "uv": [ 7.5, 1.625, 8.125, 1.75 ], "texture": "#texture" },
				"west": { "uv": [ 7.5, 1.625, 7.625, 1.75 ], "texture": "#texture", "rotation": 270 },
				"east": { "uv": [ 8.125, 1.75, 8, 1.625 ], "texture": "#texture", "rotation": 270 }
			}
		},
		{
			"__comment": "E5",
			"from": [ 6.875, 8.875, -11.5 ],
			"to": [ 8.375, 9.125, -11.125 ],
			"faces": {
				"down": { "uv": [ 7.625, 1.625, 8.125, 1.5 ], "texture": "#texture" },
				"up": { "uv": [ 7.625, 1.5, 8.125, 1.625 ], "texture": "#texture" },
				"north": { "uv": [ 8.125, 1.5, 7.625, 1.625 ], "texture": "#texture" },
				"south": { "uv": [ 7.625, 1.5, 8.125, 1.625 ], "texture": "#texture" },
				"west": { "uv": [ 7.625, 1.5, 7.75, 1.625 ], "texture": "#texture", "rotation": 270 },
				"east": { "uv": [ 8.125, 1.625, 8, 1.5 ], "texture": "#texture", "rotation": 270 }
			}
		},
		{
			"__comment": "E6",
			"from": [ 6.875, 8.875, 6.125 ],
			"to": [ 7.625, 9.125, 11.75 ],
			"faces": {
				"down": { "uv": [ 7.625, 9.25, 7.875, 7.375 ], "texture": "#texture" },
				"up": { "uv": [ 7.625, 7.375, 7.875, 9.25 ], "texture": "#texture" },
				"north": { "uv": [ 7.875, 7.375, 7.625, 7.5 ], "texture": "#texture" },
				"south": { "uv": [ 7.625, 9.125, 7.875, 9.25 ], "texture": "#texture" },
				"west": { "uv": [ 7.625, 7.375, 7.75, 9.25 ], "texture": "#texture", "rotation": 270 },
				"east": { "uv": [ 7.875, 9.25, 7.75, 7.375 ], "texture": "#texture", "rotation": 270 }
			}
		},
		{
			"__comment": "E7",
			"from": [ 7.25, 8.875, -12.25 ],
			"to": [ 9.125, 9.125, -11.875 ],
			"faces": {
				"down": { "uv": [ 7.75, 1.375, 8.375, 1.25 ], "texture": "#texture" },
				"up": { "uv": [ 7.75, 1.25, 8.375, 1.375 ], "texture": "#texture" },
				"north": { "uv": [ 8.375, 1.25, 7.75, 1.375 ], "texture": "#texture" },
				"south": { "uv": [ 7.75, 1.25, 8.375, 1.375 ], "texture": "#texture" },
				"west": { "uv": [ 7.75, 1.25, 7.875, 1.375 ], "texture": "#texture", "rotation": 270 },
				"east": { "uv": [ 8.375, 1.375, 8.25, 1.25 ], "texture": "#texture", "rotation": 270 }
			}
		},
		{
			"__comment": "E8",
			"from": [ 7.25, 8.875, -11.875 ],
			"to": [ 8.75, 9.125, -11.5 ],
			"faces": {
				"down": { "uv": [ 7.75, 1.5, 8.25, 1.375 ], "texture": "#texture" },
				"up": { "uv": [ 7.75, 1.375, 8.25, 1.5 ], "texture": "#texture" },
				"north": { "uv": [ 8.25, 1.375, 7.75, 1.5 ], "texture": "#texture" },
				"south": { "uv": [ 7.75, 1.375, 8.25, 1.5 ], "texture": "#texture" },
				"west": { "uv": [ 7.75, 1.375, 7.875, 1.5 ], "texture": "#texture", "rotation": 270 },
				"east": { "uv": [ 8.25, 1.5, 8.125, 1.375 ], "texture": "#texture", "rotation": 270 }
			}
		},
		{
			"__comment": "E9",
			"from": [ 7.625, 8.875, -14.125 ],
			"to": [ 8.75, 9.125, -12.25 ],
			"faces": {
				"down": { "uv": [ 7.875, 1.25, 8.25, 0.625 ], "texture": "#texture" },
				"up": { "uv": [ 7.875, 0.625, 8.25, 1.25 ], "texture": "#texture" },
				"north": { "uv": [ 8.25, 0.625, 7.875, 0.75 ], "texture": "#texture" },
				"south": { "uv": [ 7.875, 1.125, 8.25, 1.25 ], "texture": "#texture" },
				"west": { "uv": [ 7.875, 0.625, 8, 1.25 ], "texture": "#texture", "rotation": 270 },
				"east": { "uv": [ 8.25, 1.25, 8.125, 0.625 ], "texture": "#texture", "rotation": 270 }
			}
		},
		{
			"__comment": "E10",
			"from": [ 7.625, 8.875, -10.375 ],
			"to": [ 8.375, 9.125, -10 ],
			"faces": {
				"down": { "uv": [ 7.875, 2, 8.125, 1.875 ], "texture": "#texture" },
				"up": { "uv": [ 7.875, 1.875, 8.125, 2 ], "texture": "#texture" },
				"north": { "uv": [ 8.125, 1.875, 7.875, 2 ], "texture": "#texture" },
				"south": { "uv": [ 7.875, 1.875, 8.125, 2 ], "texture": "#texture" },
				"west": { "uv": [ 7.875, 1.875, 8, 2 ], "texture": "#texture", "rotation": 270 },
				"east": { "uv": [ 8.125, 2, 8, 1.875 ], "texture": "#texture", "rotation": 270 }
			}
		},
		{
			"__comment": "E11",
			"from": [ 8, 8.875, -14.875 ],
			"to": [ 8.375, 9.125, -8.875 ],
			"faces": {
				"down": { "uv": [ 8, 2.375, 8.125, 0.375 ], "texture": "#texture" },
				"up": { "uv": [ 8, 0.375, 8.125, 2.375 ], "texture": "#texture" },
				"north": { "uv": [ 8.125, 0.375, 8, 0.5 ], "texture": "#texture" },
				"south": { "uv": [ 8, 2.25, 8.125, 2.375 ], "texture": "#texture" },
				"west": { "uv": [ 8, 0.375, 8.125, 2.375 ], "texture": "#texture", "rotation": 270 },
				"east": { "uv": [ 8.125, 2.375, 8, 0.375 ], "texture": "#texture", "rotation": 270 }
			}
		},
		{
			"__comment": "E12",
			"from": [ 8.375, 8.875, -14.5 ],
			"to": [ 8.75, 9.125, -14.125 ],
			"faces": {
				"down": { "uv": [ 8.125, 0.625, 8.25, 0.5 ], "texture": "#texture" },
				"up": { "uv": [ 8.125, 0.5, 8.25, 0.625 ], "texture": "#texture" },
				"north": { "uv": [ 8.25, 0.5, 8.125, 0.625 ], "texture": "#texture" },
				"south": { "uv": [ 8.125, 0.5, 8.25, 0.625 ], "texture": "#texture" },
				"west": { "uv": [ 8.125, 0.5, 8.25, 0.625 ], "texture": "#texture", "rotation": 270 },
				"east": { "uv": [ 8.25, 0.625, 8.125, 0.5 ], "texture": "#texture", "rotation": 270 }
			}
		},
		{
			"__comment": "E13",
			"from": [ 8.375, 8.875, -10 ],
			"to": [ 9.125, 9.125, -9.625 ],
			"faces": {
				"down": { "uv": [ 8.125, 2.125, 8.375, 2 ], "texture": "#texture" },
				"up": { "uv": [ 8.125, 2, 8.375, 2.125 ], "texture": "#texture" },
				"north": { "uv": [ 8.375, 2, 8.125, 2.125 ], "texture": "#texture" },
				"south": { "uv": [ 8.125, 2, 8.375, 2.125 ], "texture": "#texture" },
				"west": { "uv": [ 8.125, 2, 8.25, 2.125 ], "texture": "#texture", "rotation": 270 },
				"east": { "uv": [ 8.375, 2.125, 8.25, 2 ], "texture": "#texture", "rotation": 270 }
			}
		},
		{
			"__comment": "E14",
			"from": [ 8.375, 8.875, -9.625 ],
			"to": [ 8.75, 9.125, -8.125 ],
			"faces": {
				"down": { "uv": [ 8.125, 2.625, 8.25, 2.125 ], "texture": "#texture" },
				"up": { "uv": [ 8.125, 2.125, 8.25, 2.625 ], "texture": "#texture" },
				"north": { "uv": [ 8.25, 2.125, 8.125, 2.25 ], "texture": "#texture" },
				"south": { "uv": [ 8.125, 2.5, 8.25, 2.625 ], "texture": "#texture" },
				"west": { "uv": [ 8.125, 2.125, 8.25, 2.625 ], "texture": "#texture", "rotation": 270 },
				"east": { "uv": [ 8.25, 2.625, 8.125, 2.125 ], "texture": "#texture", "rotation": 270 }
			}
		},
		{
			"__comment": "E15",
			"from": [ 8.75, 8.875, -13.375 ],
			"to": [ 9.125, 9.125, -12.25 ],
			"faces": {
				"down": { "uv": [ 8.25, 1.25, 8.375, 0.875 ], "texture": "#texture" },
				"up": { "uv": [ 8.25, 0.875, 8.375, 1.25 ], "texture": "#texture" },
				"north": { "uv": [ 8.375, 0.875, 8.25, 1 ], "texture": "#texture" },
				"south": { "uv": [ 8.25, 1.125, 8.375, 1.25 ], "texture": "#texture" },
				"west": { "uv": [ 8.25, 0.875, 8.375, 1.25 ], "texture": "#texture", "rotation": 270 },
				"east": { "uv": [ 8.375, 1.25, 8.25, 0.875 ], "texture": "#texture", "rotation": 270 }
			}
		},
		{
			"__comment": "E16",
			"from": [ 8.75, 8.875, -9.25 ],
			"to": [ 9.5, 9.125, -7.75 ],
			"faces": {
				"down": { "uv": [ 8.25, 2.75, 8.5, 2.25 ], "texture": "#texture" },
				"up": { "uv": [ 8.25, 2.25, 8.5, 2.75 ], "texture": "#texture" },
				"north": { "uv": [ 8.5, 2.25, 8.25, 2.375 ], "texture": "#texture" },
				"south": { "uv": [ 8.25, 2.625, 8.5, 2.75 ], "texture": "#texture" },
				"west": { "uv": [ 8.25, 2.25, 8.375, 2.75 ], "texture": "#texture", "rotation": 270 },
				"east": { "uv": [ 8.5, 2.75, 8.375, 2.25 ], "texture": "#texture", "rotation": 270 }
			}
		},
		{
			"__comment": "E17",
			"from": [ 9.5, 8.875, -8.875 ],
			"to": [ 9.875, 9.125, -4.75 ],
			"faces": {
				"down": { "uv": [ 8.5, 3.75, 8.625, 2.375 ], "texture": "#texture" },
				"up": { "uv": [ 8.5, 2.375, 8.625, 3.75 ], "texture": "#texture" },
				"north": { "uv": [ 8.625, 2.375, 8.5, 2.5 ], "texture": "#texture" },
				"south": { "uv": [ 8.5, 3.625, 8.625, 3.75 ], "texture": "#texture" },
				"west": { "uv": [ 8.5, 2.375, 8.625, 3.75 ], "texture": "#texture", "rotation": 270 },
				"east": { "uv": [ 8.625, 3.75, 8.5, 2.375 ], "texture": "#texture", "rotation": 270 }
			}
		},
		{
			"__comment": "E18",
			"from": [ 9.875, 8.875, -8.5 ],
			"to": [ 10.25, 9.125, -6.25 ],
			"faces": {
				"down": { "uv": [ 8.625, 3.25, 8.75, 2.5 ], "texture": "#texture" },
				"up": { "uv": [ 8.625, 2.5, 8.75, 3.25 ], "texture": "#texture" },
				"north": { "uv": [ 8.75, 2.5, 8.625, 2.625 ], "texture": "#texture" },
				"south": { "uv": [ 8.625, 3.125, 8.75, 3.25 ], "texture": "#texture" },
				"west": { "uv": [ 8.625, 2.5, 8.75, 3.25 ], "texture": "#texture", "rotation": 270 },
				"east": { "uv": [ 8.75, 3.25, 8.625, 2.5 ], "texture": "#texture", "rotation": 270 }
			}
		},
		{
			"__comment": "PlaneY101",
			"from": [ 0.75, 9, -15.25 ],
			"to": [ 15.75, 9.001, -3.25 ],
			"faces": {
				"down": { "uv": [ 0, 0, 16, 16 ], "texture": "#texture1" },
				"up": { "uv": [ 0, 0, 16, 16 ], "texture": "#texture1" }
			}
		}
	],
	"display": {
		"thirdperson_righthand": {
			"rotation":  [ -49, 180, -56 ],
			"translation":  [ 0.2031, -0.695, 2.7826 ],
			"scale":  [ 0.9, 0.55, 0.9 ]
		},
		"thirdperson_lefthand": {
			"rotation":  [ -49, 180, -56 ],
			"translation":  [ 1.3913, -0.695, 2.7826 ],
			"scale":  [ 1, 0.6, 1 ]
		},
		"firstperson_righthand": {
			"rotation":  [ 70, -9, -122 ],
			"translation":  [ 3.4782, 2.8, 0 ]
		},
		"firstperson_lefthand": {
			"rotation":  [ 70, -9, 64 ],
			"translation":  [ 3.4782, 2.8, 0 ]
		},
		"gui": {
			"rotation":  [ 61, -33, 0 ],
			"translation":  [ 0, 0, 9.7391 ],
			"scale":  [ 0.625, 0.625, 0.625 ]
		},
		"ground": {
			"rotation":  [ -13, 0, 0 ],
			"translation":  [ 0, 4.1739, 0 ],
			"scale":  [ 1, 0.8, 1 ]
		},
		"fixed": {
			"rotation":  [ -90, 180, 0 ],
			"scale":  [ 1.5, 0.6, 1.5 ]
		}
	}
}