{
	"__comment": "Designed by Zeibo with Cubik Studio - https://cubik.studio",
	"textures": {
		"texture": "etarmors/furry_tail"
	},
	"elements": [ 	 
		{
			"__comment": "t1_m1",
			"from": [ 9, 11, 3.75 ],
			"to": [ 17, 15.5, 8.75 ],
			"rotation": { "origin": [ 9, 11, 3.75 ], "axis": "z", "angle": -22.5 },
			"faces": {
				"down": { "uv": [ 5, 5.5, 11, 11.5 ], "texture": "#texture8" },
				"up": { "uv": [ 5, 4.5, 11, 10.5 ], "texture": "#texture8" },
				"north": { "uv": [ 5, 3.125, 11, 9.125 ], "texture": "#texture8" },
				"south": { "uv": [ 5, 3.125, 11, 9.125 ], "texture": "#texture8" },
				"west": { "uv": [ 4.5, 3.125, 10.5, 9.125 ], "texture": "#texture8" },
				"east": { "uv": [ 5.5, 3.125, 11.5, 9.125 ], "texture": "#texture8" }
			}
		},
		{
			"__comment": "t2_m1",
			"from": [ 7, 10, 2.25 ],
			"to": [ 12.5, 15, 7.75 ],
			"faces": {
				"down": { "uv": [ 5, 5.5, 11, 11.5 ], "texture": "#texture8" },
				"up": { "uv": [ 5, 4.5, 11, 10.5 ], "texture": "#texture8" },
				"north": { "uv": [ 5, 3.125, 11, 9.125 ], "texture": "#texture8" },
				"south": { "uv": [ 5, 3.125, 11, 9.125 ], "texture": "#texture8" },
				"west": { "uv": [ 4.5, 3.125, 10.5, 9.125 ], "texture": "#texture8" },
				"east": { "uv": [ 5.5, 3.125, 11.5, 9.125 ], "texture": "#texture8" }
			}
		},
		{
			"__comment": "t3_m1",
			"from": [ 5.5, 7.5, 0.75 ],
			"to": [ 11, 13.5, 6.75 ],
			"rotation": { "origin": [ 5.5, 7.5, 0.75 ], "axis": "z", "angle": 22.5 },
			"faces": {
				"down": { "uv": [ 5, 5.5, 11, 11.5 ], "texture": "#texture8" },
				"up": { "uv": [ 5, 4.5, 11, 10.5 ], "texture": "#texture8" },
				"north": { "uv": [ 5, 3.125, 11, 9.125 ], "texture": "#texture8" },
				"south": { "uv": [ 5, 3.125, 11, 9.125 ], "texture": "#texture8" },
				"west": { "uv": [ 4.5, 3.125, 10.5, 9.125 ], "texture": "#texture8" },
				"east": { "uv": [ 5.5, 3.125, 11.5, 9.125 ], "texture": "#texture8" }
			}
		},
		{
			"__comment": "t4_m1",
			"from": [ 4, 3, 1.75 ],
			"to": [ 11.5, 11, 8.25 ],
			"rotation": { "origin": [ 4, 3, 1.75 ], "axis": "z", "angle": 45 },
			"faces": {
				"down": { "uv": [ 5, 5.5, 11, 11.5 ], "texture": "#texture8" },
				"up": { "uv": [ 5, 4.5, 11, 10.5 ], "texture": "#texture8" },
				"north": { "uv": [ 5, 3.125, 11, 9.125 ], "texture": "#texture8" },
				"south": { "uv": [ 5, 3.125, 11, 9.125 ], "texture": "#texture8" },
				"west": { "uv": [ 4.5, 3.125, 10.5, 9.125 ], "texture": "#texture8" },
				"east": { "uv": [ 5.5, 3.125, 11.5, 9.125 ], "texture": "#texture8" }
			}
		},
		{
			"__comment": "t5_m1",
			"from": [ 0.5, -3, 2.75 ],
			"to": [ 9.5, 7, 9.75 ],
			"rotation": { "origin": [ 0.5, -3, 2.75 ], "axis": "z", "angle": 45 },
			"faces": {
				"down": { "uv": [ 5, 5.5, 11, 11.5 ], "texture": "#texture8" },
				"up": { "uv": [ 5, 4.5, 11, 10.5 ], "texture": "#texture8" },
				"north": { "uv": [ 5, 3.125, 11, 9.125 ], "texture": "#texture8" },
				"south": { "uv": [ 5, 3.125, 11, 9.125 ], "texture": "#texture8" },
				"west": { "uv": [ 4.5, 3.125, 10.5, 9.125 ], "texture": "#texture8" },
				"east": { "uv": [ 5.5, 3.125, 11.5, 9.125 ], "texture": "#texture8" }
			}
		},
		{
			"__comment": "t6_m1",
			"from": [ -11.0431, -2.5033, 4.5 ],
			"to": [ -0.0430975, 4.4967, 10.5 ],
			"rotation": { "origin": [ -0.5, -3, 4.5 ], "axis": "z", "angle": -22.5 },
			"faces": {
				"down": { "uv": [ 4.5, 3.125, 10.5, 9.125 ], "texture": "#texture8", "rotation": 270 },
				"up": { "uv": [ 11.5, 9.125, 5.5, 3.125 ], "texture": "#texture8", "rotation": 90 },
				"north": { "uv": [ 11, 9.125, 5, 3.125 ], "texture": "#texture8", "rotation": 270 },
				"south": { "uv": [ 11, 9.125, 5, 3.125 ], "texture": "#texture8", "rotation": 90 },
				"west": { "uv": [ 5, 4.5, 11, 10.5 ], "texture": "#texture8", "rotation": 270 },
				"east": { "uv": [ 11, 11.5, 5, 5.5 ], "texture": "#texture8", "rotation": 90 }
			}
		},
		{
			"__comment": "t7_m1",
			"from": [ -8.6507, 1.2856, 6.75 ],
			"to": [ -5.1507, 9.2856, 10.75 ],
			"rotation": { "origin": [ -5.5, 8, 6.75 ], "axis": "z", "angle": -22.5 },
			"faces": {
				"down": { "uv": [ 11, 10.5, 5, 4.5 ], "texture": "#texture8" },
				"up": { "uv": [ 11, 11.5, 5, 5.5 ], "texture": "#texture8" },
				"north": { "uv": [ 11, 9.125, 5, 3.125 ], "texture": "#texture8" },
				"south": { "uv": [ 11, 9.125, 5, 3.125 ], "texture": "#texture8" },
				"west": { "uv": [ 11.5, 9.125, 5.5, 3.125 ], "texture": "#texture8" },
				"east": { "uv": [ 10.5, 9.125, 4.5, 3.125 ], "texture": "#texture8" }
			}
		},
		{
			"__comment": "t8_m1",
			"from": [ -6.9927, 7.997, 9 ],
			"to": [ -3.4927, 9.997, 11.5 ],
			"rotation": { "origin": [ -7, 8, 9 ], "axis": "z", "angle": 22.5 },
			"faces": {
				"down": { "uv": [ 5.5, 3.125, 11.5, 9.125 ], "texture": "#texture8", "rotation": 90 },
				"up": { "uv": [ 10.5, 9.125, 4.5, 3.125 ], "texture": "#texture8", "rotation": 270 },
				"north": { "uv": [ 11, 9.125, 5, 3.125 ], "texture": "#texture8", "rotation": 90 },
				"south": { "uv": [ 11, 9.125, 5, 3.125 ], "texture": "#texture8", "rotation": 270 },
				"west": { "uv": [ 11, 11.5, 5, 5.5 ], "texture": "#texture8", "rotation": 270 },
				"east": { "uv": [ 5, 4.5, 11, 10.5 ], "texture": "#texture8", "rotation": 90 }
			}
		}
	],
	"display": {
		"thirdperson_righthand": {
			"rotation":  [ 75, 45, 0 ],
			"translation":  [ 1.3913, 0.413, 0 ],
			"scale":  [ 0.375, 0.375, 0.375 ]
		},
		"thirdperson_lefthand": {
			"rotation":  [ 0, -90, -60 ],
			"translation":  [ -6.3, -11.67, 3 ],
			"scale":  [ 0.7, 0.7, 0.7 ]
		},
		"firstperson_righthand": {
			"rotation":  [ -70, 97, -53 ],
			"translation":  [ 4.8695, 0.6956, 0 ],
			"scale":  [ 0.5, 0.5, 0.5 ]
		},
		"firstperson_lefthand": {
			"scale":  [ 0.0001, 0.0001, 0.0001 ]
		},
		"gui": {
			"rotation":  [ 16, 13, 0 ],
			"translation":  [ 2.6043, 1.25, 2 ],
			"scale":  [ 0.7, 0.7, 0.7 ]
		},
		"head": {
			"scale":  [ 0.0001, 0.0001, 0.0001 ]
		},
		"ground": {
			"rotation":  [ -44, 0, -36 ],
			"translation":  [ 0, 2, 0 ],
			"scale":  [ 0.75, 0.75, 0.75 ]
		},
		"fixed": {
			"rotation":  [ 0, 180, 0 ],
			"translation":  [ -4.173, 2.0869, 0 ]
		}
	}
}