{
"custom.Succubus01":{
"sounds":[{"name":"custom/Succubus01","stream":true}],"category":"block"},
"custom.Succubus02":{
"sounds":[{"name":"custom/Succubus02","stream":true}],"category":"block"},
"custom.Succubus03":{
"sounds":[{"name":"custom/Succubus03","stream":true}],"category":"block"},
"custom.Succubus04":{
"sounds":[{"name":"custom/Succubus04","stream":true}],"category":"block"},
"custom.Succubus05":{
"sounds":[{"name":"custom/Succubus05","stream":true}],"category":"block"},
"custom.Succubus06":{
"sounds":[{"name":"custom/Succubus06","stream":true}],"category":"block"},
"custom.Succubus_Skill":{
"sounds":[{"name":"custom/Succubus_Skill","stream":true}],"category":"block"},
"custom.Succubus_Skill_2":{
"sounds":[{"name":"custom/Succubus_Skill_2","stream":true}],"category":"block"},
"custom.Succubus_H1":{
"sounds":[{"name":"custom/Succubus_H1","stream":true}],"category":"block"},
"custom.Succubus_H2":{
"sounds":[{"name":"custom/Succubus_H2","stream":true}],"category":"block"},
"custom.Succubus_D":{
"sounds":[{"name":"custom/Succubus_D","stream":true}],"category":"block"}
}