{
"custom.Succubus01":{
"sounds":[{"name":"custom/Succubus01","stream":true}],"category":"block"},
"custom.Succubus02":{
"sounds":[{"name":"custom/Succubus02","stream":true}],"category":"block"},
"custom.Succubus03":{
"sounds":[{"name":"custom/Succubus03","stream":true}],"category":"block"},
"custom.Succubus04":{
"sounds":[{"name":"custom/Succubus04","stream":true}],"category":"block"},
"custom.Succubus05":{
"sounds":[{"name":"custom/Succubus05","stream":true}],"category":"block"},
"custom.Succubus06":{
"sounds":[{"name":"custom/Succubus06","stream":true}],"category":"block"},
"custom.Succubus_Skill":{
"sounds":[{"name":"custom/Succubus_Skill","stream":true}],"category":"block"},
"custom.Succubus_Skill_2":{
"sounds":[{"name":"custom/Succubus_Skill_2","stream":true}],"category":"block"},
"custom.Succubus_H1":{
"sounds":[{"name":"custom/Succubus_H1","stream":true}],"category":"block"},
"custom.Succubus_H2":{
"sounds":[{"name":"custom/Succubus_H2","stream":true}],"category":"block"},
"custom.Succubus_D":{
"sounds":[{"name":"custom/Succubus_D","stream":true}],"category":"block"},

"ocarina": {
"sounds":["custom/ocarina" ]},
"saber_hit": {
"sounds": ["custom/saber_hit"]},
"saber_hit2": {
"sounds": ["custom/saber_hit2" ]},

"saber_hit3": {
"sounds": [
"custom/saber_hit3" ]},

"floppy1": {
"sounds": [
"custom/floppy1" ]},

"guitar1": {
"sounds": [
"custom/guitar1" ]},

"guitar2": {
"sounds": [
"custom/guitar2" ]},

"guitar3": {
"sounds": [
"custom/guitar3" ]},

"laser1": {
"sounds": [
"custom/laser1" ]},

"laser2": {
"sounds": [
"custom/laser2" ]},

"laser3": {
"sounds": [
"custom/laser3" ]},

"revolver1": {
"sounds": [
"custom/revolver1" ]},

"revolver2": {
"sounds": [
"custom/revolver2" ]},

"revolver3": {
"sounds": [
"custom/revolver3" ]},

"click": {
"sounds": [
"custom/click" ]}



}