{
	"__comment": "Designed by Zeibo with Cubik Studio - https://cubik.studio",
	"textures": {
		"particle": "mob_att/mob_att",
		"texture": "mob_att/mob_att"
	},
	"elements": [ 	 
		{
			"__comment": "Box1",
			"from": [ -2, 0, -2 ],
			"to": [ -1, 1, -1 ],
			"faces": {
				"down": { "uv": [ 14, 1, 15, 2 ], "texture": "#texture" },
				"up": { "uv": [ 14, 14, 15, 15 ], "texture": "#texture" },
				"north": { "uv": [ 1, 15, 2, 16 ], "texture": "#texture" },
				"south": { "uv": [ 14, 15, 15, 16 ], "texture": "#texture" },
				"west": { "uv": [ 14, 15, 15, 16 ], "texture": "#texture" },
				"east": { "uv": [ 1, 15, 2, 16 ], "texture": "#texture" }
			}
		}
	]
}